StockCode,DescriptionClean,Revenue,UnitsSold,Orders,Customers,AvgUnitPrice,RevenueRank,VolumeRank,RankDifference,RevenuePerUnit,ReturnedUnits,ReturnValue,ReturnOrders,ReturnRate
79323B,BLACK CHERRY LIGHTS,1565.7,242,58,35,7.727241379310345,2143.0,3439.0,1296.0,6.469834710743802,248.0,1557.2,51.0,102.4793388429752
23843,"PAPER CRAFT , LITTLE BIRDIE",168469.6,80995,1,1,2.08,5.0,3.0,-2.0,2.08,80995.0,168469.6,1.0,100.0
23166,MEDIUM CERAMIC TOP STORAGE JAR,81700.92000000001,78033,247,138,1.46848,11.0,5.0,-6.0,1.047004728768598,74494.0,77479.64,10.0,95.46473927697257
23113,PANTRY CHOPPING BOARD,5868.5,1154,57,39,6.361754385964912,800.0,1903.0,1103.0,5.085355285961872,946.0,4803.06,6.0,81.97573656845753
23055,IVORY CHANDELIER T-LIGHT HOLDER,1395.18,657,38,33,5.62125,2279.0,2527.0,248.0,2.1235616438356164,432.0,690.72,5.0,65.75342465753424
23057,BEADED CHANDELIER T-LIGHT HOLDER,1420.97,695,38,31,4.771578947368421,2264.0,2465.0,201.0,2.0445611510791366,433.0,636.15,6.0,62.302158273381295
79341,WILLOW BRANCH LIGHTS.,4423.69,725,79,49,8.0465,1037.0,2415.0,1378.0,6.101641379310344,448.0,2519.6000000000004,23.0,61.793103448275865
84919,BLUE CUSHION COVER WITH FLOWER,1545.53,283,39,18,6.487435897435897,2158.0,3302.0,1144.0,5.461236749116607,172.0,723.4,6.0,60.7773851590106
23056,FLOWERS CHANDELIER T-LIGHT HOLDER,2879.37,960,38,32,6.182564102564102,1453.0,2124.0,671.0,2.99934375,579.0,1859.07,7.0,60.3125
M,MANUAL,339599.81,9637,791,443,391.06160421545667,1.0,244.0,243.0,35.23916260246965,5444.0,422926.14,495.0,56.490609110719106
79323G,GOLD CHERRY LIGHTS,2007.88,314,61,37,7.712295081967213,1861.0,3198.0,1337.0,6.3945222929936305,175.0,1037.45,25.0,55.73248407643312
85160A,WHITE BIRD GARDEN DESIGN MUG,1493.75,8816,32,20,5.4087499999999995,2193.0,266.0,-1927.0,0.16943625226860254,4320.0,561.6,1.0,49.00181488203267
85184D,S/4 BLUE ROUND DECOUPAGE BOXES,4546.78,8311,66,48,3.496818181818182,1014.0,295.0,-719.0,0.5470797737937673,3940.0,1664.9199999999998,2.0,47.40705089640236
79323S,SILVER CHERRY LIGHTS,2084.32,334,56,38,7.9071428571428575,1813.0,3134.0,1321.0,6.240479041916168,158.0,976.8000000000001,22.0,47.30538922155689
21279,VINTAGE KITCHEN PRINT FRUITS,1621.83,3527,101,51,3.595346534653465,2104.0,779.0,-1325.0,0.4598327190246668,1639.0,425.84999999999997,6.0,46.47008789339382
22903,CALENDAR FAMILY FAVOURITES,1994.96,725,78,35,3.0410256410256413,1870.0,2415.0,545.0,2.7516689655172413,320.0,880.0,2.0,44.13793103448276
21096,SET/6 FRUIT SALAD PAPER PLATES,2711.7099999999996,15919,143,91,0.6567832167832168,1528.0,109.0,-1419.0,0.1703442427288146,7008.0,911.04,1.0,44.02286575789937
22920,HERB MARKER BASIL,2199.19,3478,252,138,0.8639763779527558,1752.0,795.0,-957.0,0.6323145485911443,1527.0,841.0500000000001,2.0,43.90454284071305
21278,VINTAGE KITCHEN PRINT PUDDINGS,1654.45,2758,118,63,3.509159663865546,2077.0,978.0,-1099.0,0.5998730964467005,1208.0,320.4,3.0,43.79985496736766
21088,SET/6 FRUIT SALAD PAPER CUPS,1816.73,16615,136,95,0.47226277372262776,1974.0,105.0,-1869.0,0.10934276256394825,7140.0,572.52,2.0,42.973216972615106
21082,SET/20 FRUIT SALAD PAPER NAPKINS,1960.45,7183,163,94,1.0707272727272727,1892.0,345.0,-1547.0,0.2729291382430739,3074.0,523.94,2.0,42.795489349853824
21281,VINTAGE KITCHEN PRINT SEAFOOD,1716.8,3680,67,34,3.4729850746268656,2037.0,754.0,-1283.0,0.46652173913043476,1536.0,384.0,1.0,41.73913043478261
21280,VINTAGE KITCHEN PRINT VEGETABLES,1800.44,3333,70,44,2.9934285714285713,1983.0,836.0,-1147.0,0.5401860186018602,1248.0,312.0,1.0,37.44374437443744
37340,MULTICOLOUR SPRING FLOWER MUG,3881.33,13665,204,79,3.3486341463414635,1153.0,146.0,-1007.0,0.28403439443834616,4996.0,501.22000000000014,4.0,36.56055616538602
79323GR,GREEN CHERRY LIGHTS,3209.36,532,83,60,7.097469879518073,1344.0,2721.0,1377.0,6.032631578947369,194.0,1168.5,37.0,36.46616541353384
79323W,WHITE CHERRY LIGHTS,18048.72,3004,349,174,7.03,225.0,903.0,678.0,6.008229027962717,1088.0,6421.1,124.0,36.21837549933422
85014C,BLUE/BROWN DOTS RUFFLED UMBRELLA,2270.73,547,72,55,6.527916666666666,1710.0,2695.0,985.0,4.151243144424131,192.0,576.0,1.0,35.10054844606947
22341,LOVE GARLAND PAINTED ZINC,5698.889999999999,3467,240,128,2.3590495867768593,821.0,797.0,-24.0,1.6437525237957886,1196.0,1858.1999999999998,9.0,34.49668301124892
23064,CINDERELLA CHANDELIER,3717.56,221,23,20,45.48739130434783,1199.0,3517.0,2318.0,16.821538461538463,71.0,1514.05,10.0,32.126696832579185
79323LP,LIGHT PINK CHERRY LIGHTS,8481.19,1433,170,107,6.871764705882353,564.0,1684.0,1120.0,5.918485694347523,458.0,2702.8,59.0,31.960921144452197
79323P,PINK CHERRY LIGHTS,13787.93,2281,265,132,7.28390977443609,324.0,1178.0,854.0,6.044686540990794,693.0,4021.35,86.0,30.38141166155195
84347,ROTATING SILVER ANGELS T-LIGHT HLDR,71300.4,31409,756,300,3.3425352112676054,13.0,27.0,14.0,2.2700627208761817,9381.0,330.45000000000005,6.0,29.86723550574676
72802B,OCEAN SCENT CANDLE IN JEWELLED BOX,4258.97,1559,212,119,4.411596244131455,1068.0,1587.0,519.0,2.731860166773573,458.0,679.24,9.0,29.37780628608082
47566B,TEA TIME PARTY BUNTING,25803.49,5801,761,350,5.292057291666667,131.0,458.0,327.0,4.44811067057404,1635.0,4490.5,11.0,28.184795724875023
22103,MIRROR MOSAIC T-LIGHT HOLDER ROUND,1760.64,1746,71,43,2.047042253521127,2003.0,1453.0,-550.0,1.008384879725086,483.0,203.31,4.0,27.66323024054983
21749,LARGE RED RETROSPOT WINDMILL,5426.06,2712,234,133,2.503675213675214,869.0,997.0,128.0,2.000759587020649,732.0,1356.7,7.0,26.991150442477874
21735,TWO DOOR CURIO CABINET,11112.85,853,262,139,15.352824427480916,421.0,2251.0,1830.0,13.027960140679953,224.0,2535.6,37.0,26.260257913247365
22670,FRENCH WC SIGN BLUE METAL,5510.57,4432,425,218,1.5685416666666667,846.0,624.0,-222.0,1.2433596570397112,1160.0,1340.56,5.0,26.173285198555956
22313,OFFICE MUG WARMER PINK,3146.07,985,137,74,4.273453237410072,1369.0,2093.0,724.0,3.193979695431472,252.0,647.4,2.0,25.583756345177665
22071,SMALL WHITE RETROSPOT MUG IN BOX,2929.75,1147,175,139,3.8278531073446325,1438.0,1912.0,474.0,2.5542720139494333,288.0,188.0,7.0,25.108979947689626
20840,FRENCH FLORAL CUSHION COVER,1419.09,885,93,50,2.1470212765957446,2267.0,2210.0,-57.0,1.6034915254237287,219.0,365.85,3.0,24.74576271186441
21108,FAIRY CAKE FLANNEL ASSORTED COLOUR,25407.27,12962,613,325,3.001073170731707,138.0,156.0,18.0,1.9601350100293164,3159.0,6614.370000000001,4.0,24.371239006326185
85232B,SET OF 3 BABUSHKA STACKING TINS,5465.39,1093,168,94,5.612958579881657,854.0,1974.0,1120.0,5.000356816102471,263.0,1297.6499999999999,10.0,24.06221408966148
22106,MIRROR MOSAIC HURRICANE LAMP,1589.98,509,79,29,5.470759493670886,2127.0,2750.0,623.0,3.123732809430255,121.0,156.75,2.0,23.772102161100197
72802C,VANILLA SCENT CANDLE JEWELLED BOX,6047.5599999999995,2184,269,143,4.5729520295202954,775.0,1215.0,440.0,2.7690293040293037,506.0,584.06,5.0,23.168498168498168
23462,ROCOCO WALL MIRROR WHITE,1567.1399999999999,78,45,42,20.713555555555555,2141.0,4259.0,2118.0,20.09153846153846,18.0,350.09999999999997,12.0,23.076923076923077
22085,PAPER CHAIN KIT SKULLS,6883.87,2538,230,141,3.188311688311688,678.0,1051.0,373.0,2.7123207249802994,585.0,1501.75,4.0,23.04964539007092
22199,FRYING PAN RED POLKADOT,4890.14,1211,189,90,5.052894736842106,951.0,1854.0,903.0,4.0381007431874485,275.0,1032.75,5.0,22.708505367464905
20829,GLITTER HANGING BUTTERFLY STRING,9825.02,4820,481,207,2.4219755600814663,492.0,572.0,80.0,2.0383858921161826,1094.0,1801.96,14.0,22.69709543568465
85036C,ROSE 1 WICK MORRIS BOXED CANDLE,1629.02,878,128,99,3.032748091603054,2098.0,2224.0,126.0,1.855375854214123,193.0,232.25,3.0,21.981776765375855
85063,CREAM SWEETHEART MAGAZINE RACK,5426.74,308,180,104,18.89911111111111,868.0,3220.0,2352.0,17.619285714285713,66.0,1060.7,38.0,21.428571428571427
22191,IVORY DINER WALL CLOCK,13689.85,1659,500,282,8.788469184890657,330.0,1515.0,1185.0,8.251868595539483,345.0,2662.2000000000003,17.0,20.795660036166367
85220,SMALL FAIRY CAKE FRIDGE MAGNETS,6875.0,12236,5,4,1.3,681.0,174.0,-507.0,0.5618666230794377,2513.0,3645.65,2.0,20.53775743707094
22070,SMALL RED RETROSPOT MUG IN BOX,4462.95,1511,236,156,4.056386554621849,1030.0,1623.0,593.0,2.953639973527465,301.0,355.29,8.0,19.920582395764395
22990,COTTON APRON PANTRY DESIGN,2917.43,633,164,117,5.315301204819277,1443.0,2558.0,1115.0,4.6088941548183255,126.0,553.6999999999999,11.0,19.90521327014218
22273,FELTCRAFT DOLL MOLLY,20150.99,7355,810,423,3.300158536585366,202.0,340.0,138.0,2.739767505098573,1464.0,3562.7999999999997,8.0,19.90482664853841
22363,GLASS JAR MARMALADE,2303.3900000000003,785,173,99,3.559090909090909,1689.0,2336.0,647.0,2.934254777070064,152.0,400.40000000000003,13.0,19.363057324840767
22691,DOORMAT WELCOME SUNRISE,5198.6,759,219,124,8.87840182648402,896.0,2361.0,1465.0,6.849275362318841,143.0,665.35,3.0,18.84057971014493
22804,PINK HANGING HEART T-LIGHT HOLDER,1664.16,880,76,50,3.3044736842105267,2072.0,2220.0,148.0,1.8910909090909092,164.0,419.8,3.0,18.636363636363637
21679,SKULLS STICKERS,4034.5099999999998,4871,370,181,1.0574932614555255,1116.0,565.0,-551.0,0.8282714021761445,900.0,652.6800000000001,5.0,18.476698829809074
22991,GIRAFFE WOODEN RULER,7604.889999999999,3887,274,185,2.273655913978495,622.0,708.0,86.0,1.956493439670697,714.0,1185.8999999999999,6.0,18.368922047851814
22618,COOKING SET RETROSPOT,6984.349999999999,718,242,180,10.469341563786006,665.0,2425.0,1760.0,9.7275069637883,131.0,1226.07,40.0,18.245125348189415
21439,BASKET OF TOADSTOOLS,2837.54,2259,240,112,1.5492181069958846,1470.0,1185.0,-285.0,1.2561044710048694,408.0,432.48,1.0,18.06108897742364
71477,COLOUR GLASS. STAR T-LIGHT HOLDER,41099.79,14077,757,298,3.686446173800259,57.0,135.0,78.0,2.9196412587909357,2520.0,6966.66,60.0,17.901541521631028
22101,MIRROR MOSAIC VOTIVE HOLDER,2790.27,1909,116,44,2.3282905982905984,1484.0,1356.0,-128.0,1.461639601885804,325.0,128.46,2.0,17.024620220010476
11001,ASSTD DESIGN RACING CAR PEN,7408.65,4829,251,118,1.8730078125,634.0,571.0,-63.0,1.534199627252019,811.0,1093.39,11.0,16.794367363843445
22933,BAKING MOULD EASTER EGG MILK CHOC,2585.92,940,122,82,3.48869918699187,1578.0,2150.0,572.0,2.7509787234042555,156.0,337.80000000000007,2.0,16.595744680851062
18097C,WHITE TALL PORCELAIN T-LIGHT HOLDER,3924.92,1763,211,110,2.8269339622641505,1142.0,1444.0,302.0,2.226273397617697,292.0,571.8000000000001,2.0,16.56267725467952
20975,12 PENCILS SMALL TUBE RED SPOTTY,5278.03,8267,368,220,0.7499739583333334,888.0,299.0,-589.0,0.6384456271924519,1307.0,749.5500000000001,7.0,15.809846377162213
22655,VINTAGE RED KITCHEN CABINET,12845.0,76,53,45,186.32075471698113,359.0,4281.0,3922.0,169.01315789473685,12.0,2320.5,10.0,15.789473684210526
22503,CABIN BAG VINTAGE PAISLEY,3178.02,141,54,29,25.080925925925925,1354.0,3849.0,2495.0,22.539148936170214,22.0,546.6999999999999,6.0,15.602836879432624
20733,GOLD MINI TAPE MEASURE,1452.2,1927,294,67,0.8517627118644067,2234.0,1344.0,-890.0,0.7536066424494032,300.0,216.0,1.0,15.568240788790867
20772,GARDEN PATH JOURNAL,1848.73,970,161,105,2.5111111111111106,1960.0,2113.0,153.0,1.9059072164948454,151.0,320.25000000000006,3.0,15.56701030927835
22838,3 TIER CAKE TIN RED AND CREAM,12837.46,894,263,177,16.882623574144485,360.0,2206.0,1846.0,14.359574944071587,137.0,1801.75,21.0,15.324384787472036
21849,SILVER DIAMANTE PEN IN GIFT BOX,1483.51,633,134,46,3.7198529411764705,2200.0,2558.0,358.0,2.3436176935229067,96.0,120.0,1.0,15.165876777251185
22461,SAVOY ART DECO CLOCK,3607.81,410,146,82,12.368561643835616,1224.0,2955.0,1731.0,8.799536585365853,62.0,625.6999999999999,31.0,15.121951219512194
22333,RETROSPOT PARTY BAG + STICKER SET,8857.32,5648,409,210,1.8650121065375302,541.0,476.0,-65.0,1.5682223796033994,851.0,1250.55,15.0,15.067280453257789
21056,DOCTOR'S BAG SOFT TOY,4961.33,545,195,119,9.701076923076922,943.0,2699.0,1756.0,9.103357798165138,82.0,693.9,4.0,15.045871559633028
22564,ALPHABET STENCIL CRAFT,5221.4,4570,343,208,1.3229360465116278,892.0,608.0,-284.0,1.1425382932166301,679.0,721.07,5.0,14.857768052516413
85103,SILVER T-LIGHT SETTING,2153.43,317,87,46,7.735057471264368,1772.0,3185.0,1413.0,6.793154574132491,46.0,280.1,5.0,14.511041009463725
15034,PAPER POCKET TRAVELING FAN,1416.2600000000002,10153,255,123,0.357265625,2270.0,224.0,-2046.0,0.13949177582980402,1448.0,116.06000000000002,6.0,14.261794543484685
21069,VINTAGE BILLBOARD TEA MUG,5404.360000000001,5099,279,110,1.6897517730496454,872.0,536.0,-336.0,1.059886252206315,726.0,770.8900000000001,4.0,14.238085899195921
10002,INFLATABLE POLITICAL GLOBE,6942.26,8671,362,164,0.9791553133514985,670.0,274.0,-396.0,0.8006296851574213,1223.0,883.5500000000001,7.0,14.104486218429246
22333,RETRO SPORT PARTY BAG + STICKER SET,5370.08,3444,254,159,1.8630196078431371,877.0,807.0,-70.0,1.5592566782810684,474.0,695.6999999999999,6.0,13.763066202090593
22992,REVOLVER WOODEN RULER,10373.99,5233,348,217,2.2714044943820224,462.0,518.0,56.0,1.9824173514236576,716.0,1193.4,8.0,13.682400152875978
90167,BEADED LOVE HEART JEWELLERY SET,1801.17,2197,111,53,1.088198198198198,1982.0,1212.0,-770.0,0.8198315885298134,300.0,217.56,2.0,13.654984069185252
21207,SKULL AND CROSSBONES GARLAND,5597.419999999999,3601,282,167,1.7603886925795054,833.0,767.0,-66.0,1.5544071091363507,489.0,709.25,4.0,13.579561232990836
22932,BAKING MOULD TOFFEE CUP CHOCOLATE,2000.88,884,72,51,2.708472222222222,1868.0,2211.0,343.0,2.2634389140271494,120.0,262.8,2.0,13.574660633484163
48185,DOORMAT FAIRY CAKE,34191.53,5095,597,219,9.783706176961603,77.0,537.0,460.0,6.710800785083415,688.0,4650.2,6.0,13.50343473994112
51008,AFGHAN SLIPPER SOCK PAIR,8378.8,2604,80,44,3.4,573.0,1032.0,459.0,3.217665130568356,349.0,1054.05,5.0,13.402457757296467
85098B,BLUE FLYING SINGING CANARY,1456.94,366,114,61,4.695043478260869,2228.0,3057.0,829.0,3.9807103825136614,49.0,154.15,6.0,13.387978142076504
21112,"SWISS ROLL TOWEL, PINK SPOTS",3570.57,1516,150,86,3.2843708609271522,1237.0,1618.0,381.0,2.355257255936676,198.0,507.29999999999995,3.0,13.060686015831136
84078A,SET/4 WHITE RETRO STORAGE CUBES,43844.96,1128,328,151,45.85689024390244,45.0,1930.0,1885.0,38.86964539007092,147.0,5187.650000000001,20.0,13.031914893617023
15056P,EDWARDIAN PARASOL PINK,12228.92,2473,344,186,6.234869565217392,379.0,1073.0,694.0,4.94497371613425,313.0,1091.05,9.0,12.656692276587142
21381,MINI WOODEN HAPPY BIRTHDAY GARLAND,8568.0,5104,532,234,2.192467771639042,553.0,534.0,-19.0,1.6786833855799372,603.0,949.71,6.0,11.814263322884013
21380,WOODEN HAPPY BIRTHDAY GARLAND,14593.320000000002,5031,651,325,3.406554878048781,298.0,547.0,249.0,2.9006797853309485,582.0,1601.7,6.0,11.568276684555755
20971,PINK BLUE FELT CRAFT TRINKET BOX,28580.97,22260,1148,490,1.4093723129836628,108.0,58.0,-50.0,1.2839609164420485,2571.0,2739.3199999999997,12.0,11.549865229110512
22922,FRIDGE MAGNETS US DINER ASSORTED,1789.1999999999998,2073,113,82,1.6745132743362832,1990.0,1275.0,-715.0,0.8630969609261938,234.0,183.3,5.0,11.287988422575976
22332,SKULLS PARTY BAG + STICKER SET,6520.549999999999,4158,381,233,1.8224675324675323,722.0,665.0,-57.0,1.568193843193843,458.0,669.3,6.0,11.014911014911014
21686,MEDINA STAMPED METAL STOOL,2460.1400000000003,65,33,10,39.29515151515152,1626.0,4377.0,2751.0,37.8483076923077,7.0,249.64999999999998,2.0,10.76923076923077
21314,SMALL GLASS HEART TRINKET POT,24641.390000000003,11426,1066,369,2.776856343283582,148.0,194.0,46.0,2.156606861543848,1228.0,2296.8,66.0,10.747418169088045
37449,CERAMIC CAKE STAND + HANGING CAKES,22333.3,2382,477,205,11.180564853556485,172.0,1118.0,946.0,9.375860621326616,255.0,2234.15,71.0,10.70528967254408
21843,RED RETROSPOT CAKE STAND,48564.29,4637,1188,502,12.246470588235294,35.0,598.0,563.0,10.473213284451154,494.0,4273.9,106.0,10.653439723959456
23250,VINTAGE RED TRIM ENAMEL BOWL,1501.03,1155,108,63,1.4721296296296298,2188.0,1902.0,-286.0,1.2995930735930736,121.0,141.8,8.0,10.476190476190476
23170,REGENCY TEA PLATE ROSES,11097.249999999998,6857,445,224,2.075707865168539,423.0,364.0,-59.0,1.6183826746390546,718.0,1046.3,12.0,10.471051480239172
22935,BAKING MOULD ROSE MILK CHOCOLATE,2066.82,690,65,46,3.8047692307692307,1830.0,2473.0,643.0,2.995391304347826,72.0,198.0,1.0,10.434782608695652
22797,CHEST OF DRAWERS GINGHAM HEART,4205.5599999999995,242,140,98,18.55292857142857,1080.0,3439.0,2359.0,17.378347107438014,25.0,411.75,15.0,10.330578512396695
21426,WOODLAND STORAGE BOX SMALL,1647.07,1028,99,44,3.2193069306930693,2081.0,2044.0,-37.0,1.6022081712062257,104.0,161.4,10.0,10.116731517509727
21175,GIN + TONIC DIET METAL SIGN,42613.98,20178,1609,543,2.5423874151758175,50.0,71.0,21.0,2.1119030627416,2035.0,3785.58,12.0,10.08524135196749
84968A,SET OF 16 VINTAGE ROSE CUTLERY,4026.8399999999997,339,119,44,13.738,1118.0,3127.0,2009.0,11.878584070796459,34.0,390.29999999999995,4.0,10.029498525073747
21481,FAWN BLUE HOT WATER BOTTLE,25613.45,8175,1050,439,3.761793427230047,133.0,304.0,171.0,3.13314373088685,802.0,2065.9,15.0,9.81039755351682
22150,3 STRIPEY MICE FELTCRAFT,14486.55,7815,938,505,2.1962277951933125,301.0,322.0,21.0,1.8536852207293666,764.0,1264.8,9.0,9.776071657069737
22769,CHALKBOARD KITCHEN ORGANISER,3656.86,174,45,32,29.071555555555555,1214.0,3696.0,2482.0,21.016436781609197,17.0,400.15,8.0,9.770114942528735
85174,S/4 CACTI CANDLES,7193.46,1459,357,126,6.645643835616438,650.0,1660.0,1010.0,4.930404386566141,141.0,607.65,10.0,9.664153529814943
23228,FILIGREE HEART BIRD WHITE,1960.0,1492,125,58,1.7907142857142857,1893.0,1633.0,-260.0,1.3136729222520107,144.0,149.76,1.0,9.651474530831099
22125,UNION JACK HOT WATER BOTTLE,4089.09,653,183,117,6.847883597883598,1102.0,2535.0,1433.0,6.262006125574273,63.0,314.85,3.0,9.647779479326186
35924,HANGING FAIRY CAKE DECORATION,4049.4,2164,188,65,2.7565104166666665,1114.0,1227.0,113.0,1.8712569316081331,205.0,347.68,11.0,9.473197781885398
22904,CALENDAR PAPER CUT DESIGN,10755.050000000001,3467,463,269,3.3329550321199144,444.0,797.0,353.0,3.1021199884626482,322.0,885.9,3.0,9.287568503028556
22139,RETRO SPOT TEA SET CERAMIC 11 PC,21301.04,4438,771,465,5.442951030927835,186.0,622.0,436.0,4.7996935556557005,410.0,1779.6000000000001,29.0,9.238395673726904
22138,BAKING SET 9 PIECE RETROSPOT,45882.01,9366,1914,1137,5.3669730010384225,41.0,252.0,211.0,4.898783899209908,859.0,4052.95,209.0,9.171471279094598
21655,HANGING RIDGE GLASS T-LIGHT HOLDER,2277.5,1396,89,56,1.9567415730337079,1705.0,1713.0,8.0,1.6314469914040115,128.0,201.92000000000002,6.0,9.169054441260744
37495,FAIRY CAKE BIRTHDAY CANDLE SET,5732.6,1560,330,206,4.146737160120845,816.0,1586.0,770.0,3.67474358974359,142.0,493.2,33.0,9.102564102564102
23167,SMALL CERAMIC TOP STORAGE JAR,4476.01,5847,231,129,1.0025210084033613,1029.0,453.0,-576.0,0.7655224901658971,525.0,365.19,9.0,8.978963571062083
22762,CUPBOARD 3 DRAWER MA CAMPAGNE,3276.62,204,133,91,17.33932330827068,1319.0,3579.0,2260.0,16.06186274509804,18.0,244.9,7.0,8.823529411764707
21830,ASSORTED CREEPY CRAWLIES,3185.6,7658,256,151,0.46162790697674416,1351.0,327.0,-1024.0,0.4159832854531209,672.0,247.68,4.0,8.775137111517367
21648,ASSORTED TUTTI FRUTTI SMALL PURSE,3956.48,2940,231,96,1.8345493562231758,1137.0,919.0,-218.0,1.3457414965986394,256.0,274.4,8.0,8.707482993197278
22930,BAKING MOULD HEART MILK CHOCOLATE,2846.8,1108,189,120,3.073350785340314,1464.0,1952.0,488.0,2.5693140794223828,96.0,201.6,1.0,8.664259927797833
23157,SET OF 6 NATIVITY MAGNETS,5143.06,2797,164,111,2.3477058823529413,907.0,959.0,52.0,1.8387772613514481,240.0,444.0,1.0,8.580622095101894
22776,SWEETHEART 3 TIER CAKE STAND,3371.58,284,158,99,12.072264150943397,1293.0,3296.0,2003.0,11.871760563380281,24.0,219.95,11.0,8.450704225352112
22236,CAKE STAND 3 TIER MAGIC GARDEN,13965.519999999999,1127,421,251,13.37624703087886,315.0,1932.0,1617.0,12.391765749778171,95.0,1121.25,47.0,8.429458740017747
21477,STRING OF 20 ROSE LIGHTS,3248.94,273,45,35,14.872666666666666,1329.0,3329.0,2000.0,11.900879120879122,23.0,257.24999999999994,8.0,8.424908424908425
85136C,RED SHARK HELICOPTER,1451.69,179,122,70,8.129180327868852,2236.0,3677.0,1441.0,8.11,15.0,119.77,3.0,8.379888268156424
22673,FRENCH GARDEN SIGN BLUE METAL,1667.5,1320,195,130,1.4474999999999998,2069.0,1760.0,-309.0,1.2632575757575757,109.0,118.01,3.0,8.257575757575758
84944,SET OF 6 KASHMIR FOLKART BAUBLES,3153.88,1135,194,122,3.8585204081632654,1365.0,1923.0,558.0,2.778748898678414,93.0,244.45,5.0,8.193832599118943
21614,SET OF 12 ROSE BOTANICAL T-LIGHTS,4538.17,1627,194,123,3.0643147208121833,1017.0,1537.0,520.0,2.789287031346036,131.0,336.05,3.0,8.051628764597417
23494,VINTAGE DOILY DELUXE SEWING KIT,5354.01,809,205,145,6.812864077669903,881.0,2305.0,1424.0,6.618059332509271,65.0,386.75,11.0,8.034610630407911
21258,VICTORIAN SEWING BOX LARGE,21386.559999999998,1509,528,186,16.944877126654063,184.0,1624.0,1440.0,14.172670642809805,121.0,1360.1499999999999,42.0,8.018555334658714
22776,SWEETHEART CAKESTAND 3 TIER,13753.38,1378,526,347,10.917756653992395,326.0,1726.0,1400.0,9.980682148040637,110.0,1010.4,40.0,7.982583454281568
85071A,BLUE CHARLIE+LOLA PERSONAL DOORSIGN,1415.69,1907,147,106,1.2626845637583894,2271.0,1358.0,-913.0,0.7423649711588883,152.0,448.4,2.0,7.970634504457262
21537,RED RETROSPOT PUDDING BOWL,3065.45,712,183,133,4.643422459893048,1400.0,2438.0,1038.0,4.305407303370786,56.0,213.0,8.0,7.865168539325842
22950,36 DOILIES VINTAGE CHRISTMAS,10823.97,7851,342,251,1.5666184971098265,438.0,316.0,-122.0,1.3786740542606037,612.0,772.2,4.0,7.795185326709973
21332,MOROCCAN BEATEN METAL MIRROR,1644.17,270,50,36,11.9834,2083.0,3342.0,1259.0,6.089518518518519,21.0,109.75,5.0,7.777777777777778
22804,CANDLEHOLDER PINK HANGING HEART,12411.640000000001,4381,594,325,3.1330198019801982,371.0,632.0,261.0,2.833060944989729,340.0,875.0,8.0,7.760785208856426
21877,HOME SWEET HOME MUG,15954.75,14054,755,323,1.5780845442536326,258.0,137.0,-121.0,1.1352461932545894,1086.0,1176.8200000000002,23.0,7.727337412836204
22835,HOT WATER BOTTLE I AM SO POORLY,27082.84,5302,1011,451,5.639597249508841,122.0,506.0,384.0,5.108042248208223,408.0,1744.8,11.0,7.695209354960392
23111,PARISIENNE SEWING BOX,3839.2400000000002,312,138,80,13.468920863309354,1163.0,3204.0,2041.0,12.30525641025641,24.0,283.2,16.0,7.6923076923076925
22177,5 HOOK BLACKBOARD ORGANISER,3101.46,325,125,90,11.89312,1383.0,3160.0,1777.0,9.542953846153846,25.0,227.0,10.0,7.6923076923076925
22107,PIZZA PLATE IN BOX,4840.59,1240,369,118,4.6385522788203755,958.0,1835.0,877.0,3.903701612903226,95.0,330.71000000000004,12.0,7.661290322580645
22570,FELTCRAFT CUSHION RABBIT,20901.1,5631,807,351,4.310666666666666,190.0,479.0,289.0,3.7117918664535603,431.0,1464.33,6.0,7.654057893802167
23155,KNICKERBOCKERGLORY MAGNET ASSORTED,1904.7700000000002,2221,135,84,1.472074074074074,1926.0,1201.0,-725.0,0.8576181900045026,169.0,129.71,14.0,7.609185051778478
84459A,PINK METAL CHICKEN HEART,2041.69,1263,201,96,2.3394117647058823,1841.0,1805.0,-36.0,1.6165399841646872,96.0,143.04,5.0,7.600950118764846
84270,ASSTD DESIGN BUBBLE GUM RING,4824.3,22936,476,249,0.2478361344537815,959.0,56.0,-903.0,0.2103374607603767,1740.0,293.40000000000003,7.0,7.586327171259157
23075,PARLOUR CERAMIC WALL HOOK,1869.0,450,75,56,4.255066666666667,1954.0,2863.0,909.0,4.153333333333333,34.0,141.10000000000002,6.0,7.555555555555555
21878,PACK OF 6 SANDCASTLE FLAGS ASSORTED,4586.48,5586,403,225,1.0591707317073171,1006.0,482.0,-524.0,0.8210669530970282,421.0,304.81,3.0,7.536698890082348
22635,CHILDS BREAKFAST SET DOLLY GIRL,15795.01,1660,485,325,10.30381930184805,266.0,1513.0,1247.0,9.515066265060241,124.0,1113.4499999999998,25.0,7.46987951807229
22360,GLASS JAR ENGLISH CONFECTIONERY,7529.6,2507,429,208,3.7358700696055687,627.0,1061.0,434.0,3.003430394894296,185.0,518.5500000000001,38.0,7.379337854008776
72807C,SET/3 VANILLA SCENTED CANDLE IN BOX,8489.17,1983,345,164,5.3535057471264365,563.0,1324.0,761.0,4.280973272818962,146.0,566.38,16.0,7.362581946545638
21988,PACK OF 6 SKULL PAPER PLATES,5820.099999999999,7829,416,209,0.9512735849056603,807.0,318.0,-489.0,0.7434027334270021,576.0,368.64,1.0,7.357261463788478
22796,PHOTO FRAME 3 CLASSIC HANGING,8020.45,806,316,201,10.424025157232704,588.0,2308.0,1720.0,9.950930521091811,59.0,563.8499999999999,25.0,7.320099255583126
22778,GLASS CLOCHE SMALL,3828.66,970,194,106,4.895024875621891,1167.0,2113.0,946.0,3.9470721649484535,71.0,250.77,20.0,7.31958762886598
20972,PINK CREAM FELT CRAFT TRINKET BOX,24785.31,20496,1397,568,1.4045074415308292,146.0,70.0,-76.0,1.209275468384075,1497.0,1553.3899999999999,10.0,7.303864168618267
21989,PACK OF 20 SKULL PAPER NAPKINS,6790.7,8552,654,264,1.0801963746223564,689.0,279.0,-410.0,0.7940481758652946,624.0,409.44,3.0,7.296538821328344
23110,PARISIENNE KEY CABINET,4147.18,700,255,157,6.66234375,1095.0,2455.0,1360.0,5.924542857142858,51.0,293.25,28.0,7.285714285714286
22588,CARD HOLDER GINGHAM HEART,7559.94,2747,481,318,3.1043032786885245,624.0,982.0,358.0,2.752071350564252,195.0,411.8700000000001,3.0,7.098653076083
21667,GLASS CAKE COVER AND PLATE,6126.25,354,163,119,18.958098159509202,770.0,3090.0,2320.0,17.305790960451976,25.0,393.74999999999994,12.0,7.062146892655368
22147,FELTCRAFT BUTTERFLY HEARTS,17893.579999999998,12828,1132,582,1.6181639624252775,228.0,162.0,-66.0,1.3948846273776114,904.0,1142.8000000000002,13.0,7.047084502650453
85047,WHITE BEADED GARLAND STRING 20LIGHT,6664.329999999999,1051,236,137,7.060333333333333,710.0,2026.0,1316.0,6.340941960038058,74.0,450.7,43.0,7.040913415794481
23210,WHITE ROCKING HORSE HAND PAINTED,3551.53,2849,192,115,1.4668316831683168,1242.0,940.0,-302.0,1.2465882765882768,200.0,219.76,4.0,7.02000702000702
21871,SAVE THE PLANET MUG,13654.89,11492,779,299,1.7336513994910943,331.0,190.0,-141.0,1.1882083188304908,806.0,892.19,25.0,7.013574660633484
84754,S/15 SILVER GLASS BAUBLES IN BAG,2634.59,2083,218,129,1.5527232142857144,1555.0,1270.0,-285.0,1.2648055688910227,146.0,155.14,2.0,7.009121459433509
22826,LOVE SEAT ANTIQUE WHITE METAL,6210.0,58,41,33,114.02439024390245,760.0,4446.0,3686.0,107.06896551724138,4.0,517.5,4.0,6.896551724137931
22356,"CHARLOTTE BAG , PINK/WHITE SPOTS",3740.38,4454,360,166,1.0589722222222222,1194.0,620.0,-574.0,0.8397799730579255,307.0,221.82,4.0,6.892680736416704
23485,BOTANICAL GARDENS WALL CLOCK,5843.92,262,83,70,24.791807228915662,802.0,3371.0,2569.0,22.305038167938932,18.0,407.4,13.0,6.870229007633588
22325,MOBILE VINTAGE HEARTS,3139.99,699,224,129,5.006,1374.0,2459.0,1085.0,4.492117310443491,48.0,237.6,16.0,6.866952789699571
22168,ORGANISER WOOD ANTIQUE WHITE,5450.43,657,311,249,8.4775884244373,858.0,2527.0,1669.0,8.29593607305936,45.0,381.65,31.0,6.8493150684931505
22220,CAKE STAND LOVEBIRD 2 TIER WHITE,6885.44,745,270,190,10.384074074074073,677.0,2388.0,1711.0,9.242201342281879,51.0,485.7,27.0,6.845637583892618
21527,RETRO SPOT TRADITIONAL TEAPOT,7937.910000000001,1008,261,150,9.134448669201522,597.0,2069.0,1472.0,7.874910714285715,69.0,545.58,45.0,6.845238095238096
21634,ASSORTED MINI MADRAS NOTEBOOK,1507.74,1771,69,42,1.363768115942029,2184.0,1437.0,-747.0,0.8513495200451722,121.0,151.25,5.0,6.832298136645963
21781,MA CAMPAGNE CUTLERY BOX,10125.72,655,363,150,16.549700272479562,478.0,2531.0,2053.0,15.459114503816792,44.0,600.6,19.0,6.7175572519083975
22692,DOORMAT WELCOME TO OUR HOME,15965.95,2143,612,293,9.385898692810457,257.0,1236.0,979.0,7.450279981334578,143.0,665.0500000000001,3.0,6.672888474101726
23249,VINTAGE RED ENAMEL TRIM PLATE,1406.3,830,80,56,1.891,2273.0,2280.0,7.0,1.6943373493975904,55.0,87.71,7.0,6.626506024096386
84012,MAGIC SHEEP WOOL GROWING FROM PAPER,2628.47,1838,179,127,1.7253333333333334,1559.0,1398.0,-161.0,1.4300707290533188,120.0,102.0,1.0,6.528835690968444
22362,GLASS JAR PEACOCK BATH SALTS,2410.53,754,258,133,3.748798449612403,1648.0,2366.0,718.0,3.1969893899204247,49.0,144.55,13.0,6.49867374005305
22752,SET 7 BABUSHKA NESTING BOXES,28139.45,3459,692,323,9.46467142857143,111.0,800.0,689.0,8.135140213934664,224.0,1761.2,25.0,6.475860075166233
75049L,LARGE CIRCULAR MIRROR MOBILE,13153.8,13968,344,106,1.554119318181818,349.0,140.0,-209.0,0.9417096219931271,903.0,808.75,53.0,6.4647766323024065
23169,CLASSIC GLASS COOKIE JAR,6183.389999999999,1443,301,191,4.737715231788079,763.0,1676.0,913.0,4.285093555093555,93.0,379.15,34.0,6.4449064449064455
23358,HOT STUFF HOT WATER BOTTLE,2008.38,594,89,61,4.198539325842697,1859.0,2611.0,752.0,3.381111111111111,38.0,125.94,2.0,6.397306397306397
22890,NOVELTY BISCUITS CAKE STAND 3 TIER,7821.96,800,260,148,11.051226053639846,603.0,2314.0,1711.0,9.77745,51.0,481.34999999999997,26.0,6.375
35400,WOODEN BOX ADVENT CALENDAR,13999.1,1435,419,241,10.473995271867611,312.0,1682.0,1370.0,9.755470383275261,91.0,779.4499999999999,45.0,6.341463414634147
35004B,SET OF 3 BLACK FLYING DUCKS,6809.65,1474,275,64,6.741594202898551,687.0,1651.0,964.0,4.619843962008141,93.0,364.65,24.0,6.309362279511534
22942,CHRISTMAS LIGHTS 10 SANTAS,9466.41,1221,246,176,8.545263157894736,512.0,1847.0,1335.0,7.752997542997543,77.0,612.8500000000001,13.0,6.306306306306306
23146,TRIPLE HOOK ANTIQUE IVORY ROSE,2645.2599999999998,798,227,151,3.5144155844155844,1550.0,2318.0,768.0,3.3148621553884707,50.0,164.1,22.0,6.265664160401002
22770,MIRROR CORNICE,1799.62,112,71,49,16.329718309859153,1984.0,3993.0,2009.0,16.068035714285713,7.0,104.64999999999999,6.0,6.25
22569,FELTCRAFT CUSHION BUTTERFLY,20104.43,5521,784,360,4.187288776796973,203.0,485.0,282.0,3.6414472015939143,345.0,1170.63,5.0,6.2488679587031335
22271,FELTCRAFT DOLL ROSIE,13921.730000000001,4866,787,400,3.2711712846347605,316.0,567.0,251.0,2.8610213727907934,304.0,839.2,7.0,6.247431154952733
85042,ANTIQUE LILY FAIRY LIGHTS,12234.56,2694,293,142,4.947550335570471,378.0,1006.0,628.0,4.541410541945063,168.0,757.4,61.0,6.23608017817372
22393,PAPERWEIGHT VINTAGE COLLAGE,1459.3700000000001,834,120,75,2.8713333333333333,2226.0,2275.0,49.0,1.7498441247002399,52.0,111.0,3.0,6.235011990407674
21843,RETRO SPOT CAKE STAND,16354.009999999998,1493,340,207,12.17970588235294,252.0,1632.0,1380.0,10.953791024782316,93.0,996.3499999999999,48.0,6.22906898861353
22163,HEART STRING MEMO HOLDER HANGING,2235.1200000000003,1269,197,86,2.3265841584158418,1728.0,1800.0,72.0,1.7613238770685582,79.0,179.05000000000004,5.0,6.225374310480693
22944,CHRISTMAS METAL POSTCARD WITH BELLS,3577.9900000000002,4870,158,89,1.3859509202453988,1235.0,566.0,-669.0,0.7347002053388091,301.0,311.21000000000004,3.0,6.180698151950718
20703,BLUE PADDED SOFT MOBILE,1993.47,471,169,122,4.2601775147928995,1871.0,2821.0,950.0,4.232420382165605,29.0,123.25,15.0,6.1571125265392785
21747,SMALL SKULL WINDMILL,2452.35,2049,153,83,1.4423376623376625,1633.0,1293.0,-340.0,1.1968521229868228,126.0,136.98000000000002,3.0,6.149341142020498
21035,SET/2 RED RETROSPOT TEA TOWELS,10684.21,3335,503,191,4.400216962524654,445.0,835.0,390.0,3.203661169415292,205.0,564.75,3.0,6.146926536731634
21791,VINTAGE HEADS AND TAILS CARD GAME,22858.6,17609,1316,641,1.4866241560390099,169.0,90.0,-79.0,1.2981202794025781,1077.0,1156.25,10.0,6.11619058436027
22956,36 FOIL HEART CAKE CASES,4878.900000000001,2494,256,189,2.200530303030303,954.0,1067.0,113.0,1.9562550120288695,152.0,283.20000000000005,3.0,6.094627105052125
22591,CARDHOLDER GINGHAM CHRISTMAS TREE,3854.15,1347,208,148,3.4746411483253583,1156.0,1746.0,590.0,2.861284335560505,82.0,214.70000000000002,13.0,6.087602078693393
21424,WOODLAND STORAGE BOX LARGE,2861.6400000000003,955,142,51,4.811619718309859,1459.0,2132.0,673.0,2.9964816753926704,58.0,151.9,9.0,6.0732984293193715
22083,PAPER CHAIN KIT RETRO SPOT,21151.79,7579,591,324,3.3923865546218486,189.0,330.0,141.0,2.7908417997097246,460.0,1197.0,6.0,6.06940229581739
23112,PARISIENNE CURIO CABINET,4507.08,546,241,134,9.16721991701245,1024.0,2697.0,1673.0,8.254725274725274,33.0,239.85000000000002,19.0,6.043956043956044
22180,RETROSPOT LAMP,4938.96,464,214,122,11.550934579439252,946.0,2836.0,1890.0,10.644310344827586,28.0,274.25,16.0,6.0344827586206895
21642,ASSORTED TUTTI FRUTTI PEN,2575.18,4413,251,150,0.8806896551724137,1582.0,628.0,-954.0,0.5835440743258554,266.0,172.34,15.0,6.027645592567414
84818,DANISH ROSE PHOTO FRAME,2382.25,1788,214,122,2.0407943925233645,1656.0,1429.0,-227.0,1.3323545861297539,107.0,132.05,9.0,5.984340044742729
21155,RED RETROSPOT PEG BAG,11060.2,4003,605,247,3.0693126022913257,429.0,686.0,257.0,2.762977766674994,239.0,512.7,14.0,5.970522108418686
22583,PACK OF 6 HANDBAG GIFT BOXES,4955.75,1873,349,250,2.978753462603878,944.0,1372.0,428.0,2.6458889482114256,111.0,272.85,6.0,5.92632140950347
51014L,"FEATHER PEN,LIGHT PINK",2222.35,3445,226,111,0.7759471365638766,1736.0,806.0,-930.0,0.6450943396226415,204.0,167.88,4.0,5.921625544267053
85159B,"WHITE TEA,COFFEE,SUGAR JARS",1503.5,659,88,53,4.945227272727273,2187.0,2523.0,336.0,2.2814871016691955,39.0,92.89,14.0,5.918057663125948
47599B,BLUE PARTY BAGS,6662.54,3492,286,170,2.2239100346020764,711.0,789.0,78.0,1.9079438717067583,206.0,343.96,4.0,5.899198167239404
22781,GUMBALL MAGAZINE RACK,7060.58,867,307,160,9.49896103896104,657.0,2235.0,1578.0,8.143690888119954,51.0,366.75,15.0,5.88235294117647
21198,WHITE HEART CONFETTI IN TUBE,1472.3,1282,118,75,1.7450420168067227,2210.0,1787.0,-423.0,1.1484399375975038,75.0,64.71,3.0,5.850234009360374
85065,CREAM SWEETHEART TRAYS,7524.44,620,256,162,13.5696875,629.0,2577.0,1948.0,12.136193548387096,36.0,377.8,10.0,5.806451612903226
82483,WOOD 2 DRAWER CABINET WHITE FINISH,29003.370000000003,4878,1123,361,6.514496466431095,105.0,564.0,459.0,5.945750307503076,283.0,1683.8500000000001,82.0,5.801558015580156
22493,PAINT YOUR OWN CANVAS SET,7608.119999999999,4738,418,244,1.8342227378190255,621.0,585.0,-36.0,1.6057661460531867,274.0,398.1,5.0,5.7830308146897424
47502,POLKADOT CUTLERY 24 PCS IN TRAY,6855.75,640,79,40,14.809113924050632,683.0,2552.0,1869.0,10.712109375,37.0,387.95,7.0,5.78125
84676,BATH DUCK WATERING CAN,2102.46,848,110,76,3.1355454545454546,1804.0,2257.0,453.0,2.479316037735849,49.0,132.55,10.0,5.778301886792453
22891,TEA FOR ONE POLKADOT,3103.7,644,230,108,5.596608695652174,1382.0,2544.0,1162.0,4.8194099378881985,37.0,157.25,24.0,5.745341614906832
23207,LUNCH BAG ALPHABET DESIGN,13325.55,7830,740,377,1.9909656084656082,337.0,317.0,-20.0,1.7018582375478926,448.0,659.6,13.0,5.721583652618135
23048,SET OF 10 LANTERNS FAIRY LIGHT STAR,2368.37,577,99,81,4.6737254901960785,1665.0,2641.0,976.0,4.104627383015598,33.0,136.95,5.0,5.719237435008666
22617,BAKING SET SPACEBOY DESIGN,20546.99,4252,943,600,5.295658587987355,195.0,652.0,457.0,4.832311853245532,243.0,1147.55,67.0,5.714957666980244
22215,CAKE STAND WHITE TWO TIER LACE,8809.93,1085,359,245,9.028802228412257,544.0,1986.0,1442.0,8.119751152073732,62.0,510.0,30.0,5.714285714285714
22335,HEART DECORATION PAINTED ZINC,5644.77,8666,510,242,0.8489312977099237,828.0,275.0,-553.0,0.6513697207477499,495.0,292.95000000000005,11.0,5.711977844449573
22574,HEART WOODEN CHRISTMAS DECORATION,4629.17,5074,415,253,1.0663095238095237,1003.0,542.0,-461.0,0.9123314938904218,288.0,219.84,2.0,5.675995270003941
22157,ANGEL DECORATION WITH LACE PADDED,1451.3999999999999,1698,124,88,0.894296875,2238.0,1489.0,-749.0,0.8547703180212013,96.0,81.6,2.0,5.6537102473498235
23315,IVORY REFECTORY CLOCK,2094.24,213,86,63,10.776511627906977,1807.0,3542.0,1735.0,9.832112676056337,12.0,97.8,1.0,5.633802816901409
POST,POSTAGE,125682.42,5363,1851,405,29.466515397082656,9.0,501.0,492.0,23.435096028342347,302.0,15252.01,226.0,5.6311765802722356
82486,3 DRAWER ANTIQUE WHITE WOOD CABINET,6457.94,734,202,129,9.293529411764705,730.0,2404.0,1674.0,8.798283378746593,41.0,336.15,5.0,5.5858310626703
23079,TOADSTOOL BEDSIDE LIGHT,2225.45,251,106,83,8.936915887850466,1735.0,3411.0,1676.0,8.86633466135458,14.0,125.3,7.0,5.577689243027888
22634,CHILDS BREAKFAST SET SPACEBOY,15946.55,1688,499,322,10.162814371257484,259.0,1493.0,1234.0,9.447008293838863,94.0,906.3,53.0,5.568720379146919
84616,SILVER ROCCOCO CHANDELIER,1472.62,72,25,19,27.726799999999997,2209.0,4313.0,2104.0,20.453055555555554,4.0,119.8,3.0,5.555555555555555
23252,VINTAGE RED ENAMEL TRIM JUG,2231.61,595,136,104,4.0433088235294115,1732.0,2608.0,876.0,3.750605042016807,33.0,123.75,7.0,5.546218487394958
47503J,SET/3 FLORAL GARDEN TOOLS IN BAG,2719.38,344,75,31,10.9716,1521.0,3112.0,1591.0,7.905174418604651,19.0,151.05,3.0,5.523255813953488
85178,VICTORIAN SEWING KIT,6024.52,5478,313,177,1.363103448275862,778.0,488.0,-290.0,1.0997663380795912,301.0,337.85,6.0,5.494706097115736
22071,SMALL RETRO SPOT MUG IN BOX WHITE,1426.13,383,81,74,3.936024096385542,2257.0,3013.0,756.0,3.7235770234986947,21.0,60.75,3.0,5.483028720626632
21135,VICTORIAN METAL POSTCARD SPRING,8567.24,5985,405,251,2.0081490384615384,554.0,444.0,-110.0,1.4314519632414369,328.0,182.8,6.0,5.480367585630744
23109,PACK OF SIX LED TEA LIGHTS,5008.26,1752,203,132,3.2622815533980583,936.0,1451.0,515.0,2.858595890410959,96.0,239.04,1.0,5.47945205479452
22423,REGENCY CAKESTAND 3 TIER,330590.32,26495,3920,1314,14.176062215477998,2.0,43.0,41.0,12.477460652953388,1450.0,16545.3,341.0,5.4727307039063975
22328,ROUND SNACK BOXES SET OF 4 FRUITS,35922.51,12876,1155,400,3.1904725085910655,72.0,159.0,87.0,2.7898811742777263,699.0,1812.4499999999998,24.0,5.428704566635601
21463,MIRRORED DISCO BALL,7484.81,1349,302,169,6.5647350993377485,631.0,1743.0,1112.0,5.548413639733136,73.0,397.35,26.0,5.411415863602668
51014C,"FEATHER PEN,COAL BLACK",2751.5,4283,266,108,0.8253558052434458,1504.0,648.0,-856.0,0.6424235349054401,230.0,144.9,6.0,5.370067709549381
22364,GLASS JAR DIGESTIVE BISCUITS,6498.610000000001,2061,346,164,3.85433908045977,724.0,1283.0,559.0,3.1531344007763225,110.0,306.90000000000003,29.0,5.337214944201843
71477,COLOURED GLASS STAR T-LIGHT HOLDER,3580.96,1012,52,31,4.481132075471698,1233.0,2062.0,829.0,3.538498023715415,54.0,197.46,7.0,5.33596837944664
21324,HANGING MEDINA LANTERN SMALL,2845.71,1014,175,101,3.7048022598870056,1466.0,2057.0,591.0,2.8064201183431954,54.0,140.1,3.0,5.325443786982249
20979,36 PENCILS TUBE RED SPOTTY,4252.11,3395,275,144,1.5688086642599277,1070.0,819.0,-251.0,1.252462444771723,180.0,200.68,7.0,5.3019145802650955
79072,TEATIME CAKE TIN WITH HANDLE,3083.2,284,107,41,12.714485981308412,1388.0,3296.0,1908.0,10.856338028169013,15.0,149.25,8.0,5.28169014084507
22218,CAKE STAND LACE WHITE,5365.66,1234,265,143,5.378188679245283,879.0,1839.0,960.0,4.348184764991896,65.0,250.75,12.0,5.26742301458671
85035A,GARDENIA 3 WICK MORRIS BOXED CANDLE,2344.9,646,178,113,4.322417582417582,1679.0,2543.0,864.0,3.629876160990712,34.0,133.94,7.0,5.263157894736842
22061,LARGE CAKE STAND HANGING STRAWBERY,19121.37,2171,520,219,11.222917466410747,218.0,1219.0,1001.0,8.807632427452786,114.0,1060.35,63.0,5.25103638876094
22149,FELTCRAFT 6 FLOWER FRIENDS,26218.97,12674,1382,684,2.382309879175551,128.0,168.0,40.0,2.0687210036294776,664.0,1244.4,22.0,5.239072116143285
23470,CARD HOLDER LOVE BIRD LARGE,1460.5,232,84,70,6.810714285714286,2223.0,3478.0,1255.0,6.295258620689655,12.0,70.7,8.0,5.172413793103448
21927,BLUE/CREAM STRIPE CUSHION COVER,1728.24,1260,192,93,1.6878238341968912,2030.0,1810.0,-220.0,1.3716190476190475,65.0,81.25,12.0,5.158730158730158
22254,FELT TOADSTOOL LARGE,1792.21,1398,148,95,1.5208,1989.0,1712.0,-277.0,1.2819814020028613,72.0,90.0,7.0,5.150214592274678
21787,RAIN PONCHO RETROSPOT,8333.11,10408,308,150,1.0369426751592357,578.0,216.0,-362.0,0.8006446963873943,528.0,420.0,3.0,5.073020753266718
22090,PAPER BUNTING RETRO SPOTS,24933.940000000002,8292,783,367,3.557169811320755,144.0,297.0,153.0,3.006987457790642,418.0,1073.1,3.0,5.041003376748673
22231,JIGSAW TREE WITH BIRDHOUSE,2712.48,2135,297,166,1.5546843853820598,1527.0,1241.0,-286.0,1.2704824355971898,107.0,150.15,18.0,5.011709601873536
22501,PICNIC BASKET WICKER LARGE,30339.36,2640,769,346,13.447272727272727,94.0,1021.0,927.0,11.492181818181818,131.0,1158.45,33.0,4.962121212121212
23203,JUMBO BAG VINTAGE DOILY,24489.08,11448,711,363,2.300598885793872,149.0,192.0,43.0,2.139157931516422,568.0,1030.6399999999999,13.0,4.96156533892383
72802A,ROSE SCENT CANDLE IN JEWELLED BOX,3789.9,914,182,112,4.502459016393443,1177.0,2182.0,1005.0,4.146498905908096,45.0,185.09,10.0,4.923413566739606
22509,SEWING BOX RETROSPOT DESIGN,5130.36,387,187,142,15.858031914893617,914.0,3004.0,2090.0,13.256744186046511,19.0,288.04999999999995,5.0,4.909560723514212
22171,3 HOOK PHOTO SHELF ANTIQUE WHITE,23709.46,3141,661,269,9.802632375189107,160.0,871.0,711.0,7.548379496975485,154.0,1212.1,32.0,4.902897166507482
23199,JUMBO BAG APPLES,30450.690000000002,14908,978,344,2.5699290060851925,93.0,125.0,32.0,2.0425737858867725,723.0,1309.25,21.0,4.849745103300242
21086,SET/6 RED SPOTTY PAPER CUPS,10781.81,16658,843,311,0.8944613583138173,441.0,104.0,-337.0,0.6472451674870933,792.0,422.64000000000004,4.0,4.754472325609317
22689,DOORMAT MERRY CHRISTMAS RED,8366.72,1095,265,182,9.342255639097743,576.0,1970.0,1394.0,7.640840182648401,52.0,354.0,2.0,4.748858447488584
23486,ANTIQUE HEART SHELF UNIT,4145.47,275,74,64,17.8127027027027,1096.0,3324.0,2228.0,15.074436363636364,13.0,199.65,6.0,4.7272727272727275
22167,"WALL MIRROR , DIAMANTE OVAL SHAPE",3331.91,425,129,65,11.791846153846153,1304.0,2920.0,1616.0,7.839788235294117,20.0,199.0,12.0,4.705882352941177
21987,PACK OF 6 SKULL PAPER CUPS,3988.06,6417,385,209,0.7309923664122138,1128.0,391.0,-737.0,0.621483559295621,301.0,138.04999999999998,4.0,4.690665419978183
21713,CITRONELLA CANDLE FLOWERPOT,5145.4400000000005,2733,391,232,2.3839393939393942,905.0,988.0,83.0,1.882707647274058,128.0,233.00000000000003,19.0,4.683497987559458
20728,LUNCH BAG CARS BLUE,42270.3,24596,2067,702,1.9748732663797226,53.0,54.0,1.0,1.7185843226540902,1140.0,1678.0,43.0,4.634899983737193
22184,CAKE STAND VICTORIAN FILIGREE LARGE,2887.07,389,146,60,9.19986301369863,1447.0,2998.0,1551.0,7.421773778920309,18.0,134.8,12.0,4.627249357326478
20974,12 PENCILS SMALL TUBE SKULL,8686.54,13267,823,370,0.74572267920094,549.0,152.0,-397.0,0.6547478706565162,612.0,397.79999999999995,6.0,4.6129494233813215
21808,"CHRISTMAS GARLAND STARS,TREES",2715.53,1001,144,70,3.6015753424657535,1524.0,2078.0,554.0,2.712817182817183,46.0,155.0,4.0,4.595404595404595
20726,LUNCH BAG WOODLAND,38506.74,22120,1928,585,2.1101485655737706,62.0,60.0,-2.0,1.7408110307414104,1015.0,1497.95,38.0,4.588607594936709
21743,STAR PORTABLE TABLE LIGHT,3767.0800000000004,1288,182,117,3.553675675675676,1182.0,1783.0,601.0,2.924751552795031,59.0,174.05,5.0,4.580745341614907
20802,SMALL GLASS SUNDAE DISH CLEAR,1596.81,1051,116,68,2.104051724137931,2117.0,2026.0,-91.0,1.519324452901998,48.0,34.92,4.0,4.567078972407232
20727,LUNCH BAG BLACK SKULL.,45655.27,26678,2351,705,2.023109908409659,42.0,42.0,0.0,1.7113453032461203,1211.0,1778.95,45.0,4.539320788664818
21873,IF YOU CAN'T STAND THE HEAT MUG,2360.0099999999998,2010,199,98,1.6709547738693467,1670.0,1307.0,-363.0,1.1741343283582089,91.0,100.07000000000001,4.0,4.527363184079602
20969,RED FLORAL FELTCRAFT SHOULDER BAG,12066.52,3237,613,285,4.244845528455285,385.0,850.0,465.0,3.7276861291319126,145.0,491.91,2.0,4.479456286685203
23343,JUMBO BAG VINTAGE CHRISTMAS,13972.710000000001,6078,476,286,2.417366255144033,313.0,439.0,126.0,2.298899308983218,271.0,505.68,7.0,4.458703520895031
23201,JUMBO BAG ALPHABET,27850.83,13366,906,396,2.3900109769484086,116.0,150.0,34.0,2.0837071674397727,594.0,1076.02,14.0,4.444111925781835
21275,ZINC TOP 2 DOOR WOODEN SHELF,1714.48,249,55,45,14.021454545454544,2039.0,3420.0,1381.0,6.885461847389558,11.0,138.45,8.0,4.417670682730924
20979,36 PENCILS TUBE RED RETROSPOT,6019.7,4761,434,214,1.57,780.0,582.0,-198.0,1.264377231674018,210.0,262.5,20.0,4.410838059231255
23318,BOX OF 6 MINI VINTAGE CRACKERS,9162.41,3809,376,270,2.7416492146596863,529.0,724.0,195.0,2.4054633762142292,168.0,368.71000000000004,7.0,4.4106064583880285
22847,BREAD BIN DINER STYLE IVORY,17669.989999999998,1112,472,259,17.20938559322034,233.0,1948.0,1715.0,15.890278776978416,49.0,794.55,36.0,4.406474820143885
22361,GLASS JAR DAISY FRESH COTTON WOOL,6036.26,1854,501,189,4.225546719681909,776.0,1383.0,607.0,3.2558036677454156,81.0,232.85000000000002,29.0,4.368932038834951
21527,RED RETROSPOT TRADITIONAL TEAPOT,17030.56,2337,570,280,8.77890625,243.0,1149.0,906.0,7.287359863072315,102.0,787.9,69.0,4.364569961489089
15058A,BLUE WHITE SPOTS GARDEN PARASOL,1485.24,276,59,41,7.573833333333334,2198.0,3317.0,1119.0,5.381304347826087,12.0,83.4,2.0,4.3478260869565215
21469,POLKA DOT RAFFIA FOOD COVER,3482.01,1165,210,130,3.972095238095238,1261.0,1895.0,634.0,2.9888497854077256,50.0,67.5,3.0,4.291845493562231
22487,WHITE WOOD GARDEN PLANT LADDER,16373.699999999999,1632,898,611,10.688288888888888,251.0,1536.0,1285.0,10.032904411764704,70.0,635.6,37.0,4.28921568627451
84949,SILVER HANGING T-LIGHT HOLDER,19015.8,11945,693,330,1.8268847795163583,219.0,181.0,-38.0,1.5919464210966932,512.0,793.8,66.0,4.286312264545835
22550,HOLIDAY FUN LUDO,7669.64,2061,428,275,4.3342890442890445,616.0,1283.0,667.0,3.7213197476952935,88.0,330.0,8.0,4.269771955361476
23256,CHILDRENS CUTLERY SPACEBOY,8517.67,2077,360,225,4.469945054945056,560.0,1272.0,712.0,4.100948483389504,88.0,338.0,8.0,4.236880115551276
20665,RED SPOTTY PURSE,2278.17,736,156,100,3.578525641025641,1704.0,2401.0,697.0,3.0953396739130437,31.0,91.45000000000002,4.0,4.211956521739131
22829,SWEETHEART WIRE WALL TIDY,2458.62,240,117,83,11.002478632478633,1628.0,3447.0,1819.0,10.24425,10.0,87.9,2.0,4.166666666666666
22179,SET 10 NIGHT OWL LIGHTS,3908.73,505,170,59,8.948604651162789,1145.0,2757.0,1612.0,7.7400594059405945,21.0,124.95,1.0,4.158415841584159
84997B,RED 3 PIECE RETROSPOT CUTLERY SET,8846.86,2418,264,169,3.9800000000000004,543.0,1100.0,557.0,3.6587510339123246,100.0,349.08000000000004,3.0,4.1356492969396195
22180,RETRO SPOT LAMP,5164.42,511,196,127,10.975306122448979,899.0,2747.0,1848.0,10.106497064579257,21.0,208.95,14.0,4.10958904109589
22849,BREAD BIN DINER STYLE MINT,6091.38,390,158,98,16.822151898734177,773.0,2995.0,2222.0,15.618923076923076,16.0,251.2,9.0,4.102564102564102
23284,DOORMAT KEEP CALM AND COME IN,38133.64,5487,728,378,8.776284153005465,66.0,486.0,420.0,6.949815928558411,225.0,1601.25,7.0,4.100601421541826
22744,MAKE YOUR OWN MONSOON CARD KIT,4245.17,1515,300,196,3.216754098360656,1071.0,1620.0,549.0,2.8020924092409243,62.0,163.70000000000002,4.0,4.092409240924092
22169,FAMILY ALBUM WHITE PICTURE FRAME,19507.6,2275,701,276,9.794022824536377,211.0,1180.0,969.0,8.57476923076923,93.0,741.2,35.0,4.087912087912088
21704,BAG 250G SWIRLY MARBLES,13235.16,17175,568,287,0.9764982578397212,343.0,97.0,-246.0,0.7706061135371179,702.0,512.07,7.0,4.0873362445414845
22832,BROCANTE SHELF WITH HOOKS,1910.55,173,82,68,11.603658536585366,1919.0,3701.0,1782.0,11.043641618497109,7.0,75.25,5.0,4.046242774566474
21658,GLASS BEURRE DISH,9271.89,2225,519,166,5.327878787878788,522.0,1198.0,676.0,4.167141573033708,90.0,351.44,53.0,4.044943820224719
85175,CACTI T-LIGHT CANDLES,6606.26,15566,442,199,1.0437387387387387,717.0,116.0,-601.0,0.4244031864319671,629.0,248.82,12.0,4.04085828086856
21154,RED RETROSPOT OVEN GLOVE,7916.58,5279,564,221,1.8798606271777003,598.0,508.0,-90.0,1.4996362947527941,213.0,228.25,5.0,4.034855086190566
21080,SET/20 RED SPOTTY PAPER NAPKINS,12185.39,15688,942,481,0.9671593291404612,381.0,114.0,-267.0,0.7767331718510964,631.0,414.96999999999997,8.0,4.0221825599184085
20931,BLUE POT PLANT CANDLE,2238.07,673,157,91,4.795632911392405,1725.0,2503.0,778.0,3.325512630014859,27.0,87.55000000000001,9.0,4.011887072808321
21626,VINTAGE UNION JACK PENNANT,3017.0699999999997,1496,204,136,2.3283009708737863,1415.0,1630.0,215.0,2.016758021390374,60.0,117.0,12.0,4.010695187165775
21696,SMALL SILVER TRELLIS CANDLEPOT,2251.1400000000003,749,107,80,3.2544859813084113,1718.0,2379.0,661.0,3.0055273698264355,30.0,88.50000000000001,3.0,4.005340453938585
23267,SET OF 4 SANTA PLACE SETTINGS,1531.95,1202,108,79,1.4116216216216215,2168.0,1866.0,-302.0,1.2745008319467555,48.0,60.0,1.0,3.9933444259567388
22767,TRIPLE PHOTO FRAME CORNICE,9478.23,1004,295,197,10.317710437710437,511.0,2075.0,1564.0,9.440468127490039,40.0,398.0,20.0,3.9840637450199203
47590A,BLUE HAPPY BIRTHDAY BUNTING,24174.010000000002,4752,689,355,5.7879565217391304,155.0,583.0,428.0,5.0871233164983165,188.0,887.8000000000001,9.0,3.9562289562289563
22739,RIBBON REEL CHRISTMAS SOCK BAUBLE,6226.44,3321,555,296,2.2521568627450983,757.0,837.0,80.0,1.8748690153568202,130.0,190.5,2.0,3.9144835892803376
21464,DISCO BALL ROTATOR BATTERY OPERATED,2286.75,539,217,127,4.2453917050691246,1700.0,2708.0,1008.0,4.242578849721707,21.0,89.25,10.0,3.896103896103896
35241,ENAMEL BLUE RIM BISCUIT BIN,1631.42,309,130,75,6.062538461538462,2095.0,3216.0,1121.0,5.279676375404531,12.0,59.400000000000006,6.0,3.8834951456310676
21094,SET/6 RED SPOTTY PAPER PLATES,15334.029999999999,19633,984,328,0.988060606060606,280.0,75.0,-205.0,0.7810334640656038,762.0,495.24,5.0,3.881220394234197
22568,FELTCRAFT CUSHION OWL,20244.97,5479,875,389,4.161740614334471,199.0,487.0,288.0,3.695011863478737,212.0,725.1600000000001,9.0,3.869319218835554
85123A,WHITE HANGING HEART T-LIGHT HOLDER,257546.2,94147,5361,1490,3.0726293807880882,4.0,2.0,-2.0,2.735575217479049,3637.0,9387.1,134.0,3.8631076932881556
22342,HOME GARLAND PAINTED ZINC,2521.2499999999995,1817,230,109,2.0389565217391303,1603.0,1413.0,-190.0,1.3875894331315353,70.0,96.29999999999998,6.0,3.8525041276829937
23226,FILIGREE HEART DAISY WHITE,1596.67,1247,98,56,1.5736363636363635,2118.0,1827.0,-291.0,1.2804089815557338,48.0,60.0,1.0,3.8492381716118684
22320,BIRDS MOBILE VINTAGE DESIGN,3545.02,598,180,130,6.202333333333334,1243.0,2602.0,1359.0,5.928127090301003,23.0,136.85,10.0,3.8461538461538463
84279P,CHERRY BLOSSOM DECORATIVE FLASK,4476.67,1145,299,169,4.604666666666667,1028.0,1915.0,887.0,3.909755458515284,44.0,163.56,19.0,3.8427947598253276
22308,TEA COSY BLUE STRIPE,2085.05,677,214,75,3.9256074766355136,1812.0,2495.0,683.0,3.0798375184638114,26.0,66.3,2.0,3.8404726735598227
21188,3D HEARTS HONEYCOMB PAPER GARLAND,2771.34,912,128,69,3.576212121212121,1490.0,2183.0,693.0,3.0387500000000003,35.0,89.64999999999999,2.0,3.8377192982456143
22699,ROSES REGENCY TEACUP AND SAUCER,37682.8,12861,1411,521,3.6191713483146066,69.0,160.0,91.0,2.930005442811601,491.0,1295.25,62.0,3.8177435658191436
35965,FOLKART HEART NAPKIN RINGS,1423.63,629,174,62,3.2986781609195406,2260.0,2566.0,306.0,2.263322734499205,24.0,18.96,1.0,3.815580286168521
22270,HAPPY EASTER HANGING DECORATION,2638.67,685,153,104,4.247405063291139,1554.0,2478.0,924.0,3.8520729927007302,26.0,96.78,7.0,3.795620437956204
22170,PICTURE FRAME WOOD TRIPLE PORTRAIT,15645.27,2385,575,279,7.42446956521739,271.0,1114.0,843.0,6.559861635220126,90.0,581.9,27.0,3.7735849056603774
21820,GLITTER HEART GARLAND WITH BELLS,3132.39,795,180,112,4.692065217391304,1375.0,2322.0,947.0,3.94011320754717,30.0,112.5,3.0,3.7735849056603774
85170A,SET/6 IVORY BIRD T-LIGHT CANDLES,1585.06,848,84,45,2.5583333333333336,2131.0,2257.0,126.0,1.8691745283018868,32.0,51.519999999999996,3.0,3.7735849056603774
22198,"POPCORN HOLDER , LARGE",1696.2099999999998,1008,92,52,2.099565217391304,2050.0,2069.0,19.0,1.6827480158730157,38.0,62.7,9.0,3.7698412698412698
21158,MOODY GIRL DOOR HANGER,1792.6599999999999,2587,310,184,1.2604672897196263,1988.0,1036.0,-952.0,0.6929493621955933,97.0,38.17,3.0,3.749516814843448
21542,WOODLAND WATER TRANSFER TATTOOS,1600.75,1877,190,112,1.016020942408377,2116.0,1368.0,-748.0,0.8528236547682472,70.0,59.5,6.0,3.7293553542887588
22892,SET OF SALT AND PEPPER TOADSTOOLS,3835.71,3123,265,145,1.3115471698113208,1165.0,877.0,-288.0,1.22821325648415,116.0,139.94,21.0,3.714377201408902
85221,ASSORTED COLOUR SILK COIN PURSE,1685.46,3558,47,35,1.0245833333333334,2058.0,774.0,-1284.0,0.4737099494097808,131.0,155.92000000000002,4.0,3.6818437324339515
21348,PINK SPOTS CHOCOLATE NESTING BOXES,2030.8400000000001,842,133,91,3.147611940298508,1846.0,2266.0,420.0,2.4119239904988126,31.0,54.25000000000001,5.0,3.681710213776722
20984,12 PENCILS TALL TUBE POSY,1940.9599999999998,5867,245,178,0.5354581673306773,1901.0,452.0,-1449.0,0.33082665757627405,216.0,44.760000000000005,3.0,3.6816089994886654
22694,WICKER STAR,10958.6,4893,858,484,2.4002183908045978,432.0,563.0,131.0,2.239648477416718,180.0,348.0,8.0,3.678724708767627
21199,PINK HEART CONFETTI IN TUBE,1495.6999999999998,1305,149,86,1.8689999999999998,2189.0,1771.0,-418.0,1.1461302681992336,48.0,20.16,1.0,3.67816091954023
22584,PACK OF 6 PANNETONE GIFT BOXES,12739.15,4989,571,408,2.852374350086655,362.0,552.0,190.0,2.55344758468631,183.0,390.15000000000003,4.0,3.668069753457607
22123,PING MICROWAVE APRON,1700.1399999999999,655,166,77,3.7334730538922156,2045.0,2531.0,486.0,2.5956335877862595,24.0,142.8,2.0,3.6641221374045805
21159,MOODY BOY DOOR HANGER,1445.37,2105,250,146,1.3357768924302789,2244.0,1254.0,-990.0,0.6866365795724465,77.0,34.61,3.0,3.6579572446555817
21161,KEEP OUT BOYS DOOR HANGER,1806.05,2360,206,120,1.675781990521327,1980.0,1133.0,-847.0,0.7652754237288135,86.0,47.66,3.0,3.6440677966101696
23392,SPACEBOY ROCKET LOLLY MAKERS,1475.03,662,113,70,2.7042982456140354,2206.0,2519.0,313.0,2.228141993957704,24.0,49.92,1.0,3.625377643504532
22959,WRAP CHRISTMAS VILLAGE,3971.46,9713,283,251,0.41809859154929574,1135.0,241.0,-894.0,0.40888088129311234,350.0,147.0,5.0,3.60341809945434
22202,MILK PAN PINK RETROSPOT,3011.2400000000002,750,188,67,5.012116402116402,1418.0,2375.0,957.0,4.014986666666667,27.0,101.25,10.0,3.5999999999999996
22095,LADS ONLY TISSUE BOX,3123.0299999999997,2978,284,125,1.3891780821917807,1377.0,912.0,-465.0,1.0487004701141704,107.0,119.88,7.0,3.593015446608462
85172,HYACINTH BULB T-LIGHT CANDLES,2274.56,4271,150,110,1.2240522875816993,1708.0,650.0,-1058.0,0.5325591196441114,153.0,64.25999999999999,6.0,3.582299227347226
21528,DAIRY MAID TRADITIONAL TEAPOT,5680.15,899,257,145,7.654163424124514,824.0,2198.0,1374.0,6.31829810901001,32.0,213.4,23.0,3.5595105672969964
22060,LARGE CAKE STAND HANGING HEARTS,5691.41,733,158,112,9.86751552795031,823.0,2406.0,1583.0,7.764542974079126,26.0,186.7,12.0,3.547066848567531
22945,CHRISTMAS METAL TAGS ASSORTED,7365.7,7641,338,244,2.2110693641618497,637.0,328.0,-309.0,0.9639706844653841,270.0,210.78,6.0,3.53356890459364
21340,CLASSIC METAL BIRDCAGE PLANT HOLDER,19194.13,1758,419,249,13.07895238095238,216.0,1447.0,1231.0,10.91816268486917,62.0,670.1,14.0,3.526734926052332
22156,HEART DECORATION WITH PEARLS,5537.57,6156,581,259,1.0765151515151514,839.0,425.0,-414.0,0.899540285899935,217.0,183.41,27.0,3.52501624431449
37342,POLKADOT COFFEE CUP & SAUCER PINK,1577.6200000000001,1589,117,51,1.8004237288135592,2135.0,1571.0,-564.0,0.9928382630585274,56.0,45.68,3.0,3.524229074889868
22561,WOODEN SCHOOL COLOURING SET,19524.269999999997,11643,905,556,1.7395341278439869,209.0,186.0,-23.0,1.6769105900541095,410.0,611.6999999999999,11.0,3.5214291849179764
22900,SET 2 TEA TOWELS I LOVE LONDON,19834.04,6156,723,252,3.684245283018868,205.0,425.0,220.0,3.22190383365822,216.0,552.5999999999999,11.0,3.508771929824561
23205,CHARLOTTE BAG VINTAGE ALPHABET,5405.88,5457,445,192,1.164375,871.0,490.0,-381.0,0.9906322155030236,191.0,140.25,8.0,3.500091625435221
21162,TOXIC AREA DOOR HANGER,1655.8799999999999,2402,285,172,1.274808362369338,2075.0,1105.0,-970.0,0.6893755203996669,84.0,44.76,2.0,3.4970857618651126
84535B,FAIRY CAKES NOTEBOOK A6 SIZE,1747.76,2718,329,141,0.8439402985074628,2008.0,994.0,-1014.0,0.6430316409124356,95.0,61.75,2.0,3.495217071376012
22186,RED STAR CARD HOLDER,5431.400000000001,2004,345,234,3.2433526011560696,865.0,1312.0,447.0,2.710279441117765,70.0,182.3,8.0,3.493013972055888
22848,BREAD BIN DINER STYLE PINK,6001.0,373,148,74,18.048581081081082,785.0,3040.0,2255.0,16.08847184986595,13.0,208.35,10.0,3.485254691689008
85048,15CM CHRISTMAS GLASS BALL 20 LIGHTS,21201.13,2685,517,309,9.155689655172415,188.0,1007.0,819.0,7.896137802607076,93.0,695.35,50.0,3.4636871508379885
21357,TOAST ITS - DINOSAUR,1827.76,1388,211,105,1.5208796296296296,1967.0,1718.0,-249.0,1.316829971181556,48.0,60.0,1.0,3.45821325648415
23085,ANTIQUE SILVER BAUBLE LAMP,3583.23,376,78,64,10.834999999999999,1232.0,3033.0,1801.0,9.529867021276596,13.0,128.75,5.0,3.4574468085106385
84472,PINK AND LILAC QUILTED THROW,3402.32,87,30,23,46.424,1282.0,4199.0,2917.0,39.10712643678161,3.0,125.9,3.0,3.4482758620689653
22980,PANTRY SCRUBBING BRUSH,3910.0099999999998,2363,291,198,1.9236734693877549,1144.0,1132.0,-12.0,1.6546804909013964,81.0,124.04999999999998,6.0,3.427845958527296
85066,CREAM SWEETHEART MINI CHEST,38599.979999999996,3095,931,471,14.050127523910733,61.0,886.0,825.0,12.471722132471728,106.0,1235.4,56.0,3.4248788368336025
21731,RED TOADSTOOL LED NIGHT LIGHT,48315.84,28910,1537,415,2.237496782496782,36.0,34.0,-2.0,1.671250086475268,990.0,1457.8999999999999,24.0,3.4244206157039088
22307,GOLD MUG BONE CHINA TREE OF LIFE,1804.11,1199,118,87,2.3484873949579828,1981.0,1870.0,-111.0,1.5046788990825688,41.0,49.8,7.0,3.419516263552961
22623,BOX OF VINTAGE JIGSAW BLOCKS,12432.28,2313,542,334,5.657463235294117,370.0,1162.0,792.0,5.374958927799395,79.0,355.05,9.0,3.4154777345438823
23251,VINTAGE RED ENAMEL TRIM MUG,2090.75,1700,119,80,1.4140336134453781,1808.0,1486.0,-322.0,1.2298529411764705,58.0,72.5,5.0,3.4117647058823533
22846,BREAD BIN DINER STYLE RED,13213.97,823,344,189,17.592318840579708,345.0,2286.0,1941.0,16.055856622114216,28.0,450.59999999999997,19.0,3.402187120291616
22425,ENAMEL COLANDER CREAM,3754.4,735,280,179,5.608612099644128,1192.0,2402.0,1210.0,5.108027210884354,25.0,112.55,5.0,3.4013605442176873
84352,SILVER CHRISTMAS TREE BAUBLE STAND,3505.58,206,126,90,17.837936507936508,1258.0,3569.0,2311.0,17.0173786407767,7.0,118.65,6.0,3.3980582524271843
21282,NATURAL BARK CANDLE LARGE,1522.28,356,69,49,4.772028985507246,2175.0,3081.0,906.0,4.276067415730337,12.0,51.0,1.0,3.3707865168539324
23215,JINGLE BELL HEART ANTIQUE SILVER,7038.400000000001,3564,210,162,2.2615962441314554,659.0,773.0,114.0,1.9748597081930417,120.0,214.8,1.0,3.3670033670033668
22983,CARD BILLBOARD FONT,2300.21,5395,451,225,0.5278713968957871,1691.0,498.0,-1193.0,0.4263595922150139,181.0,68.75999999999999,3.0,3.3549582947173304
22784,LANTERN CREAM GAZEBO,7727.14,1551,369,234,5.620080428954424,613.0,1592.0,979.0,4.982037395228885,52.0,249.0,30.0,3.352675693101225
85217,ASSORTED ICE CREAM FRIDGE MAGNETS,1981.8500000000001,2869,164,96,1.7262424242424241,1875.0,934.0,-941.0,0.6907807598466366,96.0,62.4,4.0,3.346113628441966
22468,BABUSHKA LIGHTS STRING OF 10,11542.6,1736,413,196,7.8801694915254235,404.0,1458.0,1054.0,6.648963133640553,58.0,352.3,6.0,3.3410138248847927
82494L,WOODEN FRAME ANTIQUE WHITE,43811.16,15301,1973,631,3.2012643678160924,46.0,122.0,76.0,2.863287366838769,511.0,1325.8500000000001,37.0,3.339651003202405
21474,SWEETHEART CREAM STEEL FOLDIN BENCH,4189.5,210,94,69,19.95,1086.0,3557.0,2471.0,19.95,7.0,139.64999999999998,5.0,3.3333333333333335
23020,GLASS SONGBIRD STORAGE JAR,2191.84,180,76,67,12.99592105263158,1753.0,3671.0,1918.0,12.17688888888889,6.0,73.65,6.0,3.3333333333333335
21659,GLASS CAKE STAND,1891.7,120,66,45,17.163636363636364,1936.0,3935.0,1999.0,15.764166666666666,4.0,59.8,4.0,3.3333333333333335
23239,SET OF 4 KNICK KNACK TINS POPPIES,3353.84,842,178,125,4.393646408839779,1301.0,2266.0,965.0,3.983182897862233,28.0,115.8,9.0,3.32541567695962
22151,PLACE SETTING WHITE HEART,11609.19,27562,716,361,0.5367527173913044,399.0,38.0,-361.0,0.42120274290690085,915.0,332.46,7.0,3.3197881140700964
22474,SPACEBOY TV DINNER TRAY,4716.83,968,255,143,6.18237354085603,980.0,2117.0,1137.0,4.87275826446281,32.0,136.0,1.0,3.3057851239669422
22768,FAMILY PHOTO FRAME CORNICE,11064.72,1158,354,243,10.684241573033708,426.0,1900.0,1474.0,9.55502590673575,38.0,375.2,27.0,3.281519861830743
22504,CABIN BAG VINTAGE RETROSPOT,7985.03,366,115,55,25.72113043478261,591.0,3057.0,2466.0,21.817021857923496,12.0,322.25,8.0,3.278688524590164
23165,LARGE CERAMIC TOP STORAGE JAR,5141.0599999999995,3114,280,167,1.9777738515901062,908.0,879.0,-29.0,1.650950545921644,102.0,154.5,18.0,3.275529865125241
23083,SET 6 PAPER TABLE LANTERN STARS,7250.900000000001,1932,246,161,4.236586345381526,648.0,1343.0,695.0,3.7530538302277434,63.0,214.17000000000002,3.0,3.260869565217391
22146,EASTER CRAFT IVY WREATH WITH CHICK,2633.13,1413,107,93,2.0039449541284404,1557.0,1697.0,140.0,1.8635031847133758,46.0,77.7,2.0,3.255484784147204
21769,VINTAGE POST OFFICE CABINET,7954.87,123,48,42,77.62666666666667,596.0,3920.0,3324.0,64.67373983739837,4.0,319.8,4.0,3.2520325203252036
21812,GARLAND WITH HEARTS AND BELLS,3917.4900000000002,805,205,103,5.597766990291262,1143.0,2311.0,1168.0,4.866447204968944,26.0,128.70000000000002,4.0,3.229813664596273
21123,SET/10 IVORY POLKADOT PARTY CANDLES,1814.59,1490,172,78,1.1925142857142856,1978.0,1634.0,-344.0,1.2178456375838926,48.0,60.0,2.0,3.2214765100671143
22465,HANGING METAL STAR LANTERN,7284.24,4522,464,270,1.8498953974895398,645.0,615.0,-30.0,1.610844758956214,145.0,217.64999999999998,17.0,3.206545776205219
22211,WOOD STAMP SET FLOWERS,2022.35,1531,291,161,1.5166329966329966,1849.0,1606.0,-243.0,1.3209340300457217,49.0,71.25,2.0,3.200522534291313
21203,BUTTERFLIES HONEYCOMB GARLAND,2527.0,1539,145,85,2.0413513513513513,1600.0,1598.0,-2.0,1.6419753086419753,49.0,71.25,2.0,3.1838856400259905
22464,HANGING METAL HEART LANTERN,12985.31,7853,787,397,1.90234335839599,354.0,315.0,-39.0,1.6535476887813574,250.0,378.9,26.0,3.183496752833312
22606,WOODEN SKITTLES GARDEN SET,14881.94,1069,374,269,16.358620689655172,291.0,2005.0,1714.0,13.921365762394762,34.0,430.7,17.0,3.1805425631431246
21924,BLUE/CREAM STRIPE FRINGE HAMMOCK,2486.6600000000003,315,123,82,8.614596774193549,1618.0,3193.0,1575.0,7.894158730158731,10.0,79.5,3.0,3.1746031746031744
16033,MINI HIGHLIGHTER PENS,1544.52,15121,50,43,0.11639999999999999,2159.0,123.0,-2036.0,0.10214403809271873,480.0,57.6,4.0,3.1743932279611133
21706,"FOLDING UMBRELLA , RED/WHITE SPOT",2962.82,916,104,73,5.286153846153846,1431.0,2180.0,749.0,3.234519650655022,29.0,143.55,4.0,3.1659388646288207
22834,HAND WARMER BABUSHKA DESIGN,11072.83,6792,592,297,2.291513157894737,425.0,373.0,-52.0,1.630275323910483,215.0,331.25,8.0,3.1654888103651357
21826,EIGHT PIECE DINOSAUR SET,2326.87,1802,241,136,1.4558799999999998,1684.0,1419.0,-265.0,1.2912708102108768,57.0,71.25,7.0,3.1631520532741395
21479,WHITE SKULL HOT WATER BOTTLE,31079.8,6220,930,410,4.681708860759494,92.0,417.0,325.0,4.996752411575563,196.0,677.1800000000001,8.0,3.1511254019292605
21789,KIDS RAIN MAC PINK,2437.0699999999997,2920,218,138,0.9376923076923076,1636.0,921.0,-715.0,0.8346130136986301,92.0,78.19999999999999,5.0,3.1506849315068495
21928,JUMBO BAG SCANDINAVIAN BLUE PAISLEY,17239.69,8411,662,232,2.683268072289157,240.0,288.0,48.0,2.0496599690880988,265.0,479.58000000000004,8.0,3.1506360718107236
22738,RIBBON REEL SNOWY VILLAGE,8012.57,4447,498,274,2.1882599999999996,589.0,621.0,32.0,1.8017922194738025,140.0,207.0,3.0,3.1481897908702496
22649,STRAWBERRY FAIRY CAKE TEAPOT,11462.58,2292,487,198,5.709635627530364,408.0,1172.0,764.0,5.001125654450262,72.0,352.90000000000003,42.0,3.1413612565445024
22359,GLASS JAR KINGS CHOICE,3928.28,1242,199,111,3.560402010050251,1141.0,1834.0,693.0,3.162866344605475,39.0,115.05000000000001,14.0,3.140096618357488
21730,GLASS STAR FROSTED T-LIGHT HOLDER,5534.17,1115,293,155,5.4511111111111115,840.0,1947.0,1107.0,4.963381165919283,35.0,172.55,20.0,3.1390134529147984
21205,MULTICOLOUR 3D BALLS GARLAND,1746.97,669,144,86,2.9221476510067115,2010.0,2509.0,499.0,2.6113153961136026,21.0,53.55,4.0,3.1390134529147984
22963,JAM JAR WITH GREEN LID,3060.43,3670,317,169,1.073625,1401.0,755.0,-646.0,0.8339046321525885,115.0,90.86,12.0,3.1335149863760217
22428,ENAMEL FIRE BUCKET CREAM,3379.67,479,197,126,7.723030303030304,1289.0,2803.0,1514.0,7.0556784968684765,15.0,104.25,7.0,3.1315240083507305
22281,EASTER TREE YELLOW BIRDS,3285.86,511,149,83,8.12261744966443,1318.0,2747.0,1429.0,6.430254403131116,16.0,95.2,3.0,3.131115459882583
37501,TEA TIME TEA SET IN GIFT BOX,3401.15,481,177,106,7.300000000000001,1283.0,2799.0,1516.0,7.070997920997921,15.0,104.25,8.0,3.118503118503119
23319,BOX OF 6 MINI 50'S CRACKERS,9219.53,3720,403,300,2.651167883211679,525.0,740.0,215.0,2.4783682795698927,116.0,244.97000000000003,6.0,3.118279569892473
84031B,CHARLIE LOLA BLUE HOT WATER BOTTLE,3263.03,839,271,80,4.701090909090909,1325.0,2270.0,945.0,3.889189511323004,26.0,64.2,2.0,3.098927294398093
21645,ASSORTED TUTTI FRUTTI ROUND BOX,1642.6499999999999,969,133,85,1.844148148148148,2084.0,2115.0,31.0,1.6952012383900927,30.0,49.49999999999999,3.0,3.0959752321981426
22582,PACK OF 6 SWEETIE GIFT BOXES,6324.77,2522,295,225,2.8735430463576157,749.0,1057.0,308.0,2.50783901665345,78.0,183.6,4.0,3.0927835051546393
21534,DAIRY MAID LARGE MILK JUG,4768.64,939,343,199,5.368121387283237,966.0,2153.0,1187.0,5.078423855165069,29.0,143.55,21.0,3.08839190628328
23348,CHILDRENS TOY COOKING UTENSIL SET,1633.81,746,168,95,2.5796470588235296,2094.0,2385.0,291.0,2.190093833780161,23.0,47.260000000000005,8.0,3.0831099195710454
21627,ELEPHANT CARNIVAL POUFFE,3766.35,195,115,31,22.700782608695654,1183.0,3618.0,2435.0,19.314615384615383,6.0,78.7,2.0,3.076923076923077
22424,ENAMEL BREAD BIN CREAM,20886.89,1531,741,310,15.343867924528302,191.0,1606.0,1415.0,13.64264532984977,47.0,570.45,26.0,3.069888961463096
84406B,CREAM CUPID HEARTS COAT HANGER,23080.13,7131,841,318,3.74048178613396,165.0,347.0,182.0,3.236590940961997,218.0,663.1,12.0,3.057074744075165
21204,DAISIES HONEYCOMB GARLAND,2682.99,1608,205,109,1.9919806763285024,1538.0,1557.0,19.0,1.668526119402985,49.0,71.25,2.0,3.0472636815920398
21833,CAMOUFLAGE LED TORCH,10681.67,6239,444,210,2.048943820224719,446.0,415.0,-31.0,1.7120804616124379,190.0,297.5,10.0,3.0453598333066196
22978,PANTRY ROLLING PIN,9564.98,2464,238,153,4.3442436974789915,505.0,1080.0,575.0,3.8818912337662335,75.0,272.61,12.0,3.043831168831169
21163,DO NOT TOUCH MY STUFF DOOR HANGER,1757.9199999999998,2800,253,158,1.3365530303030302,2004.0,957.0,-1047.0,0.6278285714285714,85.0,46.01,3.0,3.0357142857142856
22047,EMPIRE GIFT WRAP,3351.0,8250,261,211,0.4179310344827586,1302.0,300.0,-1002.0,0.4061818181818182,250.0,89.0,3.0,3.0303030303030303
22575,METAL MERRY CHRISTMAS WREATH,6699.71,3113,330,207,2.092623906705539,704.0,880.0,176.0,2.1521715387086413,94.0,160.5,7.0,3.0195952457436555
84792,ENCHANTED BIRD COATHANGER 5 HOOK,10119.51,2297,519,248,5.2575623800383875,479.0,1166.0,687.0,4.405533304309969,69.0,270.45,8.0,3.0039181541140616
23163,REGENCY SUGAR TONGS,4515.22,1832,209,95,3.329234449760766,1023.0,1400.0,377.0,2.4646397379912663,55.0,114.4,2.0,3.002183406113537
47556B,TEA TIME TEA TOWELS,13691.02,5201,449,209,3.198761061946903,329.0,520.0,191.0,2.6323822341857337,156.0,402.6,3.0,2.9994231878484907
22927,GREEN GIANT GARDEN THERMOMETER,2948.57,468,162,101,6.695493827160495,1436.0,2830.0,1394.0,6.300363247863248,14.0,83.3,7.0,2.9914529914529915
84691,PACK 20 DOLLY PEGS,2225.5,2747,235,124,1.0269491525423728,1734.0,982.0,-752.0,0.8101565344011649,82.0,56.10000000000001,3.0,2.9850746268656714
23118,PARISIENNE JEWELLERY DRAWER,6102.18,813,258,154,8.39046511627907,772.0,2298.0,1526.0,7.505756457564576,24.0,180.0,17.0,2.952029520295203
37450,CERAMIC CAKE BOWL + HANGING CAKES,7023.14,2444,391,138,3.4510804020100503,663.0,1092.0,429.0,2.8736252045826514,72.0,193.2,27.0,2.9459901800327333
20801,LARGE PINK GLASS SUNDAE DISH,1422.0,1092,111,61,2.2076521739130435,2263.0,1976.0,-287.0,1.3021978021978022,32.0,24.0,2.0,2.93040293040293
51014A,"FEATHER PEN,HOT PINK",4556.5,6681,377,161,0.8222015915119363,1012.0,378.0,-634.0,0.6820086813351295,195.0,165.75,4.0,2.918724741805119
22810,SET OF 6 T-LIGHTS SNOWMEN,6729.130000000001,2199,328,213,3.41,700.0,1211.0,511.0,3.0600864029104144,64.0,169.60000000000002,3.0,2.910413824465666
22153,ANGEL DECORATION STARS ON DRESS,2469.16,5705,283,136,0.5477133105802048,1625.0,470.0,-1155.0,0.432806310254163,166.0,69.72,5.0,2.9097283085013146
22667,RECIPE BOX RETROSPOT,10891.7,3886,670,338,3.0047275405007365,436.0,709.0,273.0,2.802804940813176,113.0,319.75,33.0,2.907874420998456
22173,METAL 4 HOOK HANGER FRENCH CHATEAU,15411.9,5026,997,383,3.7266401590457257,275.0,549.0,274.0,3.066434540389972,146.0,399.71999999999997,10.0,2.904894548348587
35004C,SET OF 3 COLOURED FLYING DUCKS,15874.38,3035,355,112,7.756394366197183,261.0,898.0,637.0,5.230438220757825,88.0,426.8,31.0,2.899505766062603
84670,JAPANESE CROCHETED ANIMAL,2128.72,5196,182,114,0.4957671957671958,1790.0,521.0,-1269.0,0.4096843725943033,150.0,63.0,3.0,2.886836027713626
23108,SET OF 10 LED DOLLY LIGHTS,13290.519999999999,2219,372,271,6.469919571045577,339.0,1203.0,864.0,5.989418657052726,64.0,317.6,18.0,2.8841820639927898
44230,SQUARE MIRROR CURTAIN,3381.62,347,53,25,9.157547169811322,1288.0,3103.0,1815.0,9.745302593659941,10.0,77.91,4.0,2.881844380403458
23174,REGENCY SUGAR BOWL GREEN,12342.43,3055,322,190,4.795123456790124,374.0,893.0,519.0,4.040075286415712,88.0,345.2,17.0,2.8805237315875614
21361,LOVE LARGE WOOD LETTERS,7361.74,556,286,181,14.29027777777778,639.0,2673.0,2034.0,13.240539568345323,16.0,202.2,13.0,2.877697841726619
23404,HOME SWEET HOME BLACKBOARD,4561.76,1011,169,104,6.0208875739644965,1010.0,2063.0,1053.0,4.512126607319486,29.0,143.55,14.0,2.868447082096934
22154,ANGEL DECORATION 3 BUTTONS,3073.32,7114,317,163,0.5343768996960486,1395.0,350.0,-1045.0,0.43201012088838914,204.0,85.67999999999999,14.0,2.8675850435760473
22535,MAGIC DRAWING SLATE BUNNIES,1741.53,4214,293,201,0.46983108108108107,2018.0,659.0,-1359.0,0.4132724252491694,120.0,50.4,3.0,2.8476506881822496
22801,ANTIQUE GLASS PEDESTAL BOWL,5277.95,1300,299,173,4.593202614379085,889.0,1774.0,885.0,4.059961538461538,37.0,138.39,21.0,2.8461538461538463
22941,CHRISTMAS LIGHTS 10 REINDEER,21727.58,2615,483,315,9.705392561983471,179.0,1029.0,850.0,8.308826003824093,74.0,610.3000000000001,26.0,2.829827915869981
22435,SET OF 9 HEART SHAPED BALLOONS,6185.22,4915,537,303,1.4271297989031078,762.0,559.0,-203.0,1.258437436419125,139.0,154.75,4.0,2.8280773143438456
22127,PARTY CONES CARNIVAL ASSORTED,4153.11,3468,155,128,1.8159119496855347,1092.0,796.0,-296.0,1.1975519031141868,98.0,122.31,5.0,2.825836216839677
22242,5 HOOK HANGER MAGIC TOADSTOOL,2763.96,1774,110,77,1.8511711711711711,1494.0,1435.0,-59.0,1.5580383314543405,50.0,82.5,5.0,2.818489289740699
21383,PACK OF 12 STICKY BUNNIES,1590.43,2204,323,169,0.9649240121580547,2126.0,1208.0,-918.0,0.7216107078039927,62.0,40.300000000000004,5.0,2.813067150635209
22907,PACK OF 20 NAPKINS PANTRY DESIGN,7279.03,8686,829,445,0.9729777256740914,646.0,272.0,-374.0,0.8380186507022795,244.0,167.07999999999998,7.0,2.809118121114437
22760,"TRAY, BREAKFAST IN BED",4506.889999999999,356,120,82,14.2095,1025.0,3081.0,2056.0,12.659803370786515,10.0,125.7,9.0,2.8089887640449436
21166,COOK WITH WINE METAL SIGN,38138.86,19932,1425,475,2.276118466898955,65.0,72.0,7.0,1.9134487256672688,558.0,967.2299999999999,17.0,2.79951836243227
22426,ENAMEL WASH BOWL CREAM,5133.3,1361,379,182,4.626394736842105,912.0,1732.0,820.0,3.7717119764878766,38.0,129.7,8.0,2.792064658339456
22198,LARGE POPCORN HOLDER,11063.4,6323,554,212,2.061032028469751,427.0,401.0,-26.0,1.7497074173651748,176.0,284.59999999999997,53.0,2.783488850229322
22636,CHILDS BREAKFAST SET CIRCUS PARADE,13437.03,1619,489,312,8.789838056680162,334.0,1545.0,1211.0,8.299586164298951,45.0,375.7,24.0,2.7794935145151327
84598,BOYS ALPHABET IRON ON PATCHES,4350.14,20775,217,30,0.37119815668202766,1052.0,68.0,-984.0,0.2093930204572804,576.0,120.96,2.0,2.7725631768953067
22098,BOUDOIR SQUARE TISSUE BOX,1952.04,2865,309,161,1.2482131661442006,1898.0,935.0,-963.0,0.6813403141361256,79.0,35.11,7.0,2.757417102966841
21888,BINGO SET,13862.17,3525,828,444,4.5841927710843375,320.0,781.0,461.0,3.9325304964539005,97.0,363.75,10.0,2.75177304964539
22580,ADVENT CALENDAR GINGHAM SACK,13141.08,2326,496,275,6.1263581488933605,350.0,1156.0,806.0,5.649647463456578,64.0,331.8,7.0,2.751504729148753
22915,ASSORTED BOTTLE TOP MAGNETS,1474.52,3281,194,116,1.1767692307692308,2207.0,841.0,-1366.0,0.44941176470588234,90.0,37.8,4.0,2.7430661383724475
22909,SET OF 20 VINTAGE CHRISTMAS NAPKINS,15275.82,17144,1086,578,0.9761738351254479,283.0,98.0,-185.0,0.8910300979934671,470.0,334.22,12.0,2.741483901073262
16169E,WRAP 50'S CHRISTMAS,1892.46,4563,149,143,0.41919999999999996,1934.0,609.0,-1325.0,0.4147403024326101,125.0,52.5,2.0,2.739425816348893
22207,FRYING PAN UNION FLAG,13298.57,3103,480,189,5.545791666666667,338.0,883.0,545.0,4.285713825330325,85.0,324.75,6.0,2.7392845633258136
22960,JAM MAKING SET WITH JARS,38380.11,9030,1160,583,5.054668389319552,64.0,259.0,195.0,4.25028903654485,247.0,1012.79,87.0,2.735326688815061
82482,WOODEN PICTURE FRAME WHITE FINISH,41837.6,16914,2006,601,2.924807502467917,55.0,100.0,45.0,2.473548539671278,460.0,1068.15,30.0,2.7196405344684877
23351,ROLL WRAP 50'S CHRISTMAS,4875.65,3535,354,242,1.5103072625698326,956.0,776.0,-180.0,1.379250353606789,96.0,104.88,3.0,2.7157001414427158
23287,RED VINTAGE SPOT BEAKER,1603.3899999999999,1879,198,114,1.03395,2115.0,1367.0,-748.0,0.8533209153805215,51.0,43.349999999999994,2.0,2.7142096860031932
22939,APRON APPLE DELIGHT,2556.66,516,136,87,5.724705882352942,1590.0,2740.0,1150.0,4.954767441860465,14.0,69.30000000000001,2.0,2.7131782945736433
20681,PINK SPOTTY CHILDS UMBRELLA,3292.86,1000,206,127,3.6892270531400966,1315.0,2080.0,765.0,3.29286,27.0,86.75,11.0,2.7
22843,BISCUIT TIN VINTAGE GREEN,3851.76,596,178,134,7.101444444444445,1157.0,2606.0,1449.0,6.46268456375839,16.0,107.2,14.0,2.684563758389262
47599A,PINK PARTY BAGS,11180.57,5967,369,202,2.2879892761394105,417.0,447.0,30.0,1.8737338696162225,160.0,247.35999999999999,3.0,2.6814144461203284
20725,LUNCH BAG RED RETROSPOT,41043.02,22232,1837,605,2.115301399354144,58.0,59.0,1.0,1.84612360561353,596.0,890.4,51.0,2.680820439006837
22057,CERAMIC PLATE STRAWBERRY DESIGN,4011.73,3060,260,113,2.046153846153846,1122.0,892.0,-230.0,1.3110228758169935,82.0,122.17999999999999,11.0,2.679738562091503
22946,WOODEN ADVENT CALENDAR CREAM,15060.57,976,275,152,18.37695652173913,290.0,2103.0,1813.0,15.430911885245902,26.0,390.3,14.0,2.663934426229508
22593,CHRISTMAS GINGHAM STAR,4823.9,5420,415,247,1.0660671462829736,960.0,495.0,-465.0,0.8900184501845018,144.0,103.68,1.0,2.6568265682656826
20914,SET/5 RED SPOTTY LID GLASS BOWLS,29468.52,10708,884,357,3.1738530066815147,101.0,209.0,108.0,2.7520097123645875,284.0,741.8000000000001,43.0,2.6522226372805378
85040B,SET/4 BLUE FLOWER CANDLES IN BOWL,3813.7799999999997,2451,252,132,1.7399999999999998,1170.0,1085.0,-85.0,1.5560097919216644,65.0,97.64999999999999,8.0,2.6519787841697267
22839,3 TIER CAKE TIN GREEN AND CREAM,8794.42,566,256,138,18.081206225680933,545.0,2655.0,2110.0,15.537844522968198,15.0,222.04999999999998,11.0,2.65017667844523
21539,RETRO SPOTS BUTTER DISH,4142.87,868,174,111,5.61864406779661,1097.0,2232.0,1135.0,4.772891705069124,23.0,111.05,16.0,2.6497695852534564
23526,WALL ART DOG LICENCE,3939.76,604,114,57,8.880260869565218,1139.0,2598.0,1459.0,6.522781456953643,16.0,95.2,2.0,2.6490066225165565
21533,RETRO SPOT LARGE MILK JUG,8420.28,1701,519,263,5.472933333333334,571.0,1485.0,914.0,4.950194003527337,45.0,212.95000000000002,18.0,2.6455026455026456
72807B,SET/3 OCEAN SCENT CANDLE JEWEL BOX,4645.87,1059,225,112,5.263973799126638,998.0,2014.0,1016.0,4.3870349386213405,28.0,119.0,12.0,2.644003777148253
23172,REGENCY TEA PLATE PINK,6344.409999999999,3861,305,160,2.06783606557377,747.0,714.0,-33.0,1.643203833203833,102.0,154.29999999999998,9.0,2.641802641802642
22430,ENAMEL WATERING CAN CREAM,6761.38,1406,362,230,5.507005494505495,694.0,1702.0,1008.0,4.808947368421053,37.0,171.95000000000002,9.0,2.631578947368421
21792,CLASSIC FRENCH STYLE BASKET GREEN,2517.88,494,141,110,5.968297872340425,1606.0,2776.0,1170.0,5.096923076923077,13.0,84.95,6.0,2.631578947368421
22081,RIBBON REEL FLORA + FAUNA,2761.04,1559,302,170,2.1825986842105265,1496.0,1587.0,91.0,1.7710327132777421,41.0,67.65,3.0,2.6298909557408594
37447,CERAMIC CAKE DESIGN SPOTTED PLATE,4540.849999999999,2891,364,141,1.988224043715847,1016.0,925.0,-91.0,1.5706848841231407,76.0,109.16,29.0,2.6288481494292633
23212,HEART WREATH DECORATION WITH BELL,2845.89,2284,185,103,1.4963157894736843,1465.0,1175.0,-290.0,1.2460113835376532,60.0,75.0,3.0,2.626970227670753
85060,WOOD FAN WITH FLOWER DESIGN,1745.62,1448,87,53,1.405909090909091,2013.0,1670.0,-343.0,1.205538674033149,38.0,47.5,4.0,2.6243093922651934
23393,HOME SWEET HOME CUSHION COVER,3207.91,801,229,165,4.481428571428571,1345.0,2312.0,967.0,4.004881398252184,21.0,78.75,6.0,2.6217228464419478
46775D,SUNSET COLOUR CHUNKY KNITTED THROW,1938.1899999999998,153,95,28,12.674,1903.0,3785.0,1882.0,12.667908496732025,4.0,59.3,4.0,2.6143790849673203
C2,CARRIAGE,13426.0,268,267,45,50.21722846441948,335.0,3350.0,3015.0,50.09701492537314,7.0,290.0,7.0,2.6119402985074625
22667,RECIPE BOX RETRO SPOT DESIGN,2694.65,959,178,138,2.9388268156424586,1532.0,2128.0,596.0,2.8098540145985402,25.0,73.75,5.0,2.6068821689259645
22897,OVEN MITT APPLES DESIGN,2409.75,1613,264,167,1.7822264150943394,1650.0,1551.0,-99.0,1.4939553626782394,42.0,60.9,5.0,2.603843769373838
21499,BLUE POLKADOT WRAP,3504.84,8702,264,200,0.41628787878787876,1259.0,270.0,-989.0,0.4027625833141807,225.0,82.5,2.0,2.5856125028729027
47505,MINATURE COLOURED GARDENING SET,3527.42,737,178,129,5.334722222222222,1251.0,2399.0,1148.0,4.786187245590231,19.0,87.05000000000001,6.0,2.578018995929444
22319,HAIRCLIPS FORTIES FABRIC ASSORTED,1698.04,2987,174,141,0.80816091954023,2048.0,908.0,-1140.0,0.5684767325075326,77.0,50.050000000000004,8.0,2.5778372949447603
21813,GARLAND WITH STARS AND BELLS,3761.4100000000003,815,184,76,5.46010752688172,1185.0,2297.0,1112.0,4.615226993865031,21.0,103.95,4.0,2.5766871165644174
21644,ASSORTED TUTTI FRUTTI HEART BOX,1461.47,1087,137,72,1.4383916083916084,2221.0,1983.0,-238.0,1.3444986200551978,28.0,35.0,3.0,2.5758969641214353
22279,POCKET BAG BLUE PAISLEY RED SPOT,2104.62,1440,214,108,1.625299539170507,1803.0,1680.0,-123.0,1.4615416666666665,37.0,46.25,2.0,2.569444444444444
21098,CHRISTMAS TOILET ROLL,13263.93,8537,596,269,1.6363474025974025,342.0,281.0,-61.0,1.5536991917535434,219.0,246.39,6.0,2.5653039709499827
22859,EASTER TIN BUNNY BOUQUET,2085.75,1250,165,115,1.93251497005988,1810.0,1824.0,14.0,1.6686,32.0,52.8,6.0,2.56
22842,BISCUIT TIN VINTAGE RED,5078.03,782,231,177,7.064612068965517,924.0,2337.0,1413.0,6.493644501278772,20.0,134.2,15.0,2.557544757033248
22303,COFFEE MUG APPLES DESIGN,12701.630000000001,5439,540,266,2.72731977818854,364.0,493.0,129.0,2.3352877367163085,139.0,336.45,27.0,2.555616841331127
22965,3 TRADITIONAL BISCUIT CUTTERS SET,3162.6400000000003,1488,250,180,2.342896825396825,1360.0,1637.0,277.0,2.1254301075268818,38.0,79.80000000000001,5.0,2.553763440860215
21473,SWEETHEART CREAM STEEL TABLE RECT,3212.16,157,90,65,20.839,1341.0,3770.0,2429.0,20.459617834394905,4.0,79.8,3.0,2.547770700636943
85045,GREEN CHRISTMAS TREE STRING 20LIGHT,2239.34,471,83,60,5.623176470588236,1723.0,2821.0,1098.0,4.75443736730361,12.0,54.5,4.0,2.547770700636943
23344,JUMBO BAG 50'S CHRISTMAS,23772.07,10285,716,391,2.4177423822714683,159.0,223.0,64.0,2.311333981526495,262.0,486.96000000000004,7.0,2.547399124939232
22841,ROUND CAKE TIN VINTAGE GREEN,5811.87,746,303,215,8.394389438943895,809.0,2385.0,1576.0,7.790710455764075,19.0,151.05,14.0,2.546916890080429
37446,MINI CAKE STAND WITH HANGING CAKES,5332.25,3691,410,168,1.8811084337349397,884.0,750.0,-134.0,1.4446626930371174,94.0,121.69999999999999,26.0,2.546735302086155
21288,STRIPEY CHOCOLATE NESTING BOXES,2557.4700000000003,982,224,105,3.34125,1589.0,2097.0,508.0,2.604348268839104,25.0,64.15,2.0,2.5458248472505094
22094,RED RETROSPOT TISSUE BOX,1424.1599999999999,2554,232,133,1.1035744680851063,2258.0,1044.0,-1214.0,0.5576194205168363,65.0,39.97,5.0,2.5450274079874706
21845,DAIRY MAID STRIPE MUG,3758.4100000000003,2521,158,104,2.1685443037974683,1188.0,1058.0,-130.0,1.4908409361364539,64.0,111.04,11.0,2.5386751289170966
23175,REGENCY MILK JUG PINK,9587.15,3160,329,206,3.8787915407854987,504.0,866.0,362.0,3.033908227848101,80.0,225.5,11.0,2.5316455696202533
21539,RED RETROSPOT BUTTER DISH,9408.77,1861,539,235,5.802058823529412,515.0,1378.0,863.0,5.055760343901128,47.0,223.26000000000002,33.0,2.525523911875336
23582,VINTAGE DOILY JUMBO BAG RED,10206.41,4802,259,186,2.2147709923664123,471.0,575.0,104.0,2.1254498125780925,121.0,222.68,3.0,2.5197834235735113
22178,VICTORIAN GLASS HANGING T-LIGHT,52382.82,40081,1816,593,1.5693047256925585,27.0,17.0,-10.0,1.3069239789426412,1008.0,1262.94,43.0,2.514907312691799
21661,VINTAGE GLASS TEA CADDY,1511.3100000000002,239,98,55,7.073838383838384,2181.0,3454.0,1273.0,6.323472803347281,6.0,35.2,4.0,2.510460251046025
15058A,BLUE POLKADOT GARDEN PARASOL,1668.49,200,89,40,9.208988764044944,2068.0,3596.0,1528.0,8.34245,5.0,37.35,4.0,2.5
22385,JUMBO BAG SPACEBOY DESIGN,32433.5,17070,1250,412,2.436019032513878,85.0,99.0,14.0,1.9000292911540715,426.0,725.44,12.0,2.495606326889279
21901,"KEY FOB , BACK DOOR",4061.51,6159,689,315,0.8083474576271187,1111.0,424.0,-687.0,0.6594430914109434,153.0,99.45,5.0,2.484169508037019
22467,GUMBALL COAT RACK,28059.480000000003,11868,1095,398,2.8445724572457243,114.0,183.0,69.0,2.3642972699696667,294.0,665.55,65.0,2.4772497472194135
21630,FLOOR CUSHION ELEPHANT CARNIVAL,1973.3899999999999,162,95,21,13.734105263157895,1883.0,3757.0,1874.0,12.181419753086418,4.0,35.8,4.0,2.4691358024691357
84031A,CHARLIE+LOLA RED HOT WATER BOTTLE,4404.0199999999995,1098,314,95,4.696772151898735,1042.0,1966.0,924.0,4.010947176684881,27.0,71.55,4.0,2.459016393442623
22844,VINTAGE CREAM DOG FOOD CONTAINER,11199.64,1181,489,221,10.608028455284552,413.0,1884.0,1471.0,9.483183742591024,29.0,236.3,9.0,2.4555461473327687
90062,CARNIVAL BRACELET,2591.42,204,109,33,12.660181818181817,1576.0,3579.0,2003.0,12.703039215686275,5.0,63.75,4.0,2.450980392156863
22698,PINK REGENCY TEACUP AND SAUCER,23990.620000000003,8050,1025,400,3.6954607177497576,158.0,309.0,151.0,2.980201242236025,197.0,546.7500000000001,47.0,2.4472049689440993
21432,SET OF 3 CASES WOODLAND DESIGN,5435.91,942,237,152,6.09857740585774,863.0,2147.0,1284.0,5.770605095541401,23.0,129.35,9.0,2.4416135881104037
21628,TRIANGULAR POUFFE VINTAGE,3185.2799999999997,164,87,24,22.65022988505747,1352.0,3748.0,2396.0,19.422439024390243,4.0,59.8,3.0,2.4390243902439024
23243,SET OF TEA COFFEE SUGAR TINS PANTRY,23489.42,4800,470,275,5.866072186836518,162.0,577.0,415.0,4.893629166666666,117.0,545.55,35.0,2.4375
21915,RED HARMONICA IN BOX,42664.54,36289,1025,467,1.399408341416101,49.0,23.0,-26.0,1.1756879495163823,884.0,991.0,15.0,2.4359998897737607
23581,JUMBO BAG PAISLEY PARK,11581.83,5020,338,230,2.256289855072464,401.0,550.0,149.0,2.3071374501992032,122.0,224.76,4.0,2.4302788844621515
22491,PACK OF 12 COLOURED PENCILS,5950.0,7423,390,264,0.8962025316455696,793.0,337.0,-456.0,0.8015627104944093,180.0,134.28,3.0,2.424895594773003
21765,HANGING METAL BIRD BATH,3076.39,372,144,104,8.968367346938777,1391.0,3048.0,1657.0,8.26986559139785,9.0,66.75,2.0,2.4193548387096775
21784,SHOE SHINE BOX,3538.2799999999997,290,178,78,12.688595505617975,1246.0,3278.0,2032.0,12.200965517241379,7.0,69.64999999999999,5.0,2.413793103448276
21733,RED HANGING HEART T-LIGHT HOLDER,50346.490000000005,17575,1760,744,3.09675404350251,28.0,91.0,63.0,2.8646651493598867,423.0,1102.25,35.0,2.406827880512091
22352,LUNCHBOX WITH CUTLERY RETROSPOT,3481.89,1413,232,114,2.8957021276595745,1262.0,1697.0,435.0,2.4641825902335457,34.0,86.7,5.0,2.40622788393489
22910,PAPER CHAIN KIT VINTAGE CHRISTMAS,58652.700000000004,18634,1427,701,3.300415224913495,21.0,81.0,60.0,3.1476172587742837,448.0,1185.6,17.0,2.404207362885049
22356,CHARLOTTE BAG PINK POLKADOT,13172.0,11222,907,269,1.2303787878787877,348.0,199.0,-149.0,1.173765817144894,268.0,203.23,19.0,2.3881661022990555
22951,60 CAKE CASES DOLLY GIRL DESIGN,5314.12,10050,609,328,0.6774595469255663,885.0,228.0,-657.0,0.5287681592039801,240.0,116.39999999999999,6.0,2.3880597014925375
85180A,RED HEARTS LIGHT CHAIN,1636.42,629,99,60,3.9513,2090.0,2566.0,476.0,2.601621621621622,15.0,69.75,3.0,2.384737678855326
35001W,HAND OPEN SHAPE DECO.WHITE,2806.69,883,190,78,4.085520833333334,1478.0,2214.0,736.0,3.1785843714609285,21.0,66.81,5.0,2.378255945639864
84032B,CHARLIE + LOLA RED HOT WATER BOTTLE,7699.25,3285,601,288,3.087963576158941,614.0,840.0,226.0,2.343759512937595,78.0,168.9,8.0,2.374429223744292
21276,TWO EMBOSSED HEART MINI DRAWERS,1558.94,677,29,24,4.253103448275862,2151.0,2495.0,344.0,2.302717872968981,16.0,76.2,3.0,2.363367799113737
22217,T-LIGHT HOLDER HANGING LACE,2814.81,2374,214,152,1.405925925925926,1475.0,1124.0,-351.0,1.1856823925863522,56.0,70.0,3.0,2.358887952822241
22456,NATURAL SLATE CHALKBOARD LARGE,21583.2,4416,835,385,6.306929510155317,180.0,627.0,447.0,4.8875,104.0,501.5,52.0,2.355072463768116
21313,GLASS HEART T-LIGHT HOLDER,5771.11,6711,415,173,1.1320383693045564,812.0,377.0,-435.0,0.8599478468186559,158.0,110.14999999999999,15.0,2.3543436149605124
23302,KNEELING MAT HOUSEWORK DESIGN,2181.42,1536,230,140,1.8876394849785407,1758.0,1602.0,-156.0,1.4201953125,36.0,54.239999999999995,5.0,2.34375
21652,GLASS ETCHED T-LIGHT HOLDER MEDIUM,1747.9399999999998,896,78,64,2.098860759493671,2007.0,2200.0,193.0,1.9508258928571427,21.0,40.949999999999996,3.0,2.34375
21283,NATURAL BARK CANDLE SMALL,1629.2,512,81,59,3.6758536585365857,2097.0,2746.0,649.0,3.18203125,12.0,39.0,1.0,2.34375
22109,FULL ENGLISH BREAKFAST PLATE,13750.11,3339,643,205,5.125307692307692,327.0,832.0,505.0,4.118032345013478,78.0,271.26,18.0,2.336028751123091
84568,GIRLS ALPHABET IRON ON PATCHES,7788.67,37066,310,49,0.37338709677419357,606.0,19.0,-587.0,0.21012976852101656,865.0,181.64999999999998,4.0,2.333675066098311
23204,CHARLOTTE BAG APPLES DESIGN,7741.94,7976,583,199,1.1219453924914675,610.0,311.0,-299.0,0.9706544633901705,186.0,138.34,8.0,2.331995987963892
22187,GREEN CHRISTMAS TREE CARD HOLDER,6820.7,2104,364,230,4.355464480874317,686.0,1256.0,570.0,3.2417775665399238,49.0,191.45,14.0,2.328897338403042
22614,PACK OF 12 SPACEBOY TISSUES,1954.2999999999997,5726,368,222,0.41798927613941017,1896.0,469.0,-1427.0,0.34130282920013966,133.0,42.269999999999996,6.0,2.3227383863080684
22968,ROSE COTTAGE KEEPSAKE BOX,11184.82,1127,306,182,11.719281045751634,416.0,1932.0,1516.0,9.924418811002662,26.0,248.54999999999998,14.0,2.3070097604259097
22669,RED BABY BUNTING,7613.9400000000005,2386,438,263,3.627551020408163,620.0,1113.0,493.0,3.1910896898575025,55.0,142.25,2.0,2.305113160100587
22358,KINGS CHOICE TEA CADDY,8393.61,2651,605,295,3.872950819672131,572.0,1017.0,445.0,3.166205205582799,61.0,170.35,13.0,2.3010184835910974
22586,FELTCRAFT HAIRBAND PINK AND BLUE,1815.1399999999999,2087,295,184,1.0022666666666666,1975.0,1267.0,-708.0,0.8697364638236703,48.0,40.800000000000004,2.0,2.299952084331576
22357,KINGS CHOICE BISCUIT TIN,9352.41,2089,467,259,5.068800856531049,519.0,1264.0,745.0,4.476979415988511,48.0,198.0,18.0,2.297750119674485
22840,ROUND CAKE TIN VINTAGE RED,9602.6,1264,392,273,8.261479591836734,502.0,1803.0,1301.0,7.596993670886076,29.0,229.55,21.0,2.2943037974683547
21452,TOADSTOOL MONEY BOX,5731.330000000001,1876,409,228,3.4547732696897375,817.0,1370.0,553.0,3.055079957356077,43.0,124.05000000000001,19.0,2.292110874200427
22818,CARD CHRISTMAS VILLAGE,2720.86,6290,404,252,0.47586633663366334,1518.0,409.0,-1109.0,0.4325691573926868,144.0,60.48,5.0,2.289348171701113
22073,RED RETROSPOT STORAGE JAR,5604.6,1400,322,173,4.57924924924925,832.0,1708.0,876.0,4.003285714285714,32.0,119.28,18.0,2.2857142857142856
22072,TEA CUP AND SAUCER RETRO SPOT,2866.34,700,137,67,4.624892086330935,1457.0,2455.0,998.0,4.094771428571429,16.0,60.0,8.0,2.2857142857142856
22166,"WALL MIRROR , RECT DIAMANTE, PINK/",1746.78,219,61,16,12.508524590163933,2011.0,3523.0,1512.0,7.976164383561644,5.0,39.75,4.0,2.28310502283105
21868,POTTING SHED TEA MUG,11163.64,9075,881,377,1.6171621621621621,419.0,257.0,-162.0,1.2301531680440771,207.0,250.39,29.0,2.28099173553719
22502,PICNIC BASKET WICKER SMALL,21260.8,3772,927,335,6.643832976445396,187.0,730.0,543.0,5.636479321314952,86.0,436.42,16.0,2.2799575821845175
23158,SET OF 5 LUCKY CAT MAGNETS,5513.83,2633,255,96,2.674823529411765,845.0,1026.0,181.0,2.0941245727307254,60.0,124.8,3.0,2.278769464489176
21351,CINAMMON & ORANGE WREATH,3702.75,1099,177,113,5.481508379888268,1204.0,1964.0,760.0,3.369199272065514,25.0,91.95,5.0,2.2747952684258417
22398,MAGNETS PACK OF 4 SWALLOWS,3687.48,4240,431,273,1.0115717539863325,1207.0,655.0,-552.0,0.869688679245283,96.0,120.0,5.0,2.2641509433962264
22725,ALARM CLOCK BAKELIKE CHOCOLATE,10324.92,2518,549,217,4.72523381294964,463.0,1060.0,597.0,4.100444797458301,57.0,213.75,15.0,2.2637013502779983
23154,SET OF 4 JAM JAR MAGNETS,5842.88,2701,235,141,2.2075000000000005,803.0,1002.0,199.0,2.1632284339133654,61.0,126.88,3.0,2.258422806368012
22595,CHRISTMAS GINGHAM HEART,5429.91,6396,383,262,0.9934455958549222,867.0,392.0,-475.0,0.8489540337711069,144.0,103.68,1.0,2.25140712945591
23407,SET OF 2 TRAYS HOME SWEET HOME,2709.43,267,133,103,10.601716417910447,1529.0,3354.0,1825.0,10.147677902621723,6.0,59.699999999999996,4.0,2.247191011235955
22585,PACK OF 6 BIRDY GIFT TAGS,21977.3,17558,1084,612,1.3802844444444444,175.0,92.0,-83.0,1.251697232030983,394.0,442.90999999999997,13.0,2.24399134297756
15056BL,EDWARDIAN PARASOL BLACK,47267.450000000004,9504,857,321,6.25234752589183,38.0,247.0,209.0,4.973426978114478,213.0,1071.3500000000001,12.0,2.241161616161616
23300,GARDENERS KNEELING PAD CUP OF TEA,11785.99,6809,758,351,1.9087597911227152,391.0,371.0,-20.0,1.7309428697312381,152.0,231.6,7.0,2.232339550594801
22686,FRENCH BLUE METAL DOOR SIGN NO,1388.45,1076,180,46,1.8146666666666667,2287.0,1996.0,-291.0,1.2903810408921934,24.0,30.0,2.0,2.2304832713754648
35004G,SET OF 3 GOLD FLYING DUCKS,1419.51,359,76,46,6.24974025974026,2266.0,3074.0,808.0,3.954066852367688,8.0,22.59,5.0,2.2284122562674096
22470,HEART OF WICKER LARGE,53506.130000000005,17781,1957,827,3.2045072536268138,26.0,87.0,61.0,3.0091743996400653,396.0,1028.7,22.0,2.2270963387885945
82580,BATHROOM METAL SIGN,7458.52,13249,1336,443,0.7649147516679022,632.0,153.0,-479.0,0.562949656577855,295.0,129.49,9.0,2.226583138350064
22979,PANTRY WASHING UP BRUSH,6391.82,4090,381,225,1.8184334203655352,739.0,676.0,-63.0,1.5627921760391197,91.0,117.55000000000001,5.0,2.2249388753056234
79160,HEART SHAPE WIRELESS DOORBELL,1973.0700000000002,944,210,51,2.515767441860465,1884.0,2144.0,260.0,2.090116525423729,21.0,44.1,12.0,2.2245762711864407
22111,SCOTTIE DOG HOT WATER BOTTLE,49771.94,9776,1689,717,5.734759698899826,31.0,236.0,205.0,5.091237725040917,217.0,936.65,15.0,2.219721767594108
85067,CREAM SWEETHEART WALL CABINET,8201.99,496,175,110,20.3275,582.0,2774.0,2192.0,16.53627016129032,11.0,202.45,11.0,2.217741935483871
21192,WHITE BELL HONEYCOMB PAPER,3885.64,2167,216,96,2.3542792792792793,1150.0,1222.0,72.0,1.7930964467005075,48.0,69.6,1.0,2.2150438394093217
23202,JUMBO BAG VINTAGE LEAF,21810.43,10941,879,377,2.2962302483069976,177.0,204.0,27.0,1.993458550406727,242.0,442.46000000000004,6.0,2.2118636322091216
22666,RECIPE BOX PANTRY YELLOW DESIGN,33682.62,10728,1664,701,3.583942823108994,78.0,208.0,130.0,3.139692393736018,237.0,655.5500000000001,63.0,2.20917225950783
22926,IVORY GIANT GARDEN THERMOMETER,4150.31,680,216,152,6.306635944700461,1093.0,2488.0,1395.0,6.10339705882353,15.0,89.25,6.0,2.2058823529411766
22644,CERAMIC CHERRY CAKE MONEY BANK,7069.88,4858,611,304,1.9638211382113822,656.0,569.0,-87.0,1.4553067105804858,107.0,254.45,19.0,2.2025524907369287
23236,STORAGE TIN VINTAGE DOILY,3704.78,1272,190,124,3.4103125,1203.0,1796.0,593.0,2.9125628930817613,28.0,80.92,12.0,2.20125786163522
21548,CERAMIC BIRDHOUSE FINCH BLUE ROOF,1776.1200000000001,682,107,55,3.7270370370370376,1995.0,2485.0,490.0,2.6042815249266864,15.0,44.25,4.0,2.1994134897360706
22526,WHEELBARROW FOR CHILDREN,6689.67,546,209,153,13.470619047619047,706.0,2697.0,1991.0,12.252142857142857,12.0,153.0,8.0,2.197802197802198
22798,ANTIQUE GLASS DRESSING TABLE POT,7336.09,2367,356,173,3.730337078651685,642.0,1129.0,487.0,3.0993198141106886,52.0,153.4,22.0,2.1968736797634136
72351B,SET/6 PINK BUTTERFLY T-LIGHTS,11184.890000000001,5785,499,208,2.362924901185771,415.0,459.0,44.0,1.9334295592048403,127.0,221.60000000000002,7.0,2.19533275713051
22312,OFFICE MUG WARMER POLKADOT,4254.05,1233,269,104,4.289963235294118,1069.0,1841.0,772.0,3.450162206001622,27.0,81.65000000000002,3.0,2.18978102189781
21068,VINTAGE BILLBOARD LOVE/HATE MUG,4224.63,4066,373,149,1.5829521276595744,1075.0,678.0,-397.0,1.0390137727496311,89.0,98.33,8.0,2.1888834235120513
22764,"RUSTIC WOODEN CABINET, GLASS DOORS",3462.49,183,25,23,24.5848,1264.0,3659.0,2395.0,18.92071038251366,4.0,93.8,3.0,2.185792349726776
21906,PHARMACIE FIRST AID TIN,12879.460000000001,1786,424,214,8.386713615023474,357.0,1431.0,1074.0,7.211343784994401,39.0,263.25,9.0,2.1836506159014557
22192,BLUE DINER WALL CLOCK,12104.8,1426,543,260,8.901544117647058,383.0,1687.0,1304.0,8.488639551192145,31.0,252.45,16.0,2.1739130434782608
21788,KIDS RAIN MAC BLUE,2725.0899999999997,3375,206,141,0.9104225352112676,1515.0,823.0,-692.0,0.807434074074074,73.0,61.849999999999994,6.0,2.162962962962963
20682,RED SPOTTY CHILDS UMBRELLA,4791.04,1483,247,153,3.6955823293172694,964.0,1641.0,677.0,3.2306405933917732,32.0,98.0,9.0,2.157788267026298
23194,GYMKHANA TREASURE BOOK BOX,3815.5299999999997,1715,200,128,2.7494581280788175,1169.0,1473.0,304.0,2.224798833819242,37.0,83.25,8.0,2.1574344023323615
84946,ANTIQUE SILVER T-LIGHT GLASS,19381.62,14664,689,348,1.5028468208092487,213.0,127.0,-86.0,1.3217144026186578,316.0,349.21,23.0,2.15493726132024
21136,PAINTED METAL PEARS ASSORTED,17451.45,10496,739,449,1.96908969210174,236.0,215.0,-21.0,1.6626762576219514,225.0,329.36999999999995,4.0,2.143673780487805
15058B,PINK POLKADOT GARDEN PARASOL,1932.97,234,100,35,9.832699999999999,1905.0,3466.0,1561.0,8.260555555555555,5.0,37.35,2.0,2.1367521367521367
23032,DRAWER KNOB CRACKLE GLAZE IVORY,3595.3799999999997,2154,194,115,1.7784848484848483,1227.0,1233.0,6.0,1.6691643454038996,46.0,75.9,11.0,2.1355617455896008
21232,STRAWBERRY CERAMIC TRINKET BOX,47169.35,36629,2310,683,1.5192987675308116,39.0,22.0,-17.0,1.2877596985994704,782.0,922.59,178.0,2.1349204182478365
85232B,SET/3 RUSSIAN DOLL STACKING TINS,9867.14,1968,371,154,5.845614973262033,490.0,1328.0,838.0,5.013790650406504,42.0,205.1,19.0,2.1341463414634148
85040A,S/4 PINK FLOWER CANDLES IN BOWL,3639.89,2065,400,193,1.9779518072289157,1218.0,1280.0,62.0,1.7626585956416465,44.0,72.6,17.0,2.1307506053268765
22293,"SPRING DEC , HANGING CHICK GREEN",1516.9199999999998,1128,100,64,1.8652941176470588,2176.0,1930.0,-246.0,1.344787234042553,24.0,34.8,1.0,2.127659574468085
22244,"HOOK, 3 HANGER ,MAGIC GARDEN",3979.2,2028,208,106,2.638894230769231,1133.0,1298.0,165.0,1.9621301775147928,43.0,83.85,6.0,2.1203155818540433
21533,RETROSPOT LARGE MILK JUG,8194.59,1656,438,251,5.393,583.0,1517.0,934.0,4.948423913043478,35.0,162.05,14.0,2.1135265700483092
22193,RED DINER WALL CLOCK,15658.98,1850,616,265,9.21775974025974,270.0,1386.0,1116.0,8.464313513513513,39.0,319.59999999999997,18.0,2.108108108108108
22659,LUNCH BOX I LOVE LONDON,29561.859999999997,15941,1074,293,2.3337192342752964,99.0,108.0,9.0,1.8544545511573927,336.0,572.9999999999999,21.0,2.107772410764695
84380,SET OF 3 BUTTERFLY COOKIE CUTTERS,14076.34,10405,1114,490,1.6672395369545858,310.0,217.0,-93.0,1.3528438250840942,219.0,251.39,9.0,2.1047573282075924
84279B,CHERRY BLOSSOM DECORATIVE FLASK,3076.92,808,215,140,4.296511627906977,1390.0,2307.0,917.0,3.808069306930693,17.0,63.75,9.0,2.103960396039604
23247,BISCUIT TIN 50'S CHRISTMAS,6681.25,2194,309,231,3.2880906148867313,708.0,1213.0,505.0,3.045237010027347,46.0,118.54000000000002,5.0,2.096627164995442
15036,ASSORTED COLOURS SILK FAN,32967.03,44392,992,303,0.9922557905337361,83.0,13.0,-70.0,0.742634483690755,929.0,644.03,14.0,2.092719408902505
23029,DRAWER KNOB CRACKLE GLAZE GREEN,2284.12,1340,154,97,1.8390909090909089,1703.0,1751.0,48.0,1.7045671641791045,28.0,46.199999999999996,8.0,2.0895522388059704
22982,PANTRY PASTRY BRUSH,1543.77,1154,212,120,1.6372169811320754,2160.0,1903.0,-257.0,1.3377556325823223,24.0,30.0,2.0,2.079722703639515
22442,GROW YOUR OWN FLOWERS SET OF 3,4765.32,866,172,140,7.467803468208093,967.0,2237.0,1270.0,5.502678983833718,18.0,141.9,13.0,2.0785219399538106
23176,ABC TREASURE BOOK BOX,4693.08,2165,226,159,2.663215859030837,986.0,1225.0,239.0,2.1677043879907623,45.0,101.25,10.0,2.0785219399538106
22064,PINK DOUGHNUT TRINKET POT,10592.66,6607,694,213,2.13990099009901,449.0,382.0,-67.0,1.6032480702285454,137.0,221.24999999999997,38.0,2.073558347207507
22622,BOX OF VINTAGE ALPHABET BLOCKS,29450.11,2945,571,346,11.393466898954703,102.0,916.0,814.0,10.000037351443124,61.0,559.35,6.0,2.071307300509338
22650,CERAMIC PIRATE CHEST MONEY BANK,2717.8799999999997,1787,283,150,1.8404895104895105,1523.0,1430.0,-93.0,1.5209177392277557,37.0,53.64999999999999,7.0,2.0705092333519866
23275,SET OF 3 HANGING OWLS OLLIE BEAK,4521.72,3720,325,171,1.4738323353293412,1022.0,740.0,-282.0,1.215516129032258,77.0,95.41,4.0,2.0698924731182795
37503,TEA TIME CAKE STAND IN GIFT BOX,25428.33,2465,522,256,11.723193116634798,136.0,1078.0,942.0,10.315752535496959,51.0,515.45,11.0,2.0689655172413794
20684,STRAWBERRY DREAM CHILDS UMBRELLA,1910.06,580,176,117,3.5827683615819206,1920.0,2636.0,716.0,3.293206896551724,12.0,36.5,5.0,2.0689655172413794
22278,OVERNIGHT BAG VINTAGE ROSE PAISLEY,5959.53,1016,383,164,6.753556701030928,791.0,2055.0,1264.0,5.865679133858268,21.0,117.32,12.0,2.066929133858268
22720,SET OF 3 CAKE TINS PANTRY DESIGN,38108.89,7483,1385,640,5.83371408045977,67.0,333.0,266.0,5.09272885206468,154.0,730.1,73.0,2.05799812909261
23322,LARGE WHITE HEART OF WICKER,8878.210000000001,3069,562,350,3.1351398601398603,540.0,890.0,350.0,2.892867383512545,63.0,169.85000000000002,10.0,2.0527859237536656
22654,DELUXE SEWING KIT,16971.27,2534,597,300,7.357757475083056,244.0,1053.0,809.0,6.697423046566693,52.0,306.40000000000003,25.0,2.0520915548539858
22714,CARD BIRTHDAY COWBOY,2157.91,5277,359,187,0.5378830083565459,1767.0,509.0,-1258.0,0.4089274208830775,108.0,41.04,4.0,2.046617396247868
22093,MOTORING TISSUE BOX,1429.87,2346,275,179,0.9597122302158274,2253.0,1144.0,-1109.0,0.6094927536231883,48.0,53.16,2.0,2.0460358056265986
21916,SET 12 RETRO WHITE CHALK STICKS,4751.06,11011,713,304,0.5174068965517241,972.0,202.0,-770.0,0.43148306239215334,225.0,94.5,5.0,2.0434111343202255
22406,MONEY BOX KINGS CHOICE DESIGN,3104.35,2451,214,142,1.467685185185185,1381.0,1085.0,-296.0,1.26656466748266,50.0,55.66,4.0,2.039983680130559
21912,VINTAGE SNAKES & LADDERS,14651.33,3736,830,447,4.668100961538462,296.0,736.0,440.0,3.921662205567452,76.0,285.0,3.0,2.0342612419700217
22609,PENS ASSORTED SPACEBALL,2414.54,7087,201,118,0.565,1647.0,352.0,-1295.0,0.34069987300691407,144.0,98.64,4.0,2.03188937491181
85183B,CHARLIE & LOLA WASTEPAPER BIN FLORA,2731.7599999999998,1725,171,124,2.454418604651163,1513.0,1468.0,-45.0,1.5836289855072463,35.0,131.25,3.0,2.0289855072463765
22928,YELLOW GIANT GARDEN THERMOMETER,2041.3500000000001,296,118,64,7.738050847457627,1842.0,3253.0,1411.0,6.896452702702703,6.0,35.7,4.0,2.027027027027027
22228,BUNNY WOODEN PAINTED WITH BIRD,1456.6,1727,275,148,1.0154676258992805,2229.0,1465.0,-764.0,0.8434279096699479,35.0,29.749999999999996,7.0,2.026635784597568
21217,RED SPOTTY ROUND CAKE TINS,14646.039999999999,1484,463,277,10.806630669546434,297.0,1640.0,1343.0,9.869299191374662,30.0,285.5,15.0,2.0215633423180592
22027,TEA PARTY BIRTHDAY CARD,4806.49,11297,845,335,0.5224793388429751,961.0,197.0,-764.0,0.42546605293440737,228.0,87.12,7.0,2.0182349296273348
85053,FRENCH ENAMEL CANDLEHOLDER,4363.28,2032,378,185,2.618046875,1049.0,1296.0,247.0,2.147283464566929,41.0,84.46000000000001,17.0,2.017716535433071
22191,EAU DE NIL DINER WALL CLOCK,2067.2,248,119,91,8.471428571428572,1828.0,3426.0,1598.0,8.33548387096774,5.0,41.65,5.0,2.0161290322580645
84997C,BLUE 3 PIECE MINI DOTS CUTLERY SET,14438.97,3970,476,271,3.907193347193347,302.0,695.0,393.0,3.637020151133501,80.0,274.08000000000004,7.0,2.0151133501259446
20961,STRAWBERRY BATH SPONGE,4687.65,3530,514,177,1.7074903474903476,989.0,777.0,-212.0,1.3279461756373936,71.0,88.75,2.0,2.0113314447592066
22791,T-LIGHT GLASS FLUTED ANTIQUE,11728.69,9458,434,226,1.5024827586206897,394.0,249.0,-145.0,1.240081412560795,190.0,209.0,12.0,2.0088813702685555
22297,HEART IVORY TRELLIS SMALL,17702.62,13715,969,391,1.6488473205257836,232.0,144.0,-88.0,1.2907488151658768,275.0,343.75,6.0,2.005103900838498
20977,36 PENCILS TUBE WOODLAND,5069.99,3792,485,242,1.5680981595092023,926.0,725.0,-201.0,1.3370226793248945,76.0,95.0,5.0,2.0042194092827006
20786,BLACK RETRO BAR STOOL,3533.9,100,32,9,35.75939393939394,1248.0,4086.0,2838.0,35.339,2.0,79.9,2.0,2.0
22961,JAM MAKING SET PRINTED,26888.43,17252,1200,558,1.8915876974231087,125.0,95.0,-30.0,1.558568861581266,344.0,444.59999999999997,13.0,1.9939717134245305
23181,BULL DOG BOTTLE TOP WALL CLOCK,1733.57,201,82,60,9.421463414634145,2024.0,3590.0,1566.0,8.624726368159203,4.0,33.0,4.0,1.9900497512437811
79000,MOROCCAN TEA GLASS,9759.91,11973,436,195,1.3779587155963302,497.0,180.0,-317.0,0.8151599432055457,238.0,171.89999999999998,14.0,1.9878058966006849
21974,SET OF 36 PAISLEY FLOWER DOILIES,10622.15,7046,808,355,1.989320987654321,448.0,358.0,-90.0,1.5075432869713312,140.0,201.45,11.0,1.9869429463525403
84558A,3D DOG PICTURE PLAYING CARDS,3628.11,1259,199,116,3.133529411764706,1221.0,1812.0,591.0,2.8817394757744244,25.0,73.75,1.0,1.9857029388403495
20717,STRAWBERRY SHOPPER BAG,7767.48,6296,757,283,1.5932549019607842,608.0,407.0,-201.0,1.2337166454891995,125.0,137.25,5.0,1.9853875476493013
22209,WOOD STAMP SET HAPPY BIRTHDAY,1753.9399999999998,1415,257,159,1.4162934362934363,2005.0,1693.0,-312.0,1.2395335689045934,28.0,36.36,3.0,1.9787985865724382
22952,60 CAKE CASES VINTAGE CHRISTMAS,16770.31,27970,1039,520,0.7390534208059981,247.0,36.0,-211.0,0.5995820521987845,552.0,241.2,5.0,1.973543081873436
21200,MULTICOLOUR HONEYCOMB PAPER GARLAND,2065.16,1421,126,64,2.0235433070866145,1831.0,1690.0,-141.0,1.4533145672061927,28.0,40.6,1.0,1.9704433497536946
23235,STORAGE TIN VINTAGE LEAF,1886.1,712,102,86,2.9892156862745103,1940.0,2438.0,498.0,2.6490168539325842,14.0,40.46,7.0,1.9662921348314606
22274,FELTCRAFT DOLL EMILY,10770.070000000002,3773,656,344,3.2660060514372162,443.0,728.0,285.0,2.854510999204877,74.0,199.10000000000002,8.0,1.9613040021203287
15058B,PINK WHITE SPOTS GARDEN PARASOL,1394.7,204,56,36,9.42125,2280.0,3579.0,1299.0,6.836764705882353,4.0,31.8,3.0,1.9607843137254901
22309,TEA COSY RED STRIPE,3459.08,1331,266,117,3.446516853932584,1265.0,1756.0,491.0,2.5988580015026295,26.0,66.3,2.0,1.9534184823441023
21980,PACK OF 12 RED RETROSPOT TISSUES,2668.33,8616,405,262,0.39127764127764125,1542.0,278.0,-1264.0,0.3096947539461467,168.0,48.72,5.0,1.9498607242339834
18098C,PORCELAIN BUTTERFLY OIL BURNER,3231.13,1232,239,104,3.228048780487805,1336.0,1842.0,506.0,2.6226704545454544,24.0,70.80000000000001,1.0,1.948051948051948
22962,JAM JAR WITH PINK LID,3640.93,4366,354,183,1.051380281690141,1217.0,635.0,-582.0,0.8339280806229958,85.0,72.11999999999999,21.0,1.946862116353642
23127,FELTCRAFT GIRL NICOLE KIT,3422.4,668,182,137,5.279782608695652,1275.0,2512.0,1237.0,5.123353293413174,13.0,64.35,3.0,1.9461077844311379
21657,MILK BOTTLE WITH GLASS STOPPER,1967.38,257,118,76,8.511949152542373,1886.0,3390.0,1504.0,7.655175097276265,5.0,34.75,3.0,1.9455252918287937
22489,PACK OF 12 TRADITIONAL CRAYONS,7548.67,17926,786,417,0.5112939698492462,625.0,85.0,-540.0,0.4211017516456544,348.0,128.88,8.0,1.941314292089702
22775,PURPLE DRAWERKNOB ACRYLIC EDWARDIAN,5160.03,3609,283,98,1.701896551724138,902.0,765.0,-137.0,1.4297672485453032,70.0,87.5,4.0,1.9395954558049322
22719,GUMBALL MONOCHROME COAT RACK,1962.83,1447,231,67,1.8944635193133046,1890.0,1674.0,-216.0,1.3564823773324117,28.0,30.44,9.0,1.9350380096751902
22072,RED RETROSPOT TEA CUP AND SAUCER,6364.67,1706,375,167,4.348966408268733,742.0,1482.0,740.0,3.7307561547479486,33.0,123.75,17.0,1.9343493552168818
21210,SET OF 72 RETROSPOT PAPER DOILIES,10777.789999999999,7447,607,313,1.7963382594417077,442.0,336.0,-106.0,1.4472660131596615,144.0,187.4,6.0,1.9336645629112394
21936,RED RETROSPOT PICNIC BAG,19576.72,6680,935,359,3.633620873269436,208.0,379.0,171.0,2.9306467065868267,129.0,350.45,21.0,1.9311377245508983
21363,HOME SMALL WOOD LETTERS,5296.4800000000005,984,401,224,5.966068796068797,886.0,2095.0,1209.0,5.38260162601626,19.0,92.65,9.0,1.9308943089430894
22439,6 ROCKET BALLOONS,2599.01,3891,363,216,0.7315945945945946,1574.0,707.0,-867.0,0.6679542534052944,75.0,48.75,5.0,1.927525057825752
22602,RETROSPOT WOODEN HEART DECORATION,1886.28,2076,246,132,1.1022619047619047,1939.0,1273.0,-666.0,0.9086127167630058,40.0,34.0,2.0,1.9267822736030826
21359,RELAX LARGE WOOD LETTERS,2116.48,208,73,57,14.575066666666665,1794.0,3566.0,1772.0,10.175384615384615,4.0,39.8,4.0,1.9230769230769231
21829,DINOSAUR KEYRINGS ASSORTED,3242.18,15035,409,211,0.264126213592233,1333.0,124.0,-1209.0,0.21564216827402727,289.0,60.69,5.0,1.9221815763219154
21535,RETRO SPOT SMALL MILK JUG,4380.61,1719,297,171,2.9730392156862746,1045.0,1470.0,425.0,2.5483478766724836,33.0,83.7,18.0,1.9197207678883073
22912,YELLOW COAT RACK PARIS FASHION,1471.09,313,108,81,5.261192660550459,2211.0,3202.0,991.0,4.69996805111821,6.0,29.700000000000003,2.0,1.9169329073482428
23198,PANTRY MAGNETIC SHOPPING LIST,5062.599999999999,3342,475,259,1.7995876288659793,928.0,831.0,-97.0,1.5148414123279472,64.0,92.8,14.0,1.9150209455415919
21039,RED RETROSPOT SHOPPING BAG,1625.6100000000001,627,112,73,3.0420535714285712,2100.0,2569.0,469.0,2.592679425837321,12.0,30.6,2.0,1.9138755980861244
23128,FELTCRAFT BOY JEAN-PAUL KIT,1884.76,366,127,103,5.303149606299213,1942.0,3057.0,1115.0,5.149617486338798,7.0,34.65,2.0,1.912568306010929
23092,LARGE ANTIQUE WHITE PHOTO FRAME,3757.78,523,135,96,8.100962962962964,1189.0,2731.0,1542.0,7.185047801147228,10.0,77.75,9.0,1.9120458891013385
22697,GREEN REGENCY TEACUP AND SAUCER,29952.550000000003,9625,1343,475,3.7827011070110705,97.0,245.0,148.0,3.111953246753247,184.0,506.80000000000007,58.0,1.9116883116883114
21700,BIG DOUGHNUT FRIDGE MAGNETS,7028.51,6335,525,186,3.2401704545454546,661.0,398.0,-263.0,1.1094727703235991,121.0,102.85,6.0,1.910023677979479
23200,JUMBO BAG PEARS,14188.960000000001,7067,595,262,2.4302508361204014,309.0,354.0,45.0,2.0077769916513373,134.0,243.63000000000002,6.0,1.896136974671006
20967,GREY FLORAL FELTCRAFT SHOULDER BAG,3997.34,1055,296,187,3.9911999999999996,1126.0,2021.0,895.0,3.788947867298578,20.0,75.0,3.0,1.8957345971563981
22571,ROCKING HORSE RED CHRISTMAS,5135.24,5780,511,294,1.044126679462572,911.0,460.0,-451.0,0.8884498269896194,109.0,80.17,3.0,1.8858131487889274
22114,HOT WATER BOTTLE TEA AND SYMPATHY,59189.14,11678,1583,626,4.771301627033792,19.0,185.0,166.0,5.068431238225724,220.0,795.2,13.0,1.883884226751156
23173,REGENCY TEAPOT ROSES,24879.13,2766,416,248,11.119714964370546,145.0,973.0,828.0,8.994624005784527,52.0,436.4,13.0,1.8799710773680405
22167,OVAL WALL MIRROR DIAMANTE,2724.42,266,175,46,10.892685714285715,1516.0,3358.0,1842.0,10.242180451127819,5.0,49.75,3.0,1.8796992481203008
22130,PARTY CONE CHRISTMAS DECORATION,10991.21,9737,424,298,1.8005092592592593,430.0,239.0,-191.0,1.1288086679675464,183.0,136.70000000000002,8.0,1.8794289822327206
22967,SET 3 SONG BIRD PAPER EGGS ASSORTED,3271.4100000000003,1171,138,122,3.0120289855072464,1321.0,1891.0,570.0,2.793689154568745,22.0,64.9,4.0,1.8787361229718187
22972,CHILDREN'S SPACEBOY MUG,3100.9399999999996,1810,238,145,1.995774058577406,1384.0,1416.0,32.0,1.7132265193370164,34.0,56.099999999999994,8.0,1.8784530386740332
22087,PAPER BUNTING WHITE LACE,25389.100000000002,8475,847,314,3.4823468208092487,139.0,285.0,146.0,2.99576401179941,159.0,465.40000000000003,11.0,1.8761061946902655
23237,SET OF 4 KNICK KNACK TINS LEAF,3020.61,747,123,94,4.271626016260163,1413.0,2384.0,971.0,4.043654618473896,14.0,56.900000000000006,8.0,1.8741633199464525
22809,SET OF 6 T-LIGHTS SANTA,7664.720000000001,2568,379,259,3.3670680628272254,617.0,1039.0,422.0,2.9847040498442374,48.0,132.0,5.0,1.8691588785046727
21922,UNION STRIPE WITH FRINGE HAMMOCK,11199.18,1445,390,204,8.812122762148338,414.0,1675.0,1261.0,7.750297577854671,27.0,190.64999999999998,5.0,1.8685121107266434
22668,PINK BABY BUNTING,10898.05,3587,579,296,3.9153886010362697,435.0,769.0,334.0,3.0382074156676886,67.0,177.65,6.0,1.8678561471982158
22120,WELCOME WOODEN BLOCK LETTERS,10314.19,1018,367,196,11.28659400544959,465.0,2053.0,1588.0,10.131817288801573,19.0,187.6,7.0,1.8664047151277015
22454,MEASURING TAPE BABUSHKA RED,2137.21,751,115,79,3.077863247863248,1782.0,2373.0,591.0,2.8458189081225034,14.0,41.300000000000004,2.0,1.8641810918774968
22551,PLASTERS IN TIN SPACEBOY,25912.87,15441,1299,616,1.811910197869102,130.0,117.0,-13.0,1.678185998316171,287.0,435.15,18.0,1.8586879088141959
20985,HEART CALCULATOR,3047.99,2370,291,162,1.5422333333333333,1402.0,1126.0,-276.0,1.2860717299578057,44.0,54.43,6.0,1.8565400843881856
22291,HANGING CHICK CREAM DECORATION,1913.35,1293,122,73,1.6429032258064515,1916.0,1781.0,-135.0,1.4797757153905644,24.0,34.8,1.0,1.8561484918793503
85232D,SET/3 DECOUPAGE STACKING TINS,3636.66,701,223,120,5.95372197309417,1220.0,2450.0,1230.0,5.187817403708987,13.0,64.35,7.0,1.8544935805991443
21588,RETRO SPOT GIANT TUBE MATCHES,3034.9500000000003,1295,102,85,2.5240384615384617,1410.0,1779.0,369.0,2.3435907335907338,24.0,61.2,2.0,1.8532818532818531
20725,LUNCH BAG RED SPOTTY,30063.27,18085,1219,499,1.9613636363636364,95.0,84.0,-11.0,1.6623317666574509,335.0,493.34999999999997,28.0,1.8523638374343379
22413,METAL SIGN TAKE IT OR LEAVE IT,19728.24,6976,881,446,3.297567567567568,206.0,359.0,153.0,2.8280160550458717,129.0,340.54999999999995,6.0,1.849197247706422
22494,EMERGENCY FIRST AID TIN,3730.92,2765,468,200,1.7174734607218682,1198.0,975.0,-223.0,1.3493381555153707,51.0,63.75,13.0,1.8444846292947559
72807A,SET/3 ROSE CANDLE IN JEWELLED BOX,4213.54,924,216,95,5.681651376146789,1078.0,2174.0,1096.0,4.560108225108225,17.0,72.25,10.0,1.83982683982684
21935,SUKI SHOULDER BAG,13103.21,7127,921,234,2.310639913232104,351.0,348.0,-3.0,1.8385309386838782,131.0,196.15,4.0,1.8380805387961274
23242,TREASURE TIN BUFFALO BILL,3024.63,1470,214,132,2.2825345622119815,1412.0,1656.0,244.0,2.057571428571429,27.0,56.160000000000004,3.0,1.8367346938775513
22429,ENAMEL MEASURING JUG CREAM,9844.039999999999,2288,628,364,4.799809825673534,491.0,1174.0,683.0,4.302465034965034,42.0,178.5,21.0,1.8356643356643356
22386,JUMBO BAG PINK POLKADOT,50081.96,25235,1443,432,2.5595130315500687,30.0,50.0,20.0,1.9846229443233603,461.0,826.03,17.0,1.8268278185060431
21794,CLASSIC FRENCH STYLE BASKET NATURAL,3552.09,713,178,123,6.00247191011236,1240.0,2434.0,1194.0,4.981893408134643,13.0,79.35,5.0,1.8232819074333801
21821,GLITTER STAR GARLAND WITH BELLS,2866.6,713,153,86,4.836602564102564,1456.0,2434.0,978.0,4.020476858345021,13.0,48.75,2.0,1.8232819074333801
21262,WHITE GOOSE FEATHER CHRISTMAS TREE,2366.0200000000004,606,132,69,6.068484848484848,1666.0,2591.0,925.0,3.904323432343235,11.0,88.45,5.0,1.8151815181518154
85194L,HANGING SPRING FLOWER EGG LARGE,1560.6299999999999,1818,147,93,1.0477551020408162,2150.0,1411.0,-739.0,0.8584323432343234,33.0,28.049999999999997,5.0,1.8151815181518154
21055,TOOL BOX SOFT TOY,3839.0899999999997,386,222,122,10.465964125560538,1164.0,3006.0,1842.0,9.94582901554404,7.0,62.650000000000006,2.0,1.8134715025906734
71038,WHITE HANGING BEADS CANDLE HOLDER,3789.25,717,144,85,5.411379310344827,1178.0,2428.0,1250.0,5.28486750348675,13.0,70.85,8.0,1.813110181311018
40001,WHITE BAMBOO RIBS LAMPSHADE,1911.6499999999999,2484,121,39,1.0641322314049586,1918.0,1070.0,-848.0,0.7695853462157809,45.0,28.8,11.0,1.8115942028985508
85127,SMALL SQUARE CUT GLASS CANDLESTICK,1710.67,276,81,30,6.974634146341464,2040.0,3317.0,1277.0,6.198079710144928,5.0,24.75,1.0,1.8115942028985508
22973,CHILDREN'S CIRCUS PARADE MUG,2254.93,1325,152,87,2.0245098039215685,1716.0,1758.0,42.0,1.7018339622641507,24.0,39.199999999999996,6.0,1.8113207547169812
22906,12 MESSAGE CARDS WITH ENVELOPES,6214.83,3370,445,274,1.993505376344086,759.0,825.0,66.0,1.8441632047477745,61.0,88.65,2.0,1.8100890207715135
84755,COLOUR GLASS T-LIGHT HOLDER HANGING,25205.13,40439,1259,524,0.8276983503534957,140.0,15.0,-125.0,0.6232876678453968,729.0,415.35,28.0,1.802715200672618
84789,ENCHANTED BIRD PLANT CAGE,1558.39,445,124,81,4.017177419354839,2152.0,2873.0,721.0,3.5020000000000002,8.0,30.0,5.0,1.7977528089887642
21671,RED SPOT CERAMIC DRAWER KNOB,12339.32,9488,727,265,1.6134520547945204,375.0,248.0,-127.0,1.3005185497470488,170.0,237.31,20.0,1.791736930860034
72816,SET/3 CHRISTMAS DECOUPAGE CANDLES,1671.52,1344,136,65,1.9589705882352941,2065.0,1747.0,-318.0,1.2436904761904761,24.0,30.0,1.0,1.7857142857142856
20975,12 PENCILS SMALL TUBE RED RETROSPOT,6570.68,9880,535,317,0.7308241758241759,718.0,231.0,-487.0,0.6650485829959515,176.0,108.80000000000001,5.0,1.7813765182186234
84968E,S/16 VINTAGE BLACK CUTLERY,2585.45,225,40,20,12.53875,1579.0,3504.0,1925.0,11.490888888888888,4.0,51.0,1.0,1.7777777777777777
21491,SET OF THREE VINTAGE GIFT WRAPS,5367.009999999999,2878,248,184,2.124,878.0,931.0,53.0,1.8648401667824877,51.0,99.44999999999999,5.0,1.7720639332870047
21238,RED SPOTTY CUP,3999.45,4746,434,201,0.9722323462414578,1125.0,584.0,-541.0,0.8426991150442478,84.0,71.39999999999999,9.0,1.7699115044247788
23168,CLASSIC CAFE SUGAR DISPENSER,4311.35,3075,325,132,1.7985757575757575,1060.0,888.0,-172.0,1.4020650406504067,54.0,65.61,18.0,1.75609756097561
85034C,3 ROSE MORRIS BOXED CANDLES,2604.15,1314,197,130,2.908627450980392,1570.0,1764.0,194.0,1.9818493150684933,23.0,85.75,6.0,1.750380517503805
22283,6 EGG HOUSE PAINTED WOOD,8533.09,1032,382,196,9.60413612565445,558.0,2041.0,1483.0,8.268498062015505,18.0,143.1,7.0,1.744186046511628
21257,VICTORIAN SEWING BOX MEDIUM,13968.48,1549,532,206,10.49658536585366,314.0,1593.0,1279.0,9.017740477727566,27.0,205.3,15.0,1.7430600387346677
22450,SILK PURSE BABUSHKA BLUE,1552.3500000000001,459,111,76,3.497787610619469,2154.0,2846.0,692.0,3.38202614379085,8.0,26.8,3.0,1.7429193899782136
22466,FAIRY TALE COTTAGE NIGHT LIGHT,1979.34,976,115,74,2.5624137931034485,1877.0,2103.0,226.0,2.0280122950819672,17.0,28.049999999999997,1.0,1.7418032786885245
22710,WRAP I LOVE LONDON,2821.28,7184,173,112,0.4159537572254335,1474.0,344.0,-1130.0,0.39271714922049,125.0,52.5,5.0,1.739977728285078
21260,FIRST AID TIN,11564.43,3512,534,303,3.8146654275092935,402.0,787.0,385.0,3.292833143507973,61.0,197.25,7.0,1.7369020501138952
23197,SKETCHBOOK MAGNETIC SHOPPING LIST,2253.7,1442,246,113,1.95914979757085,1717.0,1678.0,-39.0,1.562898751733703,25.0,36.25,7.0,1.7337031900138695
21955,DOOR MAT UNION JACK GUNS AND ROSES,5510.39,809,230,114,8.802887931034483,847.0,2305.0,1458.0,6.811359703337454,14.0,86.38000000000001,2.0,1.73053152039555
22091,EMPIRE TISSUE BOX,2485.86,3179,324,184,1.2600925925925925,1619.0,859.0,-760.0,0.7819628814092482,55.0,68.75,4.0,1.7301038062283738
22089,PAPER BUNTING VINTAGE PAISLEY,10303.35,3530,553,290,3.377241992882562,466.0,777.0,311.0,2.9187960339943344,61.0,173.89999999999998,2.0,1.7280453257790367
21593,SWALLOW CIGAR BOX MATCHES,1629.31,1391,94,69,1.2480208333333334,2096.0,1716.0,-380.0,1.1713227893601725,24.0,30.0,1.0,1.7253774263120056
82582,AREA PATROLLED METAL SIGN,15110.980000000001,7479,796,258,2.3533042394014965,288.0,334.0,46.0,2.0204546062307798,129.0,241.38,8.0,1.7248295226634576
79320,FLAMINGO LIGHTS,4357.38,928,151,67,5.845099337748344,1050.0,2168.0,1118.0,4.695452586206897,16.0,77.10000000000001,10.0,1.7241379310344827
85216,ASSORTED CAKES FRIDGE MAGNETS,2154.2200000000003,2849,187,114,2.02281914893617,1770.0,940.0,-830.0,0.7561319761319762,49.0,31.85,4.0,1.71990171990172
21581,SKULLS DESIGN COTTON TOTE BAG,1890.74,1172,203,104,2.6458333333333335,1937.0,1890.0,-47.0,1.613259385665529,20.0,45.0,2.0,1.7064846416382253
22088,PAPER BUNTING COLOURED LACE,13076.880000000001,4399,619,266,3.5205271565495204,352.0,629.0,277.0,2.972693794044101,75.0,198.04999999999998,5.0,1.7049329393043873
21333,CLASSIC WHITE FRAME,3192.09,1057,222,150,3.225765765765766,1349.0,2018.0,669.0,3.0199526963103125,18.0,59.02,10.0,1.7029328287606436
21677,HEARTS STICKERS,1859.3799999999999,2125,279,144,0.9985304659498206,1958.0,1243.0,-715.0,0.8750023529411765,36.0,30.6,3.0,1.6941176470588233
22418,10 COLOUR SPACEBOY PEN,10397.33,12290,585,331,1.015704584040747,459.0,173.0,-286.0,0.8459991863303499,208.0,176.79999999999998,10.0,1.6924328722538649
21846,PINK DIAMANTE PEN IN GIFT BOX,3803.4,1601,264,51,3.9122641509433964,1171.0,1560.0,389.0,2.375640224859463,27.0,81.85000000000001,3.0,1.6864459712679576
23542,WALL ART 70'S ALPHABET,2757.06,356,74,44,10.14864864864865,1498.0,3081.0,1583.0,7.744550561797753,6.0,48.7,3.0,1.6853932584269662
22731,3D CHRISTMAS STAMPS STICKERS,2828.62,2018,232,138,1.5429361702127657,1473.0,1303.0,-170.0,1.4016947472745291,34.0,42.5,2.0,1.6848364717542121
22086,PAPER CHAIN KIT 50'S CHRISTMAS,117760.29000000001,35084,2018,896,3.3699274661508705,10.0,24.0,14.0,3.3565240565499948,590.0,1461.7,16.0,1.681678257895337
22243,"HOOK, 5 HANGER ,MAGIC TOADSTOOL RED",4908.799999999999,3152,175,98,1.9305649717514124,950.0,870.0,-80.0,1.5573604060913704,53.0,87.44999999999999,6.0,1.681472081218274
20981,12 PENCILS TALL TUBE WOODLAND,4069.16,4718,513,290,0.9629126213592233,1110.0,591.0,-519.0,0.8624756252649427,79.0,67.14999999999999,7.0,1.6744383213225942
22630,DOLLY GIRL LUNCH BOX,33380.83,18122,1334,423,2.300874074074074,80.0,83.0,3.0,1.842005849244013,302.0,530.9999999999999,20.0,1.666482728175698
84978,HANGING HEART JAR T-LIGHT HOLDER,28475.96,21689,1425,525,1.5126805555555554,109.0,62.0,-47.0,1.3129217575729633,361.0,417.72,51.0,1.6644381944764628
21231,SWEETHEART CERAMIC TRINKET BOX,24128.86,19428,1482,500,1.4993377483443708,156.0,77.0,-79.0,1.2419631459748817,323.0,388.93,71.0,1.6625488984970147
22377,BOTTLE BAG RETROSPOT,6920.11,3618,435,200,2.4734174311926607,674.0,762.0,88.0,1.9126893311221669,60.0,116.8,5.0,1.658374792703151
23483,HANGING BUTTERFLY T-LIGHT HOLDER,1636.36,1328,73,57,2.409054054054054,2091.0,1757.0,-334.0,1.2321987951807227,22.0,26.240000000000002,4.0,1.6566265060240966
21579,LOLITA DESIGN COTTON TOTE BAG,1560.85,1029,136,80,2.5860583941605837,2148.0,2042.0,-106.0,1.516861030126336,17.0,38.25,5.0,1.6520894071914478
85116,BLACK CANDELABRA T-LIGHT HOLDER,2206.24,1817,181,40,1.560054945054945,1746.0,1413.0,-333.0,1.2142212438084754,30.0,63.00000000000001,2.0,1.6510731975784259
23355,HOT WATER BOTTLE KEEP CALM,28718.8,5816,782,474,5.271557788944723,107.0,457.0,350.0,4.937895460797799,96.0,417.6,8.0,1.6506189821182942
22073,RETRO SPOT STORAGE JAR,2853.29,729,155,95,4.591075949367089,1461.0,2411.0,950.0,3.9139780521262004,12.0,45.0,10.0,1.646090534979424
20676,RED RETROSPOT BOWL,7445.51,5846,544,227,1.6147176684881603,633.0,454.0,-179.0,1.273607594936709,96.0,106.13000000000001,6.0,1.6421484775915156
22925,BLUE GIANT GARDEN THERMOMETER,2989.52,488,191,130,6.48421875,1426.0,2788.0,1362.0,6.126065573770492,8.0,47.6,5.0,1.639344262295082
22824,3 TIER SWEETHEART GARDEN SHELF,2153.9500000000003,61,48,47,35.7,1771.0,4410.0,2639.0,35.31065573770492,1.0,35.95,1.0,1.639344262295082
22943,CHRISTMAS LIGHTS 10 VINTAGE BAUBLES,11696.64,2381,356,215,5.995530726256984,396.0,1119.0,723.0,4.912490550188996,39.0,190.25,16.0,1.637967240655187
21714,CITRONELLA CANDLE GARDEN POT,6182.39,4283,522,230,1.7584600760456273,764.0,648.0,-116.0,1.4434718655148262,70.0,70.1,11.0,1.6343684333411161
22938,CUPCAKE LACE PAPER SET 6,6891.249999999999,3687,273,237,2.076981818181818,676.0,751.0,75.0,1.8690669921345264,60.0,117.0,4.0,1.627339300244101
84459B,YELLOW METAL CHICKEN HEART,2341.77,1475,213,115,2.115852534562212,1681.0,1649.0,-32.0,1.5876406779661016,24.0,35.76,1.0,1.6271186440677967
23008,DOLLY GIRL BABY GIFT SET,6719.61,433,133,99,16.12609022556391,701.0,2898.0,2197.0,15.518729792147806,7.0,118.65,4.0,1.6166281755196306
22411,JUMBO SHOPPER VINTAGE RED PAISLEY,57318.71,27282,2193,658,2.4498823529411764,24.0,40.0,16.0,2.100971702954329,441.0,791.52,22.0,1.6164504068616672
22533,MAGIC DRAWING SLATE BAKE A CAKE,1763.2,4471,230,162,0.4756595744680851,2000.0,617.0,-1383.0,0.3943636770297473,72.0,30.240000000000002,2.0,1.6103779915007828
22194,BLACK DINER WALL CLOCK,3212.1,373,160,100,9.188625,1342.0,3040.0,1698.0,8.611528150134047,6.0,51.0,5.0,1.6085790884718498
21232,STRAWBERRY CERAMIC TRINKET POT,2131.2200000000003,1369,125,57,1.7832539682539683,1787.0,1731.0,-56.0,1.5567713659605553,22.0,27.5,5.0,1.6070124178232286
22148,EASTER CRAFT 4 CHICKS,6480.29,3237,299,209,2.3137377049180325,727.0,850.0,123.0,2.0019431572443622,52.0,101.39999999999999,6.0,1.6064257028112447
21770,OPEN CLOSED METAL SIGN,14807.300000000001,2991,651,423,5.4356748466257665,293.0,906.0,613.0,4.950618522233367,48.0,212.4,4.0,1.60481444332999
23354,6 GIFT TAGS 50'S CHRISTMAS,3429.4,3740,322,235,0.9722121212121212,1272.0,735.0,-537.0,0.916951871657754,60.0,49.8,3.0,1.6042780748663104
84077,WORLD WAR 2 GLIDERS ASSTD DESIGNS,24445.609999999997,106250,1021,482,0.28256835937499997,151.0,1.0,-150.0,0.23007632941176467,1704.0,361.68,11.0,1.6037647058823528
82486,WOOD S/3 CABINET ANT WHITE FINISH,31594.39,3994,1072,320,8.51200184501845,86.0,689.0,603.0,7.910463194792188,64.0,519.0,39.0,1.6024036054081119
22645,CERAMIC HEART FAIRY CAKE MONEY BANK,9765.529999999999,5441,737,338,2.020107671601615,495.0,492.0,-3.0,1.794804263922073,87.0,125.94999999999999,16.0,1.5989707774306194
21870,I CAN ONLY PLEASE ONE PERSON MUG,7627.49,6083,630,243,1.5364826498422712,618.0,438.0,-180.0,1.2539026795988821,97.0,121.25,18.0,1.594607923721848
22349,"DOG BOWL , CHASING BALL DESIGN",3014.3,754,136,104,4.172205882352941,1416.0,2366.0,950.0,3.997745358090186,12.0,42.120000000000005,5.0,1.5915119363395225
22700,BLACK AND WHITE DOG BOWL,3155.4,1384,98,79,2.8379591836734694,1364.0,1722.0,358.0,2.279913294797688,22.0,31.300000000000004,4.0,1.5895953757225432
23126,FELTCRAFT GIRL AMELIE KIT,5059.14,1007,275,187,5.402599277978339,929.0,2071.0,1142.0,5.023972194637538,16.0,79.2,6.0,1.5888778550148956
72817,SET OF 2 CHRISTMAS DECOUPAGE CANDLE,1621.28,1513,208,92,1.2854761904761904,2105.0,1621.0,-484.0,1.071566424322538,24.0,30.0,1.0,1.5862524785194978
23031,DRAWER KNOB CRACKLE GLAZE PINK,2132.5,1266,153,93,1.8296078431372549,1786.0,1802.0,16.0,1.684439178515008,20.0,33.0,9.0,1.579778830963665
23119,PACK OF 6 LARGE FRUIT STRAWS,1401.7,2282,151,97,0.7791390728476821,2275.0,1177.0,-1098.0,0.6142418930762489,36.0,22.32,2.0,1.5775635407537247
20682,RED RETROSPOT CHILDRENS UMBRELLA,5380.2699999999995,1591,346,190,3.9289655172413793,876.0,1570.0,694.0,3.3816907605279694,25.0,80.75,10.0,1.571338780641106
22730,ALARM CLOCK BAKELIKE IVORY,14867.27,3702,746,289,4.39781041388518,292.0,748.0,456.0,4.016010264721772,58.0,217.5,14.0,1.5667206915180982
22338,STAR DECORATION PAINTED ZINC,2151.99,6087,264,143,0.5545387453874538,1773.0,436.0,-1337.0,0.3535386890093642,95.0,60.37,5.0,1.5607031378347298
22427,ENAMEL FLOWER JUG CREAM,19273.280000000002,3217,804,460,6.480569306930693,214.0,855.0,641.0,5.991072427727698,50.0,291.5,20.0,1.554243083618278
23171,REGENCY TEA PLATE GREEN,10051.99,6247,381,195,2.128433420365535,482.0,412.0,-70.0,1.609090763566512,97.0,146.25,5.0,1.5527453177525212
22628,PICNIC BOXES SET OF 3 RETROSPOT,8367.8,1744,350,172,5.627806267806268,575.0,1454.0,879.0,4.798050458715596,27.0,133.65,14.0,1.548165137614679
20685,DOORMAT RED RETROSPOT,35198.96,5039,901,416,8.831219512195123,73.0,546.0,473.0,6.985306608454058,78.0,542.22,8.0,1.5479261758285374
22536,MAGIC DRAWING SLATE PURDEY,3314.08,8491,352,233,0.4557617728531856,1307.0,283.0,-1024.0,0.3903050288540808,131.0,47.82,2.0,1.5428100341538098
22626,BLACK KITCHEN SCALES,7167.4800000000005,843,343,200,9.117871720116618,651.0,2264.0,1613.0,8.502348754448398,13.0,110.5,7.0,1.542111506524318
85099B,JUMBO BAG RED RETROSPOT,145961.83,77286,3249,860,2.36281677301732,7.0,6.0,-1.0,1.8885934063090337,1191.0,2127.42,71.0,1.54102942318143
84849D,HOT BATHS SOAP HOLDER,2618.27,1558,260,122,1.8957088122605363,1562.0,1589.0,27.0,1.6805327342747112,24.0,40.56,3.0,1.540436456996149
22780,LIGHT GARLAND BUTTERFILES PINK,6167.59,1623,179,110,4.196629834254144,766.0,1540.0,774.0,3.800117067159581,25.0,106.25,8.0,1.5403573629081946
22637,PIGGY BANK RETROSPOT,11492.82,4480,599,329,3.0113,406.0,616.0,210.0,2.565361607142857,69.0,171.9,30.0,1.5401785714285716
35001G,HAND OPEN SHAPE GOLD,2259.47,715,103,46,4.204857142857143,1713.0,2430.0,717.0,3.1600979020979016,11.0,37.29,2.0,1.5384615384615385
21761,WOOD AND GLASS MEDICINE CABINET,1814.75,65,24,21,29.575,1977.0,4377.0,2400.0,27.91923076923077,1.0,29.95,1.0,1.5384615384615385
22183,CAKE STAND VICTORIAN FILIGREE MED,3297.25,586,209,58,6.313157894736842,1312.0,2624.0,1312.0,5.626706484641638,9.0,56.2,6.0,1.5358361774744027
22300,COFFEE MUG DOG + BALL DESIGN,9891.4,4117,527,254,3.0054613935969865,489.0,670.0,181.0,2.402574690308477,63.0,160.65,20.0,1.5302404663589992
21773,DECORATIVE ROSE BATHROOM BOTTLE,1899.4,1642,308,87,1.9163870967741934,1928.0,1524.0,-404.0,1.1567600487210719,25.0,31.25,3.0,1.5225334957369063
22665,RECIPE BOX BLUE SKETCHBOOK DESIGN,9589.84,2964,709,326,3.739410939691445,503.0,914.0,411.0,3.2354385964912282,45.0,129.95000000000002,18.0,1.5182186234817814
22301,COFFEE MUG CAT + BIRD DESIGN,12124.78,5012,646,273,3.162391975308642,382.0,551.0,169.0,2.41915003990423,76.0,192.0,26.0,1.5163607342378291
21042,RED SPOTTY APRON,4638.110000000001,794,204,120,6.717843137254902,1002.0,2324.0,1322.0,5.841448362720404,12.0,71.4,5.0,1.5113350125944585
22851,SET 20 NAPKINS FAIRY CAKES DESIGN,4193.679999999999,5167,523,306,0.9530827067669172,1084.0,524.0,-560.0,0.8116276369266497,78.0,66.3,4.0,1.5095800270950261
21218,RED SPOTTY BISCUIT TIN,20800.31,5256,897,313,5.261407982261641,193.0,513.0,320.0,3.9574410197869105,79.0,277.25,27.0,1.5030441400304413
22343,PARTY PIZZA DISH RED RETROSPOT,1541.47,2797,153,74,0.7627450980392158,2163.0,959.0,-1204.0,0.5511154808723633,42.0,35.7,2.0,1.5016088666428316
21876,POTTERING MUG,7351.25,5663,623,239,1.9827884615384614,641.0,474.0,-167.0,1.2981193713579375,85.0,112.39999999999999,15.0,1.5009712166696099
21925,UNION STRIPE CUSHION COVER,1562.33,1201,167,100,1.5775147928994084,2146.0,1867.0,-279.0,1.300857618651124,18.0,22.5,5.0,1.4987510407993339
22779,WOODEN OWLS LIGHT GARLAND,6631.35,1735,193,112,4.198775510204082,714.0,1459.0,745.0,3.8221037463976946,26.0,110.5,7.0,1.4985590778097981
48195,DOOR MAT GREEN PAISLEY,1613.56,268,86,56,8.110813953488371,2111.0,3350.0,1239.0,6.020746268656716,4.0,27.0,2.0,1.4925373134328357
22059,CERAMIC STRWBERRY DESIGN MUG,3393.1,2347,215,106,1.8904017857142856,1286.0,1143.0,-143.0,1.445717937792927,35.0,52.15,10.0,1.4912654452492544
23184,BULL DOG BOTTLE OPENER,4764.5,874,264,129,6.4533082706766915,968.0,2227.0,1259.0,5.451372997711671,13.0,64.35,4.0,1.4874141876430207
22947,WOODEN ADVENT CALENDAR RED,12704.15,1011,209,124,14.754761904761905,363.0,2063.0,1700.0,12.565924826904055,15.0,221.26999999999998,11.0,1.483679525222552
21662,VINTAGE GLASS COFFEE CADDY,1735.0500000000002,270,107,59,7.3523148148148145,2023.0,3342.0,1319.0,6.426111111111112,4.0,23.8,4.0,1.4814814814814816
84536B,FAIRY CAKES NOTEBOOK A7 SIZE,1561.49,3514,400,131,0.5738118811881188,2147.0,786.0,-1361.0,0.4443625498007968,52.0,21.84,3.0,1.479795105293113
37500,TEA TIME TEAPOT IN GIFT BOX,6787.46,881,263,147,9.145227272727272,690.0,2217.0,1527.0,7.704267877412032,13.0,119.97,9.0,1.4755959137343928
21070,VINTAGE BILLBOARD MUG,2083.46,2034,229,107,1.584655172413793,1814.0,1295.0,-519.0,1.0243166175024583,30.0,33.32,2.0,1.4749262536873156
22788,BROCANTE COAT RACK,3942.62,476,84,51,11.650238095238095,1138.0,2813.0,1675.0,8.28281512605042,7.0,66.75,5.0,1.4705882352941175
22957,SET 3 PAPER VINTAGE CHICK PAPER EGG,5014.650000000001,1775,214,179,3.115555555555556,934.0,1434.0,500.0,2.825154929577465,26.0,71.9,4.0,1.4647887323943662
22845,VINTAGE CREAM CAT FOOD CONTAINER,6482.96,956,387,185,7.823444730077121,726.0,2131.0,1405.0,6.781338912133891,14.0,88.1,9.0,1.4644351464435146
22292,"SPRING DEC , HANGING CHICK YELLOW",2164.88,1640,109,80,1.6096363636363638,1762.0,1526.0,-236.0,1.320048780487805,24.0,34.8,1.0,1.4634146341463417
22299,PIG KEYRING WITH LIGHT & SOUND,4430.82,3912,202,103,1.629207920792079,1036.0,703.0,-333.0,1.132622699386503,57.0,71.25,5.0,1.4570552147239262
21428,SET3 BOOK BOX GREEN GINGHAM FLOWER,11762.93,2883,465,228,5.06049356223176,392.0,928.0,536.0,4.080100589663545,42.0,166.0,9.0,1.45681581685744
20914,SET/5 RED RETROSPOT LID GLASS BOWLS,23040.04,7964,1147,442,3.2624037639007697,166.0,313.0,147.0,2.8930236062280263,116.0,327.0,41.0,1.4565544952285283
21462,"NURSERY A,B,C PAINTED LETTERS",2425.41,413,171,131,6.878888888888889,1640.0,2952.0,1312.0,5.872663438256658,6.0,40.5,6.0,1.4527845036319613
22653,BUTTON BOX,5618.21,3031,381,156,2.042291666666667,830.0,899.0,69.0,1.8535829759155393,44.0,85.8,4.0,1.4516661167931375
37448,CERAMIC CAKE DESIGN SPOTTED MUG,6827.21,4549,528,198,1.8049816176470588,684.0,612.0,-72.0,1.500815563860189,66.0,97.86,26.0,1.4508683227082875
71053,WHITE METAL LANTERN,18525.22,4700,701,290,4.430222841225627,222.0,595.0,373.0,3.9415361702127663,68.0,248.52,19.0,1.446808510638298
21349,IVY HEART WREATH,4010.73,553,171,113,8.393837209302326,1123.0,2681.0,1558.0,7.252676311030742,8.0,54.0,2.0,1.4466546112115732
22766,PHOTO FRAME CORNICE,12864.25,4367,640,343,3.1835038759689924,358.0,634.0,276.0,2.945786581177009,63.0,185.85000000000002,20.0,1.4426379665674376
23156,SET OF 5 MINI GROCERY MAGNETS,3423.29,1665,205,117,2.261497584541063,1274.0,1511.0,237.0,2.05603003003003,24.0,49.92,2.0,1.4414414414414414
22795,SWEETHEART RECIPE BOOK STAND,11175.81,1597,498,227,7.921394422310757,418.0,1562.0,1144.0,6.998002504696306,23.0,118.95,6.0,1.440200375704446
22384,LUNCH BAG PINK RETROSPOT,14391.72,8916,812,375,1.8455259975816203,304.0,262.0,-42.0,1.6141453566621802,128.0,190.4,14.0,1.4356213548676535
21009,ETCHED GLASS STAR TREE DECORATION,1494.99,1047,102,72,1.4825714285714284,2191.0,2031.0,-160.0,1.4278796561604585,15.0,18.75,3.0,1.4326647564469914
21586,KINGS CHOICE GIANT TUBE MATCHES,6018.75,2583,238,172,2.5149590163934423,781.0,1037.0,256.0,2.3301393728222997,37.0,94.35000000000001,4.0,1.4324428958575302
22998,TRAVEL CARD WALLET KEEP CALM,5262.82,12366,534,217,0.49730483271375464,890.0,172.0,-718.0,0.42558790231279314,177.0,74.34,11.0,1.4313440077632218
22128,PARTY CONES CANDY ASSORTED,4759.59,3923,195,143,1.5353299492385786,969.0,700.0,-269.0,1.2132526127963295,56.0,70.0,3.0,1.4274789701758857
85059,FRENCH ENAMEL WATER BASIN,2399.89,701,211,108,4.293896713615023,1653.0,2450.0,797.0,3.4235235378031383,10.0,30.0,4.0,1.4265335235378032
22800,ANTIQUE TALL SWIRLGLASS TRINKET POT,4586.4,1127,268,149,4.836455223880598,1007.0,1932.0,925.0,4.069565217391304,16.0,60.0,9.0,1.419698314108252
23245,SET OF 3 REGENCY CAKE TINS,31118.550000000003,6345,873,472,5.883424657534246,91.0,396.0,305.0,4.904420803782506,90.0,421.5,37.0,1.4184397163120568
21246,RED SPOTTY BIG BOWL,2150.8500000000004,423,101,68,5.613663366336634,1774.0,2923.0,1149.0,5.084751773049646,6.0,29.700000000000003,2.0,1.4184397163120568
22052,VINTAGE CARAVAN GIFT WRAP,1460.5,3525,128,105,0.41812499999999997,2223.0,781.0,-1442.0,0.41432624113475175,50.0,21.0,2.0,1.4184397163120568
20712,JUMBO BAG WOODLAND ANIMALS,37499.37,17710,1415,387,2.738984593837535,70.0,89.0,19.0,2.1174121964991532,251.0,447.61,18.0,1.417278373800113
21289,LARGE STRIPES CHOCOLATE GIFT BAG,1549.31,1413,102,52,1.3087254901960785,2156.0,1697.0,-459.0,1.0964685067232838,20.0,25.0,2.0,1.4154281670205235
21937,STRAWBERRY PICNIC BAG,12038.82,4100,657,286,3.6050832072617247,386.0,674.0,288.0,2.9362975609756097,58.0,169.10000000000002,14.0,1.4146341463414636
21624,VINTAGE UNION JACK DOORSTOP,10641.15,1771,403,281,6.616987654320988,447.0,1437.0,990.0,6.0085544889892715,25.0,128.75,3.0,1.4116318464144553
22112,CHOCOLATE HOT WATER BOTTLE,57981.94,11066,1721,631,5.846643757159221,22.0,201.0,179.0,5.23964756913067,156.0,687.48,13.0,1.4097234773179108
21217,RED RETROSPOT ROUND CAKE TINS,15123.2,1420,465,219,12.523447537473233,286.0,1691.0,1405.0,10.650140845070423,20.0,199.0,14.0,1.4084507042253522
21476,STEEL SWEETHEART ROUND TABLE CREAM,2219.5099999999998,142,85,53,16.436,1738.0,3839.0,2101.0,15.630352112676055,2.0,29.9,2.0,1.4084507042253522
22324,BLUE POLKADOT KIDS BAG,1389.06,568,151,52,3.31625,2286.0,2652.0,366.0,2.4455281690140844,8.0,15.6,1.0,1.4084507042253522
22911,PAPER CHAIN KIT LONDON,2454.3500000000004,853,164,115,3.219818181818182,1631.0,2251.0,620.0,2.8773153575615478,12.0,35.400000000000006,4.0,1.406799531066823
20702,PINK PADDED MOBILE,3296.7,782,245,151,4.303225806451613,1313.0,2337.0,1024.0,4.215728900255754,11.0,46.75,6.0,1.4066496163682864
22080,RIBBON REEL SPOTS DESIGN,3668.58,2211,277,199,1.8497491039426521,1212.0,1205.0,-7.0,1.6592401628222524,31.0,51.15,2.0,1.4020805065581186
22902,TOTE BAG I LOVE LONDON,3506.56,1716,199,102,2.593283582089552,1257.0,1472.0,215.0,2.0434498834498833,24.0,50.400000000000006,2.0,1.3986013986013985
22625,RED KITCHEN SCALES,22911.55,2647,958,440,9.646722338204592,167.0,1018.0,851.0,8.65566679259539,37.0,299.2,21.0,1.3978088401964488
21355,TOAST ITS - I LOVE YOU,4218.05,3452,341,213,1.455664739884393,1076.0,804.0,-272.0,1.2219148319814601,48.0,60.0,3.0,1.3904982618771726
22449,SILK PURSE BABUSHKA PINK,2843.8300000000004,863,218,111,3.3467272727272728,1469.0,2244.0,775.0,3.295283893395134,12.0,40.2,2.0,1.3904982618771726
21212,PACK OF 72 RETRO SPOT CAKE CASES,24054.43,46728,1410,632,0.6659163763066203,157.0,12.0,-145.0,0.5147755093305941,649.0,310.02,9.0,1.3888888888888888
22366,DOORMAT AIRMAIL,13875.59,2089,433,200,9.173718244803695,318.0,1264.0,946.0,6.642216371469603,29.0,209.97000000000003,4.0,1.3882240306366682
22807,SET OF 6 T-LIGHTS TOADSTOOLS,4086.5600000000004,1375,294,125,3.702675585284281,1103.0,1729.0,626.0,2.9720436363636367,19.0,51.25000000000001,3.0,1.3818181818181818
21238,RED RETROSPOT CUP,4164.55,4731,469,186,1.0648734177215189,1090.0,587.0,-503.0,0.8802684421898119,65.0,54.99,13.0,1.3739167195096174
15056N,EDWARDIAN PARASOL NATURAL,57975.450000000004,11286,1033,347,6.818394230769231,23.0,198.0,175.0,5.1369351408825095,155.0,840.55,21.0,1.3733829523303207
22937,BAKING MOULD CHOCOLATE CUPCAKES,2502.04,948,157,119,2.928509316770186,1611.0,2139.0,528.0,2.639282700421941,13.0,33.15,2.0,1.3713080168776373
22589,CARDHOLDER GINGHAM STAR,3626.78,1317,238,170,3.0943153526970955,1222.0,1763.0,541.0,2.753819286256644,18.0,45.9,1.0,1.366742596810934
22579,WOODEN TREE CHRISTMAS SCANDINAVIAN,3715.68,7056,550,344,0.6896672504378284,1200.0,356.0,-844.0,0.5265986394557823,96.0,81.6,1.0,1.3605442176870748
21591,COSY HOUR CIGAR BOX MATCHES,6003.08,3978,365,264,1.262421052631579,784.0,692.0,-92.0,1.509069884364002,54.0,67.5,2.0,1.3574660633484164
22166,WALL MIRROR RECTANGLE DIAMANTE PINK,1781.97,221,98,16,11.912755102040817,1991.0,3517.0,1526.0,8.063212669683258,3.0,23.85,2.0,1.3574660633484164
20686,DOLLY MIXTURE CHILDREN'S UMBRELLA,2002.84,590,186,117,3.713978494623656,1867.0,2616.0,749.0,3.39464406779661,8.0,25.0,7.0,1.3559322033898304
21869,POTTING SHED COFFEE MUG,1469.5800000000002,1264,111,82,1.348125,2213.0,1803.0,-410.0,1.1626424050632913,17.0,21.25,4.0,1.3449367088607596
21430,SET/3 RED GINGHAM ROSE STORAGE BOX,18044.97,4621,814,323,4.762558139534884,226.0,603.0,377.0,3.904992425881844,62.0,222.78,22.0,1.3417009305345162
21931,JUMBO STORAGE BAG SUKI,61537.55,29183,2330,546,2.532299192520187,17.0,33.0,16.0,2.108677997464277,390.0,710.63,34.0,1.3363944762361648
22384,LUNCH BAG PINK POLKADOT,19500.66,11751,1281,508,2.0076021588280644,212.0,184.0,-28.0,1.659489405157008,157.0,244.45,22.0,1.3360565058292913
21777,RECIPE BOX WITH METAL HEART,9075.51,1126,367,169,9.097527173913043,532.0,1937.0,1405.0,8.059955595026643,15.0,119.25,9.0,1.3321492007104796
46000S,POLYESTER FILLER PAD 40X40CM,5032.95,5261,390,240,1.412820512820513,933.0,512.0,-421.0,0.9566527276183234,70.0,101.5,5.0,1.3305455236647026
21934,SKULL SHOULDER BAG,8275.22,4597,725,164,2.1966574965612105,579.0,605.0,26.0,1.8001348705677613,61.0,100.64999999999999,2.0,1.3269523602349358
22221,CAKE STAND LOVEBIRD 2 TIER PINK,6702.33,905,156,108,10.578535031847133,703.0,2193.0,1490.0,7.405889502762431,12.0,119.39999999999999,9.0,1.3259668508287292
21637,ASSORTED SANSKRIT MINI NOTEBOOK,1741.72,1358,93,40,1.8408602150537634,2016.0,1735.0,-281.0,1.2825625920471282,18.0,22.5,1.0,1.3254786450662739
22777,GLASS CLOCHE LARGE,3821.82,453,99,66,10.184545454545454,1168.0,2860.0,1692.0,8.436688741721854,6.0,50.15,5.0,1.3245033112582782
22349,DOG BOWL CHASING BALL DESIGN,7537.37,1821,232,144,4.102905982905983,626.0,1408.0,782.0,4.139137836353652,24.0,90.0,6.0,1.3179571663920924
23094,LE GRAND TRAY CHIC SET,1924.92,152,79,65,12.815443037974683,1909.0,3788.0,1879.0,12.663947368421054,2.0,25.0,2.0,1.3157894736842104
22161,HEART DECORATION RUSTIC HANGING,2738.28,6726,489,156,0.6999212598425197,1512.0,375.0,-1137.0,0.40711864406779663,88.0,28.880000000000003,2.0,1.3083556348498364
23086,ZINC STAR T-LIGHT HOLDER,1451.43,1225,47,31,1.5197872340425533,2237.0,1845.0,-392.0,1.1848408163265307,16.0,20.0,1.0,1.306122448979592
21389,IVORY HANGING DECORATION BIRD,2008.09,2299,261,149,0.9979850746268656,1860.0,1165.0,-695.0,0.8734623749456285,30.0,25.5,6.0,1.3049151805132666
85034A,3 GARDENIA MORRIS BOXED CANDLES,2364.82,846,135,92,3.896338028169014,1667.0,2262.0,595.0,2.795295508274232,11.0,37.75,5.0,1.3002364066193852
22199,FRYING PAN RED RETROSPOT,2590.21,617,217,95,5.282626728110599,1577.0,2579.0,1002.0,4.19807131280389,8.0,34.0,2.0,1.2965964343598055
23298,SPOTTY BUNTING,42513.48,8491,1141,571,5.514403114186851,52.0,283.0,231.0,5.006887292427276,110.0,482.81,12.0,1.295489341655871
85125,SMALL ROUND CUT GLASS CANDLESTICK,1479.51,309,62,32,5.313709677419355,2204.0,3216.0,1012.0,4.788058252427184,4.0,19.8,1.0,1.2944983818770228
23301,GARDENERS KNEELING PAD KEEP CALM,16327.349999999999,8807,913,405,1.9439673913043478,253.0,267.0,14.0,1.8539059838764618,114.0,168.89999999999998,11.0,1.2944248892926082
22382,LUNCH BAG SPACEBOY DESIGN,33049.37,19605,2109,774,1.9003522780648192,82.0,76.0,-6.0,1.6857623055343025,253.0,387.25,20.0,1.2904871206324917
21718,RED METAL BEACH SPADE,5250.3,4030,467,223,1.6677659574468087,891.0,680.0,-211.0,1.3028039702233252,52.0,65.0,5.0,1.2903225806451613
21681,GIANT MEDINA STAMPED METAL BOWL,2234.81,233,79,62,10.156375,1730.0,3471.0,1741.0,9.59145922746781,3.0,29.849999999999998,2.0,1.2875536480686696
22794,SWEETHEART WIRE MAGAZINE RACK,3271.35,389,209,130,8.881196172248805,1322.0,2998.0,1676.0,8.409640102827764,5.0,39.75,4.0,1.2853470437017995
23081,GREEN METAL BOX ARMY SUPPLIES,3906.25,467,135,78,9.44148148148148,1146.0,2833.0,1687.0,8.36456102783726,6.0,49.5,3.0,1.284796573875803
20956,PORCELAIN T-LIGHT HOLDERS ASSORTED,3083.82,2338,236,117,1.7566390041493773,1387.0,1147.0,-240.0,1.318999144568007,30.0,37.5,4.0,1.2831479897348161
47580,TEA TIME DES TEA COSY,4298.6,1662,344,158,3.132997118155619,1062.0,1512.0,450.0,2.5864019253910953,21.0,53.550000000000004,4.0,1.263537906137184
23152,IVORY SWEETHEART WIRE LETTER RACK,2080.65,554,159,108,3.9519374999999997,1817.0,2678.0,861.0,3.7556859205776174,7.0,26.25,3.0,1.263537906137184
22318,FIVE HEART HANGING DECORATION,4983.9800000000005,1583,389,204,3.6787786259541986,941.0,1578.0,637.0,3.148439671509792,20.0,59.00000000000001,7.0,1.2634238787113077
22291,"SPRING DEC , HANGING CHICK CREAM",2499.58,1900,142,76,1.6448965517241378,1613.0,1360.0,-253.0,1.3155684210526315,24.0,34.8,1.0,1.263157894736842
47503A,ASS FLORAL PRINT MULTI SCREWDRIVER,1405.51,2853,195,146,0.63315,2274.0,938.0,-1336.0,0.4926428321065545,36.0,25.08,2.0,1.2618296529968454
22084,PAPER CHAIN KIT EMPIRE,25163.56,8803,811,464,3.2735200974421437,141.0,268.0,127.0,2.858520958764058,111.0,299.45,4.0,1.2609337725775305
23240,SET OF 4 KNICK KNACK TINS DOILEY,7273.69,1825,183,143,4.2598924731182795,647.0,1406.0,759.0,3.9855835616438355,23.0,95.05,7.0,1.2602739726027399
23091,ZINC HERB GARDEN CONTAINER,3516.64,556,204,155,6.744,1253.0,2673.0,1420.0,6.324892086330935,7.0,43.75,4.0,1.2589928057553956
22068,BLACK PIRATE TREASURE CHEST,1979.82,1112,276,111,2.2503597122302157,1876.0,1948.0,72.0,1.780413669064748,14.0,23.099999999999998,3.0,1.2589928057553956
22219,LOVEBIRD HANGING DECORATION WHITE,9270.48,9771,1149,384,1.1349401709401707,523.0,238.0,-285.0,0.9487749462695731,123.0,93.89,6.0,1.2588271415412957
21832,CHOCOLATE CALCULATOR,5836.759999999999,3338,459,204,2.2659482758620686,806.0,834.0,28.0,1.7485799880167763,42.0,69.3,5.0,1.2582384661473938
22675,FRENCH KITCHEN SIGN BLUE METAL,2754.95,2227,270,179,1.4426373626373625,1499.0,1196.0,-303.0,1.2370678042209249,28.0,35.0,4.0,1.2572968118545127
21352,EUCALYPTUS & PINECONE WREATH,3110.28,880,158,77,5.293647798742139,1379.0,2220.0,841.0,3.534409090909091,11.0,74.25,4.0,1.25
21936,RED/WHITE SPOT PICNIC BAG,3164.59,1125,111,73,3.6107964601769913,1358.0,1938.0,580.0,2.812968888888889,14.0,41.300000000000004,3.0,1.2444444444444445
23283,DOORMAT VINTAGE LEAF,4122.2,564,142,100,9.177535211267607,1100.0,2658.0,1558.0,7.30886524822695,7.0,57.45,2.0,1.2411347517730498
21576,LETS GO SHOPPING COTTON TOTE BAG,1686.19,732,205,118,2.513381642512077,2057.0,2408.0,351.0,2.3035382513661204,9.0,20.25,3.0,1.2295081967213115
23314,VINTAGE CHRISTMAS TABLECLOTH,5012.96,407,117,87,13.607881355932204,935.0,2965.0,2030.0,12.316855036855037,5.0,62.5,2.0,1.2285012285012284
22553,PLASTERS IN TIN SKULLS,13013.149999999998,7818,1091,507,1.9000811541929667,353.0,321.0,-32.0,1.6645113839856738,96.0,158.39999999999998,10.0,1.2279355333844972
23397,FOOT STOOL HOME SWEET HOME,5097.65,489,217,139,11.573870967741934,920.0,2786.0,1866.0,10.424642126789365,6.0,59.699999999999996,5.0,1.2269938650306749
22737,RIBBON REEL CHRISTMAS PRESENT,5840.43,3266,493,300,2.1432803180914513,804.0,845.0,41.0,1.7882516840171465,40.0,66.0,2.0,1.224739742804654
22974,CHILDRENS DOLLY GIRL MUG,2795.81,1636,211,128,2.039433962264151,1481.0,1533.0,52.0,1.7089303178484108,20.0,33.0,7.0,1.2224938875305624
22646,CERAMIC STRAWBERRY CAKE MONEY BANK,12654.71,8918,883,404,1.8664022346368716,365.0,261.0,-104.0,1.419007625028033,109.0,155.0,32.0,1.2222471406144875
23263,SET OF 3 WOODEN HEART DECORATIONS,5147.19,3863,445,269,1.4479957805907173,904.0,713.0,-191.0,1.3324333419622054,47.0,58.75,5.0,1.2166709811027698
22079,RIBBON REEL HEARTS DESIGN,8457.84,5028,684,397,1.9348115942028985,565.0,548.0,-17.0,1.682147971360382,61.0,100.65,5.0,1.213206046141607
20713,JUMBO BAG OWLS,40667.05,20814,1314,371,2.5839698113207543,59.0,66.0,7.0,1.9538315556836745,252.0,448.98,12.0,1.2107235514557508
21889,WOODEN BOX OF DOMINOES,17095.66,12806,1124,595,1.5506999125109362,242.0,163.0,-79.0,1.3349726690613775,155.0,193.75,13.0,1.2103701389973451
23007,SPACEBOY BABY GIFT SET,7741.749999999999,498,184,110,15.913423913043477,611.0,2767.0,2156.0,15.545682730923692,6.0,101.69999999999999,3.0,1.2048192771084338
23082,SET 6 PAPER TABLE LANTERN HEARTS,8558.76,2328,297,205,4.093564356435643,556.0,1154.0,598.0,3.676443298969072,28.0,103.16,6.0,1.202749140893471
22604,SET OF 4 NAPKIN CHARMS CUTLERY,4911.72,1999,244,159,2.7537499999999997,949.0,1317.0,368.0,2.4570885442721364,24.0,61.2,3.0,1.2006003001500751
22035,VINTAGE CARAVAN GREETING CARD,1731.24,4083,360,152,0.5541274238227146,2025.0,677.0,-1348.0,0.4240117560617193,49.0,20.580000000000002,2.0,1.2000979671809944
23254,CHILDRENS CUTLERY DOLLY GIRL,6753.71,1667,291,197,4.270341296928327,697.0,1508.0,811.0,4.051415716856629,20.0,83.0,8.0,1.199760047990402
47585A,PINK FAIRY CAKE CUSHION COVER,2612.88,1084,148,66,4.460067567567568,1566.0,1987.0,421.0,2.410405904059041,13.0,18.75,2.0,1.1992619926199262
21710,FOLDING UMBRELLA PINK/WHITE SPOT,1549.34,584,49,40,4.8208,2155.0,2630.0,475.0,2.6529794520547942,7.0,34.65,2.0,1.1986301369863013
22988,SOLDIERS EGG CUP,11238.45,9363,446,207,1.4986474501108646,412.0,253.0,-159.0,1.200304389618712,112.0,132.78,8.0,1.1961977998504754
85049F,BABY BOOM RIBBONS,2634.0,2110,314,206,1.3125078369905956,1556.0,1252.0,-304.0,1.248341232227488,25.0,31.25,2.0,1.1848341232227488
22706,WRAP COWBOYS,1693.24,4222,125,109,0.41744,2052.0,657.0,-1395.0,0.40105163429654195,50.0,21.0,2.0,1.1842728564661298
22485,SET OF 2 WOODEN MARKET CRATES,14677.84,1101,419,280,14.761428571428572,295.0,1963.0,1668.0,13.331371480472297,13.0,165.75,8.0,1.1807447774750226
22560,TRADITIONAL MODELLING CLAY,17861.71,14836,742,420,1.3711405835543766,229.0,126.0,-103.0,1.2039437853868966,175.0,191.2,4.0,1.1795632245888379
22348,TEA BAG PLATE RED SPOTTY,5934.19,7126,465,214,1.0631063829787233,795.0,349.0,-446.0,0.8327518944709514,84.0,71.4,3.0,1.1787819253438114
84992,72 SWEETHEART FAIRY CAKE CASES,17259.85,34797,1460,614,0.68719707057257,239.0,25.0,-214.0,0.4960154611029686,410.0,175.33,7.0,1.1782624938931519
21259,VICTORIAN SEWING BOX SMALL,13843.92,2293,655,300,6.926051829268292,322.0,1169.0,847.0,6.03747056258177,27.0,155.65,17.0,1.1774967291757523
72760B,VINTAGE CREAM 3 BASKET CAKE STAND,16409.02,1699,494,301,10.82219758064516,250.0,1488.0,1238.0,9.658045909358446,20.0,170.34,5.0,1.1771630370806356
84997D,PINK 3 PIECE POLKADOT CUTLERY SET,9621.970000000001,2634,280,172,4.037937062937063,501.0,1024.0,523.0,3.652987851176918,31.0,116.25,3.0,1.1769172361427487
85049G,CHOCOLATE BOX RIBBONS,4718.62,3829,510,288,1.3707633587786259,978.0,719.0,-259.0,1.2323374249151213,45.0,56.25,5.0,1.1752415774353617
84032A,CHARLIE+LOLA PINK HOT WATER BOTTLE,8624.1,3234,662,227,3.3137987987987993,552.0,852.0,300.0,2.66669758812616,38.0,112.10000000000001,5.0,1.1750154607297465
22863,SOAP DISH BROCANTE,3166.61,1107,169,120,3.2187058823529417,1357.0,1953.0,596.0,2.8605329719963866,13.0,38.35000000000001,2.0,1.1743450767841013
21703,BAG 125G SWIRLY MARBLES,5646.47,14577,561,293,0.49681109185441935,827.0,129.0,-698.0,0.3873547369143171,171.0,71.82,9.0,1.1730808808396789
48189,DOORMAT FRIENDSHIP,5050.04,854,96,52,10.611979166666666,931.0,2249.0,1318.0,5.913395784543326,10.0,67.5,1.0,1.1709601873536302
22554,PLASTERS IN TIN WOODLAND ANIMALS,22853.719999999998,13588,1275,587,1.8651470588235295,170.0,147.0,-23.0,1.6819046217250513,159.0,243.14999999999998,9.0,1.1701501324698262
22729,ALARM CLOCK BAKELIKE ORANGE,11864.0,2999,612,236,4.47391935483871,389.0,905.0,516.0,3.9559853284428144,35.0,130.89,18.0,1.1670556852284095
21622,VINTAGE UNION JACK CUSHION COVER,19936.94,3699,626,329,5.8373892405063295,204.0,749.0,545.0,5.389818869964855,43.0,212.85000000000002,17.0,1.1624763449580968
22197,POPCORN HOLDER,34288.67,36749,803,295,1.0208363636363635,76.0,21.0,-55.0,0.9330504231407657,427.0,329.41,36.0,1.1619363792212032
21090,SET/6 COLLAGE PAPER PLATES,1729.09,3107,278,129,0.7291397849462365,2029.0,881.0,-1148.0,0.556514322497586,36.0,14.04,3.0,1.1586739620212423
23208,LUNCH BAG VINTAGE LEAF DESIGN,10441.91,6308,668,305,1.9362038404726736,458.0,404.0,-54.0,1.6553440076093848,73.0,109.85,4.0,1.157260621433101
22059,CERAMIC STRAWBERRY DESIGN MUG,3245.93,2593,243,112,1.668893280632411,1330.0,1034.0,-296.0,1.2518048592364057,30.0,44.7,11.0,1.1569610489780178
21532,DAIRY MAID SUGAR JAM BOWL,1419.71,1387,90,58,2.386413043478261,2265.0,1720.0,-545.0,1.0235832732516221,16.0,33.6,8.0,1.1535688536409516
22976,CIRCUS PARADE CHILDRENS EGG CUP,1465.26,1127,149,81,1.5033999999999998,2218.0,1932.0,-286.0,1.3001419698314107,13.0,16.25,2.0,1.1535048802129548
21866,UNION JACK FLAG LUGGAGE TAG,3591.5,2168,453,190,1.7704347826086957,1229.0,1221.0,-8.0,1.6565959409594095,25.0,31.25,3.0,1.1531365313653137
23372,SET 36 COLOUR PENCILS DOLLY GIRL,1750.29,1389,147,76,1.6135761589403974,2006.0,1717.0,-289.0,1.2601079913606912,16.0,20.0,1.0,1.1519078473722102
21065,BOOM BOX SPEAKER GIRLS,1455.3600000000001,608,118,44,4.923114754098361,2231.0,2586.0,355.0,2.393684210526316,7.0,39.910000000000004,2.0,1.151315789473684
23240,SET OF 4 KNICK KNACK TINS DOILY,9726.48,2352,353,230,4.541388888888889,498.0,1138.0,640.0,4.135408163265306,27.0,111.65,10.0,1.1479591836734695
22372,AIRLINE BAG VINTAGE WORLD CHAMPION,3073.43,611,294,163,5.211627118644068,1394.0,2583.0,1189.0,5.030163666121113,7.0,33.95,3.0,1.1456628477905073
21633,SUNFLOWER DECORATIVE PARASOL,1663.11,175,72,32,13.04888888888889,2073.0,3693.0,1620.0,9.503485714285715,2.0,25.5,2.0,1.1428571428571428
21899,"KEY FOB , GARAGE DESIGN",3756.66,5900,476,266,0.7785743801652892,1190.0,451.0,-739.0,0.6367220338983051,67.0,43.55,5.0,1.135593220338983
22099,CARAVAN SQUARE TISSUE BOX,1585.46,2123,291,168,1.2789666666666666,2130.0,1244.0,-886.0,0.7468016957136129,24.0,30.0,3.0,1.1304757418747056
21121,SET/10 RED SPOTTY PARTY CANDLES,7990.77,6561,388,249,1.3632142857142857,590.0,384.0,-206.0,1.2179195244627343,74.0,92.5,5.0,1.1278768480414572
22444,GROW YOUR OWN PLANT IN A CAN,13856.6,10135,456,249,1.5685557986870895,321.0,225.0,-96.0,1.3672027627035028,114.0,142.5,9.0,1.1248149975333004
16161U,WRAP SUKI AND FRIENDS,2721.92,6676,208,148,0.4185576923076923,1517.0,380.0,-1137.0,0.40771719592570405,75.0,31.5,3.0,1.1234272019173157
22940,FELTCRAFT CHRISTMAS FAIRY,15282.81,3491,586,392,4.533444816053512,282.0,790.0,508.0,4.377774276711544,39.0,120.75,7.0,1.1171584073331424
21122,SET/10 PINK POLKADOT PARTY CANDLES,7962.62,6543,420,261,1.3621779859484777,592.0,387.0,-205.0,1.2169677517958124,73.0,91.25,4.0,1.1156961638392173
79067,CORONA MEXICAN TRAY,6380.2,1616,397,160,4.926140350877193,740.0,1549.0,809.0,3.9481435643564353,18.0,62.7,8.0,1.1138613861386137
21484,CHICK GREY HOT WATER BOTTLE,18171.14,4585,864,367,4.568367579908676,224.0,607.0,383.0,3.96317121046892,51.0,157.95000000000002,4.0,1.1123227917121048
23480,MINI LIGHTS WOODLAND MUSHROOMS,6719.14,1799,215,143,4.408538812785388,702.0,1423.0,721.0,3.7349305169538636,20.0,68.1,2.0,1.1117287381878822
21121,SET/10 RED POLKADOT PARTY CANDLES,10451.93,8654,485,301,1.349061224489796,456.0,276.0,-180.0,1.2077571065403283,96.0,120.0,4.0,1.1093136122024498
22083,PAPER CHAIN KIT RETROSPOT,19261.030000000002,6137,810,376,3.7808108108108107,215.0,433.0,218.0,3.1385090435065996,68.0,200.60000000000002,7.0,1.10803324099723
48129,DOORMAT TOPIARY,12927.53,2087,337,183,8.565,355.0,1267.0,912.0,6.194312410158122,23.0,159.15,4.0,1.1020603737422137
21429,RED GINGHAM ROSE JEWELLERY BOX,11342.25,6359,997,418,2.1040532544378694,411.0,394.0,-17.0,1.7836530901085077,70.0,120.3,19.0,1.1008020128951093
40018F,CHERRY DESIGN PAPERLANTERNS,2100.33,1092,117,69,2.2838655462184874,1805.0,1976.0,171.0,1.9233791208791209,12.0,23.4,3.0,1.098901098901099
22534,MAGIC DRAWING SLATE SPACEBOY,5393.83,12666,579,349,0.4942114093959732,874.0,169.0,-705.0,0.4258510974261803,139.0,58.38,5.0,1.0974261803252803
20724,RED RETROSPOT CHARLOTTE BAG,24958.77,20671,1258,390,1.1285031347962382,143.0,69.0,-74.0,1.2074292487059166,226.0,172.73,19.0,1.093319142760389
23159,SET OF 5 PANCAKE DAY MAGNETS,4713.52,2293,223,121,2.3199107142857143,982.0,1169.0,187.0,2.0556127344090713,25.0,52.0,3.0,1.0902747492368077
22451,SILK PURSE BABUSHKA RED,2521.7200000000003,734,150,88,3.9706535947712416,1602.0,2404.0,802.0,3.435585831062671,8.0,26.8,2.0,1.08991825613079
22837,HOT WATER BOTTLE BABUSHKA,15837.18,3398,436,210,5.311377777777778,263.0,817.0,554.0,4.660735726898175,37.0,157.65,2.0,1.088875809299588
21991,BOHEMIAN COLLAGE STATIONERY SET,1927.54,1103,289,109,2.241917808219178,1906.0,1958.0,52.0,1.7475430643699001,12.0,15.0,1.0,1.087941976427924
21535,RED RETROSPOT SMALL MILK JUG,12456.39,5058,815,379,2.8212681159420288,368.0,543.0,175.0,2.4627105575326214,55.0,139.35,30.0,1.0873863187030448
22354,RETROSPOT PADDED SEAT CUSHION,6735.63,1753,224,125,4.323688888888889,699.0,1450.0,751.0,3.842344552196235,19.0,70.89,4.0,1.0838562464346835
84692,BOX OF 24 COCKTAIL PARASOLS,9336.68,19110,1129,348,0.6253571428571428,520.0,78.0,-442.0,0.48857561486132917,207.0,86.94,8.0,1.0832025117739403
21864,UNION JACK FLAG PASSPORT COVER,4431.54,1853,411,166,2.754820143884892,1035.0,1384.0,349.0,2.391548839719374,20.0,42.0,1.0,1.0793308148947653
22067,CHOC TRUFFLE GOLD TRINKET POT,3019.3199999999997,1855,252,108,2.096968503937008,1414.0,1381.0,-33.0,1.6276657681940698,20.0,32.199999999999996,12.0,1.078167115902965
21786,RAIN HAT WITH RED SPOTS,1688.2,4457,157,65,0.5820754716981132,2054.0,619.0,-1435.0,0.37877496073592104,48.0,20.16,1.0,1.076957594794705
71459,HANGING JAM JAR T-LIGHT HOLDER,24440.74,30176,925,421,1.124854368932039,152.0,31.0,-121.0,0.8099396871686109,324.0,254.73000000000002,34.0,1.0737009544008482
21589,SWALLOW GIANT TUBE MATCHES,2583.4500000000003,1119,88,73,2.5044943820224717,1580.0,1945.0,365.0,2.3087131367292226,12.0,30.6,1.0,1.0723860589812333
21156,RETROSPOT CHILDRENS APRON,12324.05,6631,634,335,2.3205180533751966,376.0,381.0,5.0,1.8585507464937414,71.0,138.45,14.0,1.0707283969235408
22203,MILK PAN RED RETROSPOT,5469.51,1404,394,166,4.614570707070707,853.0,1706.0,853.0,3.8956623931623935,15.0,56.25,11.0,1.0683760683760684
84968C,SET OF 16 VINTAGE PISTACHIO CUTLERY,4451.95,375,133,50,15.193507462686568,1031.0,3035.0,2004.0,11.871866666666666,4.0,51.0,2.0,1.0666666666666667
22896,PEG BAG APPLES DESIGN,4356.2,1689,338,171,3.1665588235294115,1051.0,1492.0,441.0,2.5791592658377738,18.0,45.900000000000006,2.0,1.0657193605683837
84840,SWEETHEART CARRY-ALL BASKET,2430.82,282,140,110,9.002642857142858,1637.0,3307.0,1670.0,8.619929078014184,3.0,25.5,2.0,1.0638297872340425
21902,"KEY FOB , FRONT DOOR",3408.03,5359,474,250,0.7798367346938776,1280.0,502.0,-778.0,0.6359451390184736,57.0,37.05,4.0,1.0636312744915097
21929,JUMBO BAG PINK VINTAGE PAISLEY,49651.99,25608,1619,504,2.5029736358062538,32.0,47.0,15.0,1.9389249453295845,272.0,483.96999999999997,21.0,1.0621680724773508
21801,CHRISTMAS TREE DECORATION WITH BELL,1467.6599999999999,3398,258,69,0.45776061776061777,2217.0,817.0,-1400.0,0.4319187757504414,36.0,15.12,1.0,1.0594467333725721
21114,LAVENDER SCENTED FABRIC HEART,7306.14,5666,494,359,1.8057029702970298,643.0,472.0,-171.0,1.2894705259442287,60.0,75.0,5.0,1.0589481115425343
22172,METAL SHELF WITH RAIL,3451.82,378,185,124,9.579301075268818,1268.0,3026.0,1758.0,9.131798941798943,4.0,34.0,4.0,1.0582010582010581
22763,KEY CABINET MA CAMPAGNE,5430.59,662,135,95,11.09311111111111,866.0,2519.0,1653.0,8.203308157099698,7.0,69.64999999999999,4.0,1.0574018126888218
22208,WOOD STAMP SET THANK YOU,3036.95,2366,433,237,1.5570748299319728,1408.0,1130.0,-278.0,1.2835798816568047,25.0,31.409999999999997,3.0,1.0566356720202874
22866,HAND WARMER SCOTTY DOG DESIGN,28266.870000000003,12778,1083,530,2.3251018600531443,110.0,164.0,54.0,2.2121513538894977,135.0,259.50000000000006,7.0,1.056503365158867
47559B,TEA TIME OVEN GLOVE,6311.69,5116,701,303,1.4079184247538679,752.0,532.0,-220.0,1.233715793588741,54.0,67.5,6.0,1.055512118842846
22284,HEN HOUSE DECORATION,4017.74,2465,300,157,1.9993770491803278,1121.0,1078.0,-43.0,1.6299148073022312,26.0,42.89999999999999,4.0,1.054766734279919
85227,SET OF 6 3D KIT CARDS FOR KIDS,2605.75,2848,392,206,1.106153846153846,1568.0,944.0,-624.0,0.914940308988764,30.0,25.5,3.0,1.053370786516854
17003,BROCADE RING PURSE,14766.42,70379,457,215,0.30207343412526994,294.0,7.0,-287.0,0.20981287031642962,740.0,215.78,6.0,1.0514500063939527
23014,GLASS APOTHECARY BOTTLE ELIXIR,3419.5800000000004,856,209,122,4.863838862559241,1277.0,2247.0,970.0,3.9948364485981314,9.0,35.55,3.0,1.0514018691588785
21240,BLUE POLKADOT CUP,3658.27,4191,399,176,1.1093516209476308,1213.0,664.0,-549.0,0.8728871391076115,44.0,37.14,6.0,1.0498687664041995
21680,WOODLAND STICKERS,2483.68,2860,269,110,1.1367777777777779,1620.0,936.0,-684.0,0.8684195804195803,30.0,25.5,1.0,1.048951048951049
22306,SILVER MUG BONE CHINA TREE OF LIFE,2316.2,1621,163,125,2.025333333333333,1686.0,1543.0,-143.0,1.4288710672424427,17.0,28.7,4.0,1.0487353485502777
23244,ROUND STORAGE TIN VINTAGE LEAF,1593.58,864,103,80,2.1018446601941747,2120.0,2242.0,122.0,1.8444212962962963,9.0,16.95,5.0,1.0416666666666665
21875,KINGS CHOICE MUG,7882.08,6818,414,218,1.7020432692307692,600.0,370.0,-230.0,1.1560692285127603,71.0,81.53,10.0,1.0413611029627456
23193,BUFFALO BILL TREASURE BOOK BOX,4079.28,1922,175,109,2.730571428571429,1106.0,1350.0,244.0,2.1224141519250783,20.0,45.0,6.0,1.040582726326743
22852,DOG BOWL VINTAGE CREAM,2132.63,481,155,104,4.558709677419355,1785.0,2799.0,1014.0,4.433742203742204,5.0,21.25,2.0,1.0395010395010396
22227,"DECORATION, HANGING HEART+MIRROR",2161.0,2983,287,113,0.9008591065292098,1766.0,909.0,-857.0,0.7244384847468991,31.0,20.15,4.0,1.039222259470332
21811,HANGING HEART WITH BELL,2374.7999999999997,4619,219,106,0.9162995594713657,1659.0,604.0,-1055.0,0.5141372591470015,48.0,18.72,1.0,1.0391859709893916
22055,MINI CAKE STAND HANGING STRAWBERY,8179.19,4930,724,252,2.1599866310160425,584.0,557.0,-27.0,1.6590649087221094,51.0,82.95,19.0,1.0344827586206897
22353,LUNCHBOX WITH CUTLERY FAIRY CAKES,3597.68,1451,196,93,3.0384848484848486,1226.0,1667.0,441.0,2.4794486560992417,15.0,38.25,4.0,1.0337698139214335
22853,CAT BOWL VINTAGE CREAM,2008.77,581,141,96,3.6078723404255317,1858.0,2634.0,776.0,3.457435456110155,6.0,19.5,1.0,1.0327022375215147
23211,RED ROCKING HORSE HAND PAINTED,2930.57,2329,160,82,1.5651851851851852,1437.0,1153.0,-284.0,1.2582954057535423,24.0,30.0,1.0,1.03048518677544
22260,FELT EGG COSY BLUE RABBIT,1594.77,1557,241,85,1.2850813008130082,2119.0,1590.0,-529.0,1.024258188824663,16.0,13.6,2.0,1.0276172125883107
21705,BAG 500G SWIRLY MARBLES,3145.7099999999996,2534,225,142,1.8070175438596492,1370.0,1053.0,-317.0,1.241400947119179,26.0,41.49999999999999,5.0,1.0260457774269929
21673,WHITE SPOT BLUE CERAMIC DRAWER KNOB,13272.39,10051,763,263,1.630585175552666,340.0,227.0,-113.0,1.3205044274201572,103.0,143.95,8.0,1.02477365436275
23292,SPACEBOY CHILDRENS CUP,2557.57,2050,216,112,1.5344239631336405,1588.0,1292.0,-296.0,1.2475951219512196,21.0,26.25,6.0,1.024390243902439
23080,RED METAL BOX TOP SECRET,9117.62,1074,257,148,9.339272030651342,530.0,1999.0,1469.0,8.489404096834265,11.0,90.75,7.0,1.0242085661080074
20723,STRAWBERRY CHARLOTTE BAG,20401.05,18296,1379,356,1.1350252343186733,198.0,82.0,-116.0,1.1150552033231307,187.0,157.78,23.0,1.0220813292522957
85099C,JUMBO BAG BAROQUE BLACK WHITE,59057.61,30640,1868,506,2.408958223162348,20.0,30.0,10.0,1.927467689295039,313.0,570.88,26.0,1.0215404699738904
23130,MISTLETOE HEART WREATH GREEN,3676.18,882,179,135,4.532011173184357,1209.0,2215.0,1006.0,4.168004535147392,9.0,37.35,2.0,1.0204081632653061
22400,MAGNETS PACK OF 4 HOME SWEET HOME,2049.56,2450,234,159,0.8937974683544304,1837.0,1088.0,-749.0,0.8365551020408163,25.0,30.39,2.0,1.0204081632653061
20754,RETRO RED SPOTTY WASHING UP GLOVES,6257.39,3139,420,212,2.476270783847981,755.0,873.0,118.0,1.9934342147180633,32.0,64.19999999999999,5.0,1.0194329404268876
21064,BOOM BOX SPEAKER BOYS,4432.92,884,171,75,5.502183908045977,1034.0,2211.0,1177.0,5.014615384615385,9.0,53.550000000000004,3.0,1.0180995475113122
22251,BIRDHOUSE DECORATION MAGIC GARDEN,2317.64,1871,298,141,1.5625913621262457,1685.0,1373.0,-312.0,1.2387172634954569,19.0,23.75,4.0,1.015499732763228
21224,SET/4 SKULL BADGES,2691.91,2171,312,140,1.2506645569620252,1534.0,1219.0,-315.0,1.239940119760479,22.0,27.5,3.0,1.0133578995854444
47566,PARTY BUNTING,148318.28,28217,2676,894,5.7139527151828595,6.0,35.0,29.0,5.25634475670695,285.0,1238.5500000000002,23.0,1.010029414891732
22677,FRENCH BLUE METAL DOOR SIGN 2,1486.62,1091,208,65,1.6761244019138757,2196.0,1978.0,-218.0,1.3626214482126489,11.0,13.75,2.0,1.008249312557287
22469,HEART OF WICKER SMALL,48935.11,27949,2155,886,1.9172,34.0,37.0,3.0,1.7508715875344378,281.0,424.65,19.0,1.0054026977709398
22578,WOODEN STAR CHRISTMAS SCANDINAVIAN,6358.04,13230,766,482,0.6213483146067416,744.0,154.0,-590.0,0.48057747543461826,133.0,112.49,3.0,1.0052910052910053
85036B,CHOCOLATE 1 WICK MORRIS BOX CANDLE,1530.1599999999999,598,87,70,3.0740229885057473,2172.0,2602.0,430.0,2.5587959866220733,6.0,25.5,1.0,1.0033444816053512
22774,RED DRAWER KNOB ACRYLIC EDWARDIAN,3591.06,2791,184,75,1.5565405405405404,1230.0,962.0,-268.0,1.286657112146184,28.0,34.81,4.0,1.0032246506628448
22453,MEASURING TAPE BABUSHKA BLUE,1906.1100000000001,698,116,61,2.837179487179487,1922.0,2461.0,539.0,2.730816618911175,7.0,20.650000000000002,2.0,1.002865329512894
21669,BLUE STRIPE CERAMIC DRAWER KNOB,13839.18,10578,805,262,1.5683516483516484,323.0,214.0,-109.0,1.308298355076574,106.0,147.32,13.0,1.002079788239743
21172,PARTY METAL SIGN,11382.16,7686,972,420,1.910576923076923,409.0,324.0,-85.0,1.4808951340098881,77.0,110.85,7.0,1.0018214936247722
21584,RETRO SPOT SMALL TUBE MATCHES,3183.45,2005,131,113,1.647037037037037,1353.0,1310.0,-43.0,1.5877556109725686,20.0,33.0,1.0,0.997506234413965
22756,LARGE YELLOW BABUSHKA NOTEBOOK,1393.45,1204,215,124,1.4032870370370372,2282.0,1864.0,-418.0,1.1573504983388705,12.0,15.0,1.0,0.9966777408637874
21541,DINOSAURS WATER TRANSFER TATTOOS,1636.24,1907,201,119,1.0449261083743842,2092.0,1358.0,-734.0,0.8580178290508652,19.0,16.15,3.0,0.9963293130571578
22627,MINT KITCHEN SCALES,14016.8,1609,660,322,9.371104387291982,311.0,1556.0,1245.0,8.71149782473586,16.0,125.71000000000001,14.0,0.9944064636420136
22212,FOUR HOOK WHITE LOVEBIRDS,8642.300000000001,4024,828,323,2.6206428571428573,551.0,682.0,131.0,2.147688866799205,40.0,84.0,15.0,0.9940357852882704
47590B,PINK HAPPY BIRTHDAY BUNTING,29363.86,5738,872,428,5.73623006833713,103.0,465.0,362.0,5.117438131753224,57.0,293.05,10.0,0.9933774834437087
20681,PINK POLKADOT CHILDRENS UMBRELLA,1464.29,405,135,82,4.0942647058823525,2219.0,2970.0,751.0,3.6155308641975306,4.0,13.0,4.0,0.9876543209876543
22162,HEART GARLAND RUSTIC PADDED,3737.9,1220,260,92,3.371015037593985,1195.0,1848.0,653.0,3.0638524590163936,12.0,35.400000000000006,3.0,0.9836065573770493
22519,CHILDS GARDEN BRUSH PINK,2968.77,1431,263,142,2.4310943396226414,1430.0,1685.0,255.0,2.0746121593291407,14.0,29.400000000000002,3.0,0.9783368273934312
22371,AIRLINE BAG VINTAGE TOKYO 78,8936.8,1840,690,285,5.316320346320347,538.0,1395.0,857.0,4.85695652173913,18.0,76.88,13.0,0.9782608695652175
21531,RETRO SPOT SUGAR JAM BOWL,2382.2400000000002,921,196,105,3.2413197969543144,1657.0,2176.0,519.0,2.586579804560261,9.0,22.95,3.0,0.9771986970684038
22621,TRADITIONAL KNITTING NANCY,13784.32,8726,875,507,1.8153475336322868,325.0,269.0,-56.0,1.5796837038734814,85.0,114.05,7.0,0.9741003896401559
21823,PAINTED METAL HEART WITH HOLLY BELL,2447.72,2468,212,136,1.3124778761061948,1634.0,1076.0,-558.0,0.9917828200972446,24.0,34.8,1.0,0.9724473257698543
20785,FUSCHIA RETRO BAR STOOL,3672.35,103,37,14,36.57105263157895,1211.0,4058.0,2847.0,35.65388349514563,1.0,39.95,1.0,0.9708737864077669
23286,BLUE VINTAGE SPOT BEAKER,4747.62,5048,222,125,1.03009009009009,973.0,544.0,-429.0,0.9404952456418383,49.0,41.65,3.0,0.9706814580031695
22544,MINI JIGSAW SPACEBOY,3756.52,9382,341,196,0.5107894736842106,1191.0,250.0,-941.0,0.400396503943722,91.0,38.22,2.0,0.9699424429759114
22969,HOMEMADE JAM SCENTED CANDLES,21501.989999999998,14461,709,472,1.7717207334273626,181.0,132.0,-49.0,1.4868950971578727,140.0,185.79999999999998,8.0,0.9681211534472027
21249,WOODLAND HEIGHT CHART STICKERS,4752.83,1655,258,155,3.6678294573643413,971.0,1519.0,548.0,2.871800604229607,16.0,46.400000000000006,3.0,0.9667673716012084
21215,IVORY PAPER CUP CAKE CASES,2533.88,4349,291,127,0.8702372881355933,1598.0,638.0,-960.0,0.582635088526098,42.0,17.64,1.0,0.9657392504023914
21242,RED RETROSPOT PLATE,6394.53,3735,368,179,2.086287262872629,738.0,737.0,-1.0,1.7120562248995983,36.0,60.84,5.0,0.9638554216867471
23131,MISTLETOE HEART WREATH CREAM,2535.48,624,110,86,4.21018018018018,1596.0,2574.0,978.0,4.06326923076923,6.0,24.9,2.0,0.9615384615384616
21329,DINOSAURS WRITING SET,3760.66,2082,555,253,2.1119964349376112,1187.0,1271.0,84.0,1.8062728146013447,20.0,33.0,2.0,0.9606147934678195
84950,ASSORTED COLOUR T-LIGHT HOLDER,4199.27,6041,274,156,0.9113818181818182,1081.0,441.0,-640.0,0.695128290018209,58.0,44.5,9.0,0.9601059427247144
21212,PACK OF 72 RETROSPOT CAKE CASES,27770.72,48156,1708,772,0.7426918671248568,117.0,11.0,-106.0,0.5766824487083645,461.0,239.64,17.0,0.9573054240385414
20770,ABSTRACT CIRCLE JOURNAL,2190.59,1045,201,94,2.4737623762376235,1754.0,2033.0,279.0,2.0962583732057416,10.0,20.1,2.0,0.9569377990430622
21124,SET/10 BLUE POLKADOT PARTY CANDLES,6205.84,5128,308,227,1.2908653846153846,761.0,529.0,-232.0,1.2101872074882996,49.0,61.25,3.0,0.9555382215288611
22078,RIBBON REEL LACE DESIGN,8449.94,3984,480,246,2.4969199178644765,567.0,691.0,124.0,2.120968875502008,38.0,79.8,3.0,0.9538152610441768
22421,LIPSTICK PEN FUSCHIA,2351.86,4723,407,172,0.5881774580335731,1673.0,589.0,-1084.0,0.49795892441244977,45.0,18.6,5.0,0.9527842473004446
23010,CIRCUS PARADE BABY GIFT SET,4879.599999999999,315,111,73,16.296576576576577,953.0,3193.0,2240.0,15.490793650793648,3.0,50.849999999999994,2.0,0.9523809523809524
22210,WOOD STAMP SET BEST WISHES,1898.4199999999998,1586,287,179,1.3789491525423727,1930.0,1575.0,-355.0,1.1969861286254728,15.0,24.749999999999996,3.0,0.9457755359394703
21844,RETRO SPOT MUG,4343.01,1481,154,102,3.400844155844156,1056.0,1645.0,589.0,2.932484807562458,14.0,41.300000000000004,7.0,0.9453072248480756
22030,SWALLOWS GREETING CARD,5197.84,12735,685,353,0.4647330447330447,897.0,165.0,-732.0,0.40815390655673345,120.0,50.4,3.0,0.9422850412249705
23230,WRAP ALPHABET DESIGN,3217.92,7976,235,178,0.41736170212765955,1339.0,311.0,-1028.0,0.40345035105315946,75.0,31.5,3.0,0.9403209628886661
22174,PHOTO CUBE,10374.33,5122,557,178,2.52070796460177,461.0,531.0,70.0,2.0254451386177275,48.0,79.19999999999999,2.0,0.9371339320577898
22090,PAPER BUNTING RETROSPOT,25497.960000000003,8430,921,374,3.7703779697624187,135.0,287.0,152.0,3.0246690391459077,79.0,217.05,9.0,0.9371293001186239
23395,BELLE JARDINIERE CUSHION COVER,3257.08,748,210,141,4.915592417061611,1326.0,2381.0,1055.0,4.354385026737968,7.0,26.25,5.0,0.9358288770053476
20784,RED RETRO BAR STOOL,3570.87,107,39,6,34.55820512820513,1236.0,4026.0,2790.0,33.372616822429904,1.0,39.95,1.0,0.9345794392523363
22736,RIBBON REEL MAKING SNOWMEN,4439.28,2467,403,228,2.2283863080684596,1033.0,1077.0,44.0,1.7994649371706526,23.0,37.95,3.0,0.9323064450749898
22711,WRAP CIRCUS PARADE,2210.34,5377,181,148,0.41911602209944754,1745.0,500.0,-1245.0,0.4110730890831319,50.0,21.0,2.0,0.9298865538404314
21715,GIRLS VINTAGE TIN SEASIDE BUCKET,8987.24,3553,487,255,3.257576374745417,536.0,775.0,239.0,2.529479313256403,33.0,69.75,2.0,0.9287925696594427
21621,VINTAGE UNION JACK BUNTING,60286.04,6900,1292,583,9.307857689364958,18.0,363.0,345.0,8.737107246376812,64.0,544.0,10.0,0.927536231884058
22224,WHITE LOVEBIRD LANTERN,7527.9400000000005,2373,401,234,3.6157920792079206,628.0,1125.0,497.0,3.1723303834808263,22.0,64.9,6.0,0.9270965023177412
21914,BLUE HARMONICA IN BOX,17725.36,12957,963,446,1.4485348360655736,231.0,157.0,-74.0,1.3680142008180907,120.0,150.0,5.0,0.9261403102570039
84509A,SET OF 4 ENGLISH ROSE PLACEMATS,5442.61,1406,372,167,4.56997311827957,860.0,1702.0,842.0,3.8709886201991464,13.0,48.75,4.0,0.9246088193456615
47568,ENGLISH ROSE DESIGN PEG BAG,4983.02,2384,410,179,2.543430656934307,942.0,1115.0,173.0,2.0901929530201344,22.0,44.97,6.0,0.9228187919463088
22179,SET 10 LIGHTS NIGHT OWL,10509.880000000001,1518,396,165,8.223400503778338,452.0,1616.0,1164.0,6.923504611330699,14.0,92.9,10.0,0.922266139657444
22165,"DIAMANTE HEART SHAPED WALL MIRROR,",7673.7300000000005,976,272,82,12.870218181818181,615.0,2103.0,1488.0,7.862428278688525,9.0,89.25,6.0,0.9221311475409836
21643,ASSORTED TUTTI FRUTTI MIRROR,2127.94,1521,204,76,1.8602941176470589,1791.0,1610.0,-181.0,1.3990401051939514,14.0,17.5,3.0,0.9204470742932281
70007,HI TEC ALPINE HAND WARMER,1684.58,1306,205,87,2.123381642512077,2059.0,1769.0,-290.0,1.289877488514548,12.0,19.799999999999997,1.0,0.9188361408882083
79029,GLASS HONEYPOT WASP CATCHER,5473.82,2944,343,201,2.2632378223495704,852.0,918.0,66.0,1.8593138586956521,27.0,49.349999999999994,13.0,0.9171195652173914
47480,HANGING PHOTO CLIP ROPE LADDER,2713.9799999999996,1638,150,62,2.285066666666667,1525.0,1530.0,5.0,1.6568864468864466,15.0,24.749999999999996,2.0,0.9157509157509158
22144,CHRISTMAS CRAFT LITTLE FRIENDS,12382.47,5134,704,392,2.5934078212290506,372.0,528.0,156.0,2.4118562524347484,47.0,98.7,5.0,0.9154655239579276
79321,CHILLI LIGHTS,80540.88,15848,1140,304,6.257759372275502,12.0,111.0,99.0,5.082084805653711,145.0,635.75,21.0,0.9149419485108531
22158,3 HEARTS HANGING DECORATION RUSTIC,29198.280000000002,8985,718,374,3.221857923497268,104.0,260.0,156.0,3.249669449081803,82.0,239.9,15.0,0.912632164718976
72351A,SET/6 TURQUOISE BUTTERFLY T-LIGHTS,7368.68,3728,399,174,2.299032258064516,636.0,739.0,103.0,1.9765772532188841,34.0,67.03,5.0,0.9120171673819742
85206B,PINK FELT EASTER EGG BASKET,2477.2999999999997,1538,183,138,1.8157065217391304,1622.0,1600.0,-22.0,1.6107282184655394,14.0,23.099999999999998,3.0,0.9102730819245773
22727,ALARM CLOCK BAKELIKE RED,36543.77,9234,1363,473,4.37068115942029,71.0,256.0,185.0,3.9575232835174354,84.0,315.0,32.0,0.9096816114359974
21623,VINTAGE UNION JACK MEMOBOARD,45402.18,6165,530,311,10.215838041431262,43.0,422.0,379.0,7.364506082725061,56.0,499.20000000000005,13.0,0.9083536090835361
23382,BOX OF 6 CHRISTMAS CAKE DECORATIONS,7356.18,1875,220,136,4.660950226244344,640.0,1371.0,731.0,3.923296,17.0,63.75,3.0,0.9066666666666667
22380,TOY TIDY SPACEBOY,10217.66,4966,690,300,2.4576734104046243,470.0,555.0,85.0,2.0575231574708015,45.0,94.5,8.0,0.9061619009262988
21143,ANTIQUE GLASS HEART DECORATION,4149.15,2100,182,128,2.2731382978723405,1094.0,1259.0,165.0,1.975785714285714,19.0,37.05,5.0,0.9047619047619048
21099,SET/6 STRAWBERRY PAPER CUPS,1516.64,13290,33,20,0.755,2177.0,151.0,-2026.0,0.1141188863807374,120.0,78.0,3.0,0.9029345372460496
22483,RED GINGHAM TEDDY BEAR,5440.51,1883,351,223,3.2956980056980054,861.0,1365.0,504.0,2.889277748274031,17.0,50.150000000000006,5.0,0.9028146574614976
22508,DOORSTOP RETROSPOT HEART,11561.95,2880,697,400,4.388196022727272,403.0,930.0,527.0,4.014565972222223,26.0,97.5,8.0,0.9027777777777777
21155,RED SPOTTY PEG BAG,5282.89,2662,364,179,2.4614246575342467,887.0,1012.0,125.0,1.9845567242674682,24.0,49.99,11.0,0.9015777610818932
22276,WASH BAG VINTAGE ROSE PAISLEY,4884.860000000001,1889,373,213,3.0158556149732623,952.0,1364.0,412.0,2.5859502382212813,17.0,42.9,6.0,0.8999470619375332
22410,MONEY BOX HOUSEKEEPING DESIGN,1637.46,1339,196,134,1.3945408163265305,2089.0,1752.0,-337.0,1.2228976848394324,12.0,15.0,1.0,0.8961911874533234
21239,PINK POLKADOT CUP,3292.9,3685,382,166,1.1207012987012985,1314.0,752.0,-562.0,0.89359565807327,33.0,28.05,4.0,0.8955223880597015
22155,STAR DECORATION RUSTIC,2671.81,5925,340,165,0.5615774647887324,1541.0,450.0,-1091.0,0.45093839662447255,53.0,22.26,3.0,0.8945147679324894
22913,RED COAT RACK PARIS FASHION,2107.85,450,122,84,5.491229508196722,1801.0,2863.0,1062.0,4.684111111111111,4.0,19.8,2.0,0.8888888888888888
22367,CHILDRENS APRON SPACEBOY DESIGN,11365.8,5738,849,450,2.3195657276995303,410.0,465.0,55.0,1.980794701986755,51.0,99.45,13.0,0.8888114325548973
23255,CHILDRENS CUTLERY CIRCUS PARADE,4097.22,1014,158,116,4.346962025316456,1101.0,2057.0,956.0,4.040650887573965,9.0,37.35,3.0,0.8875739644970414
21531,RED RETROSPOT SUGAR JAM BOWL,7791.88,3158,583,267,2.9553650254668926,605.0,868.0,263.0,2.4673464217859404,28.0,69.6,18.0,0.8866371120962635
20676,RED SPOTTY BOWL,5660.1900000000005,4630,423,212,1.463561320754717,825.0,600.0,-225.0,1.2225032397408209,41.0,50.68,7.0,0.8855291576673866
23350,ROLL WRAP VINTAGE SPOT,3445.08,2712,305,205,1.4612861736334404,1269.0,997.0,-272.0,1.2703097345132743,24.0,30.0,2.0,0.8849557522123894
21042,RED RETROSPOT APRON,4079.2000000000003,679,195,109,7.108040201005025,1107.0,2489.0,1382.0,6.007658321060383,6.0,34.4,5.0,0.8836524300441826
35970,ZINC FOLKART SLEIGH BELLS,15072.58,8375,692,415,2.25901269393512,289.0,291.0,2.0,1.7997110447761193,74.0,122.86000000000001,7.0,0.8835820895522388
22567,20 DOLLY PEGS RETROSPOT,6955.83,5561,506,287,1.4558431372549019,667.0,483.0,-184.0,1.2508235928789786,49.0,61.45,10.0,0.8811364862434813
22858,EASTER TIN KEEPSAKE,1877.34,1135,139,104,1.9493571428571426,1947.0,1923.0,-24.0,1.6540440528634361,10.0,16.5,3.0,0.881057268722467
84029G,KNITTED UNION FLAG HOT WATER BOTTLE,29533.87,6830,1009,386,4.793914728682171,100.0,369.0,269.0,4.324139092240117,60.0,219.7,9.0,0.8784773060029283
21932,SCANDINAVIAN PAISLEY PICNIC BAG,8498.61,3871,649,315,2.427794793261868,561.0,711.0,150.0,2.1954559545337125,34.0,58.3,4.0,0.8783260139498837
22914,BLUE COAT RACK PARIS FASHION,2720.66,570,170,117,5.446140350877193,1520.0,2648.0,1128.0,4.773087719298245,5.0,24.75,4.0,0.8771929824561403
16156S,WRAP PINK FAIRY CAKES,6558.62,16661,419,271,0.41532219570405726,720.0,103.0,-617.0,0.39365104135406037,146.0,61.32,3.0,0.8762979413000421
16237,SLEEPING CAT ERASERS,2233.15,10385,580,209,0.2964957264957265,1731.0,219.0,-1512.0,0.2150361097737121,91.0,19.11,3.0,0.876263842079923
22422,TOOTHPASTE TUBE PEN,1760.94,2743,354,119,0.9879944289693593,2002.0,984.0,-1018.0,0.6419759387531899,24.0,15.6,1.0,0.8749544294567991
84510A,SET OF 4 ENGLISH ROSE COASTERS,3254.14,2402,474,200,1.6820964360587003,1328.0,1105.0,-223.0,1.3547626977518734,21.0,26.25,3.0,0.8742714404662781
21844,RED RETROSPOT MUG,10986.43,3893,340,195,3.266140350877193,431.0,706.0,275.0,2.8220986385820703,34.0,99.9,18.0,0.8733624454148471
85054,FRENCH ENAMEL POT W LID,2495.0200000000004,916,204,107,3.4911538461538467,1615.0,2180.0,565.0,2.7238209606986903,8.0,20.200000000000003,5.0,0.8733624454148471
20761,BLUE PAISLEY SKETCHBOOK,1422.46,458,146,93,4.008979591836735,2261.0,2850.0,589.0,3.1058078602620087,4.0,15.0,1.0,0.8733624454148471
22865,HAND WARMER OWL DESIGN,31416.04,14537,1212,566,2.3551353503184713,90.0,131.0,41.0,2.161108894544954,126.0,264.35,14.0,0.8667538006466259
35971,ROSE FOLKART HEART DECORATIONS,1947.74,1963,217,91,1.7866222222222223,1900.0,1330.0,-570.0,0.9922261844116149,17.0,21.25,2.0,0.8660213958227204
23238,SET OF 4 KNICK KNACK TINS LONDON,7771.61,1849,274,150,4.752158273381295,607.0,1389.0,782.0,4.203142239048134,16.0,65.60000000000001,8.0,0.8653326122228232
23144,ZINC T-LIGHT HOLDER STARS SMALL,4197.83,5089,274,180,0.9436727272727272,1082.0,539.0,-543.0,0.8248830811554333,44.0,36.52,3.0,0.8646099430143446
72800E,4 IVORY DINNER CANDLES SILVER FLOCK,2613.82,1388,286,139,2.49421768707483,1564.0,1718.0,154.0,1.883155619596542,12.0,9.48,1.0,0.8645533141210375
21824,PAINTED METAL STAR WITH HOLLY BELLS,2351.46,2782,211,137,1.1228636363636364,1674.0,965.0,-709.0,0.8452408339324228,24.0,34.8,1.0,0.8626887131560028
20767,BLUE PAISLEY JOURNAL,1741.6100000000001,812,179,112,2.6804469273743012,2017.0,2302.0,285.0,2.1448399014778325,7.0,17.85,2.0,0.8620689655172413
84987,SET OF 36 TEATIME PAPER DOILIES,11864.15,8138,812,406,1.8061029411764706,388.0,305.0,-83.0,1.4578704841484393,70.0,97.69999999999999,6.0,0.8601622020152371
22676,FRENCH BLUE METAL DOOR SIGN 1,1722.31,1279,234,71,1.586949152542373,2032.0,1789.0,-243.0,1.3466067240031274,11.0,13.75,2.0,0.8600469116497262
21612,SET 12 WILDFLOWER BOTANICAL T-LIGHT,2025.7700000000002,698,113,76,3.2462280701754387,1847.0,2461.0,614.0,2.902249283667622,6.0,17.700000000000003,1.0,0.8595988538681949
22409,MONEY BOX BISCUITS DESIGN,2230.46,1638,160,104,1.5593167701863353,1733.0,1530.0,-203.0,1.3616971916971916,14.0,17.5,6.0,0.8547008547008548
22989,SET 2 PANTRY DESIGN TEA TOWELS,8999.27,2811,372,241,3.6862698412698416,535.0,956.0,421.0,3.2014478833155464,24.0,78.0,4.0,0.8537886872998933
22812,PACK 3 BOXES CHRISTMAS PANNETONE,10485.949999999999,4803,438,266,2.507839643652561,455.0,574.0,119.0,2.1832084114095354,41.0,79.94999999999999,5.0,0.8536331459504476
22728,ALARM CLOCK BAKELIKE PINK,24257.31,6215,969,357,4.525836734693877,154.0,418.0,264.0,3.9030265486725666,53.0,198.75,17.0,0.8527755430410298
22200,FRYING PAN PINK POLKADOT,5750.95,1291,356,119,5.596106442577031,814.0,1782.0,968.0,4.454647560030984,11.0,44.25,6.0,0.8520526723470179
22334,DINOSAUR PARTY BAG + STICKER SET,3552.3599999999997,2232,265,180,1.7332342007434942,1239.0,1194.0,-45.0,1.591559139784946,19.0,31.35,3.0,0.8512544802867384
15058C,ICE CREAM DESIGN GARDEN PARASOL,2753.72,470,122,56,9.667049180327869,1500.0,2825.0,1325.0,5.858978723404255,4.0,23.8,2.0,0.851063829787234
21755,LOVE BUILDING BLOCK WORD,34836.020000000004,5643,1696,661,6.681397786837508,74.0,477.0,403.0,6.173315612262981,48.0,285.6,13.0,0.8506113769271665
22021,BLUE FELT EASTER EGG BASKET,2430.31,1413,233,161,1.7891176470588235,1638.0,1697.0,59.0,1.7199646142958245,12.0,19.799999999999997,1.0,0.8492569002123143
23265,SET OF 3 WOODEN TREE DECORATIONS,2404.79,1769,293,180,1.4839016393442621,1652.0,1440.0,-212.0,1.359406444318824,15.0,18.75,2.0,0.8479366873940078
21810,CHRISTMAS HANGING STAR WITH BELL,4374.41,6959,344,171,0.9649166666666666,1048.0,360.0,-688.0,0.628597499640753,59.0,73.75,2.0,0.8478229630694065
22726,ALARM CLOCK BAKELIKE GREEN,32609.32,7671,1273,404,4.472062256809338,84.0,325.0,241.0,4.2509868335288745,65.0,243.75,23.0,0.8473471516099595
82581,TOILET METAL SIGN,4649.0,8399,913,371,0.6903583061889251,996.0,290.0,-706.0,0.5535182759852363,71.0,38.660000000000004,9.0,0.8453387308012859
23427,STOOL HOME SWEET HOME,2860.58,237,114,87,12.967478260869566,1460.0,3460.0,2000.0,12.069957805907173,2.0,22.9,2.0,0.8438818565400843
21317,GLASS SPHERE CANDLE STAND MEDIUM,1453.4,357,74,56,5.967763157894737,2233.0,3079.0,846.0,4.071148459383754,3.0,15.850000000000001,3.0,0.8403361344537815
21668,RED STRIPE CERAMIC DRAWER KNOB,13912.17,10357,825,255,1.6418127250900358,317.0,221.0,-96.0,1.3432625277590036,87.0,106.42,12.0,0.8400115863667086
22664,TOY TIDY DOLLY GIRL DESIGN,2954.19,1429,266,107,2.761428571428571,1434.0,1686.0,252.0,2.0673128061581525,12.0,25.2,3.0,0.8397480755773268
22262,FELT EGG COSY CHICKEN,1947.82,2026,306,135,1.1506583072100314,1899.0,1299.0,-600.0,0.9614116485686081,17.0,14.45,3.0,0.839091806515301
85049C,ROMANTIC PINKS RIBBONS,3746.29,2981,500,303,1.3419056974459724,1193.0,911.0,-282.0,1.2567225763166723,25.0,31.25,3.0,0.8386447500838645
22537,MAGIC DRAWING SLATE DINOSAUR,2360.43,5765,348,224,0.4875350140056022,1669.0,462.0,-1207.0,0.40944145706851687,48.0,20.16,1.0,0.8326105810928014
82583,HOT BATHS METAL SIGN,27981.99,12877,1176,323,2.760100166944908,115.0,158.0,43.0,2.1730208899588415,107.0,204.09,13.0,0.8309388832802671
85049A,TRADITIONAL CHRISTMAS RIBBONS,8114.78,6151,667,387,1.4529264705882352,586.0,428.0,-158.0,1.3192619086327426,51.0,63.75,6.0,0.8291334742318323
47504K,ENGLISH ROSE GARDEN SECATEURS,3096.08,2654,312,210,1.8726498422712934,1385.0,1015.0,-370.0,1.1665712132629993,22.0,28.98,5.0,0.8289374529012812
22176,BLUE OWL SOFT TOY,3297.9300000000003,1088,257,124,3.3631660231660234,1311.0,1982.0,671.0,3.031185661764706,9.0,26.550000000000004,4.0,0.8272058823529412
23321,SMALL WHITE HEART OF WICKER,8438.539999999999,4716,629,378,1.7480124223602485,569.0,592.0,23.0,1.7893426632739609,39.0,64.35,4.0,0.826972010178117
23234,BISCUIT TIN VINTAGE CHRISTMAS,5079.78,1938,278,201,3.3670967741935485,923.0,1341.0,418.0,2.621145510835913,16.0,46.24,5.0,0.8255933952528379
20724,RED SPOTTY CHARLOTTE BAG,10231.44,11536,781,282,1.0475923566878982,469.0,188.0,-281.0,0.8869140083217754,95.0,80.1,17.0,0.823509015256588
20750,RED RETROSPOT MINI CASES,15118.47,2066,508,307,8.202882352941177,287.0,1278.0,991.0,7.3177492739593415,17.0,122.35,7.0,0.8228460793804453
22496,SET OF 2 ROUND TINS DUTCH CHEESE,1996.0900000000001,731,193,153,3.1207216494845365,1869.0,2409.0,540.0,2.7306292749658003,6.0,17.700000000000003,3.0,0.8207934336525308
21837,CROSS STITCH ALPHABET CUSHION COVER,1622.64,244,91,61,7.640989010989012,2103.0,3434.0,1331.0,6.65016393442623,2.0,11.9,1.0,0.819672131147541
23436,VINTAGE CHRISTMAS GIFT BAG LARGE,2182.39,1831,105,82,1.460952380952381,1756.0,1401.0,-355.0,1.1919115237575095,15.0,18.75,2.0,0.8192244675040962
21470,FLOWER VINE RAFFIA FOOD COVER,4190.93,1102,319,160,4.200248447204969,1085.0,1960.0,875.0,3.8030217785843923,9.0,33.75,4.0,0.8166969147005444
22624,IVORY KITCHEN SCALES,27282.73,3184,1226,579,9.279365337672905,120.0,858.0,738.0,8.5686966080402,26.0,214.2,15.0,0.8165829145728644
22949,36 DOILIES DOLLY GIRL,2788.5299999999997,1965,162,121,1.736604938271605,1486.0,1329.0,-157.0,1.4190992366412212,16.0,23.2,2.0,0.8142493638676844
21670,BLUE SPOT CERAMIC DRAWER KNOB,12074.4,8847,768,260,1.6361707632600258,384.0,265.0,-119.0,1.3648016276703967,72.0,100.0,8.0,0.8138351983723295
22733,3D TRADITIONAL CHRISTMAS STICKERS,3238.49,2461,302,185,1.5417532467532469,1335.0,1082.0,-253.0,1.3159244209670864,20.0,25.0,1.0,0.8126777732629012
21482,MUSHROOM BLUE HOT WATER BOTTLE,2296.76,740,184,104,3.6295135135135137,1693.0,2394.0,701.0,3.10372972972973,6.0,17.700000000000003,1.0,0.8108108108108109
22139,RETROSPOT TEA SET CERAMIC 11 PC,31527.12,6168,1321,652,5.660248868778281,87.0,420.0,333.0,5.1114007782101165,50.0,234.9,22.0,0.8106355382619975
84029E,RED WOOLLY HOTTIE WHITE HEART.,42994.24,10628,1145,500,4.464668959587274,47.0,211.0,164.0,4.045374482499059,86.0,327.7,11.0,0.8091832894241625
21109,"LARGE CAKE TOWEL, CHOCOLATE SPOTS",1814.82,248,119,88,7.833865546218488,1976.0,3426.0,1450.0,7.317822580645161,2.0,13.5,1.0,0.8064516129032258
23534,WALL ART STOP FOR TEA,6036.2,869,219,131,7.867545454545455,777.0,2230.0,1453.0,6.94614499424626,7.0,41.650000000000006,1.0,0.805523590333717
84375,SET OF 20 KIDS COOKIE CUTTERS,15753.18,7576,797,389,2.509092039800995,268.0,331.0,63.0,2.079353220696938,61.0,120.89999999999999,5.0,0.8051742344244984
22405,MONEY BOX POCKET MONEY DESIGN,1963.38,1618,215,171,1.3506849315068494,1888.0,1547.0,-341.0,1.2134610630407912,13.0,16.06,2.0,0.8034610630407911
23147,SINGLE ANTIQUE ROSE HOOK IVORY,2752.2,1868,261,170,1.5256226415094338,1503.0,1374.0,-129.0,1.473340471092077,15.0,21.75,6.0,0.8029978586723768
84356,POMPOM CURTAIN,3771.04,750,133,58,6.5449624060150375,1181.0,2375.0,1194.0,5.028053333333333,6.0,41.7,2.0,0.8
21611,SET OF 12 LILY BOTANICAL T-LIGHTS,2182.19,750,148,93,3.1227814569536427,1757.0,2375.0,618.0,2.9095866666666668,6.0,17.700000000000003,2.0,0.8
84378,SET OF 3 HEART COOKIE CUTTERS,15388.44,11637,1248,601,1.5957911392405062,277.0,187.0,-90.0,1.3223717452951793,93.0,116.06,9.0,0.7991750451147204
21692,SILVER LATTICE VANILLA CANDLE POT,1906.62,502,111,81,4.022333333333333,1921.0,2762.0,841.0,3.79804780876494,4.0,15.0,1.0,0.796812749003984
21051,RIBBONS PURSE,1486.16,754,127,79,2.1744615384615384,2197.0,2366.0,169.0,1.9710344827586208,6.0,12.6,1.0,0.7957559681697612
23299,FOOD COVER WITH BEADS SET 2,3761.63,1009,145,109,4.374758620689655,1184.0,2066.0,882.0,3.7280773042616455,8.0,30.0,2.0,0.7928642220019821
21445,12 PINK ROSE PEG PLACE SETTINGS,1887.23,1519,146,88,1.5165068493150684,1938.0,1615.0,-323.0,1.2424160631994734,12.0,15.0,2.0,0.7899934167215273
23177,TREASURE ISLAND BOOK BOX,5521.29,2532,267,174,2.702074074074074,844.0,1056.0,212.0,2.1806042654028435,20.0,45.0,5.0,0.7898894154818324
84839,SWEETHEART KEY CABINET,8747.05,1523,393,219,7.216472081218274,547.0,1609.0,1062.0,5.7433026920551535,12.0,78.6,10.0,0.7879185817465528
22556,PLASTERS IN TIN CIRCUS PARADE,22334.079999999998,13585,1196,591,1.7749835526315791,171.0,148.0,-23.0,1.6440250276039747,107.0,176.54999999999998,19.0,0.7876334192123666
23253,16 PIECE CUTLERY SET PANTRY DESIGN,3785.06,254,69,43,17.16623188405797,1179.0,3399.0,2220.0,14.901811023622047,2.0,31.9,2.0,0.7874015748031495
21983,PACK OF 12 BLUE PAISLEY TISSUES,1875.0199999999998,6118,325,208,0.4161162079510703,1949.0,435.0,-1514.0,0.3064759725400457,48.0,13.919999999999998,2.0,0.7845701209545604
21638,ASSORTED TUTTI FRUTTI NOTEBOOK,2220.94,1020,142,84,2.437448275862069,1737.0,2050.0,313.0,2.1773921568627452,8.0,16.8,1.0,0.7843137254901961
85199L,LARGE HANGING IVORY & RED WOOD BIRD,2285.02,3455,272,136,0.836,1702.0,803.0,-899.0,0.6613661360347323,27.0,17.55,4.0,0.7814761215629523
21973,SET OF 36 MUSHROOM PAPER DOILIES,2420.0299999999997,1670,210,117,1.7956190476190474,1643.0,1505.0,-138.0,1.4491197604790418,13.0,18.849999999999998,2.0,0.7784431137724551
84828,JUNGLE POPSICLES ICE LOLLY HOLDERS,1976.31,1543,200,92,1.6291499999999999,1881.0,1596.0,-285.0,1.2808230719377836,12.0,15.0,1.0,0.7777057679844459
23309,SET OF 60 I LOVE LONDON CAKE CASES,4495.849999999999,8275,407,178,0.7424170616113744,1026.0,298.0,-728.0,0.5433051359516615,64.0,35.2,4.0,0.7734138972809668
21592,RETRO SPOT CIGAR BOX MATCHES,3652.0,3104,190,157,1.2430729166666665,1216.0,882.0,-334.0,1.1765463917525774,24.0,30.0,1.0,0.7731958762886598
22528,GARDENERS KNEELING PAD,7623.41,5824,554,284,1.4907692307692308,619.0,456.0,-163.0,1.3089646291208792,45.0,56.25,5.0,0.7726648351648352
22475,SKULL DESIGN TV DINNER TRAY,3856.8,777,258,115,5.9575478927203065,1155.0,2345.0,1190.0,4.963706563706564,6.0,29.700000000000003,1.0,0.7722007722007722
20766,GARDEN PATH SKETCHBOOK,1548.47,518,155,100,3.951910828025478,2157.0,2736.0,579.0,2.989324324324324,4.0,15.0,1.0,0.7722007722007722
84596B,SMALL DOLLY MIX DESIGN ORANGE BOWL,4074.67,6221,725,256,0.8488524590163935,1109.0,416.0,-693.0,0.6549863366018325,48.0,46.72,3.0,0.7715801318116058
84988,SET OF 72 PINK HEART PAPER DOILIES,12913.24,8305,1019,379,2.097966764418377,356.0,296.0,-60.0,1.5548753762793497,64.0,91.27,3.0,0.7706201083684527
22599,CHRISTMAS MUSICAL ZINC STAR,1976.8799999999999,3119,189,114,0.7351832460732983,1880.0,878.0,-1002.0,0.6338185315806348,24.0,20.4,1.0,0.7694773966014749
22525,CHILDRENS GARDEN GLOVES PINK,2748.79,1950,330,189,1.643534743202417,1507.0,1338.0,-169.0,1.4096358974358973,15.0,18.75,3.0,0.7692307692307693
85099F,JUMBO BAG STRAWBERRY,67985.77,36863,1833,549,2.2905882352941176,14.0,20.0,6.0,1.8442820714537613,283.0,512.24,26.0,0.7677074573420503
22605,WOODEN CROQUET GARDEN SET,23426.82,1828,643,377,14.743509316770187,163.0,1404.0,1241.0,12.81554704595186,14.0,170.29999999999998,13.0,0.7658643326039387
21891,TRADITIONAL WOODEN SKIPPING ROPE,15547.75,12147,838,483,1.5312412993039444,273.0,175.0,-98.0,1.279966246809912,93.0,118.07,13.0,0.7656211410224747
48111,DOOR MAT 3 SMILEY CATS,10532.27,1830,285,125,7.744666666666666,451.0,1403.0,952.0,5.755338797814208,14.0,86.5,2.0,0.7650273224043715
22331,WOODLAND PARTY BAG + STICKER SET,6011.57,3661,438,225,1.9726923076923075,783.0,758.0,-25.0,1.6420568150778474,28.0,46.199999999999996,7.0,0.7648183556405354
22383,LUNCH BAG SUKI DESIGN,42592.72,24649,2364,657,2.0805162364696086,51.0,53.0,2.0,1.7279694916629478,188.0,285.8,32.0,0.7627084263053268
22045,SPACEBOY GIFT WRAP,5656.14,13767,446,279,0.41883408071748873,826.0,142.0,-684.0,0.4108476792329484,105.0,44.1,5.0,0.7626933972543039
22304,COFFEE MUG BLUE PAISLEY DESIGN,4689.56,2380,167,98,2.8558682634730537,988.0,1121.0,133.0,1.970403361344538,18.0,44.55,5.0,0.7563025210084033
23196,VINTAGE LEAF MAGNETIC NOTEPAD,2601.15,1719,275,159,1.8156989247311828,1571.0,1470.0,-101.0,1.513176265270506,13.0,18.849999999999998,3.0,0.7562536358347877
21067,VINTAGE RED TEATIME MUG,3830.67,4763,266,130,1.505805243445693,1166.0,581.0,-585.0,0.8042557211841277,36.0,39.760000000000005,5.0,0.7558261599832038
85041,SET/4 PINK ORCHID CANDLES IN BOWL,2489.87,1853,92,64,1.7864210526315787,1617.0,1384.0,-233.0,1.3436967080410145,14.0,23.099999999999998,3.0,0.7555315704263357
21216,"SET 3 RETROSPOT TEA,COFFEE,SUGAR",12764.91,2384,498,174,7.369304174950297,361.0,1115.0,754.0,5.3544085570469795,18.0,87.7,12.0,0.7550335570469799
21590,KINGS CHOICE CIGAR BOX MATCHES,4141.28,3448,286,203,1.246135593220339,1098.0,805.0,-293.0,1.2010672853828306,26.0,32.5,2.0,0.7540603248259861
84997A,CHILDRENS CUTLERY POLKADOT GREEN,6864.42,1728,186,114,4.607849462365592,682.0,1463.0,781.0,3.972465277777778,13.0,49.95,3.0,0.7523148148148148
84880,WHITE WIRE EGG HOLDER,9894.99,1729,375,185,6.7271618037135275,488.0,1461.0,973.0,5.722955465587044,13.0,78.9,5.0,0.7518796992481203
22302,COFFEE MUG PEARS DESIGN,10492.45,4926,396,212,2.723233082706767,454.0,558.0,104.0,2.130014210312627,37.0,94.35,10.0,0.7511165245635404
22476,EMPIRE UNION JACK TV DINNER TRAY,5218.61,1333,270,145,6.568523985239852,893.0,1754.0,861.0,3.9149362340585143,10.0,49.5,2.0,0.7501875468867216
22608,PENS ASSORTED FUNKY JEWELED,1573.81,5735,170,75,0.462235294117647,2137.0,467.0,-1670.0,0.2744219703574542,43.0,31.93,2.0,0.7497820401046207
23445,ICE CREAM BUBBLES,2161.24,2668,101,81,0.8659803921568627,1765.0,1010.0,-755.0,0.8100599700149924,20.0,16.599999999999998,1.0,0.7496251874062968
84536A,ENGLISH ROSE NOTEBOOK A7 SIZE,2289.73,5077,613,227,0.533872,1697.0,540.0,-1157.0,0.4510005909001379,38.0,15.959999999999999,2.0,0.7484735079771518
23012,GLASS APOTHECARY BOTTLE PERFUME,4197.110000000001,1071,246,151,4.62991935483871,1083.0,2003.0,920.0,3.9188702147525682,8.0,31.6,5.0,0.7469654528478058
22197,SMALL POPCORN HOLDER,42699.89,48597,1412,426,1.0360921144452198,48.0,10.0,-38.0,0.8786527974977879,363.0,276.18,49.0,0.7469596888696833
21790,VINTAGE SNAP CARDS,23506.17,27244,1888,793,1.008572922111866,161.0,41.0,-120.0,0.8628017178094258,203.0,162.67,12.0,0.7451181911613566
23349,ROLL WRAP VINTAGE CHRISTMAS,4342.6,3221,337,214,1.5426530612244898,1057.0,854.0,-203.0,1.3482148401117666,24.0,30.0,2.0,0.7451102142191867
23289,DOLLY GIRL CHILDRENS BOWL,2013.7,1622,191,111,1.5367708333333334,1854.0,1541.0,-313.0,1.2414919852034525,12.0,15.0,4.0,0.7398273736128237
22758,LARGE PURPLE BABUSHKA NOTEBOOK,2618.35,2437,314,151,1.5309119496855346,1561.0,1095.0,-466.0,1.0744152646696759,18.0,22.5,3.0,0.7386130488305294
21437,24 HANGING EASTER EGGS FLORAL TUB,2350.92,677,109,88,3.9735964912280703,1675.0,2495.0,820.0,3.472555391432792,5.0,18.75,2.0,0.7385524372230428
84509B,SET OF 4 FAIRY CAKE PLACEMATS,2042.73,542,168,87,4.211705882352941,1840.0,2703.0,863.0,3.7688745387453877,4.0,15.0,1.0,0.7380073800738007
23103,JINGLE BELL HEART DECORATION,6459.159999999999,3820,356,223,1.8494550408719346,729.0,721.0,-8.0,1.6908795811518322,28.0,46.199999999999996,3.0,0.7329842931937173
23268,SET OF 2 CERAMIC CHRISTMAS REINDEER,2018.1399999999999,1639,90,68,1.6722222222222223,1851.0,1529.0,-322.0,1.2313239780353873,12.0,17.4,1.0,0.7321537522879805
22443,GROW YOUR OWN HERBS SET OF 3,5393.43,683,264,193,8.465509433962264,875.0,2483.0,1608.0,7.896676427525622,5.0,39.75,4.0,0.7320644216691069
23307,SET OF 60 PANTRY DESIGN CAKE CASES,6371.889999999999,12049,629,366,0.6839469578783152,741.0,178.0,-563.0,0.5288314382936343,88.0,48.4,5.0,0.730351066478546
22243,5 HOOK HANGER RED MAGIC TOADSTOOL,6951.45,4526,213,111,1.8835779816513762,668.0,614.0,-54.0,1.5358926204153778,33.0,54.449999999999996,8.0,0.7291206363234645
85039B,S/4 IVORY MINI ROSE CANDLE IN BOWL,2178.52,1653,266,84,1.6629477611940298,1759.0,1521.0,-238.0,1.3179189352692076,12.0,19.799999999999997,1.0,0.7259528130671506
22340,NOEL GARLAND PAINTED ZINC,1511.05,1799,184,81,1.242391304347826,2182.0,1423.0,-759.0,0.8399388549193997,13.0,19.049999999999997,2.0,0.7226236798221234
22577,WOODEN HEART CHRISTMAS SCANDINAVIAN,7123.929999999999,13987,831,516,0.650046565774156,653.0,139.0,-514.0,0.5093250875813254,101.0,83.05,2.0,0.722099092014013
84945,MULTI COLOUR SILVER T-LIGHT HOLDER,17746.71,21605,653,344,1.077181818181818,230.0,63.0,-167.0,0.821416801666281,156.0,141.73,32.0,0.7220550798426291
21895,POTTING SHED SOW 'N' GROW SET,1718.63,555,85,61,4.853139534883721,2035.0,2677.0,642.0,3.096630630630631,4.0,17.0,1.0,0.7207207207207207
20716,PARTY FOOD SHOPPER BAG,1925.04,1533,246,121,1.4443373493975904,1908.0,1605.0,-303.0,1.2557338551859099,11.0,13.75,2.0,0.7175472928897586
22524,CHILDRENS GARDEN GLOVES BLUE,2713.23,1952,299,188,1.5469435215946843,1526.0,1335.0,-191.0,1.3899743852459017,14.0,17.5,2.0,0.7172131147540983
22327,ROUND SNACK BOXES SET OF 4 SKULLS,9943.550000000001,3074,651,256,3.7727218045112783,485.0,889.0,404.0,3.2347267404033837,22.0,64.5,10.0,0.715679895901106
21682,LARGE MEDINA STAMPED METAL BOWL,2767.59,559,152,116,5.280526315789474,1491.0,2668.0,1177.0,4.9509660107334525,4.0,19.8,2.0,0.7155635062611807
23396,LE JARDIN BOTANIQUE CUSHION COVER,2345.0,559,166,114,4.7814035087719295,1678.0,2668.0,990.0,4.194991055456172,4.0,15.0,1.0,0.7155635062611807
20718,RED RETROSPOT SHOPPER BAG,8694.26,6295,696,280,1.7553934191702432,548.0,408.0,-140.0,1.3811374106433678,45.0,55.49,6.0,0.7148530579825259
85164B,BLACK BAROQUE CUCKOO CLOCK,1825.1799999999998,140,65,27,16.834,1971.0,3854.0,1883.0,13.036999999999999,1.0,12.75,1.0,0.7142857142857143
84843,WHITE SOAP RACK WITH 2 BOTTLES,1731.06,280,110,66,7.07972972972973,2026.0,3313.0,1287.0,6.182357142857143,2.0,11.9,2.0,0.7142857142857143
23213,STAR WREATH DECORATION WITH BELL,2138.42,1682,152,95,1.4865806451612902,1781.0,1498.0,-283.0,1.2713555291319858,12.0,15.0,1.0,0.713436385255648
22182,CAKE STAND VICTORIAN FILIGREE SMALL,2156.45,561,172,58,4.562325581395349,1768.0,2662.0,894.0,3.8439393939393938,4.0,19.8,3.0,0.7130124777183601
21408,SPOTTY PINK DUCK DOORSTOP,3045.31,703,240,114,5.908458333333333,1404.0,2446.0,1042.0,4.331877667140825,5.0,21.25,3.0,0.7112375533428165
22488,NATURAL SLATE RECTANGLE CHALKBOARD,11788.06,6905,808,426,1.9600369913686806,390.0,362.0,-28.0,1.7071774076755972,49.0,80.85,17.0,0.7096307023895728
22457,NATURAL SLATE HEART CHALKBOARD,47288.23,15373,2046,874,3.5118406993686255,37.0,121.0,84.0,3.0760573733168544,109.0,315.95000000000005,31.0,0.7090353216678592
84937,KASHMIR FOLKART TUMBLERS,5394.54,2542,124,50,4.990161290322581,873.0,1048.0,175.0,2.1221636506687647,18.0,37.800000000000004,2.0,0.7081038552321007
15060B,FAIRY CAKE DESIGN UMBRELLA,6444.9800000000005,1414,449,174,5.541804008908686,733.0,1695.0,962.0,4.557977369165489,10.0,42.22,7.0,0.7072135785007072
22434,BALLOON PUMP WITH 10 BALLOONS,4733.49,2547,281,203,2.0394076655052262,976.0,1045.0,69.0,1.858457008244994,18.0,35.1,2.0,0.7067137809187279
21125,SET 6 FOOTBALL CELEBRATION CANDLES,2211.38,2123,246,162,1.3050592885375494,1744.0,1244.0,-500.0,1.041629769194536,15.0,18.75,4.0,0.7065473386716911
23188,VINTAGE 2 METER FOLDING RULER,3073.72,1844,181,131,1.8808196721311474,1393.0,1392.0,-1.0,1.666876355748373,13.0,21.449999999999996,2.0,0.7049891540130151
21745,GAOLERS KEYS DECORATIVE GARDEN,9201.49,2699,486,236,3.953394308943089,526.0,1003.0,477.0,3.409221934049648,19.0,71.25,3.0,0.7039644312708411
23078,ICE CREAM PEN LIP GLOSS,8553.34,6831,257,159,1.4267315175097277,557.0,368.0,-189.0,1.2521358512662861,48.0,60.0,2.0,0.7026789635485288
22816,CARD MOTORBIKE SANTA,2950.93,6856,436,258,0.4823006833712984,1435.0,365.0,-1070.0,0.43041569428238036,48.0,20.16,2.0,0.7001166861143524
23161,REGENCY CAKE FORK,2145.3,1715,98,58,1.593061224489796,1775.0,1473.0,-302.0,1.2509037900874638,12.0,15.0,1.0,0.6997084548104956
21034,REX CASH+CARRY JUMBO SHOPPER,3801.8999999999996,4004,1903,800,0.9495242864296444,1172.0,685.0,-487.0,0.9495254745254744,28.0,26.599999999999998,9.0,0.6993006993006993
23073,GEORGIAN TRINKET BOX,1706.5,143,61,49,12.411475409836067,2042.0,3830.0,1788.0,11.933566433566433,1.0,12.5,1.0,0.6993006993006993
22063,CERAMIC BOWL WITH STRAWBERRY DESIGN,6356.06,2303,356,142,3.645095890410959,745.0,1163.0,418.0,2.759904472427269,16.0,46.8,10.0,0.6947459834997829
85131A,BEADED PEARL HEART WHITE ON STICK,1619.23,2025,199,64,0.97595,2107.0,1300.0,-807.0,0.7996197530864197,14.0,12.52,4.0,0.6913580246913581
22867,HAND WARMER BIRD DESIGN,26117.63,11872,1054,521,2.3753406998158377,129.0,182.0,53.0,2.199935141509434,82.0,172.20000000000002,7.0,0.6907008086253369
21892,TRADITIONAL WOODEN CATCH CUP GAME,10151.28,7826,818,447,1.570631704410012,473.0,319.0,-154.0,1.2971224124712497,54.0,67.5,11.0,0.6900076667518528
22500,SET OF 2 TINS JARDIN DE PROVENCE,2647.31,580,198,155,5.186834170854271,1548.0,2636.0,1088.0,4.564327586206897,4.0,19.8,1.0,0.6896551724137931
21872,GLAMOROUS MUG,5163.8,5092,330,169,1.54105421686747,900.0,538.0,-362.0,1.0141005498821682,35.0,41.47,5.0,0.6873527101335428
82615,PINK MARSHMALLOW SCARF KNITTING KIT,1603.97,582,90,60,3.277444444444445,2114.0,2632.0,518.0,2.755962199312715,4.0,11.0,2.0,0.6872852233676976
22523,CHILDS GARDEN FORK PINK,1882.29,2184,353,248,0.9246239554317549,1944.0,1215.0,-729.0,0.8618543956043956,15.0,12.75,3.0,0.6868131868131868
21841,BABY MOUSE RED GINGHAM DRESS,1857.47,437,132,106,4.4216417910447765,1959.0,2888.0,929.0,4.25050343249428,3.0,12.75,1.0,0.6864988558352403
21390,FILIGRIS HEART WITH BUTTERFLY,13552.97,10937,588,280,1.4604628099173553,333.0,205.0,-128.0,1.2391853341867056,75.0,93.75,4.0,0.6857456340861297
22196,SMALL HEART MEASURING SPOONS,6130.99,6574,980,303,1.1788756218905472,769.0,383.0,-386.0,0.9326118040766657,45.0,36.04,10.0,0.684514755095832
22662,LUNCH BAG DOLLY GIRL DESIGN,16213.61,9951,994,426,1.9189353233830846,254.0,229.0,-25.0,1.6293447894683952,68.0,112.2,10.0,0.6833484071952568
21563,RED HEART SHAPE LOVE BUCKET,6875.71,2786,362,180,3.315123287671233,680.0,964.0,284.0,2.467950466618808,19.0,52.050000000000004,9.0,0.6819813352476669
20685,RED SPOTTY COIR DOORMAT,7563.34,1174,208,132,7.999951923076923,623.0,1889.0,1266.0,6.44236797274276,8.0,54.0,1.0,0.6814310051107325
22660,DOORMAT I LOVE LONDON,5839.41,881,194,96,9.09840206185567,805.0,2217.0,1412.0,6.628161180476731,6.0,47.7,1.0,0.681044267877412
22077,6 RIBBONS RUSTIC CHARM,31513.109999999997,17238,1751,685,2.110567415730337,88.0,96.0,8.0,1.8281186912634875,117.0,193.04999999999998,15.0,0.6787330316742082
20828,GLITTER BUTTERFLY CLIPS,10940.48,4423,607,261,2.935849358974359,434.0,625.0,191.0,2.4735428442233776,30.0,76.5,5.0,0.6782726656115758
84997A,GREEN 3 PIECE MINI DOTS CUTLERY SET,6948.650000000001,1918,238,154,3.8622500000000004,669.0,1351.0,682.0,3.622862356621481,13.0,48.75,3.0,0.6777893639207508
21675,BUTTERFLIES STICKERS,1576.84,1782,268,124,1.0479553903345724,2136.0,1432.0,-704.0,0.8848709315375981,12.0,10.2,1.0,0.6734006734006733
84849B,FAIRY SOAP SOAP HOLDER,3244.14,1936,293,123,2.0241496598639457,1331.0,1342.0,11.0,1.6756921487603305,13.0,21.970000000000002,2.0,0.6714876033057852
21728,METAL MEDINA LANTERN,2773.11,298,40,33,13.710249999999998,1489.0,3244.0,1755.0,9.305738255033557,2.0,25.5,2.0,0.6711409395973155
84050,PINK HEART SHAPE EGG FRYING PAN,14525.0,9853,715,308,2.1541551246537396,299.0,234.0,-65.0,1.4741703034608749,66.0,107.3,13.0,0.6698467471835989
22705,WRAP GREEN PEARS,1567.86,3733,151,114,0.42,2140.0,738.0,-1402.0,0.42,25.0,10.5,1.0,0.669702652022502
22119,PEACE WOODEN BLOCK LETTERS,5543.87,896,340,244,6.8107204610951015,836.0,2200.0,1364.0,6.187354910714285,6.0,41.7,4.0,0.6696428571428571
21865,PINK UNION JACK PASSPORT COVER,2085.64,896,297,129,2.605766666666667,1811.0,2200.0,389.0,2.3277232142857143,6.0,12.6,1.0,0.6696428571428571
22522,CHILDS GARDEN FORK BLUE,1905.81,2240,335,249,0.9053823529411764,1923.0,1192.0,-731.0,0.8508080357142856,15.0,12.75,2.0,0.6696428571428571
22245,"HOOK, 1 HANGER ,MAGIC GARDEN",3988.85,4633,413,166,1.1102870813397128,1127.0,599.0,-528.0,0.8609648176127779,31.0,26.35,7.0,0.6691128858191236
21744,SNOWFLAKE PORTABLE TABLE LIGHT,2697.1600000000003,898,217,131,3.179144144144144,1530.0,2199.0,669.0,3.003518930957684,6.0,17.700000000000003,1.0,0.6681514476614699
22024,RAINY LADIES BIRTHDAY CARD,2257.0,5391,439,170,0.5579271070615034,1715.0,499.0,-1216.0,0.41866073084770916,36.0,15.120000000000001,3.0,0.667779632721202
20675,BLUE SPOTTY BOWL,3455.94,2849,308,157,1.4349838187702264,1266.0,940.0,-326.0,1.213036153036153,19.0,23.75,5.0,0.666900666900667
23352,ROLL WRAP 50'S RED CHRISTMAS,2459.2,1800,212,151,1.511643192488263,1627.0,1421.0,-206.0,1.3662222222222222,12.0,15.0,1.0,0.6666666666666667
21746,SMALL RED RETROSPOT WINDMILL,6351.9,5113,412,203,1.4903349282296652,746.0,533.0,-213.0,1.242303931155877,34.0,42.5,8.0,0.6649716409153139
22492,MINI PAINT SET VINTAGE,27056.19,42286,714,356,0.7730812324929972,123.0,14.0,-109.0,0.6398380078512983,281.0,182.64999999999998,14.0,0.6645225370098851
21540,DAIRY MAID BUTTER DISH,1885.33,1209,39,31,4.472051282051282,1941.0,1859.0,-82.0,1.5594127377998346,8.0,30.5,2.0,0.6617038875103392
22558,CLOTHES PEGS RETROSPOT PACK 24,19513.17,13809,1202,541,1.6692161716171616,210.0,141.0,-69.0,1.4130762546165543,91.0,130.70999999999998,15.0,0.6589905134332681
22971,QUEENS GUARD COFFEE MUG,5849.29,2431,272,164,2.7821167883211677,801.0,1096.0,295.0,2.406125051419169,16.0,37.65,5.0,0.658165364047717
23049,RECYCLED ACAPULCO MAT RED,3896.84,456,186,103,8.921505376344086,1148.0,2855.0,1707.0,8.545701754385965,3.0,24.75,2.0,0.6578947368421052
21688,SILVER PLATE CANDLE BOWL SMALL,2845.6500000000005,912,142,97,3.6079577464788737,1467.0,2183.0,716.0,3.1202302631578953,6.0,17.700000000000003,1.0,0.6578947368421052
23406,HOME SWEET HOME KEY HOLDER,2422.6600000000003,456,111,65,7.10990990990991,1641.0,2855.0,1214.0,5.312850877192983,3.0,18.75,2.0,0.6578947368421052
37370,RETRO COFFEE MUGS ASSORTED,10821.29,7145,492,184,5.550721442885772,439.0,346.0,-93.0,1.514526242127362,47.0,57.42,16.0,0.6578026592022393
79164,BLACK WINE GLASS,3196.0099999999998,3653,91,43,6.560434782608695,1347.0,760.0,-587.0,0.8749000821242814,24.0,36.599999999999994,6.0,0.6569942513003011
22557,PLASTERS IN TIN VINTAGE PAISLEY,17401.3,10369,1126,580,1.8292387543252595,237.0,220.0,-17.0,1.6782042627061433,68.0,112.19999999999999,9.0,0.6558009451248915
72008,FROSTED BOX 9 WHITE T-LIGHT CANDLES,1531.4,3819,215,134,0.441,2169.0,722.0,-1447.0,0.40099502487562194,25.0,10.5,2.0,0.6546216286986122
23401,RUSTIC MIRROR WITH LACE HEART,2354.87,459,83,59,7.090361445783133,1671.0,2846.0,1175.0,5.130435729847495,3.0,18.75,3.0,0.6535947712418301
21292,SMALL STRIPES CHOCOLATE GIFT BAG,1427.11,2449,91,69,0.8146153846153845,2254.0,1089.0,-1165.0,0.5827317272356063,16.0,13.6,1.0,0.6533278889342589
23374,RED SPOT PAPER GIFT BAG,1962.83,2456,131,108,0.867175572519084,1890.0,1083.0,-807.0,0.7991978827361563,16.0,13.12,3.0,0.6514657980456027
21041,RED RETROSPOT OVEN GLOVE DOUBLE,5334.06,1382,352,141,4.283785310734463,883.0,1723.0,840.0,3.8596671490593346,9.0,26.550000000000004,4.0,0.6512301013024602
23013,GLASS APOTHECARY BOTTLE TONIC,3674.1600000000003,924,223,135,4.672946428571429,1210.0,2174.0,964.0,3.9763636363636365,6.0,23.7,3.0,0.6493506493506493
84991,60 TEATIME FAIRY CAKE CASES,27041.21,54028,2127,822,0.6644378155117027,124.0,9.0,-115.0,0.5005036277485748,350.0,187.95,14.0,0.6478122455023322
21382,SET/4 SPRING FLOWER DECORATION,1665.66,1238,152,78,2.2237254901960783,2071.0,1836.0,-235.0,1.3454442649434573,8.0,6.0,1.0,0.6462035541195477
22129,PARTY CONES CANDY TREE DECORATION,2473.16,2792,107,92,1.197314814814815,1624.0,961.0,-663.0,0.8858022922636103,18.0,15.3,1.0,0.6446991404011462
21244,BLUE POLKADOT PLATE,4419.44,2641,241,128,2.033868312757202,1038.0,1020.0,-18.0,1.6733964407421429,17.0,28.729999999999997,5.0,0.6436955698599016
22452,MEASURING TAPE BABUSHKA PINK,2806.4,1089,207,96,2.5631578947368423,1479.0,1981.0,502.0,2.5770431588613407,7.0,20.650000000000002,2.0,0.642791551882461
22294,HEART FILIGREE DOVE SMALL,20629.38,16671,861,414,1.4552125279642059,194.0,102.0,-92.0,1.2374410653230161,107.0,133.75,7.0,0.6418331233879191
22436,12 COLOURED PARTY BALLOONS,2687.05,4216,290,173,0.6820338983050848,1537.0,658.0,-879.0,0.6373458254269451,27.0,17.55,3.0,0.6404174573055028
22285,"DECORATION HEN ON NEST, HANGING",2829.19,1877,147,105,1.868157894736842,1472.0,1368.0,-104.0,1.5072935535428875,12.0,19.799999999999997,1.0,0.6393180607352157
22355,CHARLOTTE BAG SUKI DESIGN,41580.97,27557,1406,344,1.1740366972477063,56.0,39.0,-17.0,1.5089077185470117,176.0,135.04,26.0,0.6386761984250825
22495,SET OF 2 ROUND TINS CAMEMBERT,2682.32,940,237,165,3.4214644351464436,1539.0,2150.0,611.0,2.853531914893617,6.0,17.700000000000003,1.0,0.6382978723404255
84879,ASSORTED COLOUR BIRD ORNAMENT,129324.49,80090,2808,1010,1.8583818883818883,8.0,4.0,-4.0,1.6147395430141092,511.0,774.0699999999999,19.0,0.6380322137595205
23089,GLASS BON BON JAR,4215.78,2354,225,101,2.380175438596491,1077.0,1136.0,59.0,1.7909005947323704,15.0,25.65,7.0,0.637213254035684
22396,MAGNETS PACK OF 4 RETRO PHOTO,1427.08,1895,184,122,0.9205945945945946,2255.0,1363.0,-892.0,0.7530765171503957,12.0,15.0,2.0,0.6332453825857519
21629,SQUARE FLOOR CUSHION VINTAGE RED,1690.8999999999999,158,91,25,11.56120879120879,2053.0,3768.0,1715.0,10.701898734177215,1.0,7.95,1.0,0.6329113924050633
22607,WOODEN ROUNDERS GARDEN SET,22906.54,2533,744,419,10.02461847389558,168.0,1055.0,887.0,9.043245163837348,16.0,133.55,8.0,0.6316620607974733
23311,VINTAGE CHRISTMAS STOCKING,6488.2,2390,344,246,2.9656772334293944,725.0,1111.0,386.0,2.7147280334728032,15.0,38.25,4.0,0.6276150627615062
21577,SAVE THE PLANET COTTON TOTE BAG,5716.5199999999995,2556,464,241,2.713261802575107,820.0,1043.0,223.0,2.2365101721439746,16.0,36.0,5.0,0.6259780907668232
21620,SET OF 4 ROSE BOTANICAL CANDLES,1729.61,960,184,113,2.2531550802139035,2028.0,2124.0,96.0,1.8016770833333333,6.0,22.5,1.0,0.625
72756,FAIRY CAKE CANDLES,5459.48,4012,129,114,1.46953488372093,855.0,683.0,-172.0,1.3607876370887337,25.0,37.25,2.0,0.6231306081754736
22244,3 HOOK HANGER MAGIC GARDEN,5122.759999999999,2732,223,89,2.7399999999999998,915.0,989.0,74.0,1.8750951683748167,17.0,33.15,9.0,0.6222547584187409
23148,MINIATURE ANTIQUE ROSE HOOK IVORY,1775.5100000000002,2091,243,142,0.9144,1996.0,1262.0,-734.0,0.8491200382592062,13.0,10.79,7.0,0.6217120994739359
35953,FOLKART STAR CHRISTMAS DECORATIONS,2007.22,3868,155,98,0.7825316455696203,1862.0,712.0,-1150.0,0.5189296794208893,24.0,30.0,1.0,0.6204756980351602
21330,WOODLAND ANIMAL WRITING SET,2454.0699999999997,1452,201,101,2.2783251231527095,1632.0,1666.0,34.0,1.6901308539944901,9.0,14.85,1.0,0.6198347107438017
84797B,BLUE SAVANNAH PICNIC HAMPER FOR 4,1845.2,323,33,22,10.58848484848485,1962.0,3171.0,1209.0,5.712693498452013,2.0,33.9,1.0,0.6191950464396285
85152,HAND OVER THE CHOCOLATE SIGN,31483.7,16373,1460,486,2.30101902173913,89.0,106.0,17.0,1.9229035607402432,101.0,191.51000000000002,8.0,0.6168692359372137
21246,RED RETROSPOT BIG BOWL,1534.78,326,108,40,4.595185185185185,2166.0,3153.0,987.0,4.7079141104294475,2.0,9.9,2.0,0.6134969325153374
23034,DRAWER KNOB CERAMIC BLACK,1448.6699999999998,979,88,57,1.6273333333333335,2240.0,2101.0,-139.0,1.4797446373850867,6.0,8.7,1.0,0.6128702757916241
84030E,ENGLISH ROSE HOT WATER BOTTLE,9042.15,2122,485,254,4.866748466257669,533.0,1246.0,713.0,4.261145146088595,13.0,55.25,4.0,0.6126295947219604
23291,DOLLY GIRL CHILDRENS CUP,2059.03,1634,195,104,1.5237244897959183,1834.0,1535.0,-299.0,1.2601162790697675,10.0,12.5,3.0,0.6119951040391677
84946,ANTIQUE SILVER TEA GLASS ETCHED,29828.78,22032,1080,413,1.5512328767123287,98.0,61.0,-37.0,1.3538843500363107,134.0,153.82,23.0,0.6082062454611474
23229,VINTAGE DONKEY TAIL GAME,6550.17,1815,252,182,4.252261904761904,721.0,1415.0,694.0,3.608909090909091,11.0,40.89,5.0,0.6060606060606061
23297,SET 40 HEART SHAPE PETIT FOUR CASES,6792.23,4303,161,123,1.8389570552147239,688.0,646.0,-42.0,1.5784871020218452,26.0,42.9,4.0,0.6042296072507553
72349B,SET/6 PURPLE BUTTERFLY T-LIGHTS,4049.9900000000002,1990,287,123,2.432474226804124,1113.0,1321.0,208.0,2.0351708542713567,12.0,25.200000000000003,1.0,0.6030150753768844
22722,SET OF 6 SPICE TINS PANTRY DESIGN,24459.96,5972,835,394,4.675660377358491,150.0,446.0,296.0,4.095773610180844,36.0,141.70000000000002,13.0,0.6028131279303416
21126,SET OF 6 GIRLS CELEBRATION CANDLES,2349.22,2325,285,169,1.3368166089965396,1676.0,1157.0,-519.0,1.0104172043010753,14.0,17.5,2.0,0.6021505376344086
22917,HERB MARKER ROSEMARY,1386.65,1996,252,138,0.8575889328063241,2288.0,1318.0,-970.0,0.6947144288577155,12.0,7.800000000000001,1.0,0.6012024048096193
47567B,TEA TIME KITCHEN APRON,11683.27,2166,348,179,6.212670454545455,397.0,1223.0,826.0,5.393938134810711,13.0,76.05000000000001,8.0,0.6001846722068329
23353,6 GIFT TAGS VINTAGE CHRISTMAS,3510.05,4007,327,227,0.9988519637462235,1254.0,684.0,-570.0,0.8759795358123285,24.0,19.92,2.0,0.5989518342899924
20982,12 PENCILS TALL TUBE SKULLS,4243.8,4851,576,316,0.9613333333333334,1073.0,570.0,-503.0,0.8748299319727891,29.0,24.65,6.0,0.5978148835291692
22080,RIBBON REEL POLKADOTS,2843.86,1676,242,167,2.0024489795918368,1468.0,1502.0,34.0,1.6968138424821002,10.0,16.5,1.0,0.5966587112171837
22672,FRENCH BATHROOM SIGN BLUE METAL,4736.11,2850,370,227,1.946595744680851,974.0,939.0,-35.0,1.6617929824561402,17.0,28.049999999999997,4.0,0.5964912280701754
85183A,CHARLIE & LOLA WASTEPAPER BIN BLUE,2275.75,1512,141,104,2.3574825174825174,1706.0,1622.0,-84.0,1.5051256613756614,9.0,18.75,4.0,0.5952380952380952
22399,MAGNETS PACK OF 4 CHILDHOOD MEMORY,4734.6,4042,278,180,1.301111111111111,975.0,679.0,-296.0,1.1713508164275113,24.0,30.0,3.0,0.5937654626422563
21923,RED/CREAM STRIPE FRINGE HAMMOCK,2662.64,337,119,80,8.58436974789916,1544.0,3129.0,1585.0,7.901008902077151,2.0,15.9,2.0,0.5934718100890208
22663,JUMBO BAG DOLLY GIRL DESIGN,11465.29,5764,688,268,2.4382778581765554,407.0,463.0,56.0,1.9891204024982652,34.0,66.3,3.0,0.5898681471200555
22805,BLUE DRAWER KNOB ACRYLIC EDWARDIAN,3008.82,2207,231,89,1.664025974025974,1419.0,1206.0,-213.0,1.363307657453557,13.0,16.25,2.0,0.5890348889895787
22674,FRENCH TOILET SIGN BLUE METAL,2956.33,2377,297,182,1.4519666666666666,1433.0,1123.0,-310.0,1.243723180479596,14.0,17.5,3.0,0.5889777029869584
21896,POTTING SHED TWINE,4944.04,2387,290,187,2.4898293515358363,945.0,1112.0,167.0,2.0712358609132804,14.0,28.65,5.0,0.5865102639296188
20747,PICCADILLY TEA SET,9224.92,683,108,48,15.723703703703702,524.0,2483.0,1959.0,13.506471449487554,4.0,55.4,3.0,0.5856515373352855
23266,SET OF 3 WOODEN STOCKING DECORATION,2743.82,2053,319,201,1.454005934718101,1508.0,1291.0,-217.0,1.3364929371651242,12.0,15.0,1.0,0.5845104724792985
20764,ABSTRACT CIRCLES SKETCHBOOK,2134.76,685,193,107,4.1788659793814436,1784.0,2478.0,694.0,3.11643795620438,4.0,15.0,1.0,0.583941605839416
21039,RED SPOTTY SHOPPING BAG,1798.04,686,116,80,2.9305172413793104,1985.0,2477.0,492.0,2.6210495626822157,4.0,10.2,2.0,0.5830903790087464
85176,SEWING SUSAN 21 NEEDLE SET,2293.0,2748,306,115,1.137843137254902,1695.0,981.0,-714.0,0.8344250363901019,16.0,13.18,4.0,0.5822416302765648
85132C,CHARLIE AND LOLA FIGURES TINS,5818.94,2062,302,144,4.964092409240924,808.0,1282.0,474.0,2.8219883608147427,12.0,79.4,6.0,0.5819592628516004
20675,BLUE POLKADOT BOWL,4611.89,3616,385,180,1.56426735218509,1005.0,763.0,-242.0,1.275412057522124,21.0,26.060000000000002,4.0,0.5807522123893806
23028,DRAWER KNOB CRACKLE GLAZE BLUE,2138.63,1207,134,87,1.9329629629629628,1780.0,1861.0,81.0,1.7718558409279206,7.0,11.55,3.0,0.579950289975145
21717,EASTER TIN BUCKET,4039.63,1554,176,122,2.927272727272727,1115.0,1591.0,476.0,2.5995045045045044,9.0,22.95,2.0,0.5791505791505791
21897,POTTING SHED CANDLE CITRONELLA,2641.36,866,106,86,3.107037037037037,1552.0,2237.0,685.0,3.0500692840646653,5.0,14.750000000000002,2.0,0.5773672055427251
21485,RED SPOT HEART HOT WATER BOTTLE,11670.66,2425,455,282,5.425271149674621,398.0,1098.0,700.0,4.812643298969072,14.0,69.30000000000001,3.0,0.5773195876288659
23077,DOUGHNUT LIP GLOSS,13695.77,10395,344,217,1.345436046511628,328.0,218.0,-110.0,1.3175343915343916,60.0,75.0,3.0,0.5772005772005772
22704,WRAP RED APPLES,3564.76,8678,295,207,0.41891525423728815,1238.0,273.0,-965.0,0.41078128601060154,50.0,21.0,2.0,0.5761696243374049
22600,CHRISTMAS RETROSPOT STAR WOOD,4209.9,4860,429,278,1.0088532110091741,1079.0,568.0,-511.0,0.8662345679012345,28.0,23.799999999999997,3.0,0.5761316872427984
23333,IVORY WICKER HEART MEDIUM,2695.45,2089,233,179,1.3329218106995884,1531.0,1264.0,-267.0,1.290306366682623,12.0,15.0,1.0,0.5744375299186213
21326,AGED GLASS SILVER T-LIGHT HOLDER,11593.86,17770,643,307,0.8101834862385321,400.0,88.0,-312.0,0.6524400675295442,102.0,66.3,11.0,0.5740011254924029
22381,TOY TIDY PINK POLKADOT,10090.01,4712,589,177,2.941208053691275,481.0,593.0,112.0,2.14134337860781,27.0,56.45,7.0,0.5730050933786078
21274,EMBOSSED HEART 3 DRAWER SHELF,2420.69,175,105,61,14.656037735849056,1642.0,3693.0,2051.0,13.832514285714286,1.0,12.75,1.0,0.5714285714285714
22295,HEART FILIGREE DOVE LARGE,13873.539999999999,8411,706,381,1.8310082872928175,319.0,288.0,-31.0,1.649451908215432,48.0,79.19999999999999,4.0,0.5706812507430745
21984,PACK OF 12 PINK PAISLEY TISSUES,7023.95,25351,432,256,0.4113439635535307,662.0,49.0,-613.0,0.2770679657607195,144.0,41.279999999999994,5.0,0.5680249299830381
22329,ROUND CONTAINER SET OF 5 RETROSPOT,8371.05,5123,607,259,2.0815901639344263,574.0,530.0,-44.0,1.6340132734725745,29.0,47.849999999999994,4.0,0.5660745656841694
22652,TRAVEL SEWING KIT,16794.05,9912,830,440,1.9016193853427896,246.0,230.0,-16.0,1.6943149717514123,56.0,92.39999999999999,11.0,0.5649717514124294
84990,60 GOLD AND SILVER FAIRY CAKE CASES,2062.19,4248,193,112,0.6447738693467336,1833.0,653.0,-1180.0,0.48544962335216574,24.0,13.2,1.0,0.5649717514124294
15044D,RED PAPER PARASOL,4559.650000000001,1596,227,105,3.438471615720524,1011.0,1563.0,552.0,2.8569235588972433,9.0,26.150000000000002,4.0,0.5639097744360901
21564,PINK HEART SHAPE LOVE BUCKET,4524.5,1951,294,134,3.22935593220339,1020.0,1337.0,317.0,2.3190671450538187,11.0,31.650000000000002,7.0,0.5638134290107637
21653,GLASS ETCHED T-LIGHT HOLDER LARGE,2565.67,1246,111,75,2.266086956521739,1586.0,1829.0,243.0,2.059125200642055,7.0,14.7,2.0,0.5617977528089888
21394,RED POLKADOT BEAKER,1698.8799999999999,3920,134,90,0.6504477611940298,2046.0,702.0,-1344.0,0.4333877551020408,22.0,8.58,4.0,0.5612244897959183
23412,HEART MIRROR ANTIQUE WHITE,2354.8,358,76,64,7.724415584415584,1672.0,3076.0,1404.0,6.5776536312849165,2.0,15.0,1.0,0.5586592178770949
22631,CIRCUS PARADE LUNCH BOX,12239.9,6274,663,270,2.4940118870728085,377.0,410.0,33.0,1.9508925725215174,35.0,68.25,7.0,0.5578578259483583
21672,WHITE SPOT RED CERAMIC DRAWER KNOB,14411.13,11120,815,278,1.59683192261185,303.0,200.0,-103.0,1.2959649280575538,62.0,81.3,8.0,0.5575539568345323
22041,"RECORD FRAME 7"" SINGLE SIZE",18650.87,7540,555,101,3.5552499999999996,221.0,332.0,111.0,2.473590185676392,42.0,103.95,5.0,0.5570291777188329
22948,METAL DECORATION NAUGHTY CHILDREN,2164.69,2155,180,93,1.8312903225806452,1763.0,1230.0,-533.0,1.0044965197215778,12.0,10.2,2.0,0.5568445475638051
22074,6 RIBBONS SHIMMERING PINKS,2216.3399999999997,2156,287,127,1.5195876288659793,1740.0,1229.0,-511.0,1.0279870129870128,12.0,19.799999999999997,1.0,0.5565862708719851
22113,GREY HEART HOT WATER BOTTLE,22025.93,5759,996,488,4.199551656920078,174.0,464.0,290.0,3.8246101753776696,32.0,121.8,6.0,0.5556520229206459
21272,SALLE DE BAIN HOOK,3109.83,2348,339,167,1.6387209302325583,1380.0,1141.0,-239.0,1.3244591141396933,13.0,16.25,4.0,0.5536626916524702
23490,T-LIGHT HOLDER HANGING LOVE BIRD,2032.77,542,101,83,3.961287128712871,1845.0,2703.0,858.0,3.7504981549815497,3.0,11.25,1.0,0.5535055350553505
72803A,ROSE SCENT CANDLE JEWELLED DRAWER,1553.5,724,97,61,4.382680412371134,2153.0,2418.0,265.0,2.145718232044199,4.0,17.0,4.0,0.5524861878453038
21506,"FANCY FONT BIRTHDAY CARD,",4534.49,10878,665,310,0.4894152923538231,1018.0,206.0,-812.0,0.41684960470674753,60.0,25.2,4.0,0.5515719801434087
20719,WOODLAND CHARLOTTE BAG,27598.42,24482,1576,365,1.1504794952681388,118.0,55.0,-63.0,1.1272943386978187,135.0,106.82,17.0,0.5514255371293195
22433,WATERING CAN GREEN DINOSAUR,5080.98,2724,417,207,2.2687142857142857,922.0,991.0,69.0,1.8652643171806165,15.0,29.25,4.0,0.5506607929515419
23209,LUNCH BAG VINTAGE DOILY,10797.0,6548,601,319,1.8969934640522876,440.0,386.0,-54.0,1.6489004276114845,36.0,59.2,7.0,0.5497861942577886
23051,RECYCLED ACAPULCO MAT BLUE,3223.49,365,162,95,9.636790123456791,1337.0,3061.0,1724.0,8.831479452054793,2.0,16.5,2.0,0.547945205479452
22352,LUNCH BOX WITH CUTLERY RETROSPOT,14348.82,5679,887,316,3.190011248593926,305.0,471.0,166.0,2.5266455361859483,31.0,78.6,13.0,0.5458707518929389
22460,EMBOSSED GLASS TEALIGHT HOLDER,6283.87,4771,376,206,1.5209523809523808,753.0,580.0,-173.0,1.3170970446447285,26.0,32.120000000000005,9.0,0.544959128065395
21165,BEWARE OF THE CAT METAL SIGN,15167.38,9360,966,321,2.123363821138211,285.0,254.0,-31.0,1.6204465811965811,51.0,82.59,6.0,0.5448717948717948
23296,SET OF 6 TEA TIME BAKING CASES,5985.55,4979,378,243,1.524240837696335,786.0,553.0,-233.0,1.202159068085961,27.0,33.75,6.0,0.5422775657762603
22996,TRAVEL CARD WALLET VINTAGE TICKET,2094.93,4801,408,155,0.5296385542168675,1806.0,576.0,-1230.0,0.4363528431576755,26.0,10.92,4.0,0.5415538429493856
84968D,SET OF 16 VINTAGE RED CUTLERY,2043.95,185,68,38,12.676764705882352,1839.0,3648.0,1809.0,11.048378378378379,1.0,12.75,1.0,0.5405405405405406
22121,NOEL WOODEN BLOCK LETTERS,9167.61,1482,439,303,6.627573033707865,528.0,1643.0,1115.0,6.185971659919029,8.0,47.6,3.0,0.5398110661268556
48138,DOORMAT UNION FLAG,42239.5,6303,992,467,8.469145728643216,54.0,406.0,352.0,6.701491353323814,34.0,244.95999999999998,10.0,0.5394256703157227
22497,SET OF 2 TINS VINTAGE BATHROOM,4239.07,929,279,160,5.253928571428571,1074.0,2166.0,1092.0,4.563046286329386,5.0,21.25,2.0,0.5382131324004306
85017B,ENVELOPE 50 BLOSSOM IMAGES,1390.3899999999999,2231,317,98,0.7516981132075471,2284.0,1195.0,-1089.0,0.6232138054683998,12.0,10.2,1.0,0.5378753922008068
22993,SET OF 4 PANTRY JELLY MOULDS,16478.48,12649,1073,431,1.497788990825688,249.0,171.0,-78.0,1.302749624476243,68.0,85.0,9.0,0.5375919044983793
85231B,CINAMMON SET OF 9 T-LIGHTS,1877.84,2054,384,181,1.0465809768637533,1945.0,1289.0,-656.0,0.9142356377799415,11.0,9.35,1.0,0.5355404089581305
23145,ZINC T-LIGHT HOLDER STAR LARGE,1956.68,2060,167,126,1.0807142857142857,1895.0,1285.0,-610.0,0.9498446601941748,11.0,10.45,2.0,0.5339805825242718
22431,WATERING CAN BLUE ELEPHANT,6771.5199999999995,3375,627,269,2.3333650793650795,692.0,823.0,131.0,2.0063762962962963,18.0,35.099999999999994,5.0,0.5333333333333333
22046,TEA PARTY WRAPPING PAPER,2613.5,6375,208,147,0.41846153846153844,1565.0,393.0,-1172.0,0.4099607843137255,34.0,14.28,2.0,0.5333333333333333
22417,PACK OF 60 SPACEBOY CAKE CASES,11159.9,21451,1103,521,0.7101066666666667,420.0,64.0,-356.0,0.5202508041583143,114.0,62.699999999999996,5.0,0.5314437555358724
15039,SANDALWOOD FAN,4345.62,5101,306,127,1.1448376623376624,1055.0,535.0,-520.0,0.8519153107233876,27.0,22.95,4.0,0.5293079788276809
84795D,SEASIDE STRIPE HAMMOCK,1538.79,189,83,53,8.78421686746988,2165.0,3640.0,1475.0,8.141746031746031,1.0,6.95,1.0,0.5291005291005291
22275,WEEKEND BAG VINTAGE ROSE PAISLEY,7875.33,946,313,168,8.88564263322884,602.0,2142.0,1540.0,8.324873150105708,5.0,42.5,4.0,0.5285412262156448
22862,LOVE HEART NAPKIN BOX,3373.22,758,221,143,4.877876106194691,1292.0,2363.0,1071.0,4.450158311345646,4.0,17.0,2.0,0.5277044854881267
21066,VINTAGE RED MUG,1494.67,2284,131,81,1.2776335877862597,2192.0,1175.0,-1017.0,0.6544089316987741,12.0,15.0,1.0,0.5253940455341506
21054,NURSE'S BAG SOFT TOY,3538.0,382,182,119,9.614863387978142,1247.0,3017.0,1770.0,9.261780104712042,2.0,17.9,1.0,0.5235602094240838
10133,COLOURING PENCILS BROWN TUBE,2373.2599999999998,3837,289,153,0.7457093425605537,1660.0,717.0,-943.0,0.6185196768308574,20.0,12.7,2.0,0.5212405525149857
22065,CHRISTMAS PUDDING TRINKET POT,6273.84,8653,458,249,1.4177330508474575,754.0,277.0,-477.0,0.7250479602450017,45.0,54.769999999999996,15.0,0.5200508494163874
84507B,STRIPES DESIGN MONKEY DOLL,1764.03,1349,115,52,2.9207758620689654,1999.0,1743.0,-256.0,1.30765752409192,7.0,11.049999999999999,4.0,0.5189028910303929
22854,CREAM SWEETHEART EGG HOLDER,5624.5,1160,244,169,5.4540650406504065,829.0,1898.0,1069.0,4.848706896551724,6.0,29.700000000000003,6.0,0.5172413793103449
15044C,PURPLE PAPER PARASOL,3027.26,967,231,100,3.820387931034483,1411.0,2119.0,708.0,3.130568769389866,5.0,13.95,4.0,0.5170630816959669
22440,BALLOON WATER BOMB PACK OF 35,3399.41,8523,292,187,0.4507333333333333,1284.0,282.0,-1002.0,0.3988513434236771,44.0,18.48,4.0,0.5162501466619734
22432,WATERING CAN PINK BUNNY,6636.82,3489,515,261,2.2601353965183755,713.0,792.0,79.0,1.902212668386357,18.0,35.1,4.0,0.5159071367153912
21239,PINK SPOTTY CUP,3145.4900000000002,3684,369,163,0.9951612903225806,1371.0,753.0,-618.0,0.8538246471226928,19.0,16.02,5.0,0.5157437567861021
22753,SMALL YELLOW BABUSHKA NOTEBOOK,1915.2099999999998,2332,404,205,0.9516585365853659,1914.0,1150.0,-764.0,0.8212735849056603,12.0,10.2,1.0,0.5145797598627788
84836,ZINC METAL HEART DECORATION,24289.33,19847,1408,662,1.3774425087108013,153.0,73.0,-80.0,1.2238287902453773,102.0,127.5,9.0,0.5139315765606892
21754,HOME BUILDING BLOCK WORD,46516.99,7595,2066,682,6.587843794920939,40.0,329.0,289.0,6.124685977616853,39.0,231.65,20.0,0.5134957208689928
20674,GREEN SPOTTY BOWL,1963.44,1564,214,119,1.4592056074766355,1887.0,1584.0,-303.0,1.2553964194373401,8.0,10.0,1.0,0.5115089514066496
21955,DOORMAT UNION JACK GUNS AND ROSES,14236.9,2349,401,201,8.678539603960397,308.0,1140.0,832.0,6.060834397616007,12.0,83.4,2.0,0.5108556832694764
21206,STRAWBERRY HONEYCOMB GARLAND,3067.8999999999996,2155,238,117,1.8592916666666666,1399.0,1230.0,-169.0,1.4236194895591645,11.0,18.15,4.0,0.5104408352668214
21933,PINK VINTAGE PAISLEY PICNIC BAG,9087.63,4116,625,294,2.4375316455696203,531.0,672.0,141.0,2.2078790087463553,21.0,58.050000000000004,7.0,0.5102040816326531
84659A,WHITE TRAVEL ALARM CLOCK,1469.51,588,224,55,2.5639555555555553,2214.0,2620.0,406.0,2.4991666666666665,3.0,7.6499999999999995,3.0,0.5102040816326531
22934,BAKING MOULD EASTER EGG WHITE CHOC,1707.47,589,78,65,3.2253846153846157,2041.0,2618.0,577.0,2.89893039049236,3.0,8.850000000000001,1.0,0.5093378607809848
21153,RED SPOTTY TABLECLOTH,4294.6900000000005,393,139,91,11.799856115107914,1063.0,2992.0,1929.0,10.927964376590332,2.0,21.3,2.0,0.5089058524173028
20983,12 PENCILS TALL TUBE RED SPOTTY,2074.06,2358,258,156,0.9929457364341086,1820.0,1135.0,-685.0,0.8795843935538592,12.0,10.2,1.0,0.5089058524173028
21111,"SWISS ROLL TOWEL, CHOCOLATE SPOTS",3187.1600000000003,1379,214,109,3.501898148148148,1350.0,1725.0,375.0,2.3112110224800584,7.0,20.650000000000002,2.0,0.5076142131979695
22466,FAIRY TALE COTTAGE NIGHTLIGHT,7877.839999999999,4336,279,146,2.2937722419928823,601.0,641.0,40.0,1.8168450184501843,22.0,42.9,5.0,0.507380073800738
22712,CARD DOLLY GIRL,3002.42,7295,508,209,0.5518664047151277,1421.0,341.0,-1080.0,0.4115723098012337,37.0,15.54,4.0,0.5071967100753941
22964,3 PIECE SPACEBOY COOKIE CUTTER SET,5768.830000000001,2761,408,228,2.513543689320388,813.0,977.0,164.0,2.0893987685621154,14.0,29.4,7.0,0.5070626584570808
22773,GREEN DRAWER KNOB ACRYLIC EDWARDIAN,3141.11,2368,226,95,1.5384782608695653,1373.0,1127.0,-246.0,1.3264822635135136,12.0,15.0,1.0,0.5067567567567568
84508A,CAMOFLAGE DESIGN TEDDY,3368.92,1586,44,31,2.541555555555555,1294.0,1575.0,281.0,2.124161412358134,8.0,16.8,1.0,0.5044136191677175
22505,MEMO BOARD COTTAGE DESIGN,18034.63,3773,744,397,5.474500665778962,227.0,728.0,501.0,4.779917837264776,19.0,94.05,12.0,0.5035780545984627
21058,PARTY INVITES WOODLAND,2055.5899999999997,2396,275,148,0.9954838709677419,1836.0,1109.0,-727.0,0.8579257095158597,12.0,10.2,1.0,0.5008347245409015
46000M,POLYESTER FILLER PAD 45X45CM,3901.3500000000004,4205,365,206,1.4991803278688527,1147.0,662.0,-485.0,0.9277883472057076,21.0,32.55,2.0,0.4994054696789536
21211,SET OF 72 SKULL PAPER DOILIES,3365.64,2405,237,139,1.6702521008403362,1297.0,1102.0,-195.0,1.3994345114345115,12.0,17.4,1.0,0.498960498960499
82484,WOOD BLACK BOARD ANT WHITE FINISH,56745.73,9831,1176,451,7.810832625318607,25.0,235.0,210.0,5.772121859424271,49.0,325.0,24.0,0.49842335469433424
23232,WRAP VINTAGE LEAF DESIGN,2109.42,5251,134,118,0.4173333333333333,1800.0,514.0,-1286.0,0.4017177680441821,26.0,10.92,2.0,0.4951437821367358
22137,BATHROOM SET LOVE HEART DESIGN,1508.28,606,43,24,3.616046511627907,2183.0,2591.0,408.0,2.488910891089109,3.0,8.850000000000001,2.0,0.49504950495049505
22336,DOVE DECORATION PAINTED ZINC,2234.96,4661,214,136,0.7334684684684685,1729.0,596.0,-1133.0,0.4795022527354645,23.0,14.95,1.0,0.4934563398412358
85173,SET/6 FROG PRINCE T-LIGHT CANDLES,1826.07,1018,150,70,2.905894039735099,1970.0,2053.0,83.0,1.7937819253438114,5.0,12.75,1.0,0.4911591355599214
21519,GIN & TONIC DIET GREETING CARD,3149.93,7356,553,181,0.5015342960288808,1366.0,339.0,-1027.0,0.4282123436650353,36.0,15.120000000000001,3.0,0.48939641109298526
21990,MODERN FLORAL STATIONERY SET,4530.54,2453,497,170,2.26582,1019.0,1084.0,65.0,1.846938442723196,12.0,15.0,1.0,0.48919690175295555
23320,GIANT 50'S CHRISTMAS CRACKER,7053.57,2661,333,260,2.805680473372781,658.0,1013.0,355.0,2.6507215332581735,13.0,37.57,2.0,0.4885381435550545
