Antecedent,Consequent,Support,Confidence,Lift
PINK REGENCY TEACUP AND SAUCER + ROSES REGENCY TEACUP AND SAUCER + REGENCY CAKESTAND 3 TIER,GREEN REGENCY TEACUP AND SAUCER,0.011843262255440756,0.9189765458422173,24.73623850317306
PINK REGENCY TEACUP AND SAUCER + ROSES REGENCY TEACUP AND SAUCER,GREEN REGENCY TEACUP AND SAUCER,0.020196746537700594,0.9051724137931034,24.36467047541318
"WOODLAND CHARLOTTE BAG + STRAWBERRY CHARLOTTE BAG + CHARLOTTE BAG , PINK/WHITE SPOTS",RED SPOTTY CHARLOTTE BAG,0.011623433721697076,0.9038461538461537,16.16352296352296
PINK REGENCY TEACUP AND SAUCER + REGENCY CAKESTAND 3 TIER,GREEN REGENCY TEACUP AND SAUCER,0.013601890525390195,0.8935018050541516,24.050530835451692
"CHARLOTTE BAG , SUKI DESIGN + STRAWBERRY CHARLOTTE BAG + CHARLOTTE BAG , PINK/WHITE SPOTS",RED SPOTTY CHARLOTTE BAG,0.012227962189492196,0.8882235528942115,15.88414326138877
POPPY'S PLAYHOUSE LIVINGROOM + POPPY'S PLAYHOUSE BEDROOM,POPPY'S PLAYHOUSE KITCHEN,0.011238733787645637,0.8872017353579177,43.513538481327956
SET/6 RED SPOTTY PAPER CUPS + SET/20 RED SPOTTY PAPER NAPKINS,SET/6 RED SPOTTY PAPER PLATES,0.013327104858210596,0.8707360861759426,32.203076878165554
PINK REGENCY TEACUP AND SAUCER + GREEN REGENCY TEACUP AND SAUCER + REGENCY CAKESTAND 3 TIER,ROSES REGENCY TEACUP AND SAUCER,0.011843262255440756,0.8707070707070707,22.314627969839236
POPPY'S PLAYHOUSE LIVINGROOM + POPPY'S PLAYHOUSE KITCHEN,POPPY'S PLAYHOUSE BEDROOM,0.011238733787645637,0.8628691983122363,44.6679030796286
PINK REGENCY TEACUP AND SAUCER + GREEN REGENCY TEACUP AND SAUCER,ROSES REGENCY TEACUP AND SAUCER,0.020196746537700594,0.8506944444444445,21.80174100156495
"CHARLOTTE BAG , SUKI DESIGN + WOODLAND CHARLOTTE BAG + CHARLOTTE BAG , PINK/WHITE SPOTS",RED SPOTTY CHARLOTTE BAG,0.012475269289953836,0.8485981308411215,15.175519988977932
"CHARLOTTE BAG , SUKI DESIGN + WOODLAND CHARLOTTE BAG + STRAWBERRY CHARLOTTE BAG",RED SPOTTY CHARLOTTE BAG,0.011788305122004836,0.8478260869565216,15.161713492148273
PINK REGENCY TEACUP AND SAUCER + REGENCY CAKESTAND 3 TIER,ROSES REGENCY TEACUP AND SAUCER,0.012887447790723237,0.8465703971119134,21.696049219504754
"STRAWBERRY CHARLOTTE BAG + CHARLOTTE BAG , PINK/WHITE SPOTS",RED SPOTTY CHARLOTTE BAG,0.017009232798417234,0.843324250681199,15.081206943877245
PINK REGENCY TEACUP AND SAUCER,GREEN REGENCY TEACUP AND SAUCER,0.02374148164431743,0.8404669260700388,22.622982524808325
POPPY'S PLAYHOUSE LIVINGROOM,POPPY'S PLAYHOUSE KITCHEN,0.013024840624313036,0.8404255319148937,41.21936112863452
RED SPOTTY CUP + PINK SPOTTY CUP,BLUE SPOTTY CUP,0.010194548252363156,0.8299776286353466,39.27769292756507
"PACK OF 72 RETRO SPOT CAKE CASES + CHARLOTTE BAG , PINK/WHITE SPOTS",RED SPOTTY CHARLOTTE BAG,0.012310397889646076,0.8175182481751825,14.619716996359331
POPPY'S PLAYHOUSE LIVINGROOM,POPPY'S PLAYHOUSE BEDROOM,0.012667619256979555,0.8173758865248227,42.31286381566337
JUMBO BAG PINK WITH WHITE SPOTS + JUMBO STORAGE BAG SUKI + JUMBO SHOPPER VINTAGE RED PAISLEY,JUMBO BAG RED WHITE SPOTTY,0.011513519454825236,0.812015503875969,7.466111222095569
"WOODLAND CHARLOTTE BAG + STRAWBERRY CHARLOTTE BAG + CHARLOTTE BAG , PINK/WHITE SPOTS","CHARLOTTE BAG , SUKI DESIGN",0.010441855352824797,0.811965811965812,17.031158402916326
GREEN REGENCY TEACUP AND SAUCER + REGENCY CAKESTAND 3 TIER,ROSES REGENCY TEACUP AND SAUCER,0.015882611562980875,0.8016643550624133,20.54518958410658
SWEETHEART CERAMIC TRINKET BOX + WHITE HANGING HEART T-LIGHT HOLDER,STRAWBERRY CERAMIC TRINKET BOX,0.010771598153440316,0.8,11.985837793330589
"WOODLAND CHARLOTTE BAG + CHARLOTTE BAG , PINK/WHITE SPOTS",RED SPOTTY CHARLOTTE BAG,0.016761925697955593,0.7984293193717277,14.278348791437795
WOODLAND CHARLOTTE BAG + STRAWBERRY CHARLOTTE BAG,RED SPOTTY CHARLOTTE BAG,0.015168168828313915,0.7965367965367965,14.24450471723199
POPPY'S PLAYHOUSE BEDROOM,POPPY'S PLAYHOUSE KITCHEN,0.015305561661903715,0.7923186344238976,38.85991879239149
WOODEN TREE CHRISTMAS SCANDINAVIAN,WOODEN STAR CHRISTMAS SCANDINAVIAN,0.012008133655748517,0.790235081374322,37.49443948027943
PINK REGENCY TEACUP AND SAUCER,ROSES REGENCY TEACUP AND SAUCER,0.022312596174983514,0.7898832684824904,20.243261906066753
"LUNCH BAG BLACK SKULL. + CHARLOTTE BAG , PINK/WHITE SPOTS",RED SPOTTY CHARLOTTE BAG,0.010716641020004396,0.7894736842105263,14.118194749773698
JUMBO BAG PINK WITH WHITE SPOTS + JUMBO BAG WOODLAND ANIMALS,JUMBO BAG RED WHITE SPOTTY,0.012832490657287315,0.7861952861952862,7.228706128150292
JUMBO BAG PINK WITH WHITE SPOTS + JUMBO BAG TOYS,JUMBO BAG RED WHITE SPOTTY,0.010194548252363156,0.7860169491525423,7.2270664005960885
RED SPOTTY CUP + BLUE SPOTTY CUP,PINK SPOTTY CUP,0.010194548252363156,0.7843551797040168,38.05900493305144
"CHARLOTTE BAG , SUKI DESIGN + STRAWBERRY CHARLOTTE BAG",RED SPOTTY CHARLOTTE BAG,0.015882611562980875,0.7800269905533064,13.949259086101192
JUMBO BAG PINK WITH WHITE SPOTS + RECYCLING BAG RETROSPOT,JUMBO BAG RED WHITE SPOTTY,0.010716641020004396,0.78,7.171743304699343
"LUNCH BAG RED SPOTTY + CHARLOTTE BAG , PINK/WHITE SPOTS",RED SPOTTY CHARLOTTE BAG,0.013327104858210596,0.7784911717495987,13.921793966737786
PINK REGENCY TEACUP AND SAUCER + REGENCY CAKESTAND 3 TIER,GREEN REGENCY TEACUP AND SAUCER + ROSES REGENCY TEACUP AND SAUCER,0.011843262255440756,0.7779783393501805,27.38122604026283
STRAWBERRY CHARLOTTE BAG + PACK OF 72 RETRO SPOT CAKE CASES,RED SPOTTY CHARLOTTE BAG,0.010002198285337436,0.7777777777777777,13.909036309036308
WOODLAND CHARLOTTE BAG + RED SPOTTY CHARLOTTE BAG + STRAWBERRY CHARLOTTE BAG,"CHARLOTTE BAG , SUKI DESIGN",0.011788305122004836,0.7771739130434783,16.3013908031575
SET/10 BLUE SPOTTY PARTY CANDLES,SET/10 PINK SPOTTY PARTY CANDLES,0.013409540558364475,0.7770700636942675,35.042297097846074
ROSES REGENCY TEACUP AND SAUCER + REGENCY CAKESTAND 3 TIER,GREEN REGENCY TEACUP AND SAUCER,0.015882611562980875,0.7768817204301075,20.911449386015143
"CHARLOTTE BAG , SUKI DESIGN + CHARLOTTE BAG , PINK/WHITE SPOTS",RED SPOTTY CHARLOTTE BAG,0.017751154099802154,0.7755102040816327,13.868485182770899
SET/6 RED SPOTTY PAPER CUPS,SET/6 RED SPOTTY PAPER PLATES,0.017888546933391956,0.7740784780023782,28.628317044169254
"KEY FOB , FRONT DOOR","KEY FOB , BACK DOOR",0.010057155418773356,0.7721518987341771,40.843244038857804
"CHARLOTTE BAG , PINK/WHITE SPOTS + JUMBO BAG RED WHITE SPOTTY",RED SPOTTY CHARLOTTE BAG,0.012557704990107716,0.7719594594594594,13.804987050932997
JUMBO BAG PINK WITH WHITE SPOTS + JUMBO BAG SCANDINAVIAN PAISLEY,JUMBO BAG RED WHITE SPOTTY,0.013656847658826115,0.7717391304347826,7.095788386756596
"CHARLOTTE BAG , SUKI DESIGN + RED SPOTTY CHARLOTTE BAG + STRAWBERRY CHARLOTTE BAG","CHARLOTTE BAG , PINK/WHITE SPOTS",0.012227962189492196,0.7698961937716263,17.688170633672364
WOODEN PICTURE FRAME WHITE FINISH + WOOD 2 DRAWER CABINET WHITE FINISH,WOODEN FRAME ANTIQUE WHITE,0.010084633985491316,0.7677824267782426,14.190522130682481
WOODLAND CHARLOTTE BAG + RED SPOTTY CHARLOTTE BAG + STRAWBERRY CHARLOTTE BAG,"CHARLOTTE BAG , PINK/WHITE SPOTS",0.011623433721697076,0.7663043478260869,17.605648880105402
WOODEN FRAME ANTIQUE WHITE + WOOD 2 DRAWER CABINET WHITE FINISH,WOODEN PICTURE FRAME WHITE FINISH,0.010084633985491316,0.7661795407098121,13.948377111311396
JUMBO BAG PINK WITH WHITE SPOTS + JUMBO BAG BAROQUE BLACK WHITE,JUMBO BAG RED WHITE SPOTTY,0.015058254561442075,0.7653631284916201,7.037163964645538
GREEN REGENCY TEACUP AND SAUCER,ROSES REGENCY TEACUP AND SAUCER,0.02841283798637063,0.7647928994082841,19.600241686807237
JUMBO BAG STRAWBERRY + JUMBO BAG PINK WITH WHITE SPOTS,JUMBO BAG RED WHITE SPOTTY,0.015937568696416795,0.764163372859025,7.026132760254077
SMALL MARSHMALLOWS PINK BOWL,SMALL DOLLY MIX DESIGN ORANGE BOWL,0.012557704990107716,0.7616666666666667,38.23251494252874
JUMBO BAG STRAWBERRY + JUMBO BAG BAROQUE BLACK WHITE,JUMBO BAG RED WHITE SPOTTY,0.012997362057595076,0.7592295345104334,6.980768372891281
"CHARLOTTE BAG , SUKI DESIGN + STRAWBERRY CHARLOTTE BAG + CHARLOTTE BAG , PINK/WHITE SPOTS",WOODLAND CHARLOTTE BAG,0.010441855352824797,0.7584830339321357,17.558978734642672
JUMBO STORAGE BAG SUKI + JUMBO BAG TOYS,JUMBO BAG RED WHITE SPOTTY,0.011128819520773797,0.7555970149253731,6.947369016463916
LUNCHBAG SUKI DESIGN + LUNCHBAG PINK RETROSPOT + LUNCH BAG CARS BLUE,LUNCH BAG RED SPOTTY,0.010112112552209276,0.7540983606557377,8.983027018325238
COFFEE MUG DOG + BALL DESIGN,COFFEE MUG CAT + BIRD DESIGN,0.010854033853594196,0.7538167938931297,42.663920316265596
JUMBO BAG PINK WITH WHITE SPOTS + JUMBO STORAGE BAG SUKI,JUMBO BAG RED WHITE SPOTTY,0.018630468234776876,0.7533333333333334,6.926555499410477
LUNCH BAG RED SPOTTY + STRAWBERRY CHARLOTTE BAG,RED SPOTTY CHARLOTTE BAG,0.011486040888107276,0.7517985611510791,13.444448765312075
"CHARLOTTE BAG , SUKI DESIGN + WOODLAND CHARLOTTE BAG + RED SPOTTY CHARLOTTE BAG","CHARLOTTE BAG , PINK/WHITE SPOTS",0.012475269289953836,0.7516556291390729,17.26909826744264
"CHARLOTTE BAG , SUKI DESIGN + WOODLAND CHARLOTTE BAG + STRAWBERRY CHARLOTTE BAG","CHARLOTTE BAG , PINK/WHITE SPOTS",0.010441855352824797,0.7509881422924901,17.253762925699686
LUNCH BAG BLACK SKULL. + LUNCHBAG SUKI DESIGN + LUNCHBAG PINK RETROSPOT,LUNCH BAG RED SPOTTY,0.010606726753132557,0.7509727626459144,8.94579403542066
"KEY FOB , GARAGE DESIGN","KEY FOB , SHED",0.012832490657287315,0.7508038585209003,32.722459903344436
POPPY'S PLAYHOUSE KITCHEN,POPPY'S PLAYHOUSE BEDROOM,0.015305561661903715,0.7506738544474394,38.85991879239149
ALARM CLOCK BAKELIKE PINK + ALARM CLOCK BAKELIKE GREEN,ALARM CLOCK BAKELIKE RED,0.010991426687183996,0.7504690431519699,20.05218018971108
JUMBO BAG STRAWBERRY + LUNCH BAG RED SPOTTY,JUMBO BAG RED WHITE SPOTTY,0.010716641020004396,0.75,6.895907023749368
SWEETHEART CERAMIC TRINKET BOX,STRAWBERRY CERAMIC TRINKET BOX,0.03047373049021763,0.7493243243243244,11.226599757435492
PACK OF 72 SKULL CAKE CASES + 60 TEATIME FAIRY CAKE CASES,PACK OF 72 RETRO SPOT CAKE CASES,0.012695097823697515,0.7487844408427876,8.745110196133096
JUMBO BAG STRAWBERRY + JUMBO STORAGE BAG SUKI,JUMBO BAG RED WHITE SPOTTY,0.015058254561442075,0.747612551159618,6.873955523446392
GREEN REGENCY TEACUP AND SAUCER + REGENCY CAKESTAND 3 TIER + ROSES REGENCY TEACUP AND SAUCER,PINK REGENCY TEACUP AND SAUCER,0.011843262255440756,0.745674740484429,26.397466104775624
SET/6 RED SPOTTY PAPER PLATES + SET/6 RED SPOTTY PAPER CUPS,SET/20 RED SPOTTY PAPER NAPKINS,0.013327104858210596,0.7450076804915514,12.782800334016285
JUMBO BAG SCANDINAVIAN PAISLEY + JUMBO BAG BAROQUE BLACK WHITE,JUMBO BAG RED WHITE SPOTTY,0.011623433721697076,0.7447183098591549,6.847344298230006
"WOODLAND CHARLOTTE BAG + RED SPOTTY CHARLOTTE BAG + CHARLOTTE BAG , PINK/WHITE SPOTS","CHARLOTTE BAG , SUKI DESIGN",0.012475269289953836,0.7442622950819673,15.611062502952711
PINK 3 PIECE MINI DOTS CUTLERY SET + RED 3 PIECE MINI DOTS CUTLERY SET,BLUE 3 PIECE MINI DOTS CUTLERY SET,0.010963948120466036,0.7430167597765363,28.5833677820166
STRAWBERRY CHARLOTTE BAG + JUMBO BAG RED WHITE SPOTTY,RED SPOTTY CHARLOTTE BAG,0.010386898219388877,0.7426326129666012,13.28053368603467
"CHARLOTTE BAG , SUKI DESIGN + RED SPOTTY CHARLOTTE BAG + STRAWBERRY CHARLOTTE BAG",WOODLAND CHARLOTTE BAG,0.011788305122004836,0.7422145328719723,17.18236086531604
WOODLAND CHARLOTTE BAG + LUNCH BAG RED SPOTTY,RED SPOTTY CHARLOTTE BAG,0.011018905253901956,0.7412199630314232,13.255271201297079
JUMBO BAG PINK WITH WHITE SPOTS + JUMBO SHOPPER VINTAGE RED PAISLEY,JUMBO BAG RED WHITE SPOTTY,0.017146625632007036,0.7402135231316725,6.805924844317288
JUMBO BAG PINK WITH WHITE SPOTS + LUNCH BAG RED SPOTTY,JUMBO BAG RED WHITE SPOTTY,0.012447790723235876,0.7401960784313726,6.805764448275521
JUMBO BAG PINK WITH WHITE SPOTS + JUMBO BAG PINK VINTAGE PAISLEY,JUMBO BAG RED WHITE SPOTTY,0.012777533523851395,0.739268680445151,6.797237447892859
JUMBO BAG SCANDINAVIAN PAISLEY + JUMBO STORAGE BAG SUKI,JUMBO BAG RED WHITE SPOTTY,0.012942404924159157,0.7359375,6.766608767054068
"CHARLOTTE BAG , SUKI DESIGN + LUNCH BAG RED SPOTTY",RED SPOTTY CHARLOTTE BAG,0.012695097823697515,0.7344992050874404,13.135083573239376
POPPY'S PLAYHOUSE KITCHEN + POPPY'S PLAYHOUSE BEDROOM,POPPY'S PLAYHOUSE LIVINGROOM,0.011238733787645637,0.7342908438061042,47.37998650317685
JUMBO BAG WOODLAND ANIMALS + JUMBO SHOPPER VINTAGE RED PAISLEY,JUMBO BAG RED WHITE SPOTTY,0.010799076720158276,0.7304832713754646,6.71645962907931
"CHARLOTTE BAG , SUKI DESIGN + PACK OF 72 RETRO SPOT CAKE CASES",RED SPOTTY CHARLOTTE BAG,0.011238733787645637,0.7303571428571429,13.061010881010882
WOODLAND CHARLOTTE BAG + STRAWBERRY CHARLOTTE BAG,"CHARLOTTE BAG , SUKI DESIGN",0.013904154759287756,0.7301587301587302,15.315237180366864
ROSES REGENCY TEACUP AND SAUCER,GREEN REGENCY TEACUP AND SAUCER,0.02841283798637063,0.7281690140845071,19.600241686807237
JUMBO BAG PINK WITH WHITE SPOTS + JUMBO BAG SPACEBOY DESIGN,JUMBO BAG RED WHITE SPOTTY,0.012420312156517916,0.7255216693418941,6.6708399673295125
KITCHEN METAL SIGN,BATHROOM METAL SIGN,0.014014069026159596,0.7254623044096729,19.761245645267078
POPPY'S PLAYHOUSE LIVINGROOM,POPPY'S PLAYHOUSE KITCHEN + POPPY'S PLAYHOUSE BEDROOM,0.011238733787645637,0.7251773049645391,47.37998650317686
TOILET METAL SIGN,BATHROOM METAL SIGN,0.018190811167289513,0.7250821467688937,19.7508903332437
JUMBO BAG WOODLAND ANIMALS + JUMBO STORAGE BAG SUKI,JUMBO BAG RED WHITE SPOTTY,0.013464497691800395,0.7248520710059172,6.66468331683864
LUNCH BAG WOODLAND + LUNCHBAG PINK RETROSPOT,LUNCH BAG RED SPOTTY,0.014975818861288195,0.7237715803452855,8.621766072643414
WOODLAND CHARLOTTE BAG + PACK OF 72 RETRO SPOT CAKE CASES,RED SPOTTY CHARLOTTE BAG,0.010799076720158276,0.7224264705882353,12.919186298598063
JUMBO STORAGE BAG SUKI + JUMBO BAG BAROQUE BLACK WHITE,JUMBO BAG RED WHITE SPOTTY,0.015525390195647396,0.7215836526181354,6.634631704416165
LUNCH BAG BLACK SKULL. + LUNCHBAG PINK RETROSPOT + LUNCH BAG CARS BLUE,LUNCH BAG RED SPOTTY,0.010112112552209276,0.7215686274509803,8.595523892044541
GARDENERS KNEELING PAD CUP OF TEA,GARDENERS KNEELING PAD KEEP CALM,0.015003297428006155,0.7212681638044914,28.781130501286242
"CHARLOTTE BAG , SUKI DESIGN + WOODLAND CHARLOTTE BAG",RED SPOTTY CHARLOTTE BAG,0.016597054297647833,0.720763723150358,12.889451308544388
JUMBO STORAGE BAG SKULLS + JUMBO BAG PINK WITH WHITE SPOTS,JUMBO BAG RED WHITE SPOTTY,0.011623433721697076,0.7206132879045996,6.625709644624605
WOODEN STAR CHRISTMAS SCANDINAVIAN,WOODEN HEART CHRISTMAS SCANDINAVIAN,0.015168168828313915,0.7196870925684485,31.47939023167185
"RED SPOTTY CHARLOTTE BAG + STRAWBERRY CHARLOTTE BAG + CHARLOTTE BAG , PINK/WHITE SPOTS","CHARLOTTE BAG , SUKI DESIGN",0.012227962189492196,0.7189014539579968,15.079113378927618
PACK OF 72 SKULL CAKE CASES + PACK OF 60 PINK PAISLEY CAKE CASES,PACK OF 72 RETRO SPOT CAKE CASES,0.010441855352824797,0.7169811320754718,8.373676944316614
"CHARLOTTE BAG , SUKI DESIGN + LUNCH BAG BLACK SKULL.",RED SPOTTY CHARLOTTE BAG,0.010551769619696637,0.7164179104477612,12.81173493710807
PAINTED METAL PEARS ASSORTED,ASSORTED COLOUR BIRD ORNAMENT,0.014536161793800835,0.7158322056833558,9.317083558379359
PINK REGENCY TEACUP AND SAUCER,GREEN REGENCY TEACUP AND SAUCER + ROSES REGENCY TEACUP AND SAUCER,0.020196746537700594,0.7149805447470817,25.163996116475627
JUMBO BAG OWLS + JUMBO STORAGE BAG SUKI,JUMBO BAG RED WHITE SPOTTY,0.012722576390415475,0.7134052388289676,6.55943492962703
GREEN 3 PIECE MINI DOTS CUTLERY SET,RED 3 PIECE MINI DOTS CUTLERY SET,0.011540998021543196,0.7130730050933786,25.51637443594713
PINK SPOTTY CUP + BLUE SPOTTY CUP,RED SPOTTY CUP,0.010194548252363156,0.7120921305182342,28.7299964676492
HAND WARMER SCOTTY DOG DESIGN + HAND WARMER BIRD DESIGN,HAND WARMER OWL DESIGN,0.010854033853594196,0.7117117117117117,21.38778911033246
GREEN REGENCY TEACUP AND SAUCER + ROSES REGENCY TEACUP AND SAUCER,PINK REGENCY TEACUP AND SAUCER,0.020196746537700594,0.7108317214700194,25.163996116475627
"CHARLOTTE BAG , SUKI DESIGN + WOODLAND CHARLOTTE BAG + CHARLOTTE BAG , PINK/WHITE SPOTS",STRAWBERRY CHARLOTTE BAG,0.010441855352824797,0.7102803738317757,18.74439692856126
"CHARLOTTE BAG , SUKI DESIGN + WOODLAND CHARLOTTE BAG + RED SPOTTY CHARLOTTE BAG",STRAWBERRY CHARLOTTE BAG,0.011788305122004836,0.7102649006622517,18.743988589485614
JUMBO BAG STRAWBERRY + JUMBO SHOPPER VINTAGE RED PAISLEY,JUMBO BAG RED WHITE SPOTTY,0.010799076720158276,0.7093862815884476,6.522482455676298
CANDLEHOLDER PINK HANGING HEART,WHITE HANGING HEART T-LIGHT HOLDER,0.013024840624313036,0.7085201793721974,4.854003457777298
SET/6 RED SPOTTY PAPER PLATES + SET/20 RED SPOTTY PAPER NAPKINS,SET/6 RED SPOTTY PAPER CUPS,0.013327104858210596,0.708029197080292,30.638048204692016
JUMBO BAG STRAWBERRY + JUMBO BAG SCANDINAVIAN PAISLEY,JUMBO BAG RED WHITE SPOTTY,0.010579248186414597,0.7077205882352942,6.507167167018399
DOTCOM POSTAGE + JUMBO STORAGE BAG SUKI,JUMBO BAG RED WHITE SPOTTY,0.010936469553748076,0.7056737588652482,6.48834750697931
JUMBO BAG STRAWBERRY + JUMBO BAG PINK VINTAGE PAISLEY,JUMBO BAG RED WHITE SPOTTY,0.011238733787645637,0.7051724137931035,6.483737868306878
RED HANGING HEART T-LIGHT HOLDER,WHITE HANGING HEART T-LIGHT HOLDER,0.03390855132996263,0.7031339031339031,4.8171025984278995
"CHARLOTTE BAG , SUKI DESIGN + RED SPOTTY CHARLOTTE BAG + CHARLOTTE BAG , PINK/WHITE SPOTS",WOODLAND CHARLOTTE BAG,0.012475269289953836,0.7027863777089783,16.269594056988
WOODLAND CHARLOTTE BAG + JUMBO BAG RED WHITE SPOTTY,RED SPOTTY CHARLOTTE BAG,0.010359419652670917,0.7007434944237918,12.531428623621931
"WOODLAND CHARLOTTE BAG + CHARLOTTE BAG , PINK/WHITE SPOTS","CHARLOTTE BAG , SUKI DESIGN",0.014701033194108596,0.7002617801047121,14.688142191107021
"KEY FOB , BACK DOOR","KEY FOB , SHED",0.013217190591338756,0.6991279069767441,30.47025483915889
JUMBO STORAGE BAG SUKI + RED SPOTTY CHARLOTTE BAG,"CHARLOTTE BAG , SUKI DESIGN",0.010469333919542757,0.696526508226691,14.60979405613011
JUMBO BAG BAROQUE BLACK WHITE + JUMBO SHOPPER VINTAGE RED PAISLEY,JUMBO BAG RED WHITE SPOTTY,0.013684326225544075,0.6965034965034964,6.404031138139272
BLUE 3 PIECE MINI DOTS CUTLERY SET + RED 3 PIECE MINI DOTS CUTLERY SET,PINK 3 PIECE MINI DOTS CUTLERY SET,0.010963948120466036,0.6963350785340314,23.355784495862185
SET/6 RED SPOTTY PAPER PLATES,SET/20 RED SPOTTY PAPER NAPKINS,0.018822818201802594,0.6961382113821138,11.944300701847189
JUMBO BAG SCANDINAVIAN PAISLEY + JUMBO SHOPPER VINTAGE RED PAISLEY,JUMBO BAG RED WHITE SPOTTY,0.013272147724774676,0.6959654178674352,6.399083751144946
ALARM CLOCK BAKELIKE CHOCOLATE,ALARM CLOCK BAKELIKE RED,0.010441855352824797,0.6946983546617916,18.562013599744436
PINK SPOTTY CUP,BLUE SPOTTY CUP,0.014316333260057155,0.6946666666666667,32.87426441265713
JUMBO STORAGE BAG SUKI + JUMBO SHOPPER VINTAGE RED PAISLEY,JUMBO BAG RED WHITE SPOTTY,0.017119147065289074,0.6945373467112598,6.385953289923235
"WOODLAND CHARLOTTE BAG + RED SPOTTY CHARLOTTE BAG + CHARLOTTE BAG , PINK/WHITE SPOTS",STRAWBERRY CHARLOTTE BAG,0.011623433721697076,0.6934426229508197,18.30004636289067
ALARM CLOCK BAKELIKE ORANGE,ALARM CLOCK BAKELIKE RED,0.011650912288415036,0.69281045751634,18.511569875135567
WOODEN TREE CHRISTMAS SCANDINAVIAN,WOODEN HEART CHRISTMAS SCANDINAVIAN,0.010524291052978677,0.6925858951175408,30.293973431631663
JUMBO STORAGE BAG SUKI + JUMBO BAG SPACEBOY DESIGN,JUMBO BAG RED WHITE SPOTTY,0.011843262255440756,0.6918138041733547,6.360911561767742
PACK OF 60 DINOSAUR CAKE CASES + PACK OF 60 PINK PAISLEY CAKE CASES,PACK OF 72 RETRO SPOT CAKE CASES,0.011156298087491757,0.6916524701873935,8.077861583780367
RED SPOTTY CHARLOTTE BAG + STRAWBERRY CHARLOTTE BAG,"CHARLOTTE BAG , PINK/WHITE SPOTS",0.017009232798417234,0.6908482142857143,15.872063266594518
LUNCHBAG SUKI DESIGN + LUNCH BAG WOODLAND,LUNCH BAG RED SPOTTY,0.015580347329083316,0.6906211936662607,8.226869551522933
LUNCHBAG SUKI DESIGN + RED SPOTTY CHARLOTTE BAG,"CHARLOTTE BAG , SUKI DESIGN",0.010771598153440316,0.6901408450704225,14.475853391240815
JUMBO BAG WOODLAND ANIMALS + JUMBO SHOPPER VINTAGE RED PAISLEY,JUMBO STORAGE BAG SUKI,0.010194548252363156,0.6895910780669144,10.789165310838845
PACK OF 60 DINOSAUR CAKE CASES + 60 TEATIME FAIRY CAKE CASES,PACK OF 72 RETRO SPOT CAKE CASES,0.012750054957133435,0.6894502228826151,8.052141370713777
PACK OF 60 PINK PAISLEY CAKE CASES + 72 SWEETHEART FAIRY CAKE CASES,PACK OF 72 RETRO SPOT CAKE CASES,0.012063090789184437,0.6891679748822607,8.048844974940703
"CHARLOTTE BAG , SUKI DESIGN + RED SPOTTY CHARLOTTE BAG + CHARLOTTE BAG , PINK/WHITE SPOTS",STRAWBERRY CHARLOTTE BAG,0.012227962189492196,0.6888544891640868,18.17896488010112
BLUE 3 PIECE MINI DOTS CUTLERY SET,PINK 3 PIECE MINI DOTS CUTLERY SET,0.017888546933391956,0.6881606765327696,23.0816067653277
60 TEATIME FAIRY CAKE CASES + 72 SWEETHEART FAIRY CAKE CASES,PACK OF 72 RETRO SPOT CAKE CASES,0.013821719059133876,0.6871584699453552,8.025375814586447
GREEN REGENCY TEACUP AND SAUCER + REGENCY CAKESTAND 3 TIER,PINK REGENCY TEACUP AND SAUCER,0.013601890525390195,0.6865464632454923,24.30427907629373
"POPCORN HOLDER , LARGE","POPCORN HOLDER , SMALL",0.012118047922620357,0.6837209302325582,10.92272699430345
JUMBO BAG PEARS,JUMBO BAG APPLES,0.011156298087491757,0.6835016835016836,25.459563220054523
"RED SPOTTY CHARLOTTE BAG + STRAWBERRY CHARLOTTE BAG + CHARLOTTE BAG , PINK/WHITE SPOTS",WOODLAND CHARLOTTE BAG,0.011623433721697076,0.6833602584814217,15.819876925353626
"CHARLOTTE BAG , SUKI DESIGN + STRAWBERRY CHARLOTTE BAG",WOODLAND CHARLOTTE BAG,0.013904154759287756,0.6828609986504723,15.808318996748085
"STRAWBERRY CHARLOTTE BAG + CHARLOTTE BAG , PINK/WHITE SPOTS","CHARLOTTE BAG , SUKI DESIGN",0.013766761925697956,0.6825613079019074,14.316870960902715
JUMBO BAG PINK VINTAGE PAISLEY + JUMBO STORAGE BAG SUKI,JUMBO BAG RED WHITE SPOTTY,0.012282919322928116,0.682442748091603,6.274748986495608
PACK OF 60 PINK PAISLEY CAKE CASES + 72 SWEETHEART FAIRY CAKE CASES,60 TEATIME FAIRY CAKE CASES,0.011925697955594635,0.6813186813186813,11.662535019073118
"CHARLOTTE BAG , PINK/WHITE SPOTS",RED SPOTTY CHARLOTTE BAG,0.02959441635524291,0.6799242424242424,12.159116968207877
WOODLAND CHARLOTTE BAG + PACK OF 72 RETRO SPOT CAKE CASES,"CHARLOTTE BAG , SUKI DESIGN",0.010139591118927236,0.6783088235294117,14.227674182064755
BLUE SPOTTY CUP,PINK SPOTTY CUP,0.014316333260057155,0.6775032509752926,32.87426441265713
GREEN 3 PIECE MINI DOTS CUTLERY SET,PINK 3 PIECE MINI DOTS CUTLERY SET,0.010963948120466036,0.6774193548387096,22.7213319458897
"CHARLOTTE BAG , SUKI DESIGN + STRAWBERRY CHARLOTTE BAG","CHARLOTTE BAG , PINK/WHITE SPOTS",0.013766761925697956,0.6761133603238867,15.533533717744247
WOODLAND CHARLOTTE BAG + STRAWBERRY CHARLOTTE BAG,"CHARLOTTE BAG , PINK/WHITE SPOTS",0.012859969224005277,0.6753246753246754,15.515413879050246
ALARM CLOCK BAKELIKE IVORY,ALARM CLOCK BAKELIKE RED,0.013794240492415916,0.6747311827956989,18.028500150000788
ALARM CLOCK BAKELIKE RED + ALARM CLOCK BAKELIKE PINK,ALARM CLOCK BAKELIKE GREEN,0.010991426687183996,0.6734006734006733,19.35734384391572
"CHARLOTTE BAG , SUKI DESIGN + RED SPOTTY CHARLOTTE BAG","CHARLOTTE BAG , PINK/WHITE SPOTS",0.017751154099802154,0.6729166666666666,15.460090488215487
JUMBO STORAGE BAG SUKI + JUMBO BAG RED WHITE SPOTTY + JUMBO SHOPPER VINTAGE RED PAISLEY,JUMBO BAG PINK WITH WHITE SPOTS,0.011513519454825236,0.6725521669341894,10.921694983966542
JUMBO BAG PINK WITH WHITE SPOTS + JUMBO BAG RED WHITE SPOTTY + JUMBO SHOPPER VINTAGE RED PAISLEY,JUMBO STORAGE BAG SUKI,0.011513519454825236,0.6714743589743589,10.505715766033909
JUMBO STORAGE BAG SUKI + LUNCH BAG RED SPOTTY,JUMBO BAG RED WHITE SPOTTY,0.012695097823697515,0.6705370101596516,6.165281170725124
JUMBO BAG PINK WITH WHITE SPOTS + LUNCHBAG PINK RETROSPOT,JUMBO BAG RED WHITE SPOTTY,0.011348648054517477,0.6704545454545454,6.164522945472919
LUNCHBAG SUKI DESIGN + LUNCHBAG PINK RETROSPOT,LUNCH BAG RED SPOTTY,0.016844361398109475,0.6692139737991266,7.971860862356077
"PACK OF 72 RETRO SPOT CAKE CASES + CHARLOTTE BAG , PINK/WHITE SPOTS","CHARLOTTE BAG , SUKI DESIGN",0.010029676852055396,0.6660583941605839,13.970718778266264
LUNCH BAG WOODLAND + JUMBO BAG RED WHITE SPOTTY,LUNCH BAG RED SPOTTY,0.010359419652670917,0.6649029982363316,7.920507336110173
BLUE SPOTTY BOWL,PINK SPOTTY BOWL,0.012640140690261596,0.6647398843930635,31.830544569516274
WOODEN HEART CHRISTMAS SCANDINAVIAN,WOODEN STAR CHRISTMAS SCANDINAVIAN,0.015168168828313915,0.6634615384615384,31.47939023167185
PACK OF 60 PINK PAISLEY CAKE CASES + 60 TEATIME FAIRY CAKE CASES,PACK OF 72 RETRO SPOT CAKE CASES,0.016871839964827436,0.6630669546436286,7.744009182731364
LUNCH BAG BLACK SKULL. + LUNCH BAG RED SPOTTY + LUNCH BAG CARS BLUE,LUNCHBAG PINK RETROSPOT,0.010112112552209276,0.6630630630630631,11.485098044260347
SET/6 RED SPOTTY PAPER CUPS,SET/20 RED SPOTTY PAPER NAPKINS,0.015305561661903715,0.6623067776456598,11.363822843979657
SET/6 RED SPOTTY PAPER PLATES,SET/6 RED SPOTTY PAPER CUPS,0.017888546933391956,0.6615853658536586,28.62831704416925
ALARM CLOCK BAKELIKE GREEN,ALARM CLOCK BAKELIKE RED,0.022972081776214553,0.6603475513428121,17.644176276407944
LUNCH BAG BLACK SKULL. + LUNCHBAG PINK RETROSPOT,LUNCH BAG RED SPOTTY,0.017284018465596834,0.6593291404612159,7.85411000971017
"CHARLOTTE BAG , SUKI DESIGN + PACK OF 72 RETRO SPOT CAKE CASES",WOODLAND CHARLOTTE BAG,0.010139591118927236,0.6589285714285714,15.25428026172301
WOODLAND CHARLOTTE BAG + RED SPOTTY CHARLOTTE BAG,"CHARLOTTE BAG , PINK/WHITE SPOTS",0.016761925697955593,0.6587473002159827,15.134552872133867
BLUE HAPPY BIRTHDAY BUNTING,PINK HAPPY BIRTHDAY BUNTING,0.012310397889646076,0.657856093979442,27.486451173478592
LUNCH BAG BLACK SKULL. + RED SPOTTY CHARLOTTE BAG,"CHARLOTTE BAG , PINK/WHITE SPOTS",0.010716641020004396,0.6576728499156829,15.10986764781031
JUMBO BAG PINK VINTAGE PAISLEY + JUMBO SHOPPER VINTAGE RED PAISLEY,JUMBO BAG RED WHITE SPOTTY,0.012365355023081996,0.656934306569343,6.040210531751271
POPPY'S PLAYHOUSE BEDROOM,POPPY'S PLAYHOUSE LIVINGROOM,0.012667619256979555,0.6557610241820768,42.31286381566337
LUNCH BAG BLACK SKULL. + LUNCH BAG WOODLAND,LUNCH BAG RED SPOTTY,0.014865904594416356,0.6557575757575758,7.811564548926251
RED SPOTTY CHARLOTTE BAG + PACK OF 72 RETRO SPOT CAKE CASES,"CHARLOTTE BAG , PINK/WHITE SPOTS",0.012310397889646076,0.654014598540146,15.025820246258203
PACK OF 60 DINOSAUR CAKE CASES + PACK OF 60 PINK PAISLEY CAKE CASES,60 TEATIME FAIRY CAKE CASES,0.010524291052978677,0.6524701873935264,11.168718278280908
WOODLAND CHARLOTTE BAG + RED SPOTTY CHARLOTTE BAG,"CHARLOTTE BAG , SUKI DESIGN",0.016597054297647833,0.652267818574514,13.681458474676491
"CHARLOTTE BAG , SUKI DESIGN + PACK OF 72 RETRO SPOT CAKE CASES","CHARLOTTE BAG , PINK/WHITE SPOTS",0.010029676852055396,0.6517857142857143,14.974612193362194
"CHARLOTTE BAG , SUKI DESIGN + LUNCHBAG SUKI DESIGN",RED SPOTTY CHARLOTTE BAG,0.010771598153440316,0.6500829187396351,11.625463183672137
STRAWBERRY CHARLOTTE BAG,RED SPOTTY CHARLOTTE BAG,0.024620795779292153,0.649746192893401,11.619441499644545
"CHARLOTTE BAG , SUKI DESIGN + JUMBO BAG RED WHITE SPOTTY",RED SPOTTY CHARLOTTE BAG,0.010799076720158276,0.6485148514851485,11.597421363757999
JUMBO STORAGE BAG SKULLS + JUMBO STORAGE BAG SUKI,JUMBO BAG RED WHITE SPOTTY,0.012255440756210156,0.6482558139534883,5.960415760837631
JUMBO BAG TOYS + JUMBO BAG RED WHITE SPOTTY,JUMBO STORAGE BAG SUKI,0.011128819520773797,0.648,10.138441960447121
LUNCH BAG BLACK SKULL. + RED SPOTTY CHARLOTTE BAG,"CHARLOTTE BAG , SUKI DESIGN",0.010551769619696637,0.6475548060708263,13.582602018748997
JUMBO BAG STRAWBERRY,JUMBO BAG RED WHITE SPOTTY,0.03253462299406463,0.6473482777474029,5.952071380440496
LUNCH BAG WOODLAND + LUNCH BAG CARS BLUE,LUNCH BAG RED SPOTTY,0.014618597493954714,0.6472019464720195,7.709647540428717
RETRO SPOT SUGAR JAM BOWL,RETRO SPOT SMALL MILK JUG,0.013794240492415916,0.6469072164948454,21.247515724440806
LUNCHBAG SPACEBOY DESIGN + LUNCH BAG CARS BLUE,LUNCHBAG SUKI DESIGN,0.014563640360518795,0.646341463414634,9.812957253477414
"KEY FOB , GARAGE DESIGN","KEY FOB , BACK DOOR",0.011046383820619916,0.6463022508038584,34.18638301054362
LUNCHBAG PINK RETROSPOT + JUMBO BAG RED WHITE SPOTTY,LUNCH BAG RED SPOTTY,0.012090569355902397,0.6461086637298091,7.696624055795487
JUMBO BAG SCANDINAVIAN PAISLEY + JUMBO BAG PINK VINTAGE PAISLEY,JUMBO BAG RED WHITE SPOTTY,0.013437019125082435,0.6459709379128138,5.939407370521253
RED SPOTTY CHARLOTTE BAG + STRAWBERRY CHARLOTTE BAG,"CHARLOTTE BAG , SUKI DESIGN",0.015882611562980875,0.6450892857142857,13.530887196377108
"CHARLOTTE BAG , SUKI DESIGN + CHARLOTTE BAG , PINK/WHITE SPOTS",WOODLAND CHARLOTTE BAG,0.014701033194108596,0.6422569027611045,14.868329010993712
LUNCHBAG PINK RETROSPOT + LUNCH BAG RED SPOTTY + LUNCH BAG CARS BLUE,LUNCH BAG BLACK SKULL.,0.010112112552209276,0.6422338568935427,9.966812162076677
LUNCHBAG PINK RETROSPOT + LUNCH BAG RED SPOTTY + LUNCH BAG CARS BLUE,LUNCHBAG SUKI DESIGN,0.010112112552209276,0.6422338568935427,9.750594292895205
GREEN REGENCY TEACUP AND SAUCER,PINK REGENCY TEACUP AND SAUCER,0.02374148164431743,0.6390532544378699,22.622982524808325
POPPY'S PLAYHOUSE KITCHEN,POPPY'S PLAYHOUSE LIVINGROOM,0.013024840624313036,0.6388140161725068,41.21936112863452
"CHARLOTTE BAG , SUKI DESIGN + WOODLAND CHARLOTTE BAG","CHARLOTTE BAG , PINK/WHITE SPOTS",0.014701033194108596,0.6384248210023866,14.667649044140692
LUNCH BAG BLACK SKULL. + LUNCHBAG SUKI DESIGN + LUNCH BAG RED SPOTTY,LUNCHBAG PINK RETROSPOT,0.010606726753132557,0.6380165289256198,11.05126012406528
"STRAWBERRY CHARLOTTE BAG + CHARLOTTE BAG , PINK/WHITE SPOTS",WOODLAND CHARLOTTE BAG,0.012859969224005277,0.6376021798365124,14.76057158308547
ALARM CLOCK BAKELIKE ORANGE,ALARM CLOCK BAKELIKE GREEN,0.010716641020004396,0.6372549019607844,18.31830994641143
LUNCHBAG PINK RETROSPOT + LUNCH BAG CARS BLUE,LUNCH BAG RED SPOTTY,0.015745218729391074,0.6366666666666666,7.584148390616475
JUMBO BAG PINK WITH WHITE SPOTS,JUMBO BAG RED WHITE SPOTTY,0.03918443613981095,0.6363230700580099,5.850699637582389
LUNCHBAG SUKI DESIGN + LUNCH BAG RED SPOTTY + LUNCH BAG CARS BLUE,LUNCHBAG PINK RETROSPOT,0.010112112552209276,0.6344827586206896,10.990050714766367
HAND WARMER OWL DESIGN + HAND WARMER BIRD DESIGN,HAND WARMER SCOTTY DOG DESIGN,0.010854033853594196,0.6340288924558587,21.34466184482295
PINK DOUGHNUT TRINKET POT,STRAWBERRY CERAMIC TRINKET BOX,0.012035612222466477,0.6329479768786127,9.483014728104765
JUMBO BAG SCANDINAVIAN PAISLEY + JUMBO STORAGE BAG SUKI,JUMBO SHOPPER VINTAGE RED PAISLEY,0.011128819520773797,0.6328125,10.51566780821918
RED SPOTTY CHARLOTTE BAG + LUNCH BAG RED SPOTTY,"CHARLOTTE BAG , PINK/WHITE SPOTS",0.013327104858210596,0.6323337679269883,14.52770863787813
RED SPOTTY PLATE,RED SPOTTY CUP,0.011403605187953397,0.6316590563165906,25.484851859726568
LUNCHBAG SPACEBOY DESIGN + LUNCH BAG WOODLAND,LUNCH BAG RED SPOTTY,0.014426247526928995,0.6310096153846153,7.5167600402870445
"CHARLOTTE BAG , SUKI DESIGN + JUMBO STORAGE BAG SUKI",RED SPOTTY CHARLOTTE BAG,0.010469333919542757,0.630794701986755,11.280531103047661
ROSES REGENCY TEACUP AND SAUCER + REGENCY CAKESTAND 3 TIER,PINK REGENCY TEACUP AND SAUCER,0.012887447790723237,0.6303763440860215,22.315813145893475
SMALL DOLLY MIX DESIGN ORANGE BOWL,SMALL MARSHMALLOWS PINK BOWL,0.012557704990107716,0.6303448275862068,38.23251494252873
LUNCH BAG CARS BLUE + JUMBO BAG RED WHITE SPOTTY,LUNCH BAG RED SPOTTY,0.010441855352824797,0.6301824212271974,7.506906276039334
LUNCHBAG SUKI DESIGN + LUNCHBAG PINK RETROSPOT + LUNCH BAG RED SPOTTY,LUNCH BAG BLACK SKULL.,0.010606726753132557,0.6296900489396411,9.772145100644527
"CHARLOTTE BAG , SUKI DESIGN + RED SPOTTY CHARLOTTE BAG",WOODLAND CHARLOTTE BAG,0.016597054297647833,0.6291666666666667,14.565288379983036
LUNCHBAG SPACEBOY DESIGN + LUNCHBAG PINK RETROSPOT,LUNCH BAG RED SPOTTY,0.014536161793800835,0.6282660332541568,7.484077735576194
CHARLIE + LOLA RED HOT WATER BOTTLE,CHARLIE+LOLA PINK HOT WATER BOTTLE,0.010304462519234997,0.628140703517588,34.53065933899103
LUNCH BAG BLACK SKULL. + LUNCH BAG CARS BLUE,LUNCH BAG RED SPOTTY,0.015250604528467795,0.6278280542986425,7.4788604098318165
72 SWEETHEART FAIRY CAKE CASES + PACK OF 72 RETRO SPOT CAKE CASES,60 TEATIME FAIRY CAKE CASES,0.013821719059133876,0.6271820448877806,10.73584617947136
FELTCRAFT CUSHION BUTTERFLY,FELTCRAFT CUSHION RABBIT,0.013491976258518355,0.6262755102040817,28.24215411071492
JUMBO BAG PEARS,JUMBO BAG DOILEY PATTERNS,0.010167069685645196,0.6228956228956228,18.429607730420738
WHITE HANGING HEART T-LIGHT HOLDER + 60 TEATIME FAIRY CAKE CASES,PACK OF 72 RETRO SPOT CAKE CASES,0.010002198285337436,0.6222222222222221,7.266980459278275
DOLLY GIRL LUNCH BOX,SPACEBOY LUNCH BOX,0.02277973180918883,0.6219054763690922,16.556242937837602
RED SPOT CERAMIC DRAWER KNOB,RED STRIPE CERAMIC DRAWER KNOB,0.012392833589799956,0.6212121212121212,27.402607897153352
LUNCH BAG BLACK SKULL. + JUMBO BAG RED WHITE SPOTTY,LUNCH BAG RED SPOTTY,0.011486040888107276,0.6210995542347697,7.398708667008752
FELTCRAFT PRINCESS LOLA DOLL,FELTCRAFT PRINCESS CHARLOTTE DOLL,0.011018905253901956,0.6197836166924264,32.975387980512835
"LUNCH BAG RED SPOTTY + CHARLOTTE BAG , PINK/WHITE SPOTS","CHARLOTTE BAG , SUKI DESIGN",0.010606726753132557,0.6195826645264848,12.995880304004515
JUMBO BAG PINK WITH WHITE SPOTS + JUMBO BAG WOODLAND ANIMALS,JUMBO STORAGE BAG SUKI,0.010112112552209276,0.6195286195286195,9.692986036924127
WOODLAND CHARLOTTE BAG + STRAWBERRY CHARLOTTE BAG,"CHARLOTTE BAG , SUKI DESIGN + RED SPOTTY CHARLOTTE BAG",0.011788305122004836,0.6190476190476191,23.46706349206349
BLUE STRIPE CERAMIC DRAWER KNOB,RED STRIPE CERAMIC DRAWER KNOB,0.013656847658826115,0.6181592039800995,27.267939092416704
JUMBO BAG PINK WITH WHITE SPOTS + JUMBO STORAGE BAG SUKI + JUMBO BAG RED WHITE SPOTTY,JUMBO SHOPPER VINTAGE RED PAISLEY,0.011513519454825236,0.6179941002949852,10.269425250198678
JUMBO BAG SPACEBOY DESIGN + JUMBO BAG RED WHITE SPOTTY,JUMBO BAG PINK WITH WHITE SPOTS,0.012420312156517916,0.6174863387978142,10.027471147492216
LUNCH BAG BLACK SKULL. + LUNCHBAG SPACEBOY DESIGN,LUNCH BAG RED SPOTTY,0.015278083095185755,0.6170921198668147,7.350971006937192
PACK OF 60 DINOSAUR CAKE CASES + PACK OF 72 RETRO SPOT CAKE CASES,60 TEATIME FAIRY CAKE CASES,0.012750054957133435,0.6170212765957446,10.56191829627109
RED SPOTTY CHARLOTTE BAG + STRAWBERRY CHARLOTTE BAG,WOODLAND CHARLOTTE BAG,0.015168168828313915,0.6160714285714286,14.26213195201745
JUMBO STORAGE BAG SKULLS + JUMBO BAG RED WHITE SPOTTY,JUMBO STORAGE BAG SUKI,0.012255440756210156,0.6160220994475138,9.638123922224388
LUNCHBAG SUKI DESIGN + LUNCH BAG CARS BLUE,LUNCH BAG RED SPOTTY,0.015937568696416795,0.6157112526539278,7.334521737015299
BLUE SPOTTY CUP,RED SPOTTY CUP,0.012997362057595076,0.6150845253576074,24.81613752418409
COFFEE MUG CAT + BIRD DESIGN,COFFEE MUG DOG + BALL DESIGN,0.010854033853594196,0.6143079315707621,42.6639203162656
WHITE HANGING HEART T-LIGHT HOLDER + WOODEN PICTURE FRAME WHITE FINISH,WOODEN FRAME ANTIQUE WHITE,0.013409540558364475,0.6138364779874214,11.345219455011803
ALARM CLOCK BAKELIKE RED,ALARM CLOCK BAKELIKE GREEN,0.022972081776214553,0.6138032305433186,17.64417627640794
"CHARLOTTE BAG , SUKI DESIGN + LUNCH BAG RED SPOTTY","CHARLOTTE BAG , PINK/WHITE SPOTS",0.010606726753132557,0.6136724960254373,14.098970628382395
LUNCH BAG BLACK SKULL. + LUNCHBAG PINK RETROSPOT + LUNCH BAG RED SPOTTY,LUNCHBAG SUKI DESIGN,0.010606726753132557,0.6136724960254373,9.316966823261456
ALARM CLOCK BAKELIKE PINK,ALARM CLOCK BAKELIKE RED,0.016322268630468234,0.6136363636363636,16.396075290348417
PINK 3 PIECE MINI DOTS CUTLERY SET + BLUE 3 PIECE MINI DOTS CUTLERY SET,RED 3 PIECE MINI DOTS CUTLERY SET,0.010963948120466036,0.6129032258064515,21.931931360421224
BLUE SPOTTY BOWL,RED SPOTTY BOWL,0.011650912288415036,0.6127167630057803,23.082803767397884
"WOODLAND CHARLOTTE BAG + CHARLOTTE BAG , PINK/WHITE SPOTS",STRAWBERRY CHARLOTTE BAG,0.012859969224005277,0.612565445026178,16.165686494120862
JUMBO BAG PINK WITH WHITE SPOTS + JUMBO SHOPPER VINTAGE RED PAISLEY,JUMBO STORAGE BAG SUKI,0.014178940426467355,0.6120996441281138,9.576754191362992
WOODLAND CHARLOTTE BAG + STRAWBERRY CHARLOTTE BAG,"RED SPOTTY CHARLOTTE BAG + CHARLOTTE BAG , PINK/WHITE SPOTS",0.011623433721697076,0.6103896103896104,20.625161282542898
PACK OF 60 MUSHROOM CAKE CASES,PACK OF 72 RETRO SPOT CAKE CASES,0.015910090129698833,0.6094736842105263,7.118089318289304
HAND WARMER OWL DESIGN + HAND WARMER SCOTTY DOG DESIGN,HAND WARMER BIRD DESIGN,0.010854033853594196,0.608628659476117,21.01443470175982
WHITE HANGING HEART T-LIGHT HOLDER + WOODEN FRAME ANTIQUE WHITE,WOODEN PICTURE FRAME WHITE FINISH,0.013409540558364475,0.6084788029925188,11.07741900875625
FELTCRAFT CUSHION RABBIT,FELTCRAFT CUSHION BUTTERFLY,0.013491976258518355,0.6084262701363073,28.24215411071492
LUNCHBAG PINK RETROSPOT + JUMBO BAG RED WHITE SPOTTY,JUMBO BAG PINK WITH WHITE SPOTS,0.011348648054517477,0.6064610866372981,9.84843010482131
SPACEBOY LUNCH BOX,DOLLY GIRL LUNCH BOX,0.02277973180918883,0.606437454279444,16.556242937837602
"STRAWBERRY CHARLOTTE BAG + CHARLOTTE BAG , PINK/WHITE SPOTS","CHARLOTTE BAG , SUKI DESIGN + RED SPOTTY CHARLOTTE BAG",0.012227962189492196,0.6062670299727521,22.982572661217077
JUMBO BAG PINK WITH WHITE SPOTS + LUNCH BAG RED SPOTTY,LUNCHBAG PINK RETROSPOT,0.010194548252363156,0.6062091503267973,10.50031575378049
HOT WATER BOTTLE I AM SO POORLY,CHOCOLATE HOT WATER BOTTLE,0.016816882831391513,0.6059405940594058,12.872965615300581
BLUE 3 PIECE MINI DOTS CUTLERY SET,RED 3 PIECE MINI DOTS CUTLERY SET,0.015745218729391074,0.6057082452431289,21.674468496448327
JUMBO BAG PINK WITH WHITE SPOTS + JUMBO BAG SCANDINAVIAN PAISLEY,JUMBO SHOPPER VINTAGE RED PAISLEY,0.010716641020004396,0.6055900621118012,10.06330298647154
PINK SPOTTY BOWL,BLUE SPOTTY BOWL,0.012640140690261596,0.6052631578947368,31.830544569516274
SET/10 PINK SPOTTY PARTY CANDLES,SET/10 BLUE SPOTTY PARTY CANDLES,0.013409540558364475,0.6047087980173482,35.042297097846074
BAKING SET SPACEBOY DESIGN,BAKING SET 9 PIECE RETROSPOT,0.015635304462519234,0.6046758767268863,11.606204908146015
JUMBO BAG WOODLAND ANIMALS,JUMBO BAG RED WHITE SPOTTY,0.023411738843701912,0.6042553191489362,5.55585133260942
"CHARLOTTE BAG , SUKI DESIGN + WOODLAND CHARLOTTE BAG",STRAWBERRY CHARLOTTE BAG,0.013904154759287756,0.60381861575179,15.934856464422872
LUNCHBAG SPACEBOY DESIGN + LUNCH BAG CARS BLUE,LUNCH BAG RED SPOTTY,0.013601890525390195,0.6036585365853658,7.190946469202826
RED STRIPE CERAMIC DRAWER KNOB,BLUE STRIPE CERAMIC DRAWER KNOB,0.013656847658826115,0.6024242424242424,27.267939092416707
RED SPOTTY CHARLOTTE BAG + LUNCH BAG RED SPOTTY,"CHARLOTTE BAG , SUKI DESIGN",0.012695097823697515,0.6023468057366362,12.634354440557733
JUMBO BAG PINK WITH WHITE SPOTS + LUNCHBAG PINK RETROSPOT,LUNCH BAG RED SPOTTY,0.010194548252363156,0.6022727272727272,7.174438327629816
"CHARLOTTE BAG , SUKI DESIGN + RED SPOTTY CHARLOTTE BAG",STRAWBERRY CHARLOTTE BAG,0.015882611562980875,0.6020833333333333,15.889062122310852
BLACK/BLUE DOTS RUFFLED UMBRELLA,RED/WHITE DOTS RUFFLED UMBRELLA,0.011293690921081557,0.6017569546120058,24.359442816729832
LUNCH BAG WOODLAND + LUNCHBAG PINK RETROSPOT,LUNCH BAG BLACK SKULL.,0.012447790723235876,0.601593625498008,9.336117364231772
"CHARLOTTE BAG , SUKI DESIGN + CHARLOTTE BAG , PINK/WHITE SPOTS",STRAWBERRY CHARLOTTE BAG,0.013766761925697956,0.6014405762304923,15.872099673807162
"CHARLOTTE BAG , SUKI DESIGN + STRAWBERRY CHARLOTTE BAG","RED SPOTTY CHARLOTTE BAG + CHARLOTTE BAG , PINK/WHITE SPOTS",0.012227962189492196,0.6005398110661269,20.292335008652266
HAND WARMER SCOTTY DOG DESIGN,HAND WARMER OWL DESIGN,0.017833589799956036,0.6003700277520815,18.041838191539014
LUNCHBAG SUKI DESIGN + LUNCHBAG PINK RETROSPOT + LUNCH BAG RED SPOTTY,LUNCH BAG CARS BLUE,0.010112112552209276,0.600326264274062,10.589953179574243
PINK 3 PIECE MINI DOTS CUTLERY SET,BLUE 3 PIECE MINI DOTS CUTLERY SET,0.017888546933391956,0.6000000000000001,23.0816067653277
"RED SPOTTY CHARLOTTE BAG + CHARLOTTE BAG , PINK/WHITE SPOTS","CHARLOTTE BAG , SUKI DESIGN",0.017751154099802154,0.5998142989786444,12.581234563937075
ALARM CLOCK BAKELIKE IVORY,ALARM CLOCK BAKELIKE GREEN,0.012255440756210156,0.5994623655913978,17.231938711376106
JUMBO BAG OWLS,JUMBO BAG RED WHITE SPOTTY,0.021460760606726755,0.5989263803680982,5.5068541774522055
SET/10 BLUE SPOTTY PARTY CANDLES,SET/10 RED SPOTTY PARTY CANDLES,0.010331941085952957,0.5987261146496815,25.01589065939289
GARDENERS KNEELING PAD KEEP CALM,GARDENERS KNEELING PAD CUP OF TEA,0.015003297428006155,0.5986842105263158,28.781130501286242
LUNCH BAG BLACK SKULL. + LUNCHBAG SUKI DESIGN,LUNCH BAG RED SPOTTY,0.016624532864365795,0.5978260869565217,7.121468725539031
GREEN REGENCY TEACUP AND SAUCER + REGENCY CAKESTAND 3 TIER,PINK REGENCY TEACUP AND SAUCER + ROSES REGENCY TEACUP AND SAUCER,0.011843262255440756,0.5977808599167822,26.79118356415214
RED SPOTTY CHARLOTTE BAG + PACK OF 72 RETRO SPOT CAKE CASES,"CHARLOTTE BAG , SUKI DESIGN",0.011238733787645637,0.5970802919708029,12.523888176023895
JUMBO BAG SCANDINAVIAN PAISLEY,JUMBO BAG RED WHITE SPOTTY,0.025197845680369313,0.5962288686605982,5.482051790878345
WOODLAND CHARLOTTE BAG + RED SPOTTY CHARLOTTE BAG,STRAWBERRY CHARLOTTE BAG,0.015168168828313915,0.5961123110151189,15.731486020639743
SINGLE HEART ZINC T-LIGHT HOLDER,HANGING HEART ZINC T-LIGHT HOLDER,0.017641239832930315,0.596100278551532,15.255472107628236
PINK SPOTTY CUP,RED SPOTTY CUP,0.012282919322928116,0.596,24.046155210643015
JUMBO BAG BAROQUE BLACK WHITE,JUMBO BAG RED WHITE SPOTTY,0.03039129479006375,0.5955842757135165,5.476125053503358
JUMBO BAG PINK WITH WHITE SPOTS + JUMBO BAG PINK VINTAGE PAISLEY,JUMBO SHOPPER VINTAGE RED PAISLEY,0.010276983952517037,0.5945945945945946,9.88058743675182
"WOODLAND CHARLOTTE BAG + CHARLOTTE BAG , PINK/WHITE SPOTS","CHARLOTTE BAG , SUKI DESIGN + RED SPOTTY CHARLOTTE BAG",0.012475269289953836,0.5942408376963351,22.5266797556719
JUMBO BAG TOYS,JUMBO BAG RED WHITE SPOTTY,0.017174104198724994,0.594106463878327,5.462537249484607
JUMBO BAG TOYS + JUMBO BAG RED WHITE SPOTTY,JUMBO BAG PINK WITH WHITE SPOTS,0.010194548252363156,0.5936,9.639576617581437
60 TEATIME FAIRY CAKE CASES + 72 SWEETHEART FAIRY CAKE CASES,PACK OF 60 PINK PAISLEY CAKE CASES,0.011925697955594635,0.592896174863388,10.83166545965282
JUMBO BAG OWLS + JUMBO BAG RED WHITE SPOTTY,JUMBO STORAGE BAG SUKI,0.012722576390415475,0.5928297055057618,9.275261669288772
LUNCH BAG BLACK SKULL. + LUNCHBAG SPACEBOY DESIGN,LUNCHBAG SUKI DESIGN,0.014673554627390636,0.5926748057713652,8.998173354873392
LUNCHBAG SUKI DESIGN + JUMBO BAG RED WHITE SPOTTY,LUNCH BAG RED SPOTTY,0.012145526489338317,0.5924932975871313,7.057943072271975
PINK VINTAGE PAISLEY PICNIC BAG,SCANDINAVIAN PAISLEY PICNIC BAG,0.010139591118927236,0.5922953451043338,33.26359907258783
PAPER CHAIN KIT VINTAGE CHRISTMAS,PAPER CHAIN KIT 50'S CHRISTMAS,0.023054517476368434,0.5916784203102963,10.766180535966152
HAND WARMER BIRD DESIGN,HAND WARMER OWL DESIGN,0.017119147065289074,0.5910815939278937,17.762709633545754
LUNCH BAG WOODLAND + LUNCHBAG PINK RETROSPOT,LUNCHBAG SUKI DESIGN,0.012227962189492196,0.5909694555112882,8.972282196481768
WOODLAND CHARLOTTE BAG,RED SPOTTY CHARLOTTE BAG,0.02544515278083095,0.589058524173028,10.534161086832842
JUMBO BAG SPACEBOY DESIGN + JUMBO BAG RED WHITE SPOTTY,JUMBO STORAGE BAG SUKI,0.011843262255440756,0.5887978142076503,9.212179731145662
JUMBO BAG VINTAGE LEAF,JUMBO BAG DOILEY PATTERNS,0.014178940426467355,0.5870307167235495,17.368473043092205
JUMBO BAG SPACEBOY DESIGN,JUMBO BAG RED WHITE SPOTTY,0.020114310837546712,0.5870088211708099,5.397277670552833
RED SPOT CERAMIC DRAWER KNOB,WHITE SPOT RED CERAMIC DRAWER KNOB,0.011705869421850956,0.5867768595041323,26.26566232604475
JUMBO BAG PINK WITH WHITE SPOTS + JUMBO BAG PINK VINTAGE PAISLEY,JUMBO BAG SCANDINAVIAN PAISLEY,0.010139591118927236,0.5866454689984102,13.881145583738716
PINK REGENCY TEACUP AND SAUCER + GREEN REGENCY TEACUP AND SAUCER + ROSES REGENCY TEACUP AND SAUCER,REGENCY CAKESTAND 3 TIER,0.011843262255440756,0.5863945578231292,5.524222300879969
FELTCRAFT PRINCESS CHARLOTTE DOLL,FELTCRAFT PRINCESS LOLA DOLL,0.011018905253901956,0.5862573099415204,32.97538798051284
LUNCHBAG SPACEBOY DESIGN + LUNCH BAG RED SPOTTY,LUNCHBAG SUKI DESIGN,0.016157397230160474,0.5850746268656717,8.882785073381529
LUNCH BAG BLACK SKULL. + LUNCHBAG PINK RETROSPOT + LUNCH BAG RED SPOTTY,LUNCH BAG CARS BLUE,0.010112112552209276,0.5850556438791733,10.320574402351369
"KEY FOB , BACK DOOR","KEY FOB , GARAGE DESIGN",0.011046383820619916,0.5843023255813953,34.18638301054363
JUMBO STORAGE BAG SKULLS + JUMBO BAG RED WHITE SPOTTY,JUMBO BAG PINK WITH WHITE SPOTS,0.011623433721697076,0.5842541436464088,9.487807583926868
VINTAGE HEADS AND TAILS CARD GAME,VINTAGE SNAP CARDS,0.021048582105957354,0.5838414634146342,11.271702141424598
PACK OF 72 SKULL CAKE CASES,PACK OF 72 RETRO SPOT CAKE CASES,0.02368652451088151,0.5836154366960054,6.816088887112011
JUMBO BAG SCANDINAVIAN PAISLEY + JUMBO SHOPPER VINTAGE RED PAISLEY,JUMBO STORAGE BAG SUKI,0.011128819520773797,0.5835734870317003,9.13044124680036
POPPY'S PLAYHOUSE BEDROOM,POPPY'S PLAYHOUSE LIVINGROOM + POPPY'S PLAYHOUSE KITCHEN,0.011238733787645637,0.5817923186344239,44.667903079628594
LUNCH BAG BLACK SKULL. + LUNCH BAG CARS BLUE,LUNCHBAG SUKI DESIGN,0.014123983293031436,0.5814479638009049,8.827723946033597
JUMBO BAG BAROQUE BLACK WHITE + JUMBO SHOPPER VINTAGE RED PAISLEY,JUMBO STORAGE BAG SUKI,0.011403605187953397,0.5804195804195804,9.081096032084854
LUNCH BAG WOODLAND + LUNCHBAG PINK RETROSPOT,LUNCH BAG CARS BLUE,0.012008133655748517,0.5803452855245684,10.237482128361655
ROSES REGENCY TEACUP AND SAUCER + REGENCY CAKESTAND 3 TIER,PINK REGENCY TEACUP AND SAUCER + GREEN REGENCY TEACUP AND SAUCER,0.011843262255440756,0.5793010752688171,24.400375846276383
"CHARLOTTE BAG , SUKI DESIGN + STRAWBERRY CHARLOTTE BAG",WOODLAND CHARLOTTE BAG + RED SPOTTY CHARLOTTE BAG,0.011788305122004836,0.5789473684210527,22.75275662157554
PINK REGENCY TEACUP AND SAUCER + ROSES REGENCY TEACUP AND SAUCER,REGENCY CAKESTAND 3 TIER,0.012887447790723237,0.5775862068965517,5.44124184348416
PACK OF 60 DINOSAUR CAKE CASES,PACK OF 72 RETRO SPOT CAKE CASES,0.020663882171905915,0.5775729646697388,6.745518398671738
LUNCH BAG BLACK SKULL. + LUNCH BAG CARS BLUE,LUNCHBAG PINK RETROSPOT,0.014014069026159596,0.5769230769230769,9.99304360560905
SET/6 RED SPOTTY PAPER CUPS,SET/6 RED SPOTTY PAPER PLATES + SET/20 RED SPOTTY PAPER NAPKINS,0.013327104858210596,0.5766944114149821,30.638048204692016
"STRAWBERRY CHARLOTTE BAG + CHARLOTTE BAG , PINK/WHITE SPOTS",WOODLAND CHARLOTTE BAG + RED SPOTTY CHARLOTTE BAG,0.011623433721697076,0.5762942779291553,22.64848959222227
"KEY FOB , SHED","KEY FOB , BACK DOOR",0.013217190591338756,0.5760479041916168,30.47025483915889
JUMBO BAG PINK VINTAGE PAISLEY + JUMBO STORAGE BAG SUKI,JUMBO SHOPPER VINTAGE RED PAISLEY,0.010359419652670917,0.5755725190839694,9.564490919864756
JUMBO STORAGE BAG SUKI + JUMBO SHOPPER VINTAGE RED PAISLEY,JUMBO BAG PINK WITH WHITE SPOTS,0.014178940426467355,0.5752508361204014,9.341601261978424
JUMBO BAG WOODLAND ANIMALS + JUMBO BAG RED WHITE SPOTTY,JUMBO STORAGE BAG SUKI,0.013464497691800395,0.5751173708920188,8.998139020422334
LUNCH BAG WOODLAND + LUNCHBAG PINK RETROSPOT,LUNCHBAG SPACEBOY DESIGN,0.011898219388876675,0.5750332005312084,9.719743722123427
LUNCHBAG SUKI DESIGN + LUNCH BAG WOODLAND,LUNCHBAG SPACEBOY DESIGN,0.012969883490877116,0.5749086479902559,9.717638419721967
"RED SPOTTY CHARLOTTE BAG + CHARLOTTE BAG , PINK/WHITE SPOTS",STRAWBERRY CHARLOTTE BAG,0.017009232798417234,0.574744661095636,15.167590795208403
RED SPOTTY CHARLOTTE BAG + PACK OF 72 RETRO SPOT CAKE CASES,WOODLAND CHARLOTTE BAG,0.010799076720158276,0.5737226277372263,13.281751824817519
LUNCHBAG SUKI DESIGN + LUNCHBAG SPACEBOY DESIGN,LUNCH BAG RED SPOTTY,0.016157397230160474,0.5736585365853659,6.833578220430323
JUMBO BAG PINK WITH WHITE SPOTS + JUMBO STORAGE BAG SUKI,JUMBO SHOPPER VINTAGE RED PAISLEY,0.014178940426467355,0.5733333333333334,9.527281582952817
KITCHEN METAL SIGN,TOILET METAL SIGN,0.011073862387337876,0.5732574679943101,22.849929655256222
JUMBO BAG PINK WITH WHITE SPOTS + JUMBO BAG SCANDINAVIAN PAISLEY,JUMBO BAG PINK VINTAGE PAISLEY,0.010139591118927236,0.5729813664596273,12.93544534007367
PINK REGENCY TEACUP AND SAUCER + GREEN REGENCY TEACUP AND SAUCER,REGENCY CAKESTAND 3 TIER,0.013601890525390195,0.5729166666666666,5.397251704202261
LUNCHBAG SPACEBOY DESIGN + LUNCHBAG PINK RETROSPOT,LUNCH BAG BLACK SKULL.,0.013244669158056716,0.5724465558194775,8.883784673510629
JUMBO STORAGE BAG SUKI + LUNCH BAG RED SPOTTY,LUNCHBAG SUKI DESIGN,0.010826555286876236,0.5718432510885341,8.681902208433012
ROSES REGENCY TEACUP AND SAUCER,PINK REGENCY TEACUP AND SAUCER,0.022312596174983514,0.571830985915493,20.243261906066753
LUNCH BAG WOODLAND + LUNCH BAG CARS BLUE,LUNCH BAG BLACK SKULL.,0.012914926357441197,0.5717761557177615,8.873380750055768
TOY TIDY PINK RETROSPOT,RECYCLING BAG RETROSPOT,0.017256539898878875,0.5714285714285714,13.270854225544717
PINK BLUE FELT CRAFT TRINKET BOX,PINK CREAM FELT CRAFT TRINKET BOX,0.017943504066827876,0.5713035870516187,14.914548163545557
WOODEN STAR CHRISTMAS SCANDINAVIAN,WOODEN TREE CHRISTMAS SCANDINAVIAN,0.012008133655748517,0.5697522816166884,37.49443948027943
LUNCH BAG BLACK SKULL. + LUNCH BAG WOODLAND,LUNCH BAG CARS BLUE,0.012914926357441197,0.5696969696969697,10.04964232729623
SCANDINAVIAN PAISLEY PICNIC BAG,PINK VINTAGE PAISLEY PICNIC BAG,0.010139591118927236,0.5694444444444444,33.26359907258784
DOTCOM POSTAGE + JUMBO BAG RED WHITE SPOTTY,JUMBO STORAGE BAG SUKI,0.010936469553748076,0.5693848354792561,8.908449240224028
JUMBO BAG PINK VINTAGE PAISLEY + JUMBO SHOPPER VINTAGE RED PAISLEY,JUMBO BAG SCANDINAVIAN PAISLEY,0.010716641020004396,0.5693430656934306,13.471737871726482
JUMBO STORAGE BAG SUKI,JUMBO BAG RED WHITE SPOTTY,0.03638162233457903,0.5692175408426483,5.233694983917548
PACK OF 60 DINOSAUR CAKE CASES + 60 TEATIME FAIRY CAKE CASES,PACK OF 60 PINK PAISLEY CAKE CASES,0.010524291052978677,0.5690936106983655,10.396814598662107
LUNCHBAG SUKI DESIGN + JUMBO STORAGE BAG SUKI,JUMBO BAG RED WHITE SPOTTY,0.011293690921081557,0.5676795580110497,5.219553935103113
LUNCHBAG SPACEBOY DESIGN + LUNCH BAG WOODLAND,LUNCHBAG SUKI DESIGN,0.012969883490877116,0.5673076923076923,8.61304194345496
LUNCHBAG PINK RETROSPOT + LUNCH BAG CARS BLUE,LUNCH BAG BLACK SKULL.,0.014014069026159596,0.5666666666666667,8.794086709310589
LUNCHBAG SPACEBOY DESIGN + LUNCHBAG PINK RETROSPOT,LUNCHBAG SUKI DESIGN,0.013107276324466916,0.5665083135391924,8.600905526207045
CHARLIE+LOLA PINK HOT WATER BOTTLE,CHARLIE + LOLA RED HOT WATER BOTTLE,0.010304462519234997,0.5664652567975832,34.530659338991036
"RED SPOTTY CHARLOTTE BAG + CHARLOTTE BAG , PINK/WHITE SPOTS",WOODLAND CHARLOTTE BAG,0.016761925697955593,0.5663881151346332,13.11195692492339
LUNCHBAG SUKI DESIGN + LUNCH BAG WOODLAND,LUNCH BAG BLACK SKULL.,0.012777533523851395,0.5663824604141291,8.789676119143278
LUNCHBAG SPACEBOY DESIGN + LUNCH BAG CARS BLUE,LUNCHBAG PINK RETROSPOT,0.012750054957133435,0.5658536585365853,9.801307159192486
FELTCRAFT CUSHION RABBIT,FELTCRAFT CUSHION OWL,0.012530226423389756,0.5650557620817844,23.50115347849177
JUMBO BAG PINK WITH WHITE SPOTS + JUMBO BAG BAROQUE BLACK WHITE,JUMBO STORAGE BAG SUKI,0.011101340954055837,0.5642458100558659,8.828045365242078
RED SPOTTY CHARLOTTE BAG + JUMBO BAG RED WHITE SPOTTY,"CHARLOTTE BAG , PINK/WHITE SPOTS",0.012557704990107716,0.5641975308641974,12.962295797480982
JUMBO BAG PINK VINTAGE PAISLEY,JUMBO BAG RED WHITE SPOTTY,0.024978017146625633,0.5638957816377173,5.184763841677566
LUNCH BAG BLACK SKULL. + LUNCH BAG WOODLAND,LUNCHBAG SUKI DESIGN,0.012777533523851395,0.5636363636363636,8.557302688967269
RED 3 PIECE MINI DOTS CUTLERY SET,BLUE 3 PIECE MINI DOTS CUTLERY SET,0.015745218729391074,0.5634218289085545,21.674468496448323
60 TEATIME FAIRY CAKE CASES,PACK OF 72 RETRO SPOT CAKE CASES,0.03289184436139811,0.5630291627469426,6.575660234495101
LUNCHBAG SUKI DESIGN + LUNCH BAG CARS BLUE,LUNCHBAG SPACEBOY DESIGN,0.014563640360518795,0.5626326963906582,9.510138916418407
JUMBO BAG SCANDINAVIAN PAISLEY + JUMBO SHOPPER VINTAGE RED PAISLEY,JUMBO BAG PINK VINTAGE PAISLEY,0.010716641020004396,0.5619596541786743,12.686622664311612
JUMBO BAG SCANDINAVIAN PAISLEY + JUMBO SHOPPER VINTAGE RED PAISLEY,JUMBO BAG PINK WITH WHITE SPOTS,0.010716641020004396,0.5619596541786743,9.125763380129548
PACK OF 60 SPACEBOY CAKE CASES,PACK OF 72 RETRO SPOT CAKE CASES,0.017009232798417234,0.5617059891107078,6.560206789382823
WHITE SPOT BLUE CERAMIC DRAWER KNOB,BLUE SPOT CERAMIC DRAWER KNOB,0.011760826555286876,0.5616797900262467,26.6849228702809
LUNCHBAG SUKI DESIGN + LUNCHBAG PINK RETROSPOT,LUNCH BAG BLACK SKULL.,0.014123983293031436,0.5611353711790393,8.708246664369979
RED SPOT CERAMIC DRAWER KNOB,BLUE SPOT CERAMIC DRAWER KNOB,0.011183776654209717,0.5606060606060607,26.633910910673315
SKULL SHOULDER BAG,SUKI SHOULDER BAG,0.011128819520773797,0.5601659751037344,22.13415870355603
"KEY FOB , SHED","KEY FOB , GARAGE DESIGN",0.012832490657287315,0.5592814371257485,32.722459903344436
GREEN REGENCY TEACUP AND SAUCER + ROSES REGENCY TEACUP AND SAUCER,REGENCY CAKESTAND 3 TIER,0.015882611562980875,0.5589941972920697,5.266092888390629
JUMBO BAG APPLES,JUMBO BAG RED WHITE SPOTTY,0.015003297428006155,0.5588536335721597,5.138403595997482
BLUE SPOT CERAMIC DRAWER KNOB,WHITE SPOT BLUE CERAMIC DRAWER KNOB,0.011760826555286876,0.5587467362924282,26.6849228702809
JUMBO BAG BAROQUE BLACK WHITE + JUMBO SHOPPER VINTAGE RED PAISLEY,JUMBO BAG PINK WITH WHITE SPOTS,0.010963948120466036,0.558041958041958,9.062143211540802
PACK OF 60 PINK PAISLEY CAKE CASES,PACK OF 72 RETRO SPOT CAKE CASES,0.03052868762365355,0.5577309236947792,6.513781699326188
HEART MEASURING SPOONS LARGE,SMALL HEART MEASURING SPOONS,0.012420312156517916,0.5573366214549939,20.675427449531227
JUMBO BAG PINK WITH WHITE SPOTS + JUMBO BAG BAROQUE BLACK WHITE,JUMBO SHOPPER VINTAGE RED PAISLEY,0.010963948120466036,0.5572625698324022,9.260228055406749
EDWARDIAN PARASOL RED,EDWARDIAN PARASOL BLACK,0.010881512420312156,0.5546218487394958,23.634424261507885
LUNCH BAG RED SPOTTY + LUNCH BAG CARS BLUE,LUNCHBAG SUKI DESIGN,0.015937568696416795,0.5544933078393881,8.418489970334171
LUNCH BAG DOLLY GIRL DESIGN,LUNCHBAG SPACEBOY DESIGN,0.015113211694877995,0.553877139979859,9.362144393008373
"WOODLAND CHARLOTTE BAG + CHARLOTTE BAG , PINK/WHITE SPOTS",RED SPOTTY CHARLOTTE BAG + STRAWBERRY CHARLOTTE BAG,0.011623433721697076,0.5536649214659686,22.48769399775617
LUNCHBAG SPACEBOY DESIGN + LUNCH BAG CARS BLUE,LUNCH BAG BLACK SKULL.,0.012475269289953836,0.5536585365853658,8.592213843673617
"CHARLOTTE BAG , SUKI DESIGN",RED SPOTTY CHARLOTTE BAG,0.026379424049241592,0.5533141210374639,9.89494225690191
LUNCHBAG SPACEBOY DESIGN + LUNCH BAG RED SPOTTY,LUNCH BAG BLACK SKULL.,0.015278083095185755,0.5532338308457712,8.585622845261963
LUNCHBAG SUKI DESIGN + LUNCH BAG WOODLAND,LUNCH BAG CARS BLUE,0.012475269289953836,0.5529841656516443,9.754822955111313
WHITE HANGING HEART T-LIGHT HOLDER + HEART OF WICKER LARGE,HEART OF WICKER SMALL,0.011348648054517477,0.5528781793842035,9.397637881433878
PACK OF 60 PINK PAISLEY CAKE CASES + PACK OF 72 RETRO SPOT CAKE CASES,60 TEATIME FAIRY CAKE CASES,0.016871839964827436,0.5526552655265526,9.460127198044358
LUNCH BAG WOODLAND + LUNCH BAG CARS BLUE,LUNCHBAG SUKI DESIGN,0.012475269289953836,0.5523114355231143,8.385364105781049
POPPY'S PLAYHOUSE KITCHEN,POPPY'S PLAYHOUSE LIVINGROOM + POPPY'S PLAYHOUSE BEDROOM,0.011238733787645637,0.551212938005391,43.513538481327956
LUNCHBAG SPACEBOY DESIGN + LUNCHBAG PINK RETROSPOT,LUNCH BAG CARS BLUE,0.012750054957133435,0.5510688836104513,9.721036748595028
LUNCHBAG SUKI DESIGN + JUMBO BAG RED WHITE SPOTTY,JUMBO STORAGE BAG SUKI,0.011293690921081557,0.5509383378016086,8.61984006417719
WOOD 2 DRAWER CABINET WHITE FINISH,WOOD S/3 CABINET ANT WHITE FINISH,0.016954275664981314,0.5508928571428572,15.810798783235692
WHITE HANGING HEART T-LIGHT HOLDER + HEART OF WICKER SMALL,HEART OF WICKER LARGE,0.011348648054517477,0.5506666666666666,10.292686868686868
ALARM CLOCK BAKELIKE PINK,ALARM CLOCK BAKELIKE GREEN,0.014646076060672676,0.5506198347107438,15.827928139647227
LUNCH BAG WOODLAND + LUNCH BAG RED SPOTTY,LUNCHBAG SUKI DESIGN,0.015580347329083316,0.550485436893204,8.357641226290145
JUMBO BAG PINK VINTAGE PAISLEY + JUMBO SHOPPER VINTAGE RED PAISLEY,JUMBO STORAGE BAG SUKI,0.010359419652670917,0.5503649635036497,8.610869196829244
LUNCHBAG PINK RETROSPOT,LUNCH BAG RED SPOTTY,0.03176522312596175,0.5502141837220371,6.554302642884575
JUMBO STORAGE BAG SKULLS,JUMBO BAG RED WHITE SPOTTY,0.019894482303803033,0.5497342444950645,5.054554983745423
72 SWEETHEART FAIRY CAKE CASES,PACK OF 72 RETRO SPOT CAKE CASES,0.02203781050780391,0.5496915695681973,6.419889473596224
LUNCH BAG BLACK SKULL. + LUNCH BAG WOODLAND,LUNCHBAG PINK RETROSPOT,0.012447790723235876,0.5490909090909091,9.510954956514214
JUMBO BAG WOODLAND ANIMALS + JUMBO STORAGE BAG SUKI,JUMBO SHOPPER VINTAGE RED PAISLEY,0.010194548252363156,0.5488165680473372,9.119877874145525
WOODLAND CHARLOTTE BAG + STRAWBERRY CHARLOTTE BAG,"CHARLOTTE BAG , SUKI DESIGN + CHARLOTTE BAG , PINK/WHITE SPOTS",0.010441855352824797,0.5483405483405484,23.95583341561733
JUMBO BAG WOODLAND ANIMALS + JUMBO BAG RED WHITE SPOTTY,JUMBO BAG PINK WITH WHITE SPOTS,0.012832490657287315,0.5481220657276995,8.901052305204123
JUMBO BAG DOLLY GIRL DESIGN,JUMBO BAG RED WHITE SPOTTY,0.010359419652670917,0.5479651162790697,5.0382886588246345
LUNCH BAG RED SPOTTY + LUNCH BAG CARS BLUE,LUNCHBAG PINK RETROSPOT,0.015745218729391074,0.5478011472275335,9.48861463584217
WOODEN FRAME ANTIQUE WHITE,WOODEN PICTURE FRAME WHITE FINISH,0.02962189492196087,0.547486033519553,9.967039385614594
72 SWEETHEART FAIRY CAKE CASES + PACK OF 72 RETRO SPOT CAKE CASES,PACK OF 60 PINK PAISLEY CAKE CASES,0.012063090789184437,0.5473815461346634,10.000155234403952
RED STRIPE CERAMIC DRAWER KNOB,RED SPOT CERAMIC DRAWER KNOB,0.012392833589799956,0.5466666666666667,27.402607897153356
LUNCH BAG BLACK SKULL. + LUNCH BAG WOODLAND,LUNCHBAG SPACEBOY DESIGN,0.012392833589799956,0.5466666666666667,9.240266295092121
JUMBO BAG PINK VINTAGE PAISLEY + JUMBO SHOPPER VINTAGE RED PAISLEY,JUMBO BAG PINK WITH WHITE SPOTS,0.010276983952517037,0.5459854014598541,8.866354631828207
LUNCHBAG SUKI DESIGN + LUNCH BAG CARS BLUE,LUNCH BAG BLACK SKULL.,0.014123983293031436,0.5456475583864119,8.467891660894798
"CHARLOTTE BAG , SUKI DESIGN + CHARLOTTE BAG , PINK/WHITE SPOTS",WOODLAND CHARLOTTE BAG + RED SPOTTY CHARLOTTE BAG,0.012475269289953836,0.5450180072028812,21.41932539754563
RED SPOTTY CHARLOTTE BAG + LUNCH BAG RED SPOTTY,STRAWBERRY CHARLOTTE BAG,0.011486040888107276,0.5449804432855281,14.382108986255938
JUMBO BAG WOODLAND ANIMALS + JUMBO STORAGE BAG SUKI,JUMBO BAG PINK WITH WHITE SPOTS,0.010112112552209276,0.5443786982248521,8.840263090494787
LUNCHBAG SUKI DESIGN + JUMBO STORAGE BAG SUKI,LUNCH BAG RED SPOTTY,0.010826555286876236,0.5441988950276243,6.4826468699984625
LUNCHBAG PINK RETROSPOT + LUNCH BAG RED SPOTTY,LUNCH BAG BLACK SKULL.,0.017284018465596834,0.5441176470588235,8.444149002884735
GREEN REGENCY TEACUP AND SAUCER,PINK REGENCY TEACUP AND SAUCER + ROSES REGENCY TEACUP AND SAUCER,0.020196746537700594,0.543639053254438,24.364670475413185
LUNCHBAG PINK RETROSPOT + LUNCH BAG CARS BLUE,LUNCHBAG SUKI DESIGN,0.013409540558364475,0.5422222222222222,8.232186529458117
LUNCHBAG SPACEBOY DESIGN + LUNCH BAG WOODLAND,LUNCH BAG BLACK SKULL.,0.012392833589799956,0.5420673076923077,8.41232983434476
LUNCHBAG SUKI DESIGN + LUNCH BAG WOODLAND,LUNCHBAG PINK RETROSPOT,0.012227962189492196,0.5420219244823387,9.388511126016786
JUMBO BAG SCANDINAVIAN PAISLEY + JUMBO BAG RED WHITE SPOTTY,JUMBO BAG PINK WITH WHITE SPOTS,0.013656847658826115,0.5419847328244274,8.801387057985972
BLUE SPOT CERAMIC DRAWER KNOB,BLUE STRIPE CERAMIC DRAWER KNOB,0.011403605187953397,0.54177545691906,24.522751776366214
"CHARLOTTE BAG , SUKI DESIGN + WOODLAND CHARLOTTE BAG","RED SPOTTY CHARLOTTE BAG + CHARLOTTE BAG , PINK/WHITE SPOTS",0.012475269289953836,0.5417661097852029,18.30636236518394
LUNCHBAG SPACEBOY DESIGN + LUNCH BAG CARS BLUE,LUNCH BAG WOODLAND,0.012200483622774237,0.5414634146341464,10.252308317047792
LUNCH BAG WOODLAND + LUNCH BAG CARS BLUE,LUNCHBAG SPACEBOY DESIGN,0.012200483622774237,0.5401459854014599,9.130047701221518
PACK OF 60 DINOSAUR CAKE CASES + PACK OF 72 RETRO SPOT CAKE CASES,PACK OF 60 PINK PAISLEY CAKE CASES,0.011156298087491757,0.5398936170212766,9.863357686063402
FELTCRAFT CUSHION BUTTERFLY,FELTCRAFT CUSHION OWL,0.011623433721697076,0.5395408163265306,22.43996501457726
JUMBO BAG RED WHITE SPOTTY + JUMBO SHOPPER VINTAGE RED PAISLEY,JUMBO BAG PINK WITH WHITE SPOTS,0.017146625632007036,0.5393258426966292,8.758208865424244
WOODEN PICTURE FRAME WHITE FINISH,WOODEN FRAME ANTIQUE WHITE,0.02962189492196087,0.5392696348174087,9.967039385614596
BLUE SPOT CERAMIC DRAWER KNOB,RED STRIPE CERAMIC DRAWER KNOB,0.011348648054517477,0.5391644908616188,23.78336260780125
PINK REGENCY TEACUP AND SAUCER,REGENCY CAKESTAND 3 TIER,0.015223125961749835,0.5389105058365758,5.076891309449824
LUNCH BAG BLACK SKULL. + LUNCHBAG PINK RETROSPOT,LUNCHBAG SUKI DESIGN,0.014123983293031436,0.5387840670859538,8.179987388148533
WHITE SPOT RED CERAMIC DRAWER KNOB,RED STRIPE CERAMIC DRAWER KNOB,0.012035612222466477,0.5387453874538746,23.76487532148049
JUMBO BAG RED WHITE SPOTTY + JUMBO SHOPPER VINTAGE RED PAISLEY,JUMBO STORAGE BAG SUKI,0.017119147065289074,0.5384615384615384,8.42463125868113
JUMBO BAG PINK VINTAGE PAISLEY + JUMBO BAG RED WHITE SPOTTY,JUMBO BAG SCANDINAVIAN PAISLEY,0.013437019125082435,0.5379537953795379,12.729008141386311
STRAWBERRY CHARLOTTE BAG,"CHARLOTTE BAG , SUKI DESIGN",0.020361617938008354,0.5373459028281363,11.270946452865438
PACK OF 72 SKULL CAKE CASES + PACK OF 72 RETRO SPOT CAKE CASES,60 TEATIME FAIRY CAKE CASES,0.012695097823697515,0.5359628770301624,9.174393706905771
HAND WARMER OWL DESIGN,HAND WARMER SCOTTY DOG DESIGN,0.017833589799956036,0.5359207266721717,18.041838191539014
LUNCH BAG WOODLAND,LUNCH BAG RED SPOTTY,0.02830292371949879,0.5359001040582727,6.383789390143588
RED SPOT CERAMIC DRAWER KNOB,BLUE STRIPE CERAMIC DRAWER KNOB,0.010689162453286436,0.5358126721763086,24.252854186368435
LUNCH BAG BLACK SKULL. + LUNCHBAG SPACEBOY DESIGN,LUNCHBAG PINK RETROSPOT,0.013244669158056716,0.53496115427303,9.266209579392722
IVORY HANGING DECORATION HEART,WHITE HANGING HEART T-LIGHT HOLDER,0.010139591118927236,0.5347826086956521,3.663744106862231
BLUE SPOTTY BOWL,BLUE SPOTTY CUP,0.010167069685645196,0.5346820809248555,25.30318633162203
LUNCH BAG BLACK SKULL. + LUNCHBAG PINK RETROSPOT,LUNCH BAG CARS BLUE,0.014014069026159596,0.5345911949685535,9.430364889624624
"CHARLOTTE BAG , SUKI DESIGN + CHARLOTTE BAG , PINK/WHITE SPOTS",RED SPOTTY CHARLOTTE BAG + STRAWBERRY CHARLOTTE BAG,0.012227962189492196,0.5342136854741897,21.69766120734008
LUNCHBAG SPACEBOY DESIGN + LUNCH BAG WOODLAND,LUNCH BAG CARS BLUE,0.012200483622774237,0.5336538461538461,9.413829747567023
GREEN REGENCY TEACUP AND SAUCER,REGENCY CAKESTAND 3 TIER,0.019812046603649155,0.5332840236686391,5.023886147902955
JUMBO BAG SCANDINAVIAN PAISLEY + JUMBO BAG RED WHITE SPOTTY,JUMBO BAG PINK VINTAGE PAISLEY,0.013437019125082435,0.5332606324972737,12.038722666154335
WOODLAND CHARLOTTE BAG,"CHARLOTTE BAG , SUKI DESIGN",0.023027038909650473,0.5330788804071247,11.181444735317626
LUNCHBAG SUKI DESIGN + LUNCHBAG PINK RETROSPOT,LUNCH BAG CARS BLUE,0.013409540558364475,0.5327510917030568,9.39790486149183
STRAWBERRY CHARLOTTE BAG,"CHARLOTTE BAG , PINK/WHITE SPOTS",0.020169267970982632,0.5322697606961566,12.228763340438467
"KEY FOB , BACK DOOR","KEY FOB , FRONT DOOR",0.010057155418773356,0.5319767441860465,40.84324403885781
CERAMIC HEART FAIRY CAKE MONEY BANK,CERAMIC STRAWBERRY CAKE MONEY BANK,0.010826555286876236,0.5317139001349528,22.089192070446575
LUNCH BAG BLACK SKULL. + LUNCH BAG CARS BLUE,LUNCH BAG WOODLAND,0.012914926357441197,0.5316742081447964,10.06695514193831
LUNCH BAG WOODLAND + LUNCH BAG CARS BLUE,LUNCHBAG PINK RETROSPOT,0.012008133655748517,0.5316301703163017,9.208512688315492
RED SPOTTY CHARLOTTE BAG + PACK OF 72 RETRO SPOT CAKE CASES,STRAWBERRY CHARLOTTE BAG,0.010002198285337436,0.5313868613138686,14.023372485086515
BLUE SPOT CERAMIC DRAWER KNOB,RED SPOT CERAMIC DRAWER KNOB,0.011183776654209717,0.5313315926892951,26.633910910673315
RED STRIPE CERAMIC DRAWER KNOB,WHITE SPOT RED CERAMIC DRAWER KNOB,0.012035612222466477,0.530909090909091,23.764875321480492
PINK REGENCY TEACUP AND SAUCER + ROSES REGENCY TEACUP AND SAUCER,GREEN REGENCY TEACUP AND SAUCER + REGENCY CAKESTAND 3 TIER,0.011843262255440756,0.5307881773399015,26.79118356415214
LUNCH BAG RED SPOTTY + LUNCH BAG CARS BLUE,LUNCH BAG BLACK SKULL.,0.015250604528467795,0.5305927342256214,8.234256197841711
LUNCHBAG PINK RETROSPOT + LUNCH BAG RED SPOTTY,LUNCHBAG SUKI DESIGN,0.016844361398109475,0.5302768166089965,8.050827663760783
JUMBO STORAGE BAG SUKI + JUMBO BAG BAROQUE BLACK WHITE,JUMBO SHOPPER VINTAGE RED PAISLEY,0.011403605187953397,0.5300127713920817,8.807408573744583
RED SPOTTY CHARLOTTE BAG,"CHARLOTTE BAG , PINK/WHITE SPOTS",0.02959441635524291,0.5292383292383293,12.159116968207877
LUNCH BAG WOODLAND + LUNCH BAG RED SPOTTY,LUNCHBAG PINK RETROSPOT,0.014975818861288195,0.529126213592233,9.165140963849854
HAND WARMER RED RETROSPOT,HAND WARMER OWL DESIGN,0.011293690921081557,0.5289575289575289,15.895807096467705
JUMBO SHOPPER VINTAGE RED PAISLEY,JUMBO BAG RED WHITE SPOTTY,0.03179270169267971,0.528310502283105,4.857573471219494
SET OF 72 RETRO SPOT PAPER DOILIES,PACK OF 72 RETRO SPOT CAKE CASES,0.016816882831391513,0.5280414150129422,6.167035678803271
RED 3 PIECE MINI DOTS CUTLERY SET,PINK 3 PIECE MINI DOTS CUTLERY SET,0.014755990327544516,0.528023598820059,17.710446827889022
JUMBO BAG STRAWBERRY + JUMBO STORAGE BAG SUKI,JUMBO BAG PINK WITH WHITE SPOTS,0.010634205319850517,0.5279672578444747,8.573754773527945
LUNCH BAG BLACK SKULL. + LUNCHBAG SUKI DESIGN,LUNCHBAG SPACEBOY DESIGN,0.014673554627390636,0.5276679841897234,8.919132968245432
JUMBO BAG SCANDINAVIAN PAISLEY + JUMBO BAG RED WHITE SPOTTY,JUMBO SHOPPER VINTAGE RED PAISLEY,0.013272147724774676,0.5267175572519084,8.752650841786052
SET/10 PINK SPOTTY PARTY CANDLES,SET/10 RED SPOTTY PARTY CANDLES,0.011678390855132996,0.5266418835192069,22.00407741105738
HAND WARMER BIRD DESIGN,HAND WARMER SCOTTY DOG DESIGN,0.015250604528467795,0.5265654648956357,17.72689213550599
LUNCHBAG SPACEBOY DESIGN + LUNCH BAG RED SPOTTY,LUNCHBAG PINK RETROSPOT,0.014536161793800835,0.5263681592039801,9.117367943717868
STRAWBERRY CERAMIC TRINKET BOX + WHITE HANGING HEART T-LIGHT HOLDER,SWEETHEART CERAMIC TRINKET BOX,0.010771598153440316,0.5261744966442953,12.93820424451297
"CHARLOTTE BAG , PINK/WHITE SPOTS","CHARLOTTE BAG , SUKI DESIGN",0.02288964607606067,0.5258838383838383,11.030527173754837
LUNCH BAG WOODLAND + LUNCH BAG RED SPOTTY,LUNCH BAG BLACK SKULL.,0.014865904594416356,0.525242718446602,8.151229428447223
12 PENCILS SMALL TUBE SKULL,12 PENCILS SMALL TUBE RED SPOTTY,0.011843262255440756,0.5249695493300852,21.274712515835702
RED SPOTTY CUP,BLUE SPOTTY CUP,0.012997362057595076,0.524390243902439,24.816137524184086
WHITE SPOT RED CERAMIC DRAWER KNOB,RED SPOT CERAMIC DRAWER KNOB,0.011705869421850956,0.5239852398523985,26.26566232604475
ROSES REGENCY TEACUP AND SAUCER,REGENCY CAKESTAND 3 TIER,0.020444053638162235,0.5239436619718311,4.93589379924382
LUNCH BAG BLACK SKULL. + LUNCH BAG RED SPOTTY,LUNCHBAG PINK RETROSPOT,0.017284018465596834,0.5232945091514143,9.064128404111504
RED SPOTTY CHARLOTTE BAG + LUNCH BAG RED SPOTTY,WOODLAND CHARLOTTE BAG,0.011018905253901956,0.5228161668839635,12.103260779415521
JUMBO STORAGE BAG SKULLS,JUMBO STORAGE BAG SUKI,0.018905253901956475,0.5223993925588459,8.173327039553534
LUNCHBAG SPACEBOY DESIGN + LUNCH BAG RED SPOTTY,LUNCH BAG WOODLAND,0.014426247526928995,0.5223880597014925,9.89112709087238
FELTCRAFT CUSHION OWL,FELTCRAFT CUSHION RABBIT,0.012530226423389756,0.5211428571428571,23.50115347849177
EDWARDIAN PARASOL BLACK,EDWARDIAN PARASOL NATURAL,0.012227962189492196,0.5210772833723654,18.500531216084998
LUNCHBAG SPACEBOY DESIGN + LUNCHBAG SUKI DESIGN,LUNCH BAG BLACK SKULL.,0.014673554627390636,0.5209756097560976,8.085008268760726
LUNCHBAG SUKI DESIGN + LUNCH BAG RED SPOTTY,LUNCHBAG PINK RETROSPOT,0.016844361398109475,0.5208156329651656,9.021191106553216
LUNCHBAG SUKI DESIGN + LUNCHBAG PINK RETROSPOT,LUNCHBAG SPACEBOY DESIGN,0.013107276324466916,0.5207423580786027,8.802069621549704
LUNCHBAG SPACEBOY DESIGN + LUNCH BAG WOODLAND,LUNCHBAG PINK RETROSPOT,0.011898219388876675,0.5204326923076923,9.014558085893164
SKULL LUNCHBOX WITH CUTLERY,STRAWBERRY LUNCHBOX WITH CUTLERY,0.010908990987030116,0.5189542483660131,15.492849061965503
LUNCHBAG SUKI DESIGN + LUNCH BAG CARS BLUE,LUNCHBAG PINK RETROSPOT,0.013409540558364475,0.5180467091295117,8.973229813727363
"STRAWBERRY CHARLOTTE BAG + CHARLOTTE BAG , PINK/WHITE SPOTS","CHARLOTTE BAG , SUKI DESIGN + WOODLAND CHARLOTTE BAG",0.010441855352824797,0.5177111716621254,22.482750547885523
ROSES REGENCY TEACUP AND SAUCER,PINK REGENCY TEACUP AND SAUCER + GREEN REGENCY TEACUP AND SAUCER,0.020196746537700594,0.5176056338028169,21.801741001564945
LUNCHBAG SPACEBOY DESIGN + LUNCHBAG SUKI DESIGN,LUNCH BAG CARS BLUE,0.014563640360518795,0.5170731707317073,9.121341167846968
PACK OF 60 DINOSAUR CAKE CASES,60 TEATIME FAIRY CAKE CASES,0.018493075401187074,0.5168970814132104,8.848033201688407
LUNCH BAG WOODLAND + LUNCH BAG RED SPOTTY,LUNCH BAG CARS BLUE,0.014618597493954714,0.516504854368932,9.111315879880841
BLUE STRIPE CERAMIC DRAWER KNOB,BLUE SPOT CERAMIC DRAWER KNOB,0.011403605187953397,0.5161691542288558,24.522751776366214
JUMBO STORAGE BAG SUKI + JUMBO BAG BAROQUE BLACK WHITE,JUMBO BAG PINK WITH WHITE SPOTS,0.011101340954055837,0.5159642401021711,8.378835620614998
HAND WARMER UNION JACK,HAND WARMER OWL DESIGN,0.012118047922620357,0.5157894736842106,15.500091268634012
LUNCHBAG PINK RETROSPOT + LUNCH BAG CARS BLUE,LUNCHBAG SPACEBOY DESIGN,0.012750054957133435,0.5155555555555555,8.714397481550291
JUMBO BAG SCANDINAVIAN PAISLEY + JUMBO BAG PINK VINTAGE PAISLEY,JUMBO SHOPPER VINTAGE RED PAISLEY,0.010716641020004396,0.5151915455746368,8.561119053220175
STRAWBERRY SHOPPER BAG,RED SPOTTY SHOPPER BAG,0.010689162453286436,0.5145502645502645,15.450093422040618
PINK SPOTTY BOWL,RED SPOTTY BOWL,0.010744119586722356,0.5144736842105263,19.381704260651627
HAND WARMER OWL DESIGN,HAND WARMER BIRD DESIGN,0.017119147065289074,0.514450867052023,17.762709633545754
PINK HAPPY BIRTHDAY BUNTING,BLUE HAPPY BIRTHDAY BUNTING,0.012310397889646076,0.5143513203214696,27.486451173478592
LUNCHBAG SPACEBOY DESIGN + LUNCHBAG PINK RETROSPOT,LUNCH BAG WOODLAND,0.011898219388876675,0.514251781472684,9.737071192171653
HEART OF WICKER LARGE,HEART OF WICKER SMALL,0.02750604528467795,0.5141242937853108,8.738912330422714
LUNCHBAG SUKI DESIGN + LUNCH BAG RED SPOTTY,LUNCH BAG BLACK SKULL.,0.016624532864365795,0.514018691588785,7.977044018890859
JUMBO BAG SCANDINAVIAN PAISLEY + JUMBO BAG RED WHITE SPOTTY,JUMBO STORAGE BAG SUKI,0.012942404924159157,0.5136314067611778,8.03614538041822
LUNCH BAG BLACK SKULL. + LUNCH BAG CARS BLUE,LUNCHBAG SPACEBOY DESIGN,0.012475269289953836,0.5135746606334841,8.680914560972482
HAND WARMER SCOTTY DOG DESIGN,HAND WARMER BIRD DESIGN,0.015250604528467795,0.513413506012951,17.726892135505988
TEA TIME PARTY BUNTING,PARTY BUNTING,0.010689162453286436,0.5131926121372031,7.0529099474686925
60 TEATIME FAIRY CAKE CASES + PACK OF 72 RETRO SPOT CAKE CASES,PACK OF 60 PINK PAISLEY CAKE CASES,0.016871839964827436,0.5129490392648288,9.371105139018901
"CHARLOTTE BAG , SUKI DESIGN + STRAWBERRY CHARLOTTE BAG","WOODLAND CHARLOTTE BAG + CHARLOTTE BAG , PINK/WHITE SPOTS",0.010441855352824797,0.5128205128205129,24.427439924822128
LUNCH BAG BLACK SKULL.,LUNCH BAG RED SPOTTY,0.03302923719498791,0.5125799573560768,6.105993390540866
SET/20 STRAWBERRY PAPER NAPKINS,SET/20 RED SPOTTY PAPER NAPKINS,0.010414376786106837,0.5121621621621623,8.78764988467959
JUMBO STORAGE BAG SUKI + JUMBO BAG RED WHITE SPOTTY,JUMBO BAG PINK WITH WHITE SPOTS,0.018630468234776876,0.5120845921450152,8.315833323222398
"CHARLOTTE BAG , SUKI DESIGN + WOODLAND CHARLOTTE BAG",RED SPOTTY CHARLOTTE BAG + STRAWBERRY CHARLOTTE BAG,0.011788305122004836,0.5119331742243437,20.792714370951245
LOVE BUILDING BLOCK WORD,HOME BUILDING BLOCK WORD,0.02379643877775335,0.5118203309692672,9.037440797978443
RECYCLING BAG RETROSPOT + JUMBO BAG RED WHITE SPOTTY,JUMBO BAG PINK WITH WHITE SPOTS,0.010716641020004396,0.5118110236220472,8.311390795026124
JUMBO BAG PINK VINTAGE PAISLEY + JUMBO BAG RED WHITE SPOTTY,JUMBO BAG PINK WITH WHITE SPOTS,0.012777533523851395,0.5115511551155115,8.307170743848147
JUMBO BAG BAROQUE BLACK WHITE + JUMBO BAG RED WHITE SPOTTY,JUMBO STORAGE BAG SUKI,0.015525390195647396,0.5108499095840868,7.9926267882992645
JUMBO BAG PINK WITH WHITE SPOTS + JUMBO BAG STRAWBERRY,JUMBO STORAGE BAG SUKI,0.010634205319850517,0.5098814229249012,7.977474094188739
LUNCH BAG WOODLAND + LUNCH BAG RED SPOTTY,LUNCHBAG SPACEBOY DESIGN,0.014426247526928995,0.5097087378640777,8.615569153901308
LUNCH BAG DOLLY GIRL DESIGN,LUNCH BAG RED SPOTTY,0.013904154759287756,0.5095669687814703,6.070101842191577
FELTCRAFT DOLL ROSIE,FELTCRAFT DOLL MOLLY,0.011018905253901956,0.5095298602287166,22.92065596222924
JUMBO BAG TOYS,JUMBO STORAGE BAG SUKI,0.014728511760826556,0.5095057034220533,7.9715956831192445
PINK SPOTTY CUP,PINK SPOTTY BOWL,0.010496812486260717,0.5093333333333333,24.389024561403506
RED KITCHEN SCALES,IVORY KITCHEN SCALES,0.013189712024620796,0.5090137857900319,15.258673552282405
LUNCH BAG RED SPOTTY + LUNCH BAG CARS BLUE,LUNCH BAG WOODLAND,0.014618597493954714,0.5086042065009561,9.630137504153378
LUNCH BAG BLACK SKULL. + LUNCHBAG SUKI DESIGN,LUNCH BAG CARS BLUE,0.014123983293031436,0.5079051383399209,8.95961405451595
LUNCH BAG BLACK SKULL. + LUNCHBAG SUKI DESIGN,LUNCHBAG PINK RETROSPOT,0.014123983293031436,0.5079051383399209,8.797564871235792
LUNCH BAG CARS BLUE,LUNCH BAG RED SPOTTY,0.02874258078698615,0.5070285991274842,6.039864084925501
LUNCH BAG BLACK SKULL. + LUNCHBAG PINK RETROSPOT,LUNCHBAG SPACEBOY DESIGN,0.013244669158056716,0.5052410901467506,8.540052834473082
SUKI SHOULDER BAG,DOTCOM POSTAGE,0.012777533523851395,0.504885993485342,12.985025494642096
LUNCH BAG ALPHABET DESIGN,LUNCH BAG APPLE DESIGN,0.010249505385799077,0.5047361299052774,17.74720506233126
LUNCH BAG BLACK SKULL. + LUNCHBAG SPACEBOY DESIGN,LUNCH BAG CARS BLUE,0.012475269289953836,0.5038845726970034,8.888689951327846
LUNCH BAG BLACK SKULL. + LUNCH BAG RED SPOTTY,LUNCHBAG SUKI DESIGN,0.016624532864365795,0.5033277870216306,7.641679109424772
PINK SPOTTY BOWL,PINK SPOTTY CUP,0.010496812486260717,0.5026315789473684,24.389024561403506
WHITE SPOT BLUE CERAMIC DRAWER KNOB,WHITE SPOT RED CERAMIC DRAWER KNOB,0.010524291052978677,0.5026246719160105,22.49879097216169
STRAWBERRY CHARLOTTE BAG,WOODLAND CHARLOTTE BAG,0.019042646735546273,0.5025380710659898,11.633820281319021
72 SWEETHEART FAIRY CAKE CASES,60 TEATIME FAIRY CAKE CASES,0.020114310837546712,0.5017135023989033,8.588126895249713
RED STRIPE CERAMIC DRAWER KNOB,BLUE SPOT CERAMIC DRAWER KNOB,0.011348648054517477,0.5006060606060606,23.78336260780125
LUNCH BAG BLACK SKULL. + LUNCHBAG SPACEBOY DESIGN,LUNCH BAG WOODLAND,0.012392833589799956,0.5005549389567148,9.477729104325059
JUMBO BAG SPACEBOY DESIGN,JUMBO BAG PINK WITH WHITE SPOTS,0.017119147065289074,0.49959903769045705,8.113078170295008
JUMBO BAG SPACEBOY DESIGN,JUMBO STORAGE BAG SUKI,0.017119147065289074,0.49959903769045705,7.816598529506068
LUNCHBAG SUKI DESIGN + LUNCH BAG RED SPOTTY,LUNCHBAG SPACEBOY DESIGN,0.016157397230160474,0.4995751911639762,8.444282562396388
WHITE HANGING HEART T-LIGHT HOLDER + PACK OF 72 RETRO SPOT CAKE CASES,60 TEATIME FAIRY CAKE CASES,0.010002198285337436,0.49931412894375854,8.547055400057037
PLASTERS IN TIN STRONGMAN,PLASTERS IN TIN CIRCUS PARADE,0.013244669158056716,0.4989648033126294,15.182547760997666
PINK REGENCY TEACUP AND SAUCER + GREEN REGENCY TEACUP AND SAUCER,ROSES REGENCY TEACUP AND SAUCER + REGENCY CAKESTAND 3 TIER,0.011843262255440756,0.4988425925925926,24.400375846276383
SET OF 36 TEATIME PAPER DOILIES,60 TEATIME FAIRY CAKE CASES,0.011101340954055837,0.498150431565968,8.527135703456588
RETRO SPOT LARGE MILK JUG,RETRO SPOT SMALL MILK JUG,0.013052319191030996,0.4979035639412998,16.353525721075616
JUMBO BAG OWLS,JUMBO STORAGE BAG SUKI,0.017833589799956036,0.49769938650306755,7.786877073783162
"WOODLAND CHARLOTTE BAG + CHARLOTTE BAG , PINK/WHITE SPOTS","CHARLOTTE BAG , SUKI DESIGN + STRAWBERRY CHARLOTTE BAG",0.010441855352824797,0.4973821989528796,24.427439924822124
JUMBO BAG PINK WITH WHITE SPOTS + JUMBO SHOPPER VINTAGE RED PAISLEY,JUMBO STORAGE BAG SUKI + JUMBO BAG RED WHITE SPOTTY,0.011513519454825236,0.49703440094899165,13.661688760827571
RED SPOTTY CHARLOTTE BAG + STRAWBERRY CHARLOTTE BAG,"CHARLOTTE BAG , SUKI DESIGN + CHARLOTTE BAG , PINK/WHITE SPOTS",0.012227962189492196,0.4966517857142857,21.69766120734008
SET OF 6 SPICE TINS PANTRY DESIGN,SET OF 3 CAKE TINS PANTRY DESIGN,0.011266212354363597,0.4963680387409201,13.127780280421195
LUNCHBAG PINK RETROSPOT + LUNCH BAG RED SPOTTY,LUNCH BAG CARS BLUE,0.015745218729391074,0.495674740484429,8.743865804997256
FELTCRAFT DOLL MOLLY,FELTCRAFT DOLL ROSIE,0.011018905253901956,0.49567367119901107,22.920655962229237
RED SPOTTY CUP,PINK SPOTTY CUP,0.012282919322928116,0.4955654101995566,24.046155210643015
BATHROOM METAL SIGN,TOILET METAL SIGN,0.018190811167289513,0.49550898203592814,19.750890333243696
HAND WARMER RED RETROSPOT,HAND WARMER SCOTTY DOG DESIGN,0.010579248186414597,0.4954954954954955,16.68091773549683
JUMBO BAG BAROQUE BLACK WHITE + JUMBO BAG RED WHITE SPOTTY,JUMBO BAG PINK WITH WHITE SPOTS,0.015058254561442075,0.49547920433996384,8.046175459321715
LUNCH BAG DOLLY GIRL DESIGN,LUNCHBAG SUKI DESIGN,0.013519454825236315,0.4954682779456193,7.522353596577796
JUMBO BAG PINK VINTAGE PAISLEY + JUMBO BAG RED WHITE SPOTTY,JUMBO SHOPPER VINTAGE RED PAISLEY,0.012365355023081996,0.49504950495049505,8.226411682264118
PINK 3 PIECE MINI DOTS CUTLERY SET,RED 3 PIECE MINI DOTS CUTLERY SET,0.014755990327544516,0.49493087557603693,17.710446827889022
WHITE SPOT BLUE CERAMIC DRAWER KNOB,RED STRIPE CERAMIC DRAWER KNOB,0.010359419652670917,0.49475065616797903,21.82420106577587
PINK SPOTTY CUP,RED SPOTTY CUP + BLUE SPOTTY CUP,0.010194548252363156,0.4946666666666666,38.05900493305144
DOTCOM POSTAGE,JUMBO BAG RED WHITE SPOTTY,0.019207518135854033,0.4939929328621908,4.542039113875909
SET/6 RED SPOTTY PAPER PLATES,SET/6 RED SPOTTY PAPER CUPS + SET/20 RED SPOTTY PAPER NAPKINS,0.013327104858210596,0.49288617886178865,32.203076878165554
LUNCHBAG SUKI DESIGN + LUNCH BAG RED SPOTTY,LUNCH BAG CARS BLUE,0.015937568696416795,0.49277824978759555,8.69277075437236
LUNCHBAG SPACEBOY DESIGN + LUNCH BAG RED SPOTTY,LUNCH BAG CARS BLUE,0.013601890525390195,0.4925373134328358,8.688520557657665
JUMBO BAG SCANDINAVIAN PAISLEY,JUMBO BAG PINK VINTAGE PAISLEY,0.020801275005495713,0.49219765929778936,11.111698025536695
HOT WATER BOTTLE TEA AND SYMPATHY,CHOCOLATE HOT WATER BOTTLE,0.021323367773136953,0.49176172370088717,10.44728117275113
JUMBO BAG PINK VINTAGE PAISLEY + JUMBO BAG RED WHITE SPOTTY,JUMBO STORAGE BAG SUKI,0.012282919322928116,0.4917491749174917,7.693781587961031
"ROUND SNACK BOXES ,SET 4, FRUITS","ROUND SNACK BOXES ,SET4, WOODLAND",0.015552868762365356,0.4913194444444445,12.863379296562751
BLUE HARMONICA IN BOX,RED HARMONICA IN BOX,0.012997362057595076,0.4911734164070613,17.61062361565101
LUNCHBAG SUKI DESIGN,LUNCH BAG RED SPOTTY,0.03234227302703891,0.4910304547350855,5.849289790088128
WOODLAND CHARLOTTE BAG + RED SPOTTY CHARLOTTE BAG,"CHARLOTTE BAG , SUKI DESIGN + CHARLOTTE BAG , PINK/WHITE SPOTS",0.012475269289953836,0.490280777537797,21.419325397545627
JUMBO BAG STRAWBERRY + JUMBO BAG RED WHITE SPOTTY,JUMBO BAG PINK WITH WHITE SPOTS,0.015937568696416795,0.48986486486486486,7.955003195967051
PACK OF 60 MUSHROOM CAKE CASES,PACK OF 60 PINK PAISLEY CAKE CASES,0.012750054957133435,0.4884210526315789,8.923001479602622
SET/10 RED SPOTTY PARTY CANDLES,SET/10 PINK SPOTTY PARTY CANDLES,0.011678390855132996,0.48794489092996557,22.00407741105738
TEA PARTY BIRTHDAY CARD,SPACE BOY BIRTHDAY CARD,0.011321169487799517,0.48757396449704143,16.130719741796664
JUMBO BAG SCANDINAVIAN PAISLEY + JUMBO BAG PINK VINTAGE PAISLEY,JUMBO BAG PINK WITH WHITE SPOTS,0.010139591118927236,0.48745046235138706,7.915795281522391
SET OF 20 VINTAGE CHRISTMAS NAPKINS,72 CAKE CASES VINTAGE CHRISTMAS,0.014536161793800835,0.4871086556169429,15.563527827227205
PLASTERS IN TIN WOODLAND ANIMALS,PLASTERS IN TIN SPACEBOY,0.017064189931853154,0.48705882352941177,13.645146039940226
WOOD S/3 CABINET ANT WHITE FINISH,WOOD 2 DRAWER CABINET WHITE FINISH,0.016954275664981314,0.4865930599369085,15.810798783235692
RECYCLING BAG RETROSPOT,JUMBO BAG RED WHITE SPOTTY,0.020938667839085514,0.4862795149968092,4.471117763962577
WOODLAND CHARLOTTE BAG,"CHARLOTTE BAG , PINK/WHITE SPOTS",0.020993624972521434,0.4860050890585242,11.165844192561751
LUNCHBAG SUKI DESIGN + LUNCHBAG PINK RETROSPOT,LUNCH BAG WOODLAND,0.012227962189492196,0.4858078602620088,9.198501379112916
WHITE SPOT BLUE CERAMIC DRAWER KNOB,BLUE STRIPE CERAMIC DRAWER KNOB,0.010167069685645196,0.4855643044619422,21.978428069625625
LUNCHBAG PINK RETROSPOT + LUNCH BAG CARS BLUE,LUNCH BAG WOODLAND,0.012008133655748517,0.4855555555555556,9.193724129957221
HAND WARMER RED RETROSPOT,HAND WARMER UNION JACK,0.010359419652670917,0.4851994851994852,20.651906041379725
RED SPOTTY CHARLOTTE BAG + JUMBO BAG RED WHITE SPOTTY,"CHARLOTTE BAG , SUKI DESIGN",0.010799076720158276,0.48518518518518516,10.176864126374213
BLUE STRIPE CERAMIC DRAWER KNOB,RED SPOT CERAMIC DRAWER KNOB,0.010689162453286436,0.4838308457711443,24.252854186368438
JUMBO BAG VINTAGE LEAF,JUMBO BAG RED WHITE SPOTTY,0.011678390855132996,0.48350398179749715,4.445598005450863
FELTCRAFT CUSHION OWL,FELTCRAFT CUSHION BUTTERFLY,0.011623433721697076,0.48342857142857143,22.43996501457726
"CHARLOTTE BAG , SUKI DESIGN",WOODLAND CHARLOTTE BAG,0.023027038909650473,0.4829971181556196,11.181444735317626
BLUE SPOTTY CUP,RED SPOTTY CUP + PINK SPOTTY CUP,0.010194548252363156,0.482444733420026,39.27769292756507
RED SPOTTY CHARLOTTE BAG + LUNCH BAG RED SPOTTY,JUMBO BAG RED WHITE SPOTTY,0.010167069685645196,0.48239895697522817,4.4354378075397936
"CHARLOTTE BAG , PINK/WHITE SPOTS",WOODLAND CHARLOTTE BAG,0.020993624972521434,0.4823232323232324,11.165844192561751
LUNCHBAG SUKI DESIGN + LUNCH BAG CARS BLUE,LUNCH BAG WOODLAND,0.012475269289953836,0.48195329087048827,9.12551725356858
LUNCHBAG SUKI DESIGN + LUNCH BAG RED SPOTTY,LUNCH BAG WOODLAND,0.015580347329083316,0.4817332200509771,9.121350335117148
PINK REGENCY TEACUP AND SAUCER,GREEN REGENCY TEACUP AND SAUCER + REGENCY CAKESTAND 3 TIER,0.013601890525390195,0.4815175097276264,24.30427907629373
"CHARLOTTE BAG , SUKI DESIGN + RED SPOTTY CHARLOTTE BAG",LUNCH BAG RED SPOTTY,0.012695097823697515,0.48124999999999996,5.7327823240589195
BLUE SPOTTY CUP,BLUE SPOTTY BOWL,0.010167069685645196,0.4811443433029909,25.30318633162203
"CHARLOTTE BAG , SUKI DESIGN","CHARLOTTE BAG , PINK/WHITE SPOTS",0.02288964607606067,0.48011527377521607,11.03052717375484
12 PENCILS SMALL TUBE RED SPOTTY,12 PENCILS SMALL TUBE SKULL,0.011843262255440756,0.47995545657015587,21.274712515835706
JUMBO BAG WOODLAND ANIMALS,JUMBO STORAGE BAG SUKI,0.018575511101340952,0.47943262411347515,7.5010799899989635
BLUE SPOT CERAMIC DRAWER KNOB,WHITE SPOT RED CERAMIC DRAWER KNOB,0.010084633985491316,0.4791122715404699,21.44631461980416
SET OF 36 PAISLEY FLOWER DOILIES,PACK OF 60 PINK PAISLEY CAKE CASES,0.010634205319850517,0.47896039603960394,8.75016402242634
RED SPOTTY CHARLOTTE BAG + STRAWBERRY CHARLOTTE BAG,"CHARLOTTE BAG , SUKI DESIGN + WOODLAND CHARLOTTE BAG",0.011788305122004836,0.47879464285714285,20.792714370951245
ALARM CLOCK BAKELIKE RED + ALARM CLOCK BAKELIKE GREEN,ALARM CLOCK BAKELIKE PINK,0.010991426687183996,0.47846889952153104,17.988058048954088
PLASTERS IN TIN SPACEBOY,PLASTERS IN TIN WOODLAND ANIMALS,0.017064189931853154,0.4780600461893765,13.645146039940228
LUNCHBAG SPACEBOY DESIGN,LUNCHBAG SUKI DESIGN,0.02816553088590899,0.4760798885276359,7.227993034333635
JUMBO BAG PINK WITH WHITE SPOTS + JUMBO BAG RED WHITE SPOTTY,JUMBO STORAGE BAG SUKI,0.018630468234776876,0.47545582047685836,7.438859939292274
LUNCH BAG BLACK SKULL. + LUNCHBAG PINK RETROSPOT,LUNCH BAG WOODLAND,0.012447790723235876,0.4748427672955975,8.990883448190106
SET OF 3 BUTTERFLY COOKIE CUTTERS,SET OF 3 HEART COOKIE CUTTERS,0.014508683227082875,0.4743935309973045,13.855641557025608
JUMBO BAG PINK WITH WHITE SPOTS + JUMBO SHOPPER VINTAGE RED PAISLEY,JUMBO BAG BAROQUE BLACK WHITE,0.010963948120466036,0.4733096085409252,9.275542958546769
LUNCH BAG RED SPOTTY + LUNCH BAG CARS BLUE,LUNCHBAG SPACEBOY DESIGN,0.013601890525390195,0.4732313575525813,7.998994688366715
"CHARLOTTE BAG , SUKI DESIGN + RED SPOTTY CHARLOTTE BAG","WOODLAND CHARLOTTE BAG + CHARLOTTE BAG , PINK/WHITE SPOTS",0.012475269289953836,0.47291666666666665,22.5266797556719
PACK OF 60 MUSHROOM CAKE CASES,60 TEATIME FAIRY CAKE CASES,0.012337876456364036,0.4726315789473684,8.090314403129177
PLASTERS IN TIN CIRCUS PARADE,PLASTERS IN TIN SPACEBOY,0.015525390195647396,0.4724080267558529,13.234698159891455
RED SPOTTY CHARLOTTE BAG + STRAWBERRY CHARLOTTE BAG,"WOODLAND CHARLOTTE BAG + CHARLOTTE BAG , PINK/WHITE SPOTS",0.011623433721697076,0.47209821428571425,22.487693997756168
PACK OF 60 SPACEBOY CAKE CASES,60 TEATIME FAIRY CAKE CASES,0.014288854693339195,0.47186932849364793,8.07726651107283
RED SPOTTY CHARLOTTE BAG,"CHARLOTTE BAG , SUKI DESIGN",0.026379424049241592,0.47174447174447176,9.894942256901912
LUNCHBAG PINK RETROSPOT + LUNCH BAG RED SPOTTY,LUNCH BAG WOODLAND,0.014975818861288195,0.47145328719723184,8.92670552949098
WHITE SPOT RED CERAMIC DRAWER KNOB,WHITE SPOT BLUE CERAMIC DRAWER KNOB,0.010524291052978677,0.4710947109471095,22.49879097216169
JUMBO STORAGE BAG SUKI + JUMBO BAG RED WHITE SPOTTY,JUMBO SHOPPER VINTAGE RED PAISLEY,0.017119147065289074,0.4705438066465257,7.819191877388294
LUNCH BAG APPLE DESIGN,LUNCH BAG RED SPOTTY,0.013382061991646516,0.47053140096618357,5.605099425191932
JUMBO BAG PINK VINTAGE PAISLEY,JUMBO BAG SCANDINAVIAN PAISLEY,0.020801275005495713,0.4696029776674938,11.111698025536695
JUMBO BAG DOILEY PATTERNS,JUMBO BAG RED WHITE SPOTTY,0.015855132996262913,0.4691056910569105,4.313212306453534
PACK OF 60 PINK PAISLEY CAKE CASES + 60 TEATIME FAIRY CAKE CASES,72 SWEETHEART FAIRY CAKE CASES,0.011925697955594635,0.468682505399568,11.69040009355797
PINK CREAM FELT CRAFT TRINKET BOX,PINK BLUE FELT CRAFT TRINKET BOX,0.017943504066827876,0.46843615494978486,14.914548163545556
RED SPOTTY SHOPPER BAG,JUMBO BAG RED WHITE SPOTTY,0.015580347329083316,0.4678217821782179,4.301407351447627
HEART OF WICKER SMALL,HEART OF WICKER LARGE,0.02750604528467795,0.4675385333956095,8.738912330422712
JUMBO STORAGE BAG SUKI + JUMBO SHOPPER VINTAGE RED PAISLEY,JUMBO BAG PINK WITH WHITE SPOTS + JUMBO BAG RED WHITE SPOTTY,0.011513519454825236,0.46711259754738016,11.92087072226105
LUNCHBAG SPACEBOY DESIGN,LUNCH BAG RED SPOTTY,0.02761595955154979,0.46679052484904787,5.560537080296743
RED SPOTTY CHARLOTTE BAG + JUMBO BAG RED WHITE SPOTTY,STRAWBERRY CHARLOTTE BAG,0.010386898219388877,0.4666666666666667,12.315397631133672
RED SPOTTY CHARLOTTE BAG + STRAWBERRY CHARLOTTE BAG,LUNCH BAG RED SPOTTY,0.011486040888107276,0.46651785714285715,5.557288987608136
RED HARMONICA IN BOX,BLUE HARMONICA IN BOX,0.012997362057595076,0.4660098522167488,17.61062361565101
JUMBO BAG PINK WITH WHITE SPOTS + JUMBO STORAGE BAG SUKI,JUMBO BAG RED WHITE SPOTTY + JUMBO SHOPPER VINTAGE RED PAISLEY,0.011513519454825236,0.46555555555555556,14.643472582348986
RED SPOTTY CHARLOTTE BAG + JUMBO BAG RED WHITE SPOTTY,WOODLAND CHARLOTTE BAG,0.010359419652670917,0.46543209876543207,10.774812301699495
LUNCHBAG SPACEBOY DESIGN + LUNCHBAG SUKI DESIGN,LUNCHBAG PINK RETROSPOT,0.013107276324466916,0.4653658536585366,8.060730198163476
HEART IVORY TRELLIS LARGE,WHITE HANGING HEART T-LIGHT HOLDER,0.010634205319850517,0.4651442307692308,3.186658291821131
PACK OF 60 PINK PAISLEY CAKE CASES,60 TEATIME FAIRY CAKE CASES,0.02544515278083095,0.464859437751004,7.957274063327628
CERAMIC STRAWBERRY CAKE MONEY BANK,STRAWBERRY CERAMIC TRINKET BOX,0.011183776654209717,0.4646118721461187,6.960953170498786
72 CAKE CASES VINTAGE CHRISTMAS,SET OF 20 VINTAGE CHRISTMAS NAPKINS,0.014536161793800835,0.46444249341527655,15.563527827227205
EDWARDIAN PARASOL BLACK,EDWARDIAN PARASOL RED,0.010881512420312156,0.4637002341920375,23.63442426150788
"CHARLOTTE BAG , SUKI DESIGN + RED SPOTTY CHARLOTTE BAG","STRAWBERRY CHARLOTTE BAG + CHARLOTTE BAG , PINK/WHITE SPOTS",0.012227962189492196,0.4635416666666667,22.982572661217077
"CHARLOTTE BAG , SUKI DESIGN + CHARLOTTE BAG , PINK/WHITE SPOTS",LUNCH BAG RED SPOTTY,0.010606726753132557,0.4633853541416567,5.519973750547683
"CHARLOTTE BAG , PINK/WHITE SPOTS",STRAWBERRY CHARLOTTE BAG,0.020169267970982632,0.4633838383838384,12.228763340438467
COOK WITH WINE METAL SIGN,GIN + TONIC DIET METAL SIGN,0.018080896900417674,0.46338028169014084,10.1831734367558
WOODLAND CHARLOTTE BAG + RED SPOTTY CHARLOTTE BAG,"CHARLOTTE BAG , SUKI DESIGN + STRAWBERRY CHARLOTTE BAG",0.011788305122004836,0.4632829373650108,22.752756621575536
JUMBO BAG STRAWBERRY + JUMBO BAG RED WHITE SPOTTY,JUMBO STORAGE BAG SUKI,0.015058254561442075,0.46283783783783783,7.241442216076782
JUMBO STORAGE BAG SUKI + JUMBO SHOPPER VINTAGE RED PAISLEY,JUMBO BAG BAROQUE BLACK WHITE,0.011403605187953397,0.4626532887402453,9.06670893044427
JUMBO BAG PINK WITH WHITE SPOTS + JUMBO SHOPPER VINTAGE RED PAISLEY,JUMBO BAG SCANDINAVIAN PAISLEY,0.010716641020004396,0.4626334519572953,10.946785815103961
LUNCH BAG BLACK SKULL. + LUNCH BAG RED SPOTTY,LUNCHBAG SPACEBOY DESIGN,0.015278083095185755,0.46256239600665555,7.8186580192634505
LUNCH BAG BLACK SKULL. + LUNCH BAG RED SPOTTY,LUNCH BAG CARS BLUE,0.015250604528467795,0.4617304492512479,8.145077319026376
JUMBO BAG SCANDINAVIAN PAISLEY + JUMBO BAG RED WHITE SPOTTY,JUMBO BAG BAROQUE BLACK WHITE,0.011623433721697076,0.4612868047982552,9.039929671630642
JUMBO BAG WOODLAND ANIMALS + JUMBO BAG RED WHITE SPOTTY,JUMBO SHOPPER VINTAGE RED PAISLEY,0.010799076720158276,0.4612676056338028,7.665045983664545
SMALL HEART MEASURING SPOONS,HEART MEASURING SPOONS LARGE,0.012420312156517916,0.46075433231396534,20.67542744953123
LUNCHBAG SPACEBOY DESIGN + LUNCHBAG SUKI DESIGN,LUNCH BAG WOODLAND,0.012969883490877116,0.4604878048780488,8.719080226390194
WOODEN HEART CHRISTMAS SCANDINAVIAN,WOODEN TREE CHRISTMAS SCANDINAVIAN,0.010524291052978677,0.4603365384615385,30.293973431631663
BLUE STRIPE CERAMIC DRAWER KNOB,WHITE SPOT BLUE CERAMIC DRAWER KNOB,0.010167069685645196,0.4601990049751244,21.978428069625625
RED SPOTTY CUP,RED SPOTTY PLATE,0.011403605187953397,0.46008869179600886,25.484851859726565
LUNCH BAG DOILEY PATTERN,JUMBO BAG DOILEY PATTERNS,0.013849197625851836,0.45985401459854014,13.605696991276481
LUNCH BAG BLACK SKULL. + LUNCHBAG SUKI DESIGN,LUNCH BAG WOODLAND,0.012777533523851395,0.4594861660079051,8.70011475200816
JUMBO BAG ALPHABET,JUMBO BAG RED WHITE SPOTTY,0.011376126621235437,0.4579646017699115,4.210775085298287
LUNCHBAG PINK RETROSPOT + LUNCH BAG RED SPOTTY,LUNCHBAG SPACEBOY DESIGN,0.014536161793800835,0.4576124567474048,7.734989561519534
RED/WHITE DOTS RUFFLED UMBRELLA,BLACK/BLUE DOTS RUFFLED UMBRELLA,0.011293690921081557,0.4571746384872081,24.359442816729835
RED STRIPE CERAMIC DRAWER KNOB,WHITE SPOT BLUE CERAMIC DRAWER KNOB,0.010359419652670917,0.456969696969697,21.82420106577587
WOODLAND CHARLOTTE BAG + RED SPOTTY CHARLOTTE BAG,"STRAWBERRY CHARLOTTE BAG + CHARLOTTE BAG , PINK/WHITE SPOTS",0.011623433721697076,0.45680345572354214,22.64848959222227
RED SPOTTY CHARLOTTE BAG + JUMBO BAG RED WHITE SPOTTY,LUNCH BAG RED SPOTTY,0.010167069685645196,0.45679012345679004,5.441409549210967
LUNCH BAG CARS BLUE,LUNCHBAG SUKI DESIGN,0.025884809848318313,0.4566165777993214,6.932494993438842
STRAWBERRY CERAMIC TRINKET BOX,SWEETHEART CERAMIC TRINKET BOX,0.03047373049021763,0.4565664882667764,11.226599757435492
PINK REGENCY TEACUP AND SAUCER,ROSES REGENCY TEACUP AND SAUCER + REGENCY CAKESTAND 3 TIER,0.012887447790723237,0.4562256809338522,22.31581314589348
"CHARLOTTE BAG , SUKI DESIGN + CHARLOTTE BAG , PINK/WHITE SPOTS",WOODLAND CHARLOTTE BAG + STRAWBERRY CHARLOTTE BAG,0.010441855352824797,0.45618247298919573,23.955833415617334
HAND WARMER UNION JACK,HAND WARMER SCOTTY DOG DESIGN,0.010716641020004396,0.45614035087719296,15.356021877079376
RED SPOTTY CHARLOTTE BAG,WOODLAND CHARLOTTE BAG,0.02544515278083095,0.45503685503685504,10.534161086832842
LUNCHBAG PINK RETROSPOT,LUNCH BAG BLACK SKULL.,0.026214552648933832,0.4540694907187054,7.0466937766461095
"CHARLOTTE BAG , SUKI DESIGN + WOODLAND CHARLOTTE BAG","STRAWBERRY CHARLOTTE BAG + CHARLOTTE BAG , PINK/WHITE SPOTS",0.010441855352824797,0.4534606205250597,22.482750547885523
RETRO SPOT SMALL MILK JUG,RETRO SPOT SUGAR JAM BOWL,0.013794240492415916,0.4530685920577618,21.24751572444081
CHOCOLATE HOT WATER BOTTLE,HOT WATER BOTTLE TEA AND SYMPATHY,0.021323367773136953,0.45300642148277875,10.447281172751131
BLUE STRIPE CERAMIC DRAWER KNOB,WHITE SPOT RED CERAMIC DRAWER KNOB,0.010002198285337436,0.4527363184079602,20.26565817896985
WOODEN FRAME ANTIQUE WHITE + WOODEN PICTURE FRAME WHITE FINISH,WHITE HANGING HEART T-LIGHT HOLDER,0.013409540558364475,0.4526901669758812,3.101336701164584
JUMBO STORAGE BAG SUKI + JUMBO SHOPPER VINTAGE RED PAISLEY,JUMBO BAG SCANDINAVIAN PAISLEY,0.011128819520773797,0.45150501672240806,10.68346590933802
HANGING HEART ZINC T-LIGHT HOLDER,SINGLE HEART ZINC T-LIGHT HOLDER,0.017641239832930315,0.45147679324894513,15.255472107628238
WHITE SPOT RED CERAMIC DRAWER KNOB,BLUE SPOT CERAMIC DRAWER KNOB,0.010084633985491316,0.45141451414514144,21.44631461980416
JUMBO BAG SCANDINAVIAN PAISLEY,JUMBO SHOPPER VINTAGE RED PAISLEY,0.019070125302264235,0.4512353706111834,7.498336806978168
PACK OF 60 DINOSAUR CAKE CASES,PACK OF 60 PINK PAISLEY CAKE CASES,0.016129918663442516,0.45084485407066055,8.236519040833072
WICKER STAR,HEART OF WICKER LARGE,0.010579248186414597,0.45081967213114754,8.42641474483653
"RED SPOTTY CHARLOTTE BAG + CHARLOTTE BAG , PINK/WHITE SPOTS",LUNCH BAG RED SPOTTY,0.013327104858210596,0.4503249767873723,5.36439494443406
JUMBO BAG BAROQUE BLACK WHITE + JUMBO BAG RED WHITE SPOTTY,JUMBO SHOPPER VINTAGE RED PAISLEY,0.013684326225544075,0.45027124773960214,7.482315638237261
LUNCH BAG BLACK SKULL. + LUNCH BAG RED SPOTTY,LUNCH BAG WOODLAND,0.014865904594416356,0.45008319467554075,8.522074724574548
JUMBO BAG PINK VINTAGE PAISLEY + JUMBO BAG RED WHITE SPOTTY,JUMBO BAG STRAWBERRY,0.011238733787645637,0.44994499449944997,8.952650759881893
CERAMIC STRAWBERRY CAKE MONEY BANK,CERAMIC HEART FAIRY CAKE MONEY BANK,0.010826555286876236,0.44977168949771684,22.089192070446575
CREAM HEART CARD HOLDER,WHITE HANGING HEART T-LIGHT HOLDER,0.015992525829852715,0.44907407407407407,3.0765631972333782
JUMBO BAG PINK WITH WHITE SPOTS + JUMBO STORAGE BAG SUKI,JUMBO BAG BAROQUE BLACK WHITE,0.011101340954055837,0.4488888888888889,8.796965236642135
STRAWBERRY CHARLOTTE BAG,"RED SPOTTY CHARLOTTE BAG + CHARLOTTE BAG , PINK/WHITE SPOTS",0.017009232798417234,0.44887599709934733,15.167590795208401
JUMBO BAG TOYS,JUMBO BAG PINK WITH WHITE SPOTS,0.012969883490877116,0.4486692015209126,7.286019447456069
WHITE SPOT RED CERAMIC DRAWER KNOB,BLUE STRIPE CERAMIC DRAWER KNOB,0.010002198285337436,0.44772447724477243,20.26565817896985
"CHARLOTTE BAG , SUKI DESIGN + RED SPOTTY CHARLOTTE BAG",WOODLAND CHARLOTTE BAG + STRAWBERRY CHARLOTTE BAG,0.011788305122004836,0.44687499999999997,23.46706349206349
PLASTERS IN TIN CIRCUS PARADE,PLASTERS IN TIN WOODLAND ANIMALS,0.014673554627390636,0.4464882943143813,12.744001573873698
SUKI SHOULDER BAG,JUMBO BAG RED WHITE SPOTTY,0.011293690921081557,0.4462540716612378,4.103102116193978
JUMBO STORAGE BAG SKULLS,JUMBO BAG PINK WITH WHITE SPOTS,0.016129918663442516,0.44570994684889903,7.237963581314205
RECIPE BOX RETRO SPOT DESIGN,RECIPE BOX PANTRY YELLOW DESIGN,0.010331941085952957,0.44497041420118344,9.80227803487256
RED SPOTTY CUP,RED SPOTTY BOWL,0.011018905253901956,0.4445676274944567,16.748141925236304
TOY TIDY PINK RETROSPOT,JUMBO BAG RED WHITE SPOTTY,0.013409540558364475,0.4440400363967243,4.082745074418795
JUMBO BAG PINK WITH WHITE SPOTS + JUMBO SHOPPER VINTAGE RED PAISLEY,JUMBO BAG PINK VINTAGE PAISLEY,0.010276983952517037,0.44365361803084225,10.015783168348891
TOILET METAL SIGN,KITCHEN METAL SIGN,0.011073862387337876,0.4414019715224534,22.849929655256226
HAND WARMER UNION JACK,HAND WARMER RED RETROSPOT,0.010359419652670917,0.4409356725146199,20.651906041379725
WOODLAND CHARLOTTE BAG,STRAWBERRY CHARLOTTE BAG,0.019042646735546273,0.44083969465648853,11.633820281319021
PACK OF 72 SKULL CAKE CASES + PACK OF 72 RETRO SPOT CAKE CASES,PACK OF 60 PINK PAISLEY CAKE CASES,0.010441855352824797,0.4408352668213458,8.053653127591575
"CHARLOTTE BAG , SUKI DESIGN + WOODLAND CHARLOTTE BAG",PACK OF 72 RETRO SPOT CAKE CASES,0.010139591118927236,0.4403341288782816,5.142695641251098
RED SPOTTY CHARLOTTE BAG,STRAWBERRY CHARLOTTE BAG,0.024620795779292153,0.4402948402948403,11.619441499644545
SUKI SHOULDER BAG,SKULL SHOULDER BAG,0.011128819520773797,0.4397394136807818,22.13415870355603
RED SPOTTY BOWL,BLUE SPOTTY BOWL,0.011650912288415036,0.4389233954451346,23.082803767397888
"CHARLOTTE BAG , SUKI DESIGN + CHARLOTTE BAG , PINK/WHITE SPOTS",PACK OF 72 RETRO SPOT CAKE CASES,0.010029676852055396,0.43817527010804325,5.117482166165567
RED SPOTTY OVEN GLOVE,PACK OF 72 RETRO SPOT CAKE CASES,0.010854033853594196,0.43791574279379153,5.114451127006309
CREAM CUPID HEARTS COAT HANGER,WHITE HANGING HEART T-LIGHT HOLDER,0.010057155418773356,0.4377990430622009,2.999319046521012
LOVEBIRD HANGING DECORATION WHITE,WHITE HANGING HEART T-LIGHT HOLDER,0.013821719059133876,0.43777197563098347,2.9991336101586503
JUMBO BAG PINK WITH WHITE SPOTS + JUMBO BAG RED WHITE SPOTTY,JUMBO SHOPPER VINTAGE RED PAISLEY,0.017146625632007036,0.4375876577840112,7.271547964418144
JUMBO BAG APPLES,JUMBO BAG DOILEY PATTERNS,0.011733347988568916,0.43705220061412486,12.931059906300188
PLASTERS IN TIN STRONGMAN,PLASTERS IN TIN SPACEBOY,0.011595955154979116,0.43685300207039335,12.23861004722537
HOT WATER BOTTLE I AM SO POORLY,HOT WATER BOTTLE TEA AND SYMPATHY,0.012118047922620357,0.43663366336633663,10.06969092346497
72 SWEETHEART FAIRY CAKE CASES,PACK OF 60 PINK PAISLEY CAKE CASES,0.017503846999340513,0.4366004112405757,7.976286227844895
72 CAKE CASES VINTAGE CHRISTMAS,PAPER CHAIN KIT VINTAGE CHRISTMAS,0.013656847658826115,0.4363476733977173,11.198564548864407
LUNCH BAG CARS BLUE,LUNCHBAG PINK RETROSPOT,0.024730710046163992,0.43625787687833256,7.556542910688377
WOODEN BOX OF DOMINOES,VINTAGE SNAP CARDS,0.013437019125082435,0.43621766280107044,8.421662166926556
ALARM CLOCK BAKELIKE RED,ALARM CLOCK BAKELIKE PINK,0.016322268630468234,0.43612334801762115,16.396075290348417
LUNCHBAG PINK RETROSPOT,LUNCHBAG SUKI DESIGN,0.02517036711365135,0.435982865302237,6.619227548635381
60 TEATIME FAIRY CAKE CASES,PACK OF 60 PINK PAISLEY CAKE CASES,0.02544515278083095,0.4355597365945437,7.957274063327628
PLASTERS IN TIN SPACEBOY,PLASTERS IN TIN CIRCUS PARADE,0.015525390195647396,0.434949961508853,13.234698159891455
HEART FILIGREE DOVE SMALL,WHITE HANGING HEART T-LIGHT HOLDER,0.010276983952517037,0.4348837209302326,2.9793464555898015
EDWARDIAN PARASOL NATURAL,EDWARDIAN PARASOL BLACK,0.012227962189492196,0.4341463414634147,18.500531216084998
LUNCH BAG APPLE DESIGN,LUNCHBAG SUKI DESIGN,0.012337876456364036,0.43381642512077295,6.5863359795557646
HEART IVORY TRELLIS SMALL,WHITE HANGING HEART T-LIGHT HOLDER,0.011540998021543196,0.4334365325077399,2.9694319071953448
WOODLAND CHARLOTTE BAG + RED SPOTTY CHARLOTTE BAG,LUNCH BAG RED SPOTTY,0.011018905253901956,0.4330453563714903,5.15855535485148
LUNCH BAG WOODLAND,LUNCHBAG SPACEBOY DESIGN,0.022862167509342713,0.43288241415192513,7.316979477852699
JUMBO BAG ALPHABET,JUMBO BAG APPLES,0.010744119586722356,0.4325221238938053,16.110895734640085
SET/10 RED SPOTTY PARTY CANDLES,SET/10 BLUE SPOTTY PARTY CANDLES,0.010331941085952957,0.4316877152698049,25.015890659392895
LUNCH BAG BLACK SKULL.,LUNCHBAG SUKI DESIGN,0.027808309518575512,0.43155650319829425,6.552025141590456
JUMBO BAG RED WHITE SPOTTY + JUMBO SHOPPER VINTAGE RED PAISLEY,JUMBO BAG BAROQUE BLACK WHITE,0.013684326225544075,0.43042350907519444,8.435095499334667
LUNCH BAG DOLLY GIRL DESIGN,LUNCH BAG BLACK SKULL.,0.011733347988568916,0.43001007049345413,6.673316198463874
JUMBO BAG PINK WITH WHITE SPOTS + JUMBO STORAGE BAG SUKI,JUMBO BAG STRAWBERRY,0.010634205319850517,0.43,8.55580098414434
LUNCH BAG WOODLAND,LUNCH BAG BLACK SKULL.,0.022669817542316992,0.4292403746097815,6.661371306097726
RED/WHITE SPOT PICNIC BAG,JUMBO BAG RED WHITE SPOTTY,0.012310397889646076,0.42911877394636017,3.9455508897058964
RETRO SPOT SMALL MILK JUG,RETRO SPOT LARGE MILK JUG,0.013052319191030996,0.42870036101083037,16.353525721075616
LUNCH BAG CARS BLUE,LUNCH BAG BLACK SKULL.,0.024291052978676633,0.42850218128938444,6.649915301272187
LUNCHBAG PINK RETROSPOT,LUNCH BAG CARS BLUE,0.024730710046163992,0.42836744407425037,7.556542910688376
LUNCH BAG WOODLAND,LUNCH BAG CARS BLUE,0.022587381842163114,0.4276795005202914,7.5444073596386065
WOOD 2 DRAWER CABINET WHITE FINISH,WOODEN FRAME ANTIQUE WHITE,0.013162233457902836,0.42767857142857146,7.904559965174491
JUMBO BAG BAROQUE BLACK WHITE + JUMBO BAG RED WHITE SPOTTY,JUMBO BAG STRAWBERRY,0.012997362057595076,0.42766726943942135,8.509386150595638
LUNCHBAG SUKI DESIGN,LUNCHBAG SPACEBOY DESIGN,0.02816553088590899,0.4276178556528994,7.227993034333634
GREEN REGENCY TEACUP AND SAUCER,ROSES REGENCY TEACUP AND SAUCER + REGENCY CAKESTAND 3 TIER,0.015882611562980875,0.4275147928994083,20.911449386015143
LUNCH BAG WOODLAND,LUNCHBAG SUKI DESIGN,0.022559903275445152,0.427159209157128,6.4852640549212355
"CHARLOTTE BAG , SUKI DESIGN",STRAWBERRY CHARLOTTE BAG,0.020361617938008354,0.4270893371757925,11.27094645286544
WOOD 2 DRAWER CABINET WHITE FINISH,WOODEN PICTURE FRAME WHITE FINISH,0.013134754891184876,0.4267857142857143,7.769677695990853
JUMBO STORAGE BAG SUKI + JUMBO BAG RED WHITE SPOTTY,JUMBO BAG BAROQUE BLACK WHITE,0.015525390195647396,0.42673716012084595,8.362853382400553
RED SPOTTY CHILDS APRON,CHILDS APRON SPACEBOY DESIGN,0.010881512420312156,0.426264800861141,13.4192289212272
LUNCH BAG APPLE DESIGN,LUNCH BAG DOILEY PATTERN,0.012118047922620357,0.4260869565217391,14.147953030783878
"CHARLOTTE BAG , SUKI DESIGN + RED SPOTTY CHARLOTTE BAG",PACK OF 72 RETRO SPOT CAKE CASES,0.011238733787645637,0.4260416666666667,4.975772892597347
JUMBO BAG PINK VINTAGE PAISLEY,JUMBO SHOPPER VINTAGE RED PAISLEY,0.018822818201802594,0.42493796526054595,7.061343576146935
RED SPOT HEART HOT WATER BOTTLE,SCOTTIE DOG HOT WATER BOTTLE,0.016129918663442516,0.42443962400578455,9.177781816291452
WOODLAND CHARLOTTE BAG + RED SPOTTY CHARLOTTE BAG,PACK OF 72 RETRO SPOT CAKE CASES,0.010799076720158276,0.4244060475161987,4.9566703726603025
"RED SPOTTY CHARLOTTE BAG + CHARLOTTE BAG , PINK/WHITE SPOTS",JUMBO BAG RED WHITE SPOTTY,0.012557704990107716,0.4243268337975859,3.9014911914001376
SET OF 3 HEART COOKIE CUTTERS,SET OF 3 BUTTERFLY COOKIE CUTTERS,0.014508683227082875,0.42375601926163725,13.855641557025608
SPOTTY BUNTING,PARTY BUNTING,0.013272147724774676,0.42294220665499127,5.81258035671769
JAM MAKING SET WITH JARS,JAM MAKING SET PRINTED,0.013437019125082435,0.4226447709593777,12.94687584575225
LUNCHBAG SUKI DESIGN,LUNCH BAG BLACK SKULL.,0.027808309518575512,0.4221944096787651,6.552025141590456
RED SPOTTY CHARLOTTE BAG + STRAWBERRY CHARLOTTE BAG,JUMBO BAG RED WHITE SPOTTY,0.010386898219388877,0.421875,3.8789477008590194
BLUE 3 PIECE MINI DOTS CUTLERY SET,PINK 3 PIECE MINI DOTS CUTLERY SET + RED 3 PIECE MINI DOTS CUTLERY SET,0.010963948120466036,0.4217758985200845,28.5833677820166
FELTCRAFT BUTTERFLY HEARTS,FELTCRAFT 6 FLOWER FRIENDS,0.013107276324466916,0.4217506631299735,11.121992849728981
JUMBO BAG BAROQUE BLACK WHITE,JUMBO STORAGE BAG SUKI,0.021515717740162674,0.42164781906300486,6.596993736603987
"RED SPOTTY CHARLOTTE BAG + CHARLOTTE BAG , PINK/WHITE SPOTS","CHARLOTTE BAG , SUKI DESIGN + WOODLAND CHARLOTTE BAG",0.012475269289953836,0.4215413184772516,18.30636236518394
LUNCH BAG DOILEY PATTERN,LUNCH BAG RED SPOTTY,0.012695097823697515,0.4215328467153284,5.021415174358177
LUNCHBAG SUKI DESIGN + LUNCHBAG PINK RETROSPOT,LUNCH BAG BLACK SKULL. + LUNCH BAG RED SPOTTY,0.010606726753132557,0.4213973799126638,12.758314018121181
JUMBO BAG WOODLAND ANIMALS,JUMBO BAG PINK WITH WHITE SPOTS,0.016322268630468234,0.42127659574468085,6.8411860206784585
ALARM CLOCK BAKELIKE GREEN,ALARM CLOCK BAKELIKE PINK,0.014646076060672676,0.4210110584518168,15.827928139647229
LUNCH BAG RED SPOTTY + JUMBO BAG RED WHITE SPOTTY,JUMBO STORAGE BAG SUKI,0.012695097823697515,0.4203821656050955,6.577191646904831
PLASTERS IN TIN STRONGMAN,PLASTERS IN TIN WOODLAND ANIMALS,0.011156298087491757,0.4202898550724638,11.996226200625179
JUMBO STORAGE BAG SUKI + JUMBO SHOPPER VINTAGE RED PAISLEY,JUMBO BAG PINK VINTAGE PAISLEY,0.010359419652670917,0.4202898550724638,9.488330276549071
60 TEATIME FAIRY CAKE CASES + PACK OF 72 RETRO SPOT CAKE CASES,72 SWEETHEART FAIRY CAKE CASES,0.013821719059133876,0.42021720969089393,10.481524808136403
HOME BUILDING BLOCK WORD,LOVE BUILDING BLOCK WORD,0.02379643877775335,0.42018437651625423,9.037440797978443
SMALL HEART MEASURING SPOONS,DOTCOM POSTAGE,0.011321169487799517,0.4199796126401631,10.801341387421072
JUMBO BAG SCANDINAVIAN PAISLEY + JUMBO BAG RED WHITE SPOTTY,JUMBO BAG STRAWBERRY,0.010579248186414597,0.4198473282442748,8.353791126006369
JUMBO BAG DOILEY PATTERNS,JUMBO BAG VINTAGE LEAF,0.014178940426467355,0.4195121951219512,17.368473043092205
PAPER CHAIN KIT 50'S CHRISTMAS,PAPER CHAIN KIT VINTAGE CHRISTMAS,0.023054517476368434,0.41950000000000004,10.766180535966152
PINK REGENCY TEACUP AND SAUCER,GREEN REGENCY TEACUP AND SAUCER + REGENCY CAKESTAND 3 TIER + ROSES REGENCY TEACUP AND SAUCER,0.011843262255440756,0.419260700389105,26.39746610477562
JUMBO BAG TOYS,JUMBO SHOPPER VINTAGE RED PAISLEY,0.012118047922620357,0.4192015209125476,6.966019063492892
STRAWBERRY CHARLOTTE BAG,"CHARLOTTE BAG , SUKI DESIGN + RED SPOTTY CHARLOTTE BAG",0.015882611562980875,0.4191443074691806,15.889062122310854
ZINC METAL HEART DECORATION,WHITE HANGING HEART T-LIGHT HOLDER,0.016184875796878436,0.41891891891891897,2.869973135786389
PLASTERS IN TIN WOODLAND ANIMALS,PLASTERS IN TIN CIRCUS PARADE,0.014673554627390636,0.41882352941176476,12.7440015738737
JUMBO BAG SCANDINAVIAN PAISLEY,JUMBO BAG PINK WITH WHITE SPOTS,0.017696196966366234,0.41872561768530564,6.799760231505418
LUNCHBAG SPACEBOY DESIGN,LUNCH BAG BLACK SKULL.,0.02475818861288195,0.41848583372039017,6.494471838273961
SUKI SHOULDER BAG,"CHARLOTTE BAG , SUKI DESIGN",0.010579248186414597,0.4180238870792617,8.768141382471752
SUKI SHOULDER BAG,JUMBO STORAGE BAG SUKI,0.010579248186414597,0.4180238870792617,6.540294625360487
PACK OF 72 SKULL CAKE CASES,60 TEATIME FAIRY CAKE CASES,0.016954275664981314,0.4177386594448206,7.150679818681049
JUMBO BAG RED WHITE SPOTTY + JUMBO SHOPPER VINTAGE RED PAISLEY,JUMBO BAG SCANDINAVIAN PAISLEY,0.013272147724774676,0.41745894554883317,9.8778712265365
GREEN REGENCY TEACUP AND SAUCER + ROSES REGENCY TEACUP AND SAUCER,PINK REGENCY TEACUP AND SAUCER + REGENCY CAKESTAND 3 TIER,0.011843262255440756,0.41682785299806574,27.38122604026283
RED/WHITE SPOT PICNIC BAG,LUNCH BAG RED SPOTTY,0.011953176522312595,0.41666666666666663,4.963447899618112
LUNCH BAG BLACK SKULL. + LUNCH BAG CARS BLUE,LUNCHBAG PINK RETROSPOT + LUNCH BAG RED SPOTTY,0.010112112552209276,0.41628959276018096,13.105199705647497
JUMBO BAG SCANDINAVIAN PAISLEY,JUMBO STORAGE BAG SUKI,0.017586282699494395,0.4161248374512354,6.510582581481238
"RED SPOTTY CHARLOTTE BAG + CHARLOTTE BAG , PINK/WHITE SPOTS",PACK OF 72 RETRO SPOT CAKE CASES,0.012310397889646076,0.41597028783658313,4.8581484964534445
JUMBO BAG APPLES,JUMBO BAG PEARS,0.011156298087491757,0.4155578300921187,25.45956322005452
LUNCHBOX WITH CUTLERY RETROSPOT,STRAWBERRY LUNCHBOX WITH CUTLERY,0.012750054957133435,0.4153983885407341,12.401294631480225
RED SPOTTY BOWL,RED SPOTTY CUP,0.011018905253901956,0.41511387163561075,16.748141925236304
JUMBO BAG STRAWBERRY,JUMBO BAG PINK WITH WHITE SPOTS,0.020856232138931632,0.4149808638600328,6.73894850405815
JUMBO BAG VINTAGE LEAF,JUMBO BAG APPLES,0.010002198285337436,0.4141069397042093,15.42495368445812
JUMBO STORAGE BAG SUKI + JUMBO BAG RED WHITE SPOTTY,JUMBO BAG STRAWBERRY,0.015058254561442075,0.41389728096676737,8.235401776349152
PACK OF 60 PINK PAISLEY CAKE CASES + 60 TEATIME FAIRY CAKE CASES,PACK OF 60 DINOSAUR CAKE CASES,0.010524291052978677,0.4136069114470843,11.560662612428795
JUMBO STORAGE BAG SUKI + JUMBO SHOPPER VINTAGE RED PAISLEY,JUMBO BAG WOODLAND ANIMALS,0.010194548252363156,0.4136008918617614,10.675009685555477
ALARM CLOCK BAKELIKE PINK,ALARM CLOCK BAKELIKE RED + ALARM CLOCK BAKELIKE GREEN,0.010991426687183996,0.4132231404958677,17.988058048954088
"RED SPOTTY CHARLOTTE BAG + CHARLOTTE BAG , PINK/WHITE SPOTS","CHARLOTTE BAG , SUKI DESIGN + STRAWBERRY CHARLOTTE BAG",0.012227962189492196,0.41318477251624885,20.292335008652266
RED 3 PIECE MINI DOTS CUTLERY SET,GREEN 3 PIECE MINI DOTS CUTLERY SET,0.011540998021543196,0.41297935103244837,25.51637443594713
PACK OF 60 SPACEBOY CAKE CASES,PACK OF 60 DINOSAUR CAKE CASES,0.012502747856671796,0.4128856624319419,11.540503093105398
HEART OF WICKER LARGE + HEART OF WICKER SMALL,WHITE HANGING HEART T-LIGHT HOLDER,0.011348648054517477,0.4125874125874126,2.8265965961749098
LUNCH BAG RED SPOTTY + JUMBO BAG RED WHITE SPOTTY,JUMBO BAG PINK WITH WHITE SPOTS,0.012447790723235876,0.41219290263876246,6.693674302913808
JAM MAKING SET PRINTED,JAM MAKING SET WITH JARS,0.013437019125082435,0.4116161616161616,12.946875845752249
RED SPOTTY CUP,PINK SPOTTY CUP + BLUE SPOTTY CUP,0.010194548252363156,0.41130820399113077,28.729996467649197
COOK WITH WINE METAL SIGN,PLEASE ONE PERSON METAL SIGN,0.016047482963288635,0.4112676056338028,8.333435804134384
LADIES & GENTLEMEN METAL SIGN,PLEASE ONE PERSON METAL SIGN,0.012530226423389756,0.41118124436429215,8.331685882463987
JUMBO BAG DOILEY PATTERNS,LUNCH BAG DOILEY PATTERN,0.013849197625851836,0.40975609756097564,13.605696991276483
TEA BAG PLATE RED SPOTTY,PACK OF 72 RETRO SPOT CAKE CASES,0.010771598153440316,0.4096133751306165,4.783905631499806
JUMBO SHOPPER VINTAGE RED PAISLEY,JUMBO STORAGE BAG SUKI,0.02464827434601011,0.4095890410958904,6.408325186397955
"CHARLOTTE BAG , SUKI DESIGN + RED SPOTTY CHARLOTTE BAG",JUMBO BAG RED WHITE SPOTTY,0.010799076720158276,0.409375,3.7640159171298633
JUMBO BAG ALPHABET,JUMBO BAG DOILEY PATTERNS,0.010167069685645196,0.40929203539823006,12.10972012374991
PLASTERS IN TIN SKULLS,PLASTERS IN TIN WOODLAND ANIMALS,0.012255440756210156,0.4091743119266055,11.67895808598669
LUNCHBAG PINK RETROSPOT + LUNCH BAG CARS BLUE,LUNCHBAG SUKI DESIGN + LUNCH BAG RED SPOTTY,0.010112112552209276,0.40888888888888886,12.642552629094684
LUNCHBAG PINK RETROSPOT + LUNCH BAG CARS BLUE,LUNCH BAG BLACK SKULL. + LUNCH BAG RED SPOTTY,0.010112112552209276,0.40888888888888886,12.379604363098538
JUMBO BAG PINK WITH WHITE SPOTS + JUMBO STORAGE BAG SUKI,JUMBO BAG WOODLAND ANIMALS,0.010112112552209276,0.40888888888888886,10.553393223010245
LUNCH BAG DOLLY GIRL DESIGN,LUNCH BAG WOODLAND,0.011156298087491757,0.40886203423967776,7.741575000026199
CHOCOLATE THIS WAY METAL SIGN,HAND OVER THE CHOCOLATE SIGN,0.010936469553748076,0.4086242299794661,10.220380053204625
"CHARLOTTE BAG , SUKI DESIGN + RED SPOTTY CHARLOTTE BAG",LUNCHBAG SUKI DESIGN,0.010771598153440316,0.4083333333333333,6.199443749130857
JUMBO BAG SPACEBOY DESIGN,JUMBO SHOPPER VINTAGE RED PAISLEY,0.013986590459441636,0.4081796311146752,6.782864445445324
"CHARLOTTE BAG , PINK/WHITE SPOTS","CHARLOTTE BAG , SUKI DESIGN + RED SPOTTY CHARLOTTE BAG",0.017751154099802154,0.4078282828282828,15.460090488215487
WOODEN FRAME ANTIQUE WHITE,WHITE HANGING HEART T-LIGHT HOLDER,0.02203781050780391,0.4073133570340274,2.7904645499213716
"ROUND SNACK BOXES ,SET4, WOODLAND","ROUND SNACK BOXES ,SET 4, FRUITS",0.015552868762365356,0.4071942446043166,12.863379296562751
WOOD 2 DRAWER CABINET WHITE FINISH,WHITE HANGING HEART T-LIGHT HOLDER,0.012530226423389756,0.40714285714285714,2.7892964716006885
WOODLAND CHARLOTTE BAG + RED SPOTTY CHARLOTTE BAG,JUMBO BAG RED WHITE SPOTTY,0.010359419652670917,0.4071274298056156,3.743350537010097
ROSES REGENCY TEACUP AND SAUCER,GREEN REGENCY TEACUP AND SAUCER + REGENCY CAKESTAND 3 TIER,0.015882611562980875,0.4070422535211268,20.54518958410658
LUNCH BAG DOLLY GIRL DESIGN,LUNCH BAG CARS BLUE,0.011101340954055837,0.4068479355488419,7.176931687102984
LUNCH BAG BLACK SKULL.,LUNCHBAG PINK RETROSPOT,0.026214552648933832,0.4068230277185501,7.0466937766461095
JUMBO BAG PINK WITH WHITE SPOTS + JUMBO BAG RED WHITE SPOTTY,JUMBO BAG STRAWBERRY,0.015937568696416795,0.4067321178120617,8.092835008975698
VINTAGE SNAP CARDS,VINTAGE HEADS AND TAILS CARD GAME,0.021048582105957354,0.4063660477453581,11.271702141424598
JUMBO BAG PINK VINTAGE PAISLEY,JUMBO STORAGE BAG SUKI,0.017998461200263795,0.40632754342431765,6.357296629534725
RED SPOTTY CHARLOTTE BAG + STRAWBERRY CHARLOTTE BAG,PACK OF 72 RETRO SPOT CAKE CASES,0.010002198285337436,0.40625,4.744624518613607
SET OF 20 VINTAGE CHRISTMAS NAPKINS,PAPER CHAIN KIT VINTAGE CHRISTMAS,0.012118047922620357,0.40607734806629836,10.42169735601462
RED SPOTTY BOWL,PINK SPOTTY BOWL,0.010744119586722356,0.40476190476190477,19.381704260651627
LUNCH BAG BLACK SKULL. + LUNCHBAG PINK RETROSPOT,LUNCHBAG SUKI DESIGN + LUNCH BAG RED SPOTTY,0.010606726753132557,0.40461215932914046,12.510319203318675
PACK OF 60 DINOSAUR CAKE CASES,72 SWEETHEART FAIRY CAKE CASES,0.014453726093646955,0.40399385560675877,10.076863874736919
STRAWBERRY CHARLOTTE BAG,LUNCH BAG RED SPOTTY,0.015278083095185755,0.4031907179115301,4.8029186927124075
PLASTERS IN TIN CIRCUS PARADE,PLASTERS IN TIN STRONGMAN,0.013244669158056716,0.40301003344481606,15.182547760997666
CHOCOLATE THIS WAY METAL SIGN,GIN + TONIC DIET METAL SIGN,0.010771598153440316,0.40246406570841886,8.84448809134105
LUNCH BAG DOILEY PATTERN,LUNCH BAG APPLE DESIGN,0.012118047922620357,0.4023722627737226,14.147953030783878
LUNCH BAG RED SPOTTY + JUMBO BAG RED WHITE SPOTTY,LUNCHBAG SUKI DESIGN,0.012145526489338317,0.4021838034576888,6.106079672687613
LUNCHBAG SUKI DESIGN + LUNCHBAG PINK RETROSPOT,LUNCH BAG RED SPOTTY + LUNCH BAG CARS BLUE,0.010112112552209276,0.4017467248908297,13.97740613023621
JUMBO BAG PINK WITH WHITE SPOTS,JUMBO STORAGE BAG SUKI,0.024730710046163992,0.40160642570281124,6.283431231374337
PACK OF 60 SPACEBOY CAKE CASES,PACK OF 60 PINK PAISLEY CAKE CASES,0.012145526489338317,0.40108892921960076,7.327524253092225
LUNCH BAG APPLE DESIGN,LUNCH BAG BLACK SKULL.,0.011403605187953397,0.40096618357487923,6.222584798574416
PLASTERS IN TIN VINTAGE PAISLEY,PLASTERS IN TIN SPACEBOY,0.012392833589799956,0.4008888888888889,11.231061158155848
RECYCLING BAG RETROSPOT,TOY TIDY PINK RETROSPOT,0.017256539898878875,0.40076579451180605,13.270854225544717
JUMBO BAG STRAWBERRY,JUMBO STORAGE BAG SUKI,0.020141789404264674,0.4007654455986878,6.270273472152815
LUNCHBAG PINK RETROSPOT,LUNCHBAG SPACEBOY DESIGN,0.023136953176522312,0.4007615421227987,6.774042750084947
LUNCH BAG RED SPOTTY + JUMBO BAG RED WHITE SPOTTY,LUNCHBAG PINK RETROSPOT,0.012090569355902397,0.40036396724294815,6.934814610140585
STRAWBERRY CHARLOTTE BAG,WOODLAND CHARLOTTE BAG + RED SPOTTY CHARLOTTE BAG,0.015168168828313915,0.4002900652646845,15.73148602063974
JUMBO BAG APPLES,JUMBO BAG ALPHABET,0.010744119586722356,0.4002047082906858,16.110895734640085
"CHARLOTTE BAG , SUKI DESIGN + RED SPOTTY CHARLOTTE BAG",LUNCH BAG BLACK SKULL.,0.010551769619696637,0.4,6.207590618336887
