StockCode,DescriptionClean,Revenue,Units,Orders
M,MANUAL,339599.81,9637,791
22423,REGENCY CAKESTAND 3 TIER,330590.32,26495,3920
DOT,DOTCOM POSTAGE,309854.11,1420,1420
85123A,WHITE HANGING HEART T-LIGHT HOLDER,257546.2,94147,5361
23843,"PAPER CRAFT , LITTLE BIRDIE",168469.6,80995,1
47566,PARTY BUNTING,148318.28,28217,2676
85099B,JUMBO BAG RED RETROSPOT,145961.83,77286,3249
84879,ASSORTED COLOUR BIRD ORNAMENT,129324.49,80090,2808
POST,POSTAGE,125682.42,5363,1851
22086,PAPER CHAIN KIT 50'S CHRISTMAS,117760.29000000001,35084,2018
23166,MEDIUM CERAMIC TOP STORAGE JAR,81700.92000000001,78033,247
79321,CHILLI LIGHTS,80540.88,15848,1140
84347,ROTATING SILVER ANGELS T-LIGHT HLDR,71300.4,31409,756
85099F,JUMBO BAG STRAWBERRY,67985.77,36863,1833
23084,RABBIT NIGHT LIGHT,66870.03,30739,994
21137,BLACK RECORD COVER FRAME,65189.29,18739,634
21931,JUMBO STORAGE BAG SUKI,61537.55,29183,2330
21621,VINTAGE UNION JACK BUNTING,60286.04,6900,1292
22114,HOT WATER BOTTLE TEA AND SYMPATHY,59189.14,11678,1583
85099C,JUMBO BAG BAROQUE BLACK WHITE,59057.61,30640,1868
22910,PAPER CHAIN KIT VINTAGE CHRISTMAS,58652.700000000004,18634,1427
22112,CHOCOLATE HOT WATER BOTTLE,57981.94,11066,1721
15056N,EDWARDIAN PARASOL NATURAL,57975.450000000004,11286,1033
22411,JUMBO SHOPPER VINTAGE RED PAISLEY,57318.71,27282,2193
82484,WOOD BLACK BOARD ANT WHITE FINISH,56745.73,9831,1176
22470,HEART OF WICKER LARGE,53506.130000000005,17781,1957
22178,VICTORIAN GLASS HANGING T-LIGHT,52382.82,40081,1816
21733,RED HANGING HEART T-LIGHT HOLDER,50346.490000000005,17575,1760
21181,PLEASE ONE PERSON METAL SIGN,50117.14000000001,24732,1810
22386,JUMBO BAG PINK POLKADOT,50081.96,25235,1443
22111,SCOTTIE DOG HOT WATER BOTTLE,49771.94,9776,1689
21929,JUMBO BAG PINK VINTAGE PAISLEY,49651.99,25608,1619
22189,CREAM HEART CARD HOLDER,49300.94,16186,1299
22469,HEART OF WICKER SMALL,48935.11,27949,2155
21843,RED RETROSPOT CAKE STAND,48564.29,4637,1188
21731,RED TOADSTOOL LED NIGHT LIGHT,48315.84,28910,1537
22457,NATURAL SLATE HEART CHALKBOARD,47288.23,15373,2046
15056BL,EDWARDIAN PARASOL BLACK,47267.450000000004,9504,857
21232,STRAWBERRY CERAMIC TRINKET BOX,47169.35,36629,2310
21754,HOME BUILDING BLOCK WORD,46516.99,7595,2066
22138,BAKING SET 9 PIECE RETROSPOT,45882.01,9366,1914
20727,LUNCH BAG BLACK SKULL.,45655.27,26678,2351
21623,VINTAGE UNION JACK MEMOBOARD,45402.18,6165,530
22326,ROUND SNACK BOXES SET OF4 WOODLAND,44063.04,15382,1390
84078A,SET/4 WHITE RETRO STORAGE CUBES,43844.96,1128,328
82494L,WOODEN FRAME ANTIQUE WHITE,43811.16,15301,1973
84029E,RED WOOLLY HOTTIE WHITE HEART.,42994.24,10628,1145
22197,SMALL POPCORN HOLDER,42699.89,48597,1412
21915,RED HARMONICA IN BOX,42664.54,36289,1025
21175,GIN + TONIC DIET METAL SIGN,42613.98,20178,1609
22383,LUNCH BAG SUKI DESIGN,42592.72,24649,2364
23298,SPOTTY BUNTING,42513.48,8491,1141
20728,LUNCH BAG CARS BLUE,42270.3,24596,2067
48138,DOORMAT UNION FLAG,42239.5,6303,992
82482,WOODEN PICTURE FRAME WHITE FINISH,41837.6,16914,2006
22355,CHARLOTTE BAG SUKI DESIGN,41580.97,27557,1406
71477,COLOUR GLASS. STAR T-LIGHT HOLDER,41099.79,14077,757
20725,LUNCH BAG RED RETROSPOT,41043.02,22232,1837
20713,JUMBO BAG OWLS,40667.05,20814,1314
22502,PICNIC BASKET WICKER 60 PIECES,39619.5,61,2
85066,CREAM SWEETHEART MINI CHEST,38599.979999999996,3095,931
20726,LUNCH BAG WOODLAND,38506.74,22120,1928
48194,DOORMAT HEARTS,38428.12,6029,1035
22960,JAM MAKING SET WITH JARS,38380.11,9030,1160
21166,COOK WITH WINE METAL SIGN,38138.86,19932,1425
23284,DOORMAT KEEP CALM AND COME IN,38133.64,5487,728
22720,SET OF 3 CAKE TINS PANTRY DESIGN,38108.89,7483,1385
22629,SPACEBOY LUNCH BOX,37955.5,20807,1368
22699,ROSES REGENCY TEACUP AND SAUCER,37682.8,12861,1411
20712,JUMBO BAG WOODLAND ANIMALS,37499.37,17710,1415
22727,ALARM CLOCK BAKELIKE RED,36543.77,9234,1363
22328,ROUND SNACK BOXES SET OF 4 FRUITS,35922.51,12876,1155
20685,DOORMAT RED RETROSPOT,35198.96,5039,901
21755,LOVE BUILDING BLOCK WORD,34836.020000000004,5643,1696
22379,RECYCLING BAG RETROSPOT,34640.84,15765,1570
22197,POPCORN HOLDER,34288.67,36749,803
48185,DOORMAT FAIRY CAKE,34191.53,5095,597
22666,RECIPE BOX PANTRY YELLOW DESIGN,33682.62,10728,1664
21523,DOORMAT FANCY FONT HOME SWEET HOME,33466.26,5077,715
22630,DOLLY GIRL LUNCH BOX,33380.83,18122,1334
48187,DOORMAT NEW ENGLAND,33203.79,5291,818
22382,LUNCH BAG SPACEBOY DESIGN,33049.37,19605,2109
15036,ASSORTED COLOURS SILK FAN,32967.03,44392,992
22726,ALARM CLOCK BAKELIKE GREEN,32609.32,7671,1273
22385,JUMBO BAG SPACEBOY DESIGN,32433.5,17070,1250
82486,WOOD S/3 CABINET ANT WHITE FINISH,31594.39,3994,1072
22139,RETROSPOT TEA SET CERAMIC 11 PC,31527.12,6168,1321
22077,6 RIBBONS RUSTIC CHARM,31513.109999999997,17238,1751
85152,HAND OVER THE CHOCOLATE SIGN,31483.7,16373,1460
22865,HAND WARMER OWL DESIGN,31416.04,14537,1212
23245,SET OF 3 REGENCY CAKE TINS,31118.550000000003,6345,873
21479,WHITE SKULL HOT WATER BOTTLE,31079.8,6220,930
23199,JUMBO BAG APPLES,30450.690000000002,14908,978
22501,PICNIC BASKET WICKER LARGE,30339.36,2640,769
20725,LUNCH BAG RED SPOTTY,30063.27,18085,1219
20679,EDWARDIAN PARASOL RED,30020.97,6149,715
22697,GREEN REGENCY TEACUP AND SAUCER,29952.550000000003,9625,1343
84946,ANTIQUE SILVER TEA GLASS ETCHED,29828.78,22032,1080
22659,LUNCH BOX I LOVE LONDON,29561.859999999997,15941,1074
84029G,KNITTED UNION FLAG HOT WATER BOTTLE,29533.87,6830,1009
20914,SET/5 RED SPOTTY LID GLASS BOWLS,29468.52,10708,884
22622,BOX OF VINTAGE ALPHABET BLOCKS,29450.11,2945,571
47590B,PINK HAPPY BIRTHDAY BUNTING,29363.86,5738,872
22158,3 HEARTS HANGING DECORATION RUSTIC,29198.280000000002,8985,718
82483,WOOD 2 DRAWER CABINET WHITE FINISH,29003.370000000003,4878,1123
21928,JUMBO BAG SCANDINAVIAN PAISLEY,28962.829999999998,15857,880
23355,HOT WATER BOTTLE KEEP CALM,28718.8,5816,782
20971,PINK BLUE FELT CRAFT TRINKET BOX,28580.97,22260,1148
84978,HANGING HEART JAR T-LIGHT HOLDER,28475.96,21689,1425
22866,HAND WARMER SCOTTY DOG DESIGN,28266.870000000003,12778,1083
22752,SET 7 BABUSHKA NESTING BOXES,28139.45,3459,692
22188,BLACK HEART CARD HOLDER,28112.03,10353,566
21977,PACK OF 60 PINK PAISLEY CAKE CASES,28081.73,56061,1993
22467,GUMBALL COAT RACK,28059.480000000003,11868,1095
82583,HOT BATHS METAL SIGN,27981.99,12877,1176
23201,JUMBO BAG ALPHABET,27850.83,13366,906
21212,PACK OF 72 RETROSPOT CAKE CASES,27770.72,48156,1708
20719,WOODLAND CHARLOTTE BAG,27598.42,24482,1576
21930,JUMBO STORAGE BAG SKULLS,27368.08,13390,1321
22624,IVORY KITCHEN SCALES,27282.73,3184,1226
72741,GRAND CHOCOLATECANDLE,27239.46,19712,920
22835,HOT WATER BOTTLE I AM SO POORLY,27082.84,5302,1011
22492,MINI PAINT SET VINTAGE,27056.19,42286,714
84991,60 TEATIME FAIRY CAKE CASES,27041.21,54028,2127
22961,JAM MAKING SET PRINTED,26888.43,17252,1200
22734,SET OF 6 RIBBONS VINTAGE CHRISTMAS,26763.75,9772,756
22386,JUMBO BAG PINK WITH WHITE SPOTS,26242.66,14202,802
22149,FELTCRAFT 6 FLOWER FRIENDS,26218.97,12674,1382
22867,HAND WARMER BIRD DESIGN,26117.63,11872,1054
22551,PLASTERS IN TIN SPACEBOY,25912.87,15441,1299
47566B,TEA TIME PARTY BUNTING,25803.49,5801,761
20711,JUMBO BAG TOYS,25719.13,12650,1055
21481,FAWN BLUE HOT WATER BOTTLE,25613.45,8175,1050
22507,MEMO BOARD RETROSPOT DESIGN,25603.46,5455,900
22090,PAPER BUNTING RETROSPOT,25497.960000000003,8430,921
37503,TEA TIME CAKE STAND IN GIFT BOX,25428.33,2465,522
21485,RETROSPOT HEART HOT WATER BOTTLE,25408.010000000002,5168,930
21108,FAIRY CAKE FLANNEL ASSORTED COLOUR,25407.27,12962,613
22087,PAPER BUNTING WHITE LACE,25389.100000000002,8475,847
84755,COLOUR GLASS T-LIGHT HOLDER HANGING,25205.13,40439,1259
22084,PAPER CHAIN KIT EMPIRE,25163.56,8803,811
85099B,JUMBO BAG RED WHITE SPOTTY,25043.62,14061,535
20724,RED RETROSPOT CHARLOTTE BAG,24958.77,20671,1258
22090,PAPER BUNTING RETRO SPOTS,24933.940000000002,8292,783
23173,REGENCY TEAPOT ROSES,24879.13,2766,416
20972,PINK CREAM FELT CRAFT TRINKET BOX,24785.31,20496,1397
48138,DOOR MAT UNION FLAG,24770.81,3776,674
21314,SMALL GLASS HEART TRINKET POT,24641.390000000003,11426,1066
23203,JUMBO BAG VINTAGE DOILY,24489.08,11448,711
22722,SET OF 6 SPICE TINS PANTRY DESIGN,24459.96,5972,835
84077,WORLD WAR 2 GLIDERS ASSTD DESIGNS,24445.609999999997,106250,1021
71459,HANGING JAM JAR T-LIGHT HOLDER,24440.74,30176,925
84836,ZINC METAL HEART DECORATION,24289.33,19847,1408
22728,ALARM CLOCK BAKELIKE PINK,24257.31,6215,969
47590A,BLUE HAPPY BIRTHDAY BUNTING,24174.010000000002,4752,689
21231,SWEETHEART CERAMIC TRINKET BOX,24128.86,19428,1482
21212,PACK OF 72 RETRO SPOT CAKE CASES,24054.43,46728,1410
22698,PINK REGENCY TEACUP AND SAUCER,23990.620000000003,8050,1025
23344,JUMBO BAG 50'S CHRISTMAS,23772.07,10285,716
22171,3 HOOK PHOTO SHELF ANTIQUE WHITE,23709.46,3141,661
21790,VINTAGE SNAP CARDS,23506.17,27244,1888
23243,SET OF TEA COFFEE SUGAR TINS PANTRY,23489.42,4800,470
22605,WOODEN CROQUET GARDEN SET,23426.82,1828,643
82600,NO SINGING METAL SIGN,23096.77,11450,1152
84406B,CREAM CUPID HEARTS COAT HANGER,23080.13,7131,841
20914,SET/5 RED RETROSPOT LID GLASS BOWLS,23040.04,7964,1147
22625,RED KITCHEN SCALES,22911.55,2647,958
22607,WOODEN ROUNDERS GARDEN SET,22906.54,2533,744
21791,VINTAGE HEADS AND TAILS CARD GAME,22858.6,17609,1316
22554,PLASTERS IN TIN WOODLAND ANIMALS,22853.719999999998,13588,1275
22556,PLASTERS IN TIN CIRCUS PARADE,22334.079999999998,13585,1196
37449,CERAMIC CAKE STAND + HANGING CAKES,22333.3,2382,477
20749,ASSORTED COLOUR MINI CASES,22097.61,3062,766
22113,GREY HEART HOT WATER BOTTLE,22025.93,5759,996
22585,PACK OF 6 BIRDY GIFT TAGS,21977.3,17558,1084
22499,WOODEN UNION JACK BUNTING,21826.52,3596,775
23202,JUMBO BAG VINTAGE LEAF,21810.43,10941,879
84970S,HANGING HEART ZINC T-LIGHT HOLDER,21794.26,26444,1425
22941,CHRISTMAS LIGHTS 10 REINDEER,21727.58,2615,483
22456,NATURAL SLATE CHALKBOARD LARGE,21583.2,4416,835
22969,HOMEMADE JAM SCENTED CANDLES,21501.989999999998,14461,709
21524,DOORMAT SPOTTY HOME SWEET HOME,21414.04,2818,745
21213,PACK OF 72 SKULL CAKE CASES,21390.76,40263,1481
21258,VICTORIAN SEWING BOX LARGE,21386.559999999998,1509,528
48184,DOORMAT ENGLISH ROSE,21326.3,3243,530
22139,RETRO SPOT TEA SET CERAMIC 11 PC,21301.04,4438,771
22502,PICNIC BASKET WICKER SMALL,21260.8,3772,927
85048,15CM CHRISTMAS GLASS BALL 20 LIGHTS,21201.13,2685,517
22083,PAPER CHAIN KIT RETRO SPOT,21151.79,7579,591
22570,FELTCRAFT CUSHION RABBIT,20901.1,5631,807
22424,ENAMEL BREAD BIN CREAM,20886.89,1531,741
23206,LUNCH BAG APPLE DESIGN,20852.579999999998,12147,1036
21218,RED SPOTTY BISCUIT TIN,20800.31,5256,897
22294,HEART FILIGREE DOVE SMALL,20629.38,16671,861
22617,BAKING SET SPACEBOY DESIGN,20546.99,4252,943
22693,GROW A FLYTRAP OR SUNFLOWER IN TIN,20469.08,17875,350
AMAZONFEE,AMAZON FEE,20467.8,3,3
20723,STRAWBERRY CHARLOTTE BAG,20401.05,18296,1379
22568,FELTCRAFT CUSHION OWL,20244.97,5479,875
85150,LADIES & GENTLEMEN METAL SIGN,20237.72,8361,1110
48188,DOORMAT WELCOME PUPPIES,20209.4,3414,428
22273,FELTCRAFT DOLL MOLLY,20150.99,7355,810
22569,FELTCRAFT CUSHION BUTTERFLY,20104.43,5521,784
21622,VINTAGE UNION JACK CUSHION COVER,19936.94,3699,626
22900,SET 2 TEA TOWELS I LOVE LONDON,19834.04,6156,723
22413,METAL SIGN TAKE IT OR LEAVE IT,19728.24,6976,881
21174,POTTERING IN THE SHED METAL SIGN,19593.809999999998,9696,1135
21936,RED RETROSPOT PICNIC BAG,19576.72,6680,935
22561,WOODEN SCHOOL COLOURING SET,19524.269999999997,11643,905
22558,CLOTHES PEGS RETROSPOT PACK 24,19513.17,13809,1202
22169,FAMILY ALBUM WHITE PICTURE FRAME,19507.6,2275,701
22384,LUNCH BAG PINK POLKADOT,19500.66,11751,1281
84946,ANTIQUE SILVER T-LIGHT GLASS,19381.62,14664,689
22427,ENAMEL FLOWER JUG CREAM,19273.280000000002,3217,804
22083,PAPER CHAIN KIT RETROSPOT,19261.030000000002,6137,810
21340,CLASSIC METAL BIRDCAGE PLANT HOLDER,19194.13,1758,419
21908,CHOCOLATE THIS WAY METAL SIGN,19125.980000000003,9678,974
22061,LARGE CAKE STAND HANGING STRAWBERY,19121.37,2171,520
84949,SILVER HANGING T-LIGHT HOLDER,19015.8,11945,693
84947,ANTIQUE SILVER TEA GLASS ENGRAVED,18744.170000000002,15810,680
22041,"RECORD FRAME 7"" SINGLE SIZE",18650.87,7540,555
71053,WHITE METAL LANTERN,18525.22,4700,701
22555,PLASTERS IN TIN STRONGMAN,18323.32,11321,956
21484,CHICK GREY HOT WATER BOTTLE,18171.14,4585,864
79323W,WHITE CHERRY LIGHTS,18048.72,3004,349
21430,SET/3 RED GINGHAM ROSE STORAGE BOX,18044.97,4621,814
22505,MEMO BOARD COTTAGE DESIGN,18034.63,3773,744
22147,FELTCRAFT BUTTERFLY HEARTS,17893.579999999998,12828,1132
22560,TRADITIONAL MODELLING CLAY,17861.71,14836,742
84945,MULTI COLOUR SILVER T-LIGHT HOLDER,17746.71,21605,653
21914,BLUE HARMONICA IN BOX,17725.36,12957,963
22297,HEART IVORY TRELLIS SMALL,17702.62,13715,969
22847,BREAD BIN DINER STYLE IVORY,17669.989999999998,1112,472
22633,HAND WARMER UNION JACK,17576.670000000002,8541,858
84467,ENGLISH ROSE DESIGN QUILTED THROW,17477.66,816,83
21136,PAINTED METAL PEARS ASSORTED,17451.45,10496,739
22557,PLASTERS IN TIN VINTAGE PAISLEY,17401.3,10369,1126
23203,JUMBO BAG DOILEY PATTERNS,17268.69,8893,514
84992,72 SWEETHEART FAIRY CAKE CASES,17259.85,34797,1460
21928,JUMBO BAG SCANDINAVIAN BLUE PAISLEY,17239.69,8411,662
84970L,SINGLE HEART ZINC T-LIGHT HOLDER,17177.04,17400,1080
21889,WOODEN BOX OF DOMINOES,17095.66,12806,1124
21527,RED RETROSPOT TRADITIONAL TEAPOT,17030.56,2337,570
22654,DELUXE SEWING KIT,16971.27,2534,597
21559,STRAWBERRY LUNCH BOX WITH CUTLERY,16891.44,6782,1041
22652,TRAVEL SEWING KIT,16794.05,9912,830
22952,60 CAKE CASES VINTAGE CHRISTMAS,16770.31,27970,1039
21164,HOME SWEET HOME METAL SIGN,16626.41,5981,721
22993,SET OF 4 PANTRY JELLY MOULDS,16478.48,12649,1073
72760B,VINTAGE CREAM 3 BASKET CAKE STAND,16409.02,1699,494
22487,WHITE WOOD GARDEN PLANT LADDER,16373.699999999999,1632,898
21843,RETRO SPOT CAKE STAND,16354.009999999998,1493,340
23301,GARDENERS KNEELING PAD KEEP CALM,16327.349999999999,8807,913
22662,LUNCH BAG DOLLY GIRL DESIGN,16213.61,9951,994
48173C,DOORMAT BLACK FLOCK,16032.710000000001,2844,320
22296,HEART IVORY TRELLIS LARGE,16027.559999999998,9719,833
22692,DOORMAT WELCOME TO OUR HOME,15965.95,2143,612
21877,HOME SWEET HOME MUG,15954.75,14054,755
22634,CHILDS BREAKFAST SET SPACEBOY,15946.55,1688,499
20685,DOOR MAT RED SPOT,15889.75,2487,413
35004C,SET OF 3 COLOURED FLYING DUCKS,15874.38,3035,355
22759,SET OF 3 NOTEBOOKS IN PARCEL,15866.56,9380,795
22837,HOT WATER BOTTLE BABUSHKA,15837.18,3398,436
22690,DOORMAT HOME SWEET HOME BLUE,15836.35,2538,439
23313,VINTAGE CHRISTMAS BUNTING,15798.66,2990,401
22635,CHILDS BREAKFAST SET DOLLY GIRL,15795.01,1660,485
84997D,PINK 3 PIECE MINI DOTS CUTLERY SET,15759.53,4353,447
84375,SET OF 20 KIDS COOKIE CUTTERS,15753.18,7576,797
22632,HAND WARMER RED RETROSPOT,15664.130000000001,7698,733
22193,RED DINER WALL CLOCK,15658.98,1850,616
22170,PICTURE FRAME WOOD TRIPLE PORTRAIT,15645.27,2385,575
22619,SET OF 6 SOLDIER SKITTLES,15620.09,4091,712
21891,TRADITIONAL WOODEN SKIPPING ROPE,15547.75,12147,838
48111,DOORMAT 3 SMILEY CATS,15437.73,2420,437
22173,METAL 4 HOOK HANGER FRENCH CHATEAU,15411.9,5026,997
85014B,RED/WHITE DOTS RUFFLED UMBRELLA,15400.28,3456,416
84378,SET OF 3 HEART COOKIE CUTTERS,15388.44,11637,1248
85014B,RED RETROSPOT UMBRELLA,15376.300000000001,2699,484
22749,FELTCRAFT PRINCESS CHARLOTTE DOLL,15354.35,3759,685
21094,SET/6 RED SPOTTY PAPER PLATES,15334.029999999999,19633,984
84997B,RED 3 PIECE MINI DOTS CUTLERY SET,15324.35,4205,493
22940,FELTCRAFT CHRISTMAS FAIRY,15282.81,3491,586
22909,SET OF 20 VINTAGE CHRISTMAS NAPKINS,15275.82,17144,1086
21975,PACK OF 60 DINOSAUR CAKE CASES,15236.619999999999,31332,1303
21165,BEWARE OF THE CAT METAL SIGN,15167.38,9360,966
21217,RED RETROSPOT ROUND CAKE TINS,15123.2,1420,465
20750,RED RETROSPOT MINI CASES,15118.47,2066,508
82582,AREA PATROLLED METAL SIGN,15110.980000000001,7479,796
35970,ZINC FOLKART SLEIGH BELLS,15072.58,8375,692
22946,WOODEN ADVENT CALENDAR CREAM,15060.57,976,275
22606,WOODEN SKITTLES GARDEN SET,14881.94,1069,374
22730,ALARM CLOCK BAKELIKE IVORY,14867.27,3702,746
21770,OPEN CLOSED METAL SIGN,14807.300000000001,2991,651
17003,BROCADE RING PURSE,14766.42,70379,457
22485,SET OF 2 WOODEN MARKET CRATES,14677.84,1101,419
21912,VINTAGE SNAKES & LADDERS,14651.33,3736,830
21217,RED SPOTTY ROUND CAKE TINS,14646.039999999999,1484,463
21380,WOODEN HAPPY BIRTHDAY GARLAND,14593.320000000002,5031,651
84050,PINK HEART SHAPE EGG FRYING PAN,14525.0,9853,715
84997D,CHILDRENS CUTLERY POLKADOT PINK,14493.640000000001,3666,358
22150,3 STRIPEY MICE FELTCRAFT,14486.55,7815,938
84997C,BLUE 3 PIECE MINI DOTS CUTLERY SET,14438.97,3970,476
21672,WHITE SPOT RED CERAMIC DRAWER KNOB,14411.13,11120,815
22384,LUNCH BAG PINK RETROSPOT,14391.72,8916,812
22352,LUNCH BOX WITH CUTLERY RETROSPOT,14348.82,5679,887
20748,KENSINGTON COFFEE SET,14266.98,1600,183
21169,YOU'RE CONFUSING ME METAL SIGN,14262.61,8856,772
21955,DOORMAT UNION JACK GUNS AND ROSES,14236.9,2349,401
23200,JUMBO BAG PEARS,14188.960000000001,7067,595
84380,SET OF 3 BUTTERFLY COOKIE CUTTERS,14076.34,10405,1114
22627,MINT KITCHEN SCALES,14016.8,1609,660
35400,WOODEN BOX ADVENT CALENDAR,13999.1,1435,419
23343,JUMBO BAG VINTAGE CHRISTMAS,13972.710000000001,6078,476
21257,VICTORIAN SEWING BOX MEDIUM,13968.48,1549,532
22236,CAKE STAND 3 TIER MAGIC GARDEN,13965.519999999999,1127,421
22271,FELTCRAFT DOLL ROSIE,13921.730000000001,4866,787
21668,RED STRIPE CERAMIC DRAWER KNOB,13912.17,10357,825
22366,DOORMAT AIRMAIL,13875.59,2089,433
22295,HEART FILIGREE DOVE LARGE,13873.539999999999,8411,706
21888,BINGO SET,13862.17,3525,828
22444,GROW YOUR OWN PLANT IN A CAN,13856.6,10135,456
21259,VICTORIAN SEWING BOX SMALL,13843.92,2293,655
21669,BLUE STRIPE CERAMIC DRAWER KNOB,13839.18,10578,805
79323P,PINK CHERRY LIGHTS,13787.93,2281,265
22621,TRADITIONAL KNITTING NANCY,13784.32,8726,875
22776,SWEETHEART CAKESTAND 3 TIER,13753.38,1378,526
22109,FULL ENGLISH BREAKFAST PLATE,13750.11,3339,643
23077,DOUGHNUT LIP GLOSS,13695.77,10395,344
47556B,TEA TIME TEA TOWELS,13691.02,5201,449
22191,IVORY DINER WALL CLOCK,13689.85,1659,500
21871,SAVE THE PLANET MUG,13654.89,11492,779
48116,DOORMAT MULTICOLOUR STRIPE,13634.35,2351,258
21390,FILIGRIS HEART WITH BUTTERFLY,13552.97,10937,588
22636,CHILDS BREAKFAST SET CIRCUS PARADE,13437.03,1619,489
C2,CARRIAGE,13426.0,268,267
23356,LOVE HOT WATER BOTTLE,13334.32,2359,476
23207,LUNCH BAG ALPHABET DESIGN,13325.55,7830,740
22207,FRYING PAN UNION FLAG,13298.57,3103,480
23108,SET OF 10 LED DOLLY LIGHTS,13290.519999999999,2219,372
21673,WHITE SPOT BLUE CERAMIC DRAWER KNOB,13272.39,10051,763
23328,SET 6 SCHOOL MILK BOTTLES IN CRATE,13269.49,2841,405
21098,CHRISTMAS TOILET ROLL,13263.93,8537,596
21704,BAG 250G SWIRLY MARBLES,13235.16,17175,568
21080,SET/20 RED RETROSPOT PAPER NAPKINS,13231.539999999999,15390,1181
22846,BREAD BIN DINER STYLE RED,13213.97,823,344
15044A,PINK PAPER PARASOL,13210.85,4964,250
48187,DOOR MAT NEW ENGLAND,13201.61,2023,464
22356,CHARLOTTE BAG PINK POLKADOT,13172.0,11222,907
75049L,LARGE CIRCULAR MIRROR MOBILE,13153.8,13968,344
22580,ADVENT CALENDAR GINGHAM SACK,13141.08,2326,496
21935,SUKI SHOULDER BAG,13103.21,7127,921
22088,PAPER BUNTING COLOURED LACE,13076.880000000001,4399,619
22553,PLASTERS IN TIN SKULLS,13013.149999999998,7818,1091
22464,HANGING METAL HEART LANTERN,12985.31,7853,787
48129,DOORMAT TOPIARY,12927.53,2087,337
84988,SET OF 72 PINK HEART PAPER DOILIES,12913.24,8305,1019
21906,PHARMACIE FIRST AID TIN,12879.460000000001,1786,424
22766,PHOTO FRAME CORNICE,12864.25,4367,640
22655,VINTAGE RED KITCHEN CABINET,12845.0,76,53
22838,3 TIER CAKE TIN RED AND CREAM,12837.46,894,263
21216,"SET 3 RETROSPOT TEA,COFFEE,SUGAR",12764.91,2384,498
22584,PACK OF 6 PANNETONE GIFT BOXES,12739.15,4989,571
22947,WOODEN ADVENT CALENDAR RED,12704.15,1011,209
22303,COFFEE MUG APPLES DESIGN,12701.630000000001,5439,540
22646,CERAMIC STRAWBERRY CAKE MONEY BANK,12654.71,8918,883
22365,DOORMAT RESPECTABLE HOUSE,12524.1,1953,323
22616,PACK OF 12 LONDON TISSUES,12460.16,39351,826
21535,RED RETROSPOT SMALL MILK JUG,12456.39,5058,815
62018,SOMBRERO,12450.85,9567,127
22623,BOX OF VINTAGE JIGSAW BLOCKS,12432.28,2313,542
22804,CANDLEHOLDER PINK HANGING HEART,12411.640000000001,4381,594
22144,CHRISTMAS CRAFT LITTLE FRIENDS,12382.47,5134,704
85014A,BLACK/BLUE DOTS RUFFLED UMBRELLA,12363.970000000001,2967,302
23174,REGENCY SUGAR BOWL GREEN,12342.43,3055,322
21671,RED SPOT CERAMIC DRAWER KNOB,12339.32,9488,727
21156,RETROSPOT CHILDRENS APRON,12324.05,6631,634
22631,CIRCUS PARADE LUNCH BOX,12239.9,6274,663
85042,ANTIQUE LILY FAIRY LIGHTS,12234.56,2694,293
15056P,EDWARDIAN PARASOL PINK,12228.92,2473,344
22082,RIBBON REEL STRIPES DESIGN,12192.05,7267,957
21080,SET/20 RED SPOTTY PAPER NAPKINS,12185.39,15688,942
22301,COFFEE MUG CAT + BIRD DESIGN,12124.78,5012,646
22192,BLUE DINER WALL CLOCK,12104.8,1426,543
21670,BLUE SPOT CERAMIC DRAWER KNOB,12074.4,8847,768
20969,RED FLORAL FELTCRAFT SHOULDER BAG,12066.52,3237,613
21937,STRAWBERRY PICNIC BAG,12038.82,4100,657
84212,"ASSORTED FLOWER COLOUR ""LEIS""",11961.49,24794,277
84987,SET OF 36 TEATIME PAPER DOILIES,11864.15,8138,812
22729,ALARM CLOCK BAKELIKE ORANGE,11864.0,2999,612
22488,NATURAL SLATE RECTANGLE CHALKBOARD,11788.06,6905,808
23300,GARDENERS KNEELING PAD CUP OF TEA,11785.99,6809,758
21428,SET3 BOOK BOX GREEN GINGHAM FLOWER,11762.93,2883,465
20750,RED/WHITE DOT MINI CASES,11748.16,1622,401
22791,T-LIGHT GLASS FLUTED ANTIQUE,11728.69,9458,434
22750,FELTCRAFT PRINCESS LOLA DOLL,11697.6,3125,647
22943,CHRISTMAS LIGHTS 10 VINTAGE BAUBLES,11696.64,2381,356
47567B,TEA TIME KITCHEN APRON,11683.27,2166,348
21485,RED SPOT HEART HOT WATER BOTTLE,11670.66,2425,455
22151,PLACE SETTING WHITE HEART,11609.19,27562,716
21326,AGED GLASS SILVER T-LIGHT HOLDER,11593.86,17770,643
23581,JUMBO BAG PAISLEY PARK,11581.83,5020,338
21260,FIRST AID TIN,11564.43,3512,534
22508,DOORSTOP RETROSPOT HEART,11561.95,2880,697
22468,BABUSHKA LIGHTS STRING OF 10,11542.6,1736,413
48185,DOOR MAT FAIRY CAKE,11532.31,1729,387
22637,PIGGY BANK RETROSPOT,11492.82,4480,599
22663,JUMBO BAG DOLLY GIRL DESIGN,11465.29,5764,688
22649,STRAWBERRY FAIRY CAKE TEAPOT,11462.58,2292,487
21172,PARTY METAL SIGN,11382.16,7686,972
22367,CHILDRENS APRON SPACEBOY DESIGN,11365.8,5738,849
21429,RED GINGHAM ROSE JEWELLERY BOX,11342.25,6359,997
22988,SOLDIERS EGG CUP,11238.45,9363,446
22844,VINTAGE CREAM DOG FOOD CONTAINER,11199.64,1181,489
21922,UNION STRIPE WITH FRINGE HAMMOCK,11199.18,1445,390
72351B,SET/6 PINK BUTTERFLY T-LIGHTS,11184.890000000001,5785,499
22968,ROSE COTTAGE KEEPSAKE BOX,11184.82,1127,306
47599A,PINK PARTY BAGS,11180.57,5967,369
22795,SWEETHEART RECIPE BOOK STAND,11175.81,1597,498
21868,POTTING SHED TEA MUG,11163.64,9075,881
22417,PACK OF 60 SPACEBOY CAKE CASES,11159.9,21451,1103
21735,TWO DOOR CURIO CABINET,11112.85,853,262
47591D,PINK FAIRY CAKE CHILDRENS APRON,11103.119999999999,5952,751
23170,REGENCY TEA PLATE ROSES,11097.249999999998,6857,445
22620,4 TRADITIONAL SPINNING TOPS,11073.449999999999,8182,842
22834,HAND WARMER BABUSHKA DESIGN,11072.83,6792,592
22768,FAMILY PHOTO FRAME CORNICE,11064.72,1158,354
22198,LARGE POPCORN HOLDER,11063.4,6323,554
B,ADJUST BAD DEBT,11062.06,1,1
21155,RED RETROSPOT PEG BAG,11060.2,4003,605
22130,PARTY CONE CHRISTMAS DECORATION,10991.21,9737,424
21844,RED RETROSPOT MUG,10986.43,3893,340
22694,WICKER STAR,10958.6,4893,858
21210,SET OF 72 RETRO SPOT PAPER DOILIES,10949.4,7671,554
20828,GLITTER BUTTERFLY CLIPS,10940.48,4423,607
22668,PINK BABY BUNTING,10898.05,3587,579
22667,RECIPE BOX RETROSPOT,10891.7,3886,670
21907,I'M ON HOLIDAY METAL SIGN,10866.220000000001,5163,771
22950,36 DOILIES VINTAGE CHRISTMAS,10823.97,7851,342
37370,RETRO COFFEE MUGS ASSORTED,10821.29,7145,492
23209,LUNCH BAG VINTAGE DOILY,10797.0,6548,601
21086,SET/6 RED SPOTTY PAPER CUPS,10781.81,16658,843
21210,SET OF 72 RETROSPOT PAPER DOILIES,10777.789999999999,7447,607
22274,FELTCRAFT DOLL EMILY,10770.070000000002,3773,656
22904,CALENDAR PAPER CUT DESIGN,10755.050000000001,3467,463
21035,SET/2 RED RETROSPOT TEA TOWELS,10684.21,3335,503
21833,CAMOUFLAGE LED TORCH,10681.67,6239,444
21624,VINTAGE UNION JACK DOORSTOP,10641.15,1771,403
21974,SET OF 36 PAISLEY FLOWER DOILIES,10622.15,7046,808
22064,PINK DOUGHNUT TRINKET POT,10592.66,6607,694
21524,DOOR MAT SPOTTY HOME SWEET HOME,10563.06,1773,287
48111,DOOR MAT 3 SMILEY CATS,10532.27,1830,285
22179,SET 10 LIGHTS NIGHT OWL,10509.880000000001,1518,396
23209,LUNCH BAG DOILEY PATTERN,10502.19,6551,492
22302,COFFEE MUG PEARS DESIGN,10492.45,4926,396
22812,PACK 3 BOXES CHRISTMAS PANNETONE,10485.949999999999,4803,438
21121,SET/10 RED POLKADOT PARTY CANDLES,10451.93,8654,485
21890,S/6 WOODEN SKITTLES IN COTTON BAG,10451.6,3490,548
23208,LUNCH BAG VINTAGE LEAF DESIGN,10441.91,6308,668
22418,10 COLOUR SPACEBOY PEN,10397.33,12290,585
21982,PACK OF 12 SUKI TISSUES,10395.88,32086,718
22174,PHOTO CUBE,10374.33,5122,557
22992,REVOLVER WOODEN RULER,10373.99,5233,348
22725,ALARM CLOCK BAKELIKE CHOCOLATE,10324.92,2518,549
84997B,CHILDRENS CUTLERY RETROSPOT RED,10316.86,2634,262
22120,WELCOME WOODEN BLOCK LETTERS,10314.19,1018,367
22089,PAPER BUNTING VINTAGE PAISLEY,10303.35,3530,553
48194,DOOR MAT HEARTS,10298.44,1709,318
22740,POLKADOT PEN,10293.71,12049,275
20724,RED SPOTTY CHARLOTTE BAG,10231.44,11536,781
22380,TOY TIDY SPACEBOY,10217.66,4966,690
23582,VINTAGE DOILY JUMBO BAG RED,10206.41,4802,259
22748,POPPY'S PLAYHOUSE KITCHEN,10161.4,4142,742
21892,TRADITIONAL WOODEN CATCH CUP GAME,10151.28,7826,818
84997C,CHILDRENS CUTLERY POLKADOT BLUE,10150.76,2582,233
22970,LONDON BUS COFFEE MUG,10140.6,4334,317
21033,JUMBO BAG CHARLIE AND LOLA TOYS,10132.11,4590,573
22966,GINGERBREAD MAN COOKIE CUTTER,10131.26,8219,732
21781,MA CAMPAGNE CUTLERY BOX,10125.72,655,363
84792,ENCHANTED BIRD COATHANGER 5 HOOK,10119.51,2297,519
22771,CLEAR DRAWER KNOB ACRYLIC EDWARDIAN,10117.08,7465,511
22381,TOY TIDY PINK POLKADOT,10090.01,4712,589
23171,REGENCY TEA PLATE GREEN,10051.99,6247,381
21558,SKULL LUNCH BOX WITH CUTLERY,10014.54,3909,703
21756,BATH BUILDING BLOCK WORD,9944.65,1612,581
22327,ROUND SNACK BOXES SET OF 4 SKULLS,9943.550000000001,3074,651
23076,ICE CREAM SUNDAE LIP GLOSS,9935.76,8076,277
22131,FOOD CONTAINER SET 3 LOVE HEART,9914.89,5243,692
84880,WHITE WIRE EGG HOLDER,9894.99,1729,375
22300,COFFEE MUG DOG + BALL DESIGN,9891.4,4117,527
85232B,SET/3 RUSSIAN DOLL STACKING TINS,9867.14,1968,371
22429,ENAMEL MEASURING JUG CREAM,9844.039999999999,2288,628
20829,GLITTER HANGING BUTTERFLY STRING,9825.02,4820,481
48184,DOOR MAT ENGLISH ROSE,9816.33,1482,326
21488,RED WHITE SCARF HOT WATER BOTTLE,9784.58,2384,359
22645,CERAMIC HEART FAIRY CAKE MONEY BANK,9765.529999999999,5441,737
22745,POPPY'S PLAYHOUSE BEDROOM,9764.64,3976,703
79000,MOROCCAN TEA GLASS,9759.91,11973,436
23240,SET OF 4 KNICK KNACK TINS DOILY,9726.48,2352,353
22549,PICTURE DOMINOES,9718.41,6521,711
47570B,TEA TIME TABLE CLOTH,9622.27,973,224
84997D,PINK 3 PIECE POLKADOT CUTLERY SET,9621.970000000001,2634,280
22840,ROUND CAKE TIN VINTAGE RED,9602.6,1264,392
22665,RECIPE BOX BLUE SKETCHBOOK DESIGN,9589.84,2964,709
23175,REGENCY MILK JUG PINK,9587.15,3160,329
22978,PANTRY ROLLING PIN,9564.98,2464,238
85099B,RED RETROSPOT JUMBO BAG,9563.89,5417,210
22381,TOY TIDY PINK RETROSPOT,9529.53,4553,511
82552,WASHROOM METAL SIGN,9527.16,6955,794
35961,FOLKART ZINC HEART CHRISTMAS DEC,9514.78,11430,637
16014,SMALL CHINESE STYLE SCISSOR,9513.1,29355,93
22767,TRIPLE PHOTO FRAME CORNICE,9478.23,1004,295
22942,CHRISTMAS LIGHTS 10 SANTAS,9466.41,1221,246
82001S,VINYL RECORD FRAME SILVER,9463.64,2639,204
85014A,BLACK/BLUE POLKADOT UMBRELLA,9433.61,1656,382
21539,RED RETROSPOT BUTTER DISH,9408.77,1861,539
21716,BOYS VINTAGE TIN SEASIDE BUCKET,9397.07,3709,496
20970,PINK FLORAL FELTCRAFT SHOULDER BAG,9387.29,2490,574
21385,IVORY HANGING DECORATION HEART,9358.94,10832,690
22357,KINGS CHOICE BISCUIT TIN,9352.41,2089,467
84692,BOX OF 24 COCKTAIL PARASOLS,9336.68,19110,1129
22656,VINTAGE BLUE KITCHEN CABINET,9290.0,45,37
21658,GLASS BEURRE DISH,9271.89,2225,519
22219,LOVEBIRD HANGING DECORATION WHITE,9270.48,9771,1149
20747,PICCADILLY TEA SET,9224.92,683,108
23319,BOX OF 6 MINI 50'S CRACKERS,9219.53,3720,403
21745,GAOLERS KEYS DECORATIVE GARDEN,9201.49,2699,486
22741,FUNKY DIVA PEN,9173.029999999999,10652,292
22121,NOEL WOODEN BLOCK LETTERS,9167.61,1482,439
23318,BOX OF 6 MINI VINTAGE CRACKERS,9162.41,3809,376
23080,RED METAL BOX TOP SECRET,9117.62,1074,257
21933,PINK VINTAGE PAISLEY PICNIC BAG,9087.63,4116,625
21777,RECIPE BOX WITH METAL HEART,9075.51,1126,367
84030E,ENGLISH ROSE HOT WATER BOTTLE,9042.15,2122,485
22195,LARGE HEART MEASURING SPOONS,9005.64,5043,806
22989,SET 2 PANTRY DESIGN TEA TOWELS,8999.27,2811,372
21715,GIRLS VINTAGE TIN SEASIDE BUCKET,8987.24,3553,487
21985,PACK OF 12 HEARTS DESIGN TISSUES,8972.11,25523,919
22371,AIRLINE BAG VINTAGE TOKYO 78,8936.8,1840,690
22141,CHRISTMAS CRAFT TREE TOP ANGEL,8895.210000000001,3663,572
23322,LARGE WHITE HEART OF WICKER,8878.210000000001,3069,562
22333,RETROSPOT PARTY BAG + STICKER SET,8857.32,5648,409
23439,HAND WARMER RED LOVE HEART,8855.51,3986,397
84997B,RED 3 PIECE RETROSPOT CUTLERY SET,8846.86,2418,264
22215,CAKE STAND WHITE TWO TIER LACE,8809.93,1085,359
22839,3 TIER CAKE TIN GREEN AND CREAM,8794.42,566,256
20718,RED SPOTTY SHOPPER BAG,8763.09,7058,517
84839,SWEETHEART KEY CABINET,8747.05,1523,393
20718,RED RETROSPOT SHOPPER BAG,8694.26,6295,696
20974,12 PENCILS SMALL TUBE SKULL,8686.54,13267,823
22895,SET OF 2 TEA TOWELS APPLE AND PEARS,8648.49,2847,411
22212,FOUR HOOK WHITE LOVEBIRDS,8642.300000000001,4024,828
84032A,CHARLIE+LOLA PINK HOT WATER BOTTLE,8624.1,3234,662
21381,MINI WOODEN HAPPY BIRTHDAY GARLAND,8568.0,5104,532
21135,VICTORIAN METAL POSTCARD SPRING,8567.24,5985,405
22110,BIRD HOUSE HOT WATER BOTTLE,8563.76,2609,512
23082,SET 6 PAPER TABLE LANTERN HEARTS,8558.76,2328,297
23078,ICE CREAM PEN LIP GLOSS,8553.34,6831,257
22283,6 EGG HOUSE PAINTED WOOD,8533.09,1032,382
21186,WHITE DOVE HONEYCOMB PAPER GARLAND,8532.17,5272,369
23256,CHILDRENS CUTLERY SPACEBOY,8517.67,2077,360
21932,SCANDINAVIAN PAISLEY PICNIC BAG,8498.61,3871,649
23493,VINTAGE DOILY TRAVEL SEWING KIT,8497.98,3964,415
72807C,SET/3 VANILLA SCENTED CANDLE IN BOX,8489.17,1983,345
79323LP,LIGHT PINK CHERRY LIGHTS,8481.19,1433,170
22079,RIBBON REEL HEARTS DESIGN,8457.84,5028,684
85049E,SCANDINAVIAN REDS RIBBONS,8453.47,6316,830
22078,RIBBON REEL LACE DESIGN,8449.94,3984,480
22751,FELTCRAFT PRINCESS OLIVIA DOLL,8445.97,2264,466
23321,SMALL WHITE HEART OF WICKER,8438.539999999999,4716,629
48188,DOOR MAT WELCOME PUPPIES,8429.7,1459,271
21533,RETRO SPOT LARGE MILK JUG,8420.28,1701,519
22358,KINGS CHOICE TEA CADDY,8393.61,2651,605
51008,AFGHAN SLIPPER SOCK PAIR,8378.8,2604,80
22329,ROUND CONTAINER SET OF 5 RETROSPOT,8371.05,5123,607
22628,PICNIC BOXES SET OF 3 RETROSPOT,8367.8,1744,350
22689,DOORMAT MERRY CHRISTMAS RED,8366.72,1095,265
21411,GINGHAM HEART DOORSTOP RED,8352.94,2090,624
21787,RAIN PONCHO RETROSPOT,8333.11,10408,308
21934,SKULL SHOULDER BAG,8275.22,4597,725
21523,DOOR MAT FANCY FONT HOME SWEET HOME,8238.8,1194,248
21874,GIN AND TONIC MUG,8209.17,6332,617
85067,CREAM SWEETHEART WALL CABINET,8201.99,496,175
21533,RETROSPOT LARGE MILK JUG,8194.59,1656,438
22055,MINI CAKE STAND HANGING STRAWBERY,8179.19,4930,724
84997C,BLUE 3 PIECE POLKADOT CUTLERY SET,8150.63,2246,242
85049A,TRADITIONAL CHRISTMAS RIBBONS,8114.78,6151,667
82551,LAUNDRY 15C METAL SIGN,8081.139999999999,5641,751
22796,PHOTO FRAME 3 CLASSIC HANGING,8020.45,806,316
22738,RIBBON REEL SNOWY VILLAGE,8012.57,4447,498
21121,SET/10 RED SPOTTY PARTY CANDLES,7990.77,6561,388
22504,CABIN BAG VINTAGE RETROSPOT,7985.03,366,115
21122,SET/10 PINK POLKADOT PARTY CANDLES,7962.62,6543,420
21035,SET/2 RED SPOTTY TEA TOWELS,7960.570000000001,2659,426
22592,CARDHOLDER HOLLY WREATH METAL,7956.84,1980,304
21115,ROSE CARAVAN DOORSTOP,7955.84,1247,431
21769,VINTAGE POST OFFICE CABINET,7954.87,123,48
21527,RETRO SPOT TRADITIONAL TEAPOT,7937.910000000001,1008,261
21154,RED RETROSPOT OVEN GLOVE,7916.58,5279,564
21116,OWL DOORSTOP,7900.01,1382,548
21875,KINGS CHOICE MUG,7882.08,6818,414
22466,FAIRY TALE COTTAGE NIGHTLIGHT,7877.839999999999,4336,279
22275,WEEKEND BAG VINTAGE ROSE PAISLEY,7875.33,946,313
22890,NOVELTY BISCUITS CAKE STAND 3 TIER,7821.96,800,260
21976,PACK OF 60 MUSHROOM CAKE CASES,7792.37,14570,950
21531,RED RETROSPOT SUGAR JAM BOWL,7791.88,3158,583
84568,GIRLS ALPHABET IRON ON PATCHES,7788.67,37066,310
23238,SET OF 4 KNICK KNACK TINS LONDON,7771.61,1849,274
20717,STRAWBERRY SHOPPER BAG,7767.48,6296,757
20685,DOORMAT RED SPOT,7765.42,1087,206
23204,CHARLOTTE BAG APPLES DESIGN,7741.94,7976,583
23007,SPACEBOY BABY GIFT SET,7741.749999999999,498,184
21110,LARGE CAKE TOWEL PINK SPOTS,7729.37,1640,329
22784,LANTERN CREAM GAZEBO,7727.14,1551,369
84032B,CHARLIE + LOLA RED HOT WATER BOTTLE,7699.25,3285,601
22165,"DIAMANTE HEART SHAPED WALL MIRROR,",7673.7300000000005,976,272
22550,HOLIDAY FUN LUDO,7669.64,2061,428
22809,SET OF 6 T-LIGHTS SANTA,7664.720000000001,2568,379
21870,I CAN ONLY PLEASE ONE PERSON MUG,7627.49,6083,630
22528,GARDENERS KNEELING PAD,7623.41,5824,554
22669,RED BABY BUNTING,7613.9400000000005,2386,438
22493,PAINT YOUR OWN CANVAS SET,7608.119999999999,4738,418
22991,GIRAFFE WOODEN RULER,7604.889999999999,3887,274
20685,RED SPOTTY COIR DOORMAT,7563.34,1174,208
22588,CARD HOLDER GINGHAM HEART,7559.94,2747,481
22489,PACK OF 12 TRADITIONAL CRAYONS,7548.67,17926,786
22349,DOG BOWL CHASING BALL DESIGN,7537.37,1821,232
22360,GLASS JAR ENGLISH CONFECTIONERY,7529.6,2507,429
22224,WHITE LOVEBIRD LANTERN,7527.9400000000005,2373,401
85065,CREAM SWEETHEART TRAYS,7524.44,620,256
85064,CREAM SWEETHEART LETTER RACK,7493.06,1596,280
21463,MIRRORED DISCO BALL,7484.81,1349,302
82580,BATHROOM METAL SIGN,7458.52,13249,1336
20676,RED RETROSPOT BOWL,7445.51,5846,544
11001,ASSTD DESIGN RACING CAR PEN,7408.65,4829,251
21216,"SET 3 RED SPOT TIN TEA,COFFEE,SUGAR",7404.09,1500,304
72351A,SET/6 TURQUOISE BUTTERFLY T-LIGHTS,7368.68,3728,399
22945,CHRISTMAS METAL TAGS ASSORTED,7365.7,7641,338
21737,SET 3 WICKER LOG BASKETS,7362.66,398,164
21361,LOVE LARGE WOOD LETTERS,7361.74,556,286
23382,BOX OF 6 CHRISTMAS CAKE DECORATIONS,7356.18,1875,220
21876,POTTERING MUG,7351.25,5663,623
22798,ANTIQUE GLASS DRESSING TABLE POT,7336.09,2367,356
21114,LAVENDER SCENTED FABRIC HEART,7306.14,5666,494
22282,12 EGG HOUSE PAINTED WOOD,7304.69,561,216
22465,HANGING METAL STAR LANTERN,7284.24,4522,464
22907,PACK OF 20 NAPKINS PANTRY DESIGN,7279.03,8686,829
23240,SET OF 4 KNICK KNACK TINS DOILEY,7273.69,1825,183
23083,SET 6 PAPER TABLE LANTERN STARS,7250.900000000001,1932,246
22813,PACK 3 BOXES BIRD PANNETONE,7211.99,3741,342
85174,S/4 CACTI CANDLES,7193.46,1459,357
22626,BLACK KITCHEN SCALES,7167.4800000000005,843,343
21981,PACK OF 12 WOODLAND TISSUES,7129.46,26204,553
22577,WOODEN HEART CHRISTMAS SCANDINAVIAN,7123.929999999999,13987,831
48173C,DOOR MAT BLACK FLOCK,7100.21,1234,181
48116,DOOR MAT MULTICOLOUR STRIPE,7078.28,1102,239
22644,CERAMIC CHERRY CAKE MONEY BANK,7069.88,4858,611
22781,GUMBALL MAGAZINE RACK,7060.58,867,307
23320,GIANT 50'S CHRISTMAS CRACKER,7053.57,2661,333
23215,JINGLE BELL HEART ANTIQUE SILVER,7038.400000000001,3564,210
21625,VINTAGE UNION JACK APRON,7037.62,984,334
21700,BIG DOUGHNUT FRIDGE MAGNETS,7028.51,6335,525
21984,PACK OF 12 PINK PAISLEY TISSUES,7023.95,25351,432
37450,CERAMIC CAKE BOWL + HANGING CAKES,7023.14,2444,391
23293,SET OF 12 FAIRY CAKE BAKING CASES,6989.54,8471,552
22618,COOKING SET RETROSPOT,6984.349999999999,718,242
21497,FANCY FONTS BIRTHDAY WRAP,6978.0,17500,485
22567,20 DOLLY PEGS RETROSPOT,6955.83,5561,506
22243,5 HOOK HANGER RED MAGIC TOADSTOOL,6951.45,4526,213
84997A,GREEN 3 PIECE MINI DOTS CUTLERY SET,6948.650000000001,1918,238
10002,INFLATABLE POLITICAL GLOBE,6942.26,8671,362
22498,WOODEN REGATTA BUNTING,6933.740000000001,1147,382
22029,SPACEBOY BIRTHDAY CARD,6931.64,16779,1034
22563,HAPPY STENCIL CRAFT,6923.85,5942,533
22377,BOTTLE BAG RETROSPOT,6920.11,3618,435
21903,MAN FLU METAL SIGN,6908.870000000001,3436,407
22938,CUPCAKE LACE PAPER SET 6,6891.249999999999,3687,273
22220,CAKE STAND LOVEBIRD 2 TIER WHITE,6885.44,745,270
22085,PAPER CHAIN KIT SKULLS,6883.87,2538,230
21122,SET/10 PINK SPOTTY PARTY CANDLES,6882.16,5666,387
21563,RED HEART SHAPE LOVE BUCKET,6875.71,2786,362
85220,SMALL FAIRY CAKE FRIDGE MAGNETS,6875.0,12236,5
84997A,CHILDRENS CUTLERY POLKADOT GREEN,6864.42,1728,186
47502,POLKADOT CUTLERY 24 PCS IN TRAY,6855.75,640,79
37448,CERAMIC CAKE DESIGN SPOTTED MUG,6827.21,4549,528
22378,WALL TIDY RETROSPOT,6826.51,3749,546
22187,GREEN CHRISTMAS TREE CARD HOLDER,6820.7,2104,364
35004B,SET OF 3 BLACK FLYING DUCKS,6809.65,1474,275
23297,SET 40 HEART SHAPE PETIT FOUR CASES,6792.23,4303,161
21989,PACK OF 20 SKULL PAPER NAPKINS,6790.7,8552,654
37500,TEA TIME TEAPOT IN GIFT BOX,6787.46,881,263
20973,12 PENCIL SMALL TUBE WOODLAND,6773.95,9863,658
22431,WATERING CAN BLUE ELEPHANT,6771.5199999999995,3375,627
23541,WALL ART CLASSIC PUDDINGS,6762.71,864,150
22430,ENAMEL WATERING CAN CREAM,6761.38,1406,362
21768,WALL MOUNTED VINTAGE ORGANISER,6756.09,497,163
22311,OFFICE MUG WARMER BLACK+SILVER,6755.56,2116,300
23254,CHILDRENS CUTLERY DOLLY GIRL,6753.71,1667,291
21992,VINTAGE PAISLEY STATIONERY SET,6744.8,3320,656
22354,RETROSPOT PADDED SEAT CUSHION,6735.63,1753,224
22810,SET OF 6 T-LIGHTS SNOWMEN,6729.130000000001,2199,328
23008,DOLLY GIRL BABY GIFT SET,6719.61,433,133
23480,MINI LIGHTS WOODLAND MUSHROOMS,6719.14,1799,215
22221,CAKE STAND LOVEBIRD 2 TIER PINK,6702.33,905,156
22575,METAL MERRY CHRISTMAS WREATH,6699.71,3113,330
22746,POPPY'S PLAYHOUSE LIVINGROOM,6699.25,2910,564
22526,WHEELBARROW FOR CHILDREN,6689.67,546,209
48129,DOOR MAT TOPIARY,6681.38,1043,207
23247,BISCUIT TIN 50'S CHRISTMAS,6681.25,2194,309
85014D,PINK/BROWN DOTS RUFFLED UMBRELLA,6664.45,1918,90
85047,WHITE BEADED GARLAND STRING 20LIGHT,6664.329999999999,1051,236
47599B,BLUE PARTY BAGS,6662.54,3492,286
85068,CREAM SWEETHEART SHELF + HOOKS,6647.24,960,197
22432,WATERING CAN PINK BUNNY,6636.82,3489,515
22779,WOODEN OWLS LIGHT GARLAND,6631.35,1735,193
21107,CREAM SLICE FLANNEL PINK SPOT,6624.77,2302,313
22661,CHARLOTTE BAG DOLLY GIRL DESIGN,6620.45,8199,631
85175,CACTI T-LIGHT CANDLES,6606.26,15566,442
20975,12 PENCILS SMALL TUBE RED RETROSPOT,6570.68,9880,535
ADJUST,ADJUSTMENT BY JOHN ON 26/01/2010 17,6563.5,16,16
16156S,WRAP PINK FAIRY CAKES,6558.62,16661,419
23229,VINTAGE DONKEY TAIL GAME,6550.17,1815,252
22332,SKULLS PARTY BAG + STICKER SET,6520.549999999999,4158,381
21201,TROPICAL HONEYCOMB PAPER GARLAND,6517.16,2741,235
22364,GLASS JAR DIGESTIVE BISCUITS,6498.610000000001,2061,346
23311,VINTAGE CHRISTMAS STOCKING,6488.2,2390,344
22845,VINTAGE CREAM CAT FOOD CONTAINER,6482.96,956,387
22148,EASTER CRAFT 4 CHICKS,6480.29,3237,299
22596,CHRISTMAS STAR WISH LIST CHALKBOARD,6471.2,6331,438
23103,JINGLE BELL HEART DECORATION,6459.159999999999,3820,356
82486,3 DRAWER ANTIQUE WHITE WOOD CABINET,6457.94,734,202
21494,ROTATING LEAVES T-LIGHT HOLDER,6449.0,3833,501
22142,CHRISTMAS CRAFT WHITE FAIRY,6445.389999999999,4312,504
15060B,FAIRY CAKE DESIGN UMBRELLA,6444.9800000000005,1414,449
23553,LANDMARK FRAME CAMDEN TOWN,6444.65,568,68
23134,LARGE ZINC HEART WALL ORGANISER,6431.110000000001,1065,38
22414,DOORMAT NEIGHBOURHOOD WITCH,6419.7,1096,173
23571,TRADITIONAL NAUGHTS & CROSSES,6406.91,2841,257
21242,RED RETROSPOT PLATE,6394.53,3735,368
22979,PANTRY WASHING UP BRUSH,6391.82,4090,381
79067,CORONA MEXICAN TRAY,6380.2,1616,397
23307,SET OF 60 PANTRY DESIGN CAKE CASES,6371.889999999999,12049,629
22072,RED RETROSPOT TEA CUP AND SAUCER,6364.67,1706,375
85062,PEARL CRYSTAL PUMPKIN T-LIGHT HLDR,6363.28,3886,342
22578,WOODEN STAR CHRISTMAS SCANDINAVIAN,6358.04,13230,766
22063,CERAMIC BOWL WITH STRAWBERRY DESIGN,6356.06,2303,356
21746,SMALL RED RETROSPOT WINDMILL,6351.9,5113,412
23172,REGENCY TEA PLATE PINK,6344.409999999999,3861,305
47591D,PINK FAIRY CAKE CHILD'S APRON,6339.17,3438,389
22582,PACK OF 6 SWEETIE GIFT BOXES,6324.77,2522,295
84520B,PACK 20 ENGLISH ROSE PAPER NAPKINS,6321.62,7390,722
22783,SET 3 WICKER OVAL BASKETS W LIDS,6316.3,482,45
47559B,TEA TIME OVEN GLOVE,6311.69,5116,701
22460,EMBOSSED GLASS TEALIGHT HOLDER,6283.87,4771,376
22065,CHRISTMAS PUDDING TRINKET POT,6273.84,8653,458
20754,RETRO RED SPOTTY WASHING UP GLOVES,6257.39,3139,420
84884A,ANT WHITE WIRE HEART SPIRAL,6248.28,1708,312
22739,RIBBON REEL CHRISTMAS SOCK BAUBLE,6226.44,3321,555
22185,SLATE TILE NATURAL HANGING,6224.719999999999,3896,462
22906,12 MESSAGE CARDS WITH ENVELOPES,6214.83,3370,445
22826,LOVE SEAT ANTIQUE WHITE METAL,6210.0,58,41
21124,SET/10 BLUE POLKADOT PARTY CANDLES,6205.84,5128,308
22435,SET OF 9 HEART SHAPED BALLOONS,6185.22,4915,537
23169,CLASSIC GLASS COOKIE JAR,6183.389999999999,1443,301
21714,CITRONELLA CANDLE GARDEN POT,6182.39,4283,522
21078,SET/20 STRAWBERRY PAPER NAPKINS,6181.25,7211,741
22780,LIGHT GARLAND BUTTERFILES PINK,6167.59,1623,179
22222,CAKE PLATE LOVEBIRD WHITE,6160.84,1489,403
84832,ZINC WILLIE WINKIE CANDLE STICK,6134.7,6805,634
22196,SMALL HEART MEASURING SPOONS,6130.99,6574,980
21667,GLASS CAKE COVER AND PLATE,6126.25,354,163
23192,BUNDLE OF 3 ALPHABET EXERCISE BOOKS,6114.24,3516,345
23118,PARISIENNE JEWELLERY DRAWER,6102.18,813,258
22849,BREAD BIN DINER STYLE MINT,6091.38,390,158
22898,CHILDRENS APRON APPLES DESIGN,6079.45,2877,445
72802C,VANILLA SCENT CANDLE JEWELLED BOX,6047.5599999999995,2184,269
22361,GLASS JAR DAISY FRESH COTTON WOOL,6036.26,1854,501
23534,WALL ART STOP FOR TEA,6036.2,869,219
85178,VICTORIAN SEWING KIT,6024.52,5478,313
20751,FUNKY WASHING UP GLOVES ASSORTED,6023.26,2839,471
20979,36 PENCILS TUBE RED RETROSPOT,6019.7,4761,434
21586,KINGS CHOICE GIANT TUBE MATCHES,6018.75,2583,238
21918,SET 12 KIDS COLOUR CHALK STICKS,6013.14,14598,788
22331,WOODLAND PARTY BAG + STICKER SET,6011.57,3661,438
21591,COSY HOUR CIGAR BOX MATCHES,6003.08,3978,365
22848,BREAD BIN DINER STYLE PINK,6001.0,373,148
23296,SET OF 6 TEA TIME BAKING CASES,5985.55,4979,378
21980,PACK OF 12 RED SPOTTY TISSUES,5981.8099999999995,22721,271
22855,FINE WICKER HEART,5979.24,4795,427
21124,SET/10 BLUE SPOTTY PARTY CANDLES,5966.95,4901,321
23312,VINTAGE CHRISTMAS GIFT SACK,5964.150000000001,1423,214
22278,OVERNIGHT BAG VINTAGE ROSE PAISLEY,5959.53,1016,383
23535,WALL ART BICYCLE SAFETY,5954.15,845,173
22491,PACK OF 12 COLOURED PENCILS,5950.0,7423,390
23052,RECYCLED ACAPULCO MAT TURQUOISE,5949.34,654,278
22348,TEA BAG PLATE RED SPOTTY,5934.19,7126,465
22827,RUSTIC SEVENTEEN DRAWER SIDEBOARD,5910.0,38,29
22772,PINK DRAWER KNOB ACRYLIC EDWARDIAN,5884.92,4353,313
21407,BROWN CHECK CAT DOORSTOP,5883.33,1294,453
21561,DINOSAUR LUNCH BOX WITH CUTLERY,5874.01,2400,410
23113,PANTRY CHOPPING BOARD,5868.5,1154,57
22971,QUEENS GUARD COFFEE MUG,5849.29,2431,272
23485,BOTANICAL GARDENS WALL CLOCK,5843.92,262,83
23154,SET OF 4 JAM JAR MAGNETS,5842.88,2701,235
22737,RIBBON REEL CHRISTMAS PRESENT,5840.43,3266,493
22660,DOORMAT I LOVE LONDON,5839.41,881,194
21832,CHOCOLATE CALCULATOR,5836.759999999999,3338,459
21988,PACK OF 6 SKULL PAPER PLATES,5820.099999999999,7829,416
85132C,CHARLIE AND LOLA FIGURES TINS,5818.94,2062,302
22841,ROUND CAKE TIN VINTAGE GREEN,5811.87,746,303
85038,6 CHOCOLATE LOVE HEART T-LIGHTS,5803.58,2778,382
22687,DOORMAT CHRISTMAS VILLAGE,5784.67,895,149
21313,GLASS HEART T-LIGHT HOLDER,5771.11,6711,415
22964,3 PIECE SPACEBOY COOKIE CUTTER SET,5768.830000000001,2761,408
22200,FRYING PAN PINK POLKADOT,5750.95,1291,356
21498,RED RETROSPOT WRAP,5736.42,14051,440
37495,FAIRY CAKE BIRTHDAY CANDLE SET,5732.6,1560,330
21452,TOADSTOOL MONEY BOX,5731.330000000001,1876,409
22441,GROW YOUR OWN BASIL IN ENAMEL MUG,5729.570000000001,2645,473
22241,GARLAND WOODEN HAPPY EASTER,5728.53,4244,463
21577,SAVE THE PLANET COTTON TOTE BAG,5716.5199999999995,2556,464
22341,LOVE GARLAND PAINTED ZINC,5698.889999999999,3467,240
22115,METAL SIGN EMPIRE TEA,5695.1,2889,500
22060,LARGE CAKE STAND HANGING HEARTS,5691.41,733,158
21528,DAIRY MAID TRADITIONAL TEAPOT,5680.15,899,257
20676,RED SPOTTY BOWL,5660.1900000000005,4630,423
22045,SPACEBOY GIFT WRAP,5656.14,13767,446
21703,BAG 125G SWIRLY MARBLES,5646.47,14577,561
22335,HEART DECORATION PAINTED ZINC,5644.77,8666,510
22854,CREAM SWEETHEART EGG HOLDER,5624.5,1160,244
22653,BUTTON BOX,5618.21,3031,381
84968B,S/16 VINTAGE IVORY CUTLERY,5617.66,423,130
22073,RED RETROSPOT STORAGE JAR,5604.6,1400,322
21207,SKULL AND CROSSBONES GARLAND,5597.419999999999,3601,282
84997A,GREEN 3 PIECE POLKADOT CUTLERY SET,5587.63,1539,165
21749,LARGE RED SPOT WINDMILL,5554.92,2945,52
22119,PEACE WOODEN BLOCK LETTERS,5543.87,896,340
22899,CHILDREN'S APRON DOLLY GIRL,5542.95,2667,405
23531,WALL ART BIG LOVE,5538.26,976,112
22156,HEART DECORATION WITH PEARLS,5537.57,6156,581
21730,GLASS STAR FROSTED T-LIGHT HOLDER,5534.17,1115,293
21900,"KEY FOB , SHED",5529.14,8325,837
23133,LARGE IVORY HEART WALL ORGANISER,5525.4,782,155
21242,RED SPOTTY PLATE,5523.2,3350,289
23177,TREASURE ISLAND BOOK BOX,5521.29,2532,267
23158,SET OF 5 LUCKY CAT MAGNETS,5513.83,2633,255
22670,FRENCH WC SIGN BLUE METAL,5510.57,4432,425
21955,DOOR MAT UNION JACK GUNS AND ROSES,5510.39,809,230
23583,LUNCH BAG PAISLEY PARK,5497.33,3385,325
84971S,SMALL HEART FLOWERS HOOK,5493.3099999999995,6489,459
40016,CHINESE DRAGON PAPER LANTERNS,5487.3099999999995,15435,244
82599,FANNY'S REST STOPMETAL SIGN,5479.4400000000005,2505,506
79029,GLASS HONEYPOT WASP CATCHER,5473.82,2944,343
22203,MILK PAN RED RETROSPOT,5469.51,1404,394
85232B,SET OF 3 BABUSHKA STACKING TINS,5465.39,1093,168
72756,FAIRY CAKE CANDLES,5459.48,4012,129
22437,SET OF 9 BLACK SKULL BALLOONS,5457.97,6536,445
85061W,WHITE JEWELLED HEART DECORATION,5451.49,6306,469
22168,ORGANISER WOOD ANTIQUE WHITE,5450.43,657,311
20677,PINK POLKADOT BOWL,5449.13,4208,412
84509A,SET OF 4 ENGLISH ROSE PLACEMATS,5442.61,1406,372
22483,RED GINGHAM TEDDY BEAR,5440.51,1883,351
20978,36 PENCILS TUBE SKULLS,5438.57,4117,557
21432,SET OF 3 CASES WOODLAND DESIGN,5435.91,942,237
16161P,WRAP ENGLISH ROSE,5435.4,13198,440
22186,RED STAR CARD HOLDER,5431.400000000001,2004,345
22763,KEY CABINET MA CAMPAGNE,5430.59,662,135
22595,CHRISTMAS GINGHAM HEART,5429.91,6396,383
85063,CREAM SWEETHEART MAGAZINE RACK,5426.74,308,180
21749,LARGE RED RETROSPOT WINDMILL,5426.06,2712,234
23135,SMALL ZINC HEART WALL ORGANISER,5416.18,1541,45
23205,CHARLOTTE BAG VINTAGE ALPHABET,5405.88,5457,445
21069,VINTAGE BILLBOARD TEA MUG,5404.360000000001,5099,279
84937,KASHMIR FOLKART TUMBLERS,5394.54,2542,124
22534,MAGIC DRAWING SLATE SPACEBOY,5393.83,12666,579
22443,GROW YOUR OWN HERBS SET OF 3,5393.43,683,264
20682,RED RETROSPOT CHILDRENS UMBRELLA,5380.2699999999995,1591,346
22333,RETRO SPORT PARTY BAG + STICKER SET,5370.08,3444,254
21491,SET OF THREE VINTAGE GIFT WRAPS,5367.009999999999,2878,248
22218,CAKE STAND LACE WHITE,5365.66,1234,265
22350,ILLUSTRATED CAT BOWL,5362.2,1897,213
23494,VINTAGE DOILY DELUXE SEWING KIT,5354.01,809,205
35832,WOOLLY HAT SOCK GLOVE ADVENT STRING,5341.85,1737,188
21041,RED RETROSPOT OVEN GLOVE DOUBLE,5334.06,1382,352
37446,MINI CAKE STAND WITH HANGING CAKES,5332.25,3691,410
22951,60 CAKE CASES DOLLY GIRL DESIGN,5314.12,10050,609
21363,HOME SMALL WOOD LETTERS,5296.4800000000005,984,401
21155,RED SPOTTY PEG BAG,5282.89,2662,364
20975,12 PENCILS SMALL TUBE RED SPOTTY,5278.03,8267,368
22801,ANTIQUE GLASS PEDESTAL BOWL,5277.95,1300,299
22998,TRAVEL CARD WALLET KEEP CALM,5262.82,12366,534
21718,RED METAL BEACH SPADE,5250.3,4030,467
22564,ALPHABET STENCIL CRAFT,5221.4,4570,343
22476,EMPIRE UNION JACK TV DINNER TRAY,5218.61,1333,270
21993,FLORAL FOLK STATIONERY SET,5216.88,2849,577
22117,METAL SIGN HER DINNER IS SERVED,5207.7300000000005,1765,230
22691,DOORMAT WELCOME SUNRISE,5198.6,759,219
22030,SWALLOWS GREETING CARD,5197.84,12735,685
21587,COSY HOUR GIANT TUBE MATCHES,5173.05,2071,260
22180,RETRO SPOT LAMP,5164.42,511,196
21872,GLAMOROUS MUG,5163.8,5092,330
22894,TABLECLOTH RED APPLES DESIGN,5160.78,561,192
22775,PURPLE DRAWERKNOB ACRYLIC EDWARDIAN,5160.03,3609,283
85132A,CHARLIE + LOLA BISCUITS TINS,5152.07,1348,250
23263,SET OF 3 WOODEN HEART DECORATIONS,5147.19,3863,445
21713,CITRONELLA CANDLE FLOWERPOT,5145.4400000000005,2733,391
23162,REGENCY TEA STRAINER,5143.6900000000005,1412,176
23157,SET OF 6 NATIVITY MAGNETS,5143.06,2797,164
23165,LARGE CERAMIC TOP STORAGE JAR,5141.0599999999995,3114,280
22412,METAL SIGN NEIGHBOURHOOD WITCH,5140.820000000001,2401,402
23132,SMALL IVORY HEART WALL ORGANISER,5138.6,1020,152
22571,ROCKING HORSE RED CHRISTMAS,5135.24,5780,511
22426,ENAMEL WASH BOWL CREAM,5133.3,1361,379
22472,TV DINNER TRAY DOLLY GIRL,5130.62,1103,251
22509,SEWING BOX RETROSPOT DESIGN,5130.36,387,187
22244,3 HOOK HANGER MAGIC GARDEN,5122.759999999999,2732,223
21498,RED SPOTS WRAP,5115.5,12700,363
22595,GINGHAM HEART DECORATION,5114.41,6139,413
22610,PENS ASSORTED FUNNY FACE,5107.54,12680,287
22374,AIRLINE BAG VINTAGE JET SET RED,5099.84,1029,433
23397,FOOT STOOL HOME SWEET HOME,5097.65,489,217
21471,STRAWBERRY RAFFIA FOOD COVER,5095.63,1406,319
22433,WATERING CAN GREEN DINOSAUR,5080.98,2724,417
23234,BISCUIT TIN VINTAGE CHRISTMAS,5079.78,1938,278
22842,BISCUIT TIN VINTAGE RED,5078.03,782,231
23295,SET OF 12 MINI LOAF BAKING CASES,5073.45,6134,444
20977,36 PENCILS TUBE WOODLAND,5069.99,3792,485
21578,WOODLAND DESIGN COTTON TOTE BAG,5062.86,2205,380
23198,PANTRY MAGNETIC SHOPPING LIST,5062.599999999999,3342,475
23126,FELTCRAFT GIRL AMELIE KIT,5059.14,1007,275
21544,SKULLS WATER TRANSFER TATTOOS,5052.21,6064,503
48189,DOORMAT FRIENDSHIP,5050.04,854,96
22175,PINK OWL SOFT TOY,5033.51,1728,362
46000S,POLYESTER FILLER PAD 40X40CM,5032.95,5261,390
22957,SET 3 PAPER VINTAGE CHICK PAPER EGG,5014.650000000001,1775,214
23314,VINTAGE CHRISTMAS TABLECLOTH,5012.96,407,117
23109,PACK OF SIX LED TEA LIGHTS,5008.26,1752,203
84796B,BLUE SAVANNAH PICNIC HAMPER FOR 2,4999.79,600,180
21071,VINTAGE BILLBOARD DRINK ME MUG,4998.32,4269,472
23310,BUBBLEGUM RING ASSORTED,4997.28,12050,245
23543,WALL ART KEEP CALM,4994.790000000001,967,83
22318,FIVE HEART HANGING DECORATION,4983.9800000000005,1583,389
47568,ENGLISH ROSE DESIGN PEG BAG,4983.02,2384,410
21056,DOCTOR'S BAG SOFT TOY,4961.33,545,195
22583,PACK OF 6 HANDBAG GIFT BOXES,4955.75,1873,349
21896,POTTING SHED TWINE,4944.04,2387,290
22180,RETROSPOT LAMP,4938.96,464,214
23556,LANDMARK FRAME COVENT GARDEN,4937.01,436,53
23570,TRADITIONAL PICK UP STICKS GAME,4931.87,2772,276
22604,SET OF 4 NAPKIN CHARMS CUTLERY,4911.72,1999,244
22243,"HOOK, 5 HANGER ,MAGIC TOADSTOOL RED",4908.799999999999,3152,175
22199,FRYING PAN RED POLKADOT,4890.14,1211,189
22276,WASH BAG VINTAGE ROSE PAISLEY,4884.860000000001,1889,373
23010,CIRCUS PARADE BABY GIFT SET,4879.599999999999,315,111
22956,36 FOIL HEART CAKE CASES,4878.900000000001,2494,256
22632,HAND WARMER RED POLKA DOT,4876.2,2592,46
23351,ROLL WRAP 50'S CHRISTMAS,4875.65,3535,354
23503,PLAYING CARDS KEEP CALM & CARRY ON,4860.55,3643,335
22107,PIZZA PLATE IN BOX,4840.59,1240,369
84270,ASSTD DESIGN BUBBLE GUM RING,4824.3,22936,476
22593,CHRISTMAS GINGHAM STAR,4823.9,5420,415
22027,TEA PARTY BIRTHDAY CARD,4806.49,11297,845
23554,LANDMARK FRAME OXFORD STREET,4805.53,422,57
22242,"HOOK, 5 HANGER , MAGIC TOADSTOOL",4795.95,2982,258
20682,RED SPOTTY CHILDS UMBRELLA,4791.04,1483,247
23555,LANDMARK FRAME NOTTING HILL,4780.57,421,50
21534,DAIRY MAID LARGE MILK JUG,4768.64,939,343
22442,GROW YOUR OWN FLOWERS SET OF 3,4765.32,866,172
23184,BULL DOG BOTTLE OPENER,4764.5,874,264
22128,PARTY CONES CANDY ASSORTED,4759.59,3923,195
22688,DOORMAT PEACE ON EARTH BLUE,4756.7,865,93
21249,WOODLAND HEIGHT CHART STICKERS,4752.83,1655,258
21916,SET 12 RETRO WHITE CHALK STICKS,4751.06,11011,713
23286,BLUE VINTAGE SPOT BEAKER,4747.62,5048,222
22672,FRENCH BATHROOM SIGN BLUE METAL,4736.11,2850,370
22399,MAGNETS PACK OF 4 CHILDHOOD MEMORY,4734.6,4042,278
22434,BALLOON PUMP WITH 10 BALLOONS,4733.49,2547,281
84508A,CAMOUFLAGE DESIGN TEDDY,4722.56,2223,64
85049G,CHOCOLATE BOX RIBBONS,4718.62,3829,510
23569,TRADTIONAL ALPHABET STAMP SET,4717.66,954,192
22474,SPACEBOY TV DINNER TRAY,4716.83,968,255
21588,RETROSPOT GIANT TUBE MATCHES,4713.6,2056,182
23159,SET OF 5 PANCAKE DAY MAGNETS,4713.52,2293,223
22305,COFFEE MUG PINK PAISLEY DESIGN,4711.53,2267,144
23558,LANDMARK FRAME LONDON BRIDGE,4703.87,415,52
23389,SPACEBOY MINI BACKPACK,4697.54,1102,233
23176,ABC TREASURE BOOK BOX,4693.08,2165,226
48197,DOOR MAT BIRD ON THE WIRE,4691.77,673,204
22304,COFFEE MUG BLUE PAISLEY DESIGN,4689.56,2380,167
20961,STRAWBERRY BATH SPONGE,4687.65,3530,514
22562,MONSTERS STENCIL CRAFT,4682.3,3978,393
21156,RED SPOTTY CHILDS APRON,4678.23,2506,296
20963,APPLE BATH SPONGE,4676.15,3459,509
22721,SET OF 3 CAKE TINS SKETCHBOOK,4671.81,1020,297
23241,TREASURE TIN GYMKHANA DESIGN,4669.55,2165,363
22075,6 RIBBONS ELEGANT CHRISTMAS,4660.69,3079,358
82581,TOILET METAL SIGN,4649.0,8399,913
22348,TEA BAG PLATE RED RETROSPOT,4648.93,5327,496
72807B,SET/3 OCEAN SCENT CANDLE JEWEL BOX,4645.87,1059,225
21243,PINK SPOTTY PLATE,4645.09,2872,240
15044B,BLUE PAPER PARASOL,4644.13,1670,189
21243,PINK POLKADOT PLATE,4642.61,2772,264
21042,RED SPOTTY APRON,4638.110000000001,794,204
22574,HEART WOODEN CHRISTMAS DECORATION,4629.17,5074,415
21328,BALLOONS WRITING SET,4612.63,2441,643
20675,BLUE POLKADOT BOWL,4611.89,3616,385
21878,PACK OF 6 SANDCASTLE FLAGS ASSORTED,4586.48,5586,403
22800,ANTIQUE TALL SWIRLGLASS TRINKET POT,4586.4,1127,268
23285,PINK VINTAGE SPOT BEAKER,4572.41,4807,191
10135,COLOURING PENCILS BROWN TUBE,4566.21,4226,324
23404,HOME SWEET HOME BLACKBOARD,4561.76,1011,169
15044D,RED PAPER PARASOL,4559.650000000001,1596,227
51014A,"FEATHER PEN,HOT PINK",4556.5,6681,377
22601,CHRISTMAS RETROSPOT ANGEL WOOD,4547.19,5250,417
85184D,S/4 BLUE ROUND DECOUPAGE BOXES,4546.78,8311,66
22743,MAKE YOUR OWN FLOWERPOWER CARD KIT,4542.500000000001,1502,351
37447,CERAMIC CAKE DESIGN SPOTTED PLATE,4540.849999999999,2891,364
21614,SET OF 12 ROSE BOTANICAL T-LIGHTS,4538.17,1627,194
21506,"FANCY FONT BIRTHDAY CARD,",4534.49,10878,665
21990,MODERN FLORAL STATIONERY SET,4530.54,2453,497
21564,PINK HEART SHAPE LOVE BUCKET,4524.5,1951,294
22908,PACK OF 20 NAPKINS RED APPLES,4524.0,5610,485
23275,SET OF 3 HANGING OWLS OLLIE BEAK,4521.72,3720,325
23163,REGENCY SUGAR TONGS,4515.22,1832,209
23112,PARISIENNE CURIO CABINET,4507.08,546,241
22760,"TRAY, BREAKFAST IN BED",4506.889999999999,356,120
23309,SET OF 60 I LOVE LONDON CAKE CASES,4495.849999999999,8275,407
22747,POPPY'S PLAYHOUSE BATHROOM,4487.2,2035,402
84279P,CHERRY BLOSSOM DECORATIVE FLASK,4476.67,1145,299
23167,SMALL CERAMIC TOP STORAGE JAR,4476.01,5847,231
22070,SMALL RED RETROSPOT MUG IN BOX,4462.95,1511,236
84968C,SET OF 16 VINTAGE PISTACHIO CUTLERY,4451.95,375,133
23288,GREEN VINTAGE SPOT BEAKER,4444.2300000000005,4625,185
22736,RIBBON REEL MAKING SNOWMEN,4439.28,2467,403
21064,BOOM BOX SPEAKER BOYS,4432.92,884,171
21864,UNION JACK FLAG PASSPORT COVER,4431.54,1853,411
22299,PIG KEYRING WITH LIGHT & SOUND,4430.82,3912,202
79341,WILLOW BRANCH LIGHTS.,4423.69,725,79
21244,BLUE POLKADOT PLATE,4419.44,2641,241
22367,CHILDS APRON SPACEBOY DESIGN,4412.87,2325,310
23530,WALL ART ONLY ONE PERSON,4406.57,1050,86
22548,HEADS AND TAILS SPORTING FUN,4404.31,3526,428
84031A,CHARLIE+LOLA RED HOT WATER BOTTLE,4404.0199999999995,1098,314
22573,STAR WOODEN CHRISTMAS DECORATION,4403.83,4907,405
21967,PACK OF 12 SKULL TISSUES,4401.44,15652,479
21535,RETRO SPOT SMALL MILK JUG,4380.61,1719,297
21523,FANCY FONT HOME SWEET HOME DOORMAT,4378.65,663,164
22594,CHRISTMAS GINGHAM TREE,4377.33,4791,412
21810,CHRISTMAS HANGING STAR WITH BELL,4374.41,6959,344
85053,FRENCH ENAMEL CANDLEHOLDER,4363.28,2032,378
79320,FLAMINGO LIGHTS,4357.38,928,151
22896,PEG BAG APPLES DESIGN,4356.2,1689,338
84598,BOYS ALPHABET IRON ON PATCHES,4350.14,20775,217
20677,PINK SPOTTY BOWL,4348.93,3567,349
85184C,S/4 VALENTINE DECOUPAGE HEART BOX,4345.96,2106,283
15039,SANDALWOOD FAN,4345.62,5101,306
21844,RETRO SPOT MUG,4343.01,1481,154
23349,ROLL WRAP VINTAGE CHRISTMAS,4342.6,3221,337
22611,VINTAGE UNION JACK SHOPPING BAG,4338.63,907,195
22353,LUNCH BOX WITH CUTLERY FAIRY CAKES,4320.21,1589,298
23168,CLASSIC CAFE SUGAR DISPENSER,4311.35,3075,325
21913,VINTAGE SEASIDE JIGSAW PUZZLES,4302.48,1129,298
47580,TEA TIME DES TEA COSY,4298.6,1662,344
21153,RED SPOTTY TABLECLOTH,4294.6900000000005,393,139
21012,ANTIQUE ALL GLASS CANDLESTICK,4293.7,2297,299
23050,RECYCLED ACAPULCO MAT GREEN,4286.55,497,205
20966,SANDWICH BATH SPONGE,4265.24,3007,420
22723,SET OF 6 HERB TINS SKETCHBOOK,4262.820000000001,1164,295
72802B,OCEAN SCENT CANDLE IN JEWELLED BOX,4258.97,1559,212
22312,OFFICE MUG WARMER POLKADOT,4254.05,1233,269
20979,36 PENCILS TUBE RED SPOTTY,4252.11,3395,275
22744,MAKE YOUR OWN MONSOON CARD KIT,4245.17,1515,300
21556,CERAMIC STRAWBERRY MONEY BOX,4244.41,1611,295
20982,12 PENCILS TALL TUBE SKULLS,4243.8,4851,576
22497,SET OF 2 TINS VINTAGE BATHROOM,4239.07,929,279
21068,VINTAGE BILLBOARD LOVE/HATE MUG,4224.63,4066,373
21355,TOAST ITS - I LOVE YOU,4218.05,3452,341
23089,GLASS BON BON JAR,4215.78,2354,225
72807A,SET/3 ROSE CANDLE IN JEWELLED BOX,4213.54,924,216
22600,CHRISTMAS RETROSPOT STAR WOOD,4209.9,4860,429
22797,CHEST OF DRAWERS GINGHAM HEART,4205.5599999999995,242,140
84950,ASSORTED COLOUR T-LIGHT HOLDER,4199.27,6041,274
23144,ZINC T-LIGHT HOLDER STARS SMALL,4197.83,5089,274
23012,GLASS APOTHECARY BOTTLE PERFUME,4197.110000000001,1071,246
22851,SET 20 NAPKINS FAIRY CAKES DESIGN,4193.679999999999,5167,523
21470,FLOWER VINE RAFFIA FOOD COVER,4190.93,1102,319
21474,SWEETHEART CREAM STEEL FOLDIN BENCH,4189.5,210,94
20754,RETROSPOT RED WASHING UP GLOVES,4187.43,1955,432
21609,SET 12 LAVENDER BOTANICAL T-LIGHTS,4186.29,1499,218
22530,MAGIC DRAWING SLATE DOLLY GIRL,4176.45,9873,464
21238,RED RETROSPOT CUP,4164.55,4731,469
22833,HALL CABINET WITH 3 DRAWERS,4163.54,120,13
22127,PARTY CONES CARNIVAL ASSORTED,4153.11,3468,155
22926,IVORY GIANT GARDEN THERMOMETER,4150.31,680,216
21143,ANTIQUE GLASS HEART DECORATION,4149.15,2100,182
23110,PARISIENNE KEY CABINET,4147.18,700,255
23486,ANTIQUE HEART SHELF UNIT,4145.47,275,74
21539,RETRO SPOTS BUTTER DISH,4142.87,868,174
21590,KINGS CHOICE CIGAR BOX MATCHES,4141.28,3448,286
70006,LOVE HEART POCKET WARMER,4139.5599999999995,4438,290
23283,DOORMAT VINTAGE LEAF,4122.2,564,142
23255,CHILDRENS CUTLERY CIRCUS PARADE,4097.22,1014,158
22125,UNION JACK HOT WATER BOTTLE,4089.09,653,183
22807,SET OF 6 T-LIGHTS TOADSTOOLS,4086.5600000000004,1375,294
23009,I LOVE LONDON BABY GIFT SET,4082.5199999999995,263,103
21911,GARDEN METAL SIGN,4080.8499999999995,2546,344
23193,BUFFALO BILL TREASURE BOOK BOX,4079.28,1922,175
21042,RED RETROSPOT APRON,4079.2000000000003,679,195
21472,LADYBIRD + BEE RAFFIA FOOD COVER,4077.82,1056,285
84596B,SMALL DOLLY MIX DESIGN ORANGE BOWL,4074.67,6221,725
20981,12 PENCILS TALL TUBE WOODLAND,4069.16,4718,513
21901,"KEY FOB , BACK DOOR",4061.51,6159,689
84580,MOUSE TOY WITH PINK T-SHIRT,4051.94,1057,442
72349B,SET/6 PURPLE BUTTERFLY T-LIGHTS,4049.9900000000002,1990,287
35924,HANGING FAIRY CAKE DECORATION,4049.4,2164,188
21717,EASTER TIN BUCKET,4039.63,1554,176
21679,SKULLS STICKERS,4034.5099999999998,4871,370
23340,VINTAGE CHRISTMAS CAKE FRILL,4034.08,2500,151
84968A,SET OF 16 VINTAGE ROSE CUTLERY,4026.8399999999997,339,119
22639,SET OF 4 NAPKIN CHARMS HEARTS,4021.12,1651,275
22053,EMPIRE DESIGN ROSETTE,4020.8899999999994,4551,87
22284,HEN HOUSE DECORATION,4017.74,2465,300
22057,CERAMIC PLATE STRAWBERRY DESIGN,4011.73,3060,260
21349,IVY HEART WREATH,4010.73,553,171
23129,HEART SHAPED HOLLY WREATH,3999.5,950,172
21238,RED SPOTTY CUP,3999.45,4746,434
20967,GREY FLORAL FELTCRAFT SHOULDER BAG,3997.34,1055,296
22245,"HOOK, 1 HANGER ,MAGIC GARDEN",3988.85,4633,413
21987,PACK OF 6 SKULL PAPER CUPS,3988.06,6417,385
21955,UNION JACK GUNS & ROSES DOORMAT,3987.11,765,102
22612,TEA COSY VINTAGE UNION JACK,3984.99,1001,109
23306,SET OF 36 DOILIES PANTRY DESIGN,3983.6,2741,244
85206A,CREAM FELT EASTER EGG BASKET,3982.91,2327,318
22244,"HOOK, 3 HANGER ,MAGIC GARDEN",3979.2,2028,208
21524,SPOTTY HOME SWEET HOME DOORMAT,3978.34,666,120
22959,WRAP CHRISTMAS VILLAGE,3971.46,9713,283
22356,CHARLOTTE BAG PINK WITH WHITE SPOTS,3959.52,4345,321
21648,ASSORTED TUTTI FRUTTI SMALL PURSE,3956.48,2940,231
22788,BROCANTE COAT RACK,3942.62,476,84
23526,WALL ART DOG LICENCE,3939.76,604,114
23557,LANDMARK FRAME BAKER STREET,3930.27,350,32
22359,GLASS JAR KINGS CHOICE,3928.28,1242,199
18097C,WHITE TALL PORCELAIN T-LIGHT HOLDER,3924.92,1763,211
21812,GARLAND WITH HEARTS AND BELLS,3917.4900000000002,805,205
22980,PANTRY SCRUBBING BRUSH,3910.0099999999998,2363,291
22179,SET 10 NIGHT OWL LIGHTS,3908.73,505,170
23081,GREEN METAL BOX ARMY SUPPLIES,3906.25,467,135
46000M,POLYESTER FILLER PAD 45X45CM,3901.3500000000004,4205,365
23049,RECYCLED ACAPULCO MAT RED,3896.84,456,186
22314,OFFICE MUG WARMER CHOC+BLUE,3888.4800000000005,1110,249
21192,WHITE BELL HONEYCOMB PAPER,3885.64,2167,216
22790,"MIRROR, ARCHED GEORGIAN",3884.000000000001,200,1
23552,BICYCLE PUNCTURE REPAIR KIT,3881.91,1863,116
37340,MULTICOLOUR SPRING FLOWER MUG,3881.33,13665,204
21244,BLUE SPOTTY PLATE,3859.6299999999997,2404,204
22475,SKULL DESIGN TV DINNER TRAY,3856.8,777,258
22591,CARDHOLDER GINGHAM CHRISTMAS TREE,3854.15,1347,208
22843,BISCUIT TIN VINTAGE GREEN,3851.76,596,178
22478,BIRDHOUSE GARDEN MARKER,3848.41,2772,317
22272,FELTCRAFT DOLL MARIA,3848.34,1371,300
22445,PENCIL CASE LIFE IS BEAUTIFUL,3842.6600000000003,1251,271
21447,12 IVORY ROSE PEG PLACE SETTINGS,3842.63,2776,336
22118,JOY WOODEN BLOCK LETTERS,3842.07,799,271
23111,PARISIENNE SEWING BOX,3839.2400000000002,312,138
21055,TOOL BOX SOFT TOY,3839.0899999999997,386,222
22892,SET OF SALT AND PEPPER TOADSTOOLS,3835.71,3123,265
21067,VINTAGE RED TEATIME MUG,3830.67,4763,266
22778,GLASS CLOCHE SMALL,3828.66,970,194
22777,GLASS CLOCHE LARGE,3821.82,453,99
23194,GYMKHANA TREASURE BOOK BOX,3815.5299999999997,1715,200
85040B,SET/4 BLUE FLOWER CANDLES IN BOWL,3813.7799999999997,2451,252
21846,PINK DIAMANTE PEN IN GIFT BOX,3803.4,1601,264
21034,REX CASH+CARRY JUMBO SHOPPER,3801.8999999999996,4004,1903
22355,"CHARLOTTE BAG , SUKI DESIGN",3796.59,4417,341
21100,CHARLIE AND LOLA CHARLOTTE BAG,3795.0,2540,269
84016,FLAG OF ST GEORGE CAR FLAG,3791.67,19000,62
22458,CAST IRON HOOK GARDEN FORK,3790.47,1531,174
72802A,ROSE SCENT CANDLE IN JEWELLED BOX,3789.9,914,182
71038,WHITE HANGING BEADS CANDLE HOLDER,3789.25,717,144
23253,16 PIECE CUTLERY SET PANTRY DESIGN,3785.06,254,69
21154,RED SPOTTY OVEN GLOVE,3778.37,2816,339
84356,POMPOM CURTAIN,3771.04,750,133
21743,STAR PORTABLE TABLE LIGHT,3767.0800000000004,1288,182
21627,ELEPHANT CARNIVAL POUFFE,3766.35,195,115
23299,FOOD COVER WITH BEADS SET 2,3761.63,1009,145
21813,GARLAND WITH STARS AND BELLS,3761.4100000000003,815,184
22830,UTILTY CABINET WITH HOOKS,3760.71,181,18
21329,DINOSAURS WRITING SET,3760.66,2082,555
21845,DAIRY MAID STRIPE MUG,3758.4100000000003,2521,158
23092,LARGE ANTIQUE WHITE PHOTO FRAME,3757.78,523,135
21899,"KEY FOB , GARAGE DESIGN",3756.66,5900,476
22544,MINI JIGSAW SPACEBOY,3756.52,9382,341
22425,ENAMEL COLANDER CREAM,3754.4,735,280
85049C,ROMANTIC PINKS RIBBONS,3746.29,2981,500
22356,"CHARLOTTE BAG , PINK/WHITE SPOTS",3740.38,4454,360
22162,HEART GARLAND RUSTIC PADDED,3737.9,1220,260
21795,SET OF 3 BLUE STRIPE BASKET,3734.9400000000005,441,80
22732,3D VINTAGE CHRISTMAS STICKERS,3733.84,2713,299
22494,EMERGENCY FIRST AID TIN,3730.92,2765,468
23064,CINDERELLA CHANDELIER,3717.56,221,23
22579,WOODEN TREE CHRISTMAS SCANDINAVIAN,3715.68,7056,550
21041,RED SPOTTY OVEN GLOVE DOUBLE,3715.23,1284,173
22782,SET 3 WICKER STORAGE BASKETS,3712.2999999999997,254,84
23236,STORAGE TIN VINTAGE DOILY,3704.78,1272,190
21351,CINAMMON & ORANGE WREATH,3702.75,1099,177
21495,SKULLS AND CROSSBONES WRAP,3695.3,9065,267
23182,TOILET SIGN OCCUPIED OR VACANT,3688.21,3741,433
22398,MAGNETS PACK OF 4 SWALLOWS,3687.48,4240,431
20692,FLORAL ELEPHANT SOFT TOY,3682.76,908,139
23130,MISTLETOE HEART WREATH GREEN,3676.18,882,179
23013,GLASS APOTHECARY BOTTLE TONIC,3674.1600000000003,924,223
20785,FUSCHIA RETRO BAR STOOL,3672.35,103,37
22080,RIBBON REEL SPOTS DESIGN,3668.58,2211,277
21240,BLUE POLKADOT CUP,3658.27,4191,399
22769,CHALKBOARD KITCHEN ORGANISER,3656.86,174,45
22823,CHEST NATURAL WOOD 20 DRAWERS,3655.0,32,18
21592,RETRO SPOT CIGAR BOX MATCHES,3652.0,3104,190
22962,JAM JAR WITH PINK LID,3640.93,4366,354
85040A,S/4 PINK FLOWER CANDLES IN BOWL,3639.89,2065,400
21486,PINK HEART DOTS HOT WATER BOTTLE,3638.67,1116,294
85232D,SET/3 DECOUPAGE STACKING TINS,3636.66,701,223
84558A,3D DOG PICTURE PLAYING CARDS,3628.11,1259,199
22589,CARDHOLDER GINGHAM STAR,3626.78,1317,238
85114B,IVORY ENCHANTED FOREST PLACEMAT,3618.0499999999997,2017,223
22461,SAVOY ART DECO CLOCK,3607.81,410,146
23294,SET OF 6 SNACK LOAF BAKING CASES,3607.81,4392,354
22353,LUNCHBOX WITH CUTLERY FAIRY CAKES,3597.68,1451,196
23032,DRAWER KNOB CRACKLE GLAZE IVORY,3595.3799999999997,2154,194
21787,RAIN PONCHO WITH RED SPOTS,3592.97,4727,161
21866,UNION JACK FLAG LUGGAGE TAG,3591.5,2168,453
22774,RED DRAWER KNOB ACRYLIC EDWARDIAN,3591.06,2791,184
21509,COWBOYS AND INDIANS BIRTHDAY CARD,3587.2200000000003,8696,628
23085,ANTIQUE SILVER BAUBLE LAMP,3583.23,376,78
71477,COLOURED GLASS STAR T-LIGHT HOLDER,3580.96,1012,52
23497,CLASSIC CHROME BICYCLE BELL,3578.62,2498,193
22944,CHRISTMAS METAL POSTCARD WITH BELLS,3577.9900000000002,4870,158
20784,RED RETRO BAR STOOL,3570.87,107,39
21112,"SWISS ROLL TOWEL, PINK SPOTS",3570.57,1516,150
22704,WRAP RED APPLES,3564.76,8678,295
22334,DINOSAUR PARTY BAG + STICKER SET,3552.3599999999997,2232,265
21794,CLASSIC FRENCH STYLE BASKET NATURAL,3552.09,713,178
22603,CHRISTMAS RETROSPOT TREE WOOD,3552.0899999999997,4143,388
23210,WHITE ROCKING HORSE HAND PAINTED,3551.53,2849,192
22320,BIRDS MOBILE VINTAGE DESIGN,3545.02,598,180
23332,IVORY WICKER HEART LARGE,3542.7099999999996,2059,287
20886,BOX OF 9 PEBBLE CANDLES,3540.22,1777,308
21784,SHOE SHINE BOX,3538.2799999999997,290,178
21054,NURSE'S BAG SOFT TOY,3538.0,382,182
20786,BLACK RETRO BAR STOOL,3533.9,100,32
23191,BUNDLE OF 3 RETRO NOTE BOOKS,3529.8899999999994,2141,276
22602,CHRISTMAS RETROSPOT HEART WOOD,3529.31,4307,289
47505,MINATURE COLOURED GARDENING SET,3527.42,737,178
21179,NO JUNK MAIL METAL SIGN,3517.9,4284,505
23091,ZINC HERB GARDEN CONTAINER,3516.64,556,204
23353,6 GIFT TAGS VINTAGE CHRISTMAS,3510.05,4007,327
22765,NEWSPAPER STAND,3508.3,311,53
23189,SET OF 12 FORK CANDLES,3507.5099999999998,1249,141
22902,TOTE BAG I LOVE LONDON,3506.56,1716,199
84352,SILVER CHRISTMAS TREE BAUBLE STAND,3505.58,206,126
21499,BLUE POLKADOT WRAP,3504.84,8702,264
22076,6 RIBBONS EMPIRE,3490.1899999999996,2365,376
21469,POLKA DOT RAFFIA FOOD COVER,3482.01,1165,210
22352,LUNCHBOX WITH CUTLERY RETROSPOT,3481.89,1413,232
21466,RED FLOWER CROCHET FOOD COVER,3479.79,927,275
22764,"RUSTIC WOODEN CABINET, GLASS DOORS",3462.49,183,25
22309,TEA COSY RED STRIPE,3459.08,1331,266
20675,BLUE SPOTTY BOWL,3455.94,2849,308
21559,STRAWBERRY LUNCHBOX WITH CUTLERY,3454.09,1448,183
22172,METAL SHELF WITH RAIL,3451.82,378,185
23350,ROLL WRAP VINTAGE SPOT,3445.08,2712,305
23426,METAL SIGN DROP YOUR PANTS,3444.43,1275,206
85123a,WHITE HANGING HEART T-LIGHT HOLDER,3444.02,516,99
23354,6 GIFT TAGS 50'S CHRISTMAS,3429.4,3740,322
22531,MAGIC DRAWING SLATE CIRCUS PARADE,3427.12,7944,402
23156,SET OF 5 MINI GROCERY MAGNETS,3423.29,1665,205
23127,FELTCRAFT GIRL NICOLE KIT,3422.4,668,182
48189,DOOR MAT FRIENDSHIP,3420.2400000000002,470,181
23014,GLASS APOTHECARY BOTTLE ELIXIR,3419.5800000000004,856,209
23388,WOODLAND MINI BACKPACK,3411.34,816,152
21191,LARGE WHITE HONEYCOMB PAPER BELL,3408.61,1479,201
21902,"KEY FOB , FRONT DOOR",3408.03,5359,474
21364,PEACE SMALL WOOD LETTERS,3407.7200000000003,468,167
84472,PINK AND LILAC QUILTED THROW,3402.32,87,30
37501,TEA TIME TEA SET IN GIFT BOX,3401.15,481,177
22440,BALLOON WATER BOMB PACK OF 35,3399.41,8523,292
20983,12 PENCILS TALL TUBE RED RETROSPOT,3395.02,3922,383
22059,CERAMIC STRWBERRY DESIGN MUG,3393.1,2347,215
22459,CAST IRON HOOK GARDEN TROWEL,3389.74,1386,173
44230,SQUARE MIRROR CURTAIN,3381.62,347,53
22428,ENAMEL FIRE BUCKET CREAM,3379.67,479,197
21327,SKULLS WRITING SET,3378.5099999999998,1926,495
23188,VINTAGE 2 METRE FOLDING RULER,3374.0499999999997,1627,152
22862,LOVE HEART NAPKIN BOX,3373.22,758,221
22776,SWEETHEART 3 TIER CAKE STAND,3371.58,284,158
84508A,CAMOFLAGE DESIGN TEDDY,3368.92,1586,44
22822,CREAM WALL PLANTER HEART SHAPED,3367.35,581,183
22366,DOOR MAT AIRMAIL,3366.71,461,142
21211,SET OF 72 SKULL PAPER DOILIES,3365.64,2405,237
84797A,PINK HAWAIIAN PICNIC HAMPER FOR 4,3361.25,481,44
22223,CAKE PLATE LOVEBIRD PINK,3359.66,726,175
22477,WATERING CAN GARDEN MARKER,3356.74,2414,276
23239,SET OF 4 KNICK KNACK TINS POPPIES,3353.84,842,178
22047,EMPIRE GIFT WRAP,3351.0,8250,261
84968D,S/16 VINTAGE RED CUTLERY,3349.7599999999998,287,38
22167,"WALL MIRROR , DIAMANTE OVAL SHAPE",3331.91,425,129
21917,SET 12 KIDS WHITE CHALK STICKS,3324.22,8010,467
22136,LOVE HEART SOCK HANGER,3322.22,1989,265
22536,MAGIC DRAWING SLATE PURDEY,3314.08,8491,352
23065,LARGE DECO JEWELLERY STAND,3302.44,263,95
84813,SET OF 4 DIAMOND NAPKIN RINGS,3300.7599999999998,422,99
21500,PINK POLKADOT WRAP,3298.5,8125,260
22176,BLUE OWL SOFT TOY,3297.9300000000003,1088,257
22183,CAKE STAND VICTORIAN FILIGREE MED,3297.25,586,209
20702,PINK PADDED MOBILE,3296.7,782,245
21239,PINK POLKADOT CUP,3292.9,3685,382
20681,PINK SPOTTY CHILDS UMBRELLA,3292.86,1000,206
22122,SET OF 2 FANCY FONT TEA TOWELS,3290.0800000000004,1095,191
37410,BLACK AND WHITE PAISLEY FLOWER MUG,3288.65,25707,33
22281,EASTER TREE YELLOW BIRDS,3285.86,511,149
22762,CUPBOARD 3 DRAWER MA CAMPAGNE,3276.62,204,133
23308,SET OF 60 VINTAGE LEAF CAKE CASES,3272.6099999999997,6139,382
22967,SET 3 SONG BIRD PAPER EGGS ASSORTED,3271.4100000000003,1171,138
22794,SWEETHEART WIRE MAGAZINE RACK,3271.35,389,209
84975,HEART SHAPED MIRROR,3266.4,1990,212
21467,CHERRY CROCHET FOOD COVER,3263.75,1025,254
84031B,CHARLIE LOLA BLUE HOT WATER BOTTLE,3263.03,839,271
23395,BELLE JARDINIERE CUSHION COVER,3257.08,748,210
23053,RECYCLED ACAPULCO MAT PINK,3254.32,364,164
84510A,SET OF 4 ENGLISH ROSE COASTERS,3254.14,2402,474
21477,STRING OF 20 ROSE LIGHTS,3248.94,273,45
22059,CERAMIC STRAWBERRY DESIGN MUG,3245.93,2593,243
84849B,FAIRY SOAP SOAP HOLDER,3244.14,1936,293
22419,LIPSTICK PEN RED,3242.59,6847,509
21829,DINOSAUR KEYRINGS ASSORTED,3242.18,15035,409
22792,FLUTED ANTIQUE CANDLE HOLDER,3241.1299999999997,3489,262
22733,3D TRADITIONAL CHRISTMAS STICKERS,3238.49,2461,302
18098C,PORCELAIN BUTTERFLY OIL BURNER,3231.13,1232,239
23051,RECYCLED ACAPULCO MAT BLUE,3223.49,365,162
20992,JAZZ HEARTS PURSE NOTEBOOK,3220.3999999999996,6151,433
23230,WRAP ALPHABET DESIGN,3217.92,7976,235
21732,RED HANGING METAL STAR TLIGHT HLDR,3214.57,925,58
21473,SWEETHEART CREAM STEEL TABLE RECT,3212.16,157,90
22194,BLACK DINER WALL CLOCK,3212.1,373,160
84837,WHITE SWEETHEARTS CABINET 4 DRAWERS,3210.04,251,143
79323GR,GREEN CHERRY LIGHTS,3209.36,532,83
23393,HOME SWEET HOME CUSHION COVER,3207.91,801,229
84596F,SMALL MARSHMALLOWS PINK BOWL,3196.43,4720,600
79164,BLACK WINE GLASS,3196.0099999999998,3653,91
21986,PACK OF 12 PINK SPOT TISSUES,3194.19,8317,197
21333,CLASSIC WHITE FRAME,3192.09,1057,222
21111,"SWISS ROLL TOWEL, CHOCOLATE SPOTS",3187.1600000000003,1379,214
21830,ASSORTED CREEPY CRAWLIES,3185.6,7658,256
21628,TRIANGULAR POUFFE VINTAGE,3185.2799999999997,164,87
21584,RETRO SPOT SMALL TUBE MATCHES,3183.45,2005,131
22503,CABIN BAG VINTAGE PAISLEY,3178.02,141,54
84968C,S/16 VINTAGE PISTACHIO CUTLERY,3177.2999999999997,262,58
21557,SET OF 6 FUNKY BEAKERS,3169.3900000000003,932,302
22863,SOAP DISH BROCANTE,3166.61,1107,169
21936,RED/WHITE SPOT PICNIC BAG,3164.59,1125,111
21949,SET OF 6 STRAWBERRY CHOPSTICKS,3164.18,2598,269
22965,3 TRADITIONAL BISCUIT CUTTERS SET,3162.6400000000003,1488,250
23342,MINT DINER WALL CLOCK,3159.41,371,162
22702,BLACK AND WHITE CAT BOWL,3156.3199999999997,1589,94
82494l,WOODEN FRAME ANTIQUE WHITE,3155.93,378,86
22700,BLACK AND WHITE DOG BOWL,3155.4,1384,98
84944,SET OF 6 KASHMIR FOLKART BAUBLES,3153.88,1135,194
21519,GIN & TONIC DIET GREETING CARD,3149.93,7356,553
23035,DRAWER KNOB CERAMIC IVORY,3147.79,2155,190
23323,WHITE WICKER STAR,3146.78,1469,294
22313,OFFICE MUG WARMER PINK,3146.07,985,137
21705,BAG 500G SWIRLY MARBLES,3145.7099999999996,2534,225
21239,PINK SPOTTY CUP,3145.4900000000002,3684,369
21500,PINK SPOTS WRAP,3144.5,7825,232
22773,GREEN DRAWER KNOB ACRYLIC EDWARDIAN,3141.11,2368,226
22325,MOBILE VINTAGE HEARTS,3139.99,699,224
21820,GLITTER HEART GARLAND WITH BELLS,3132.39,795,180
82578,KITCHEN METAL SIGN,3129.2400000000002,5595,704
22095,LADS ONLY TISSUE BOX,3123.0299999999997,2978,284
23346,SPACEBOY BEAKER,3112.34,2628,184
21352,EUCALYPTUS & PINECONE WREATH,3110.28,880,158
21272,SALLE DE BAIN HOOK,3109.83,2348,339
22406,MONEY BOX KINGS CHOICE DESIGN,3104.35,2451,214
22891,TEA FOR ONE POLKADOT,3103.7,644,230
22177,5 HOOK BLACKBOARD ORGANISER,3101.46,325,125
22972,CHILDREN'S SPACEBOY MUG,3100.9399999999996,1810,238
47504K,ENGLISH ROSE GARDEN SECATEURS,3096.08,2654,312
22572,ROCKING HORSE GREEN CHRISTMAS,3087.18,3439,362
20956,PORCELAIN T-LIGHT HOLDERS ASSORTED,3083.82,2338,236
79072,TEATIME CAKE TIN WITH HANDLE,3083.2,284,107
21707,"FOLDING UMBRELLA , BLACK/BLUE SPOT",3077.01,775,69
84279B,CHERRY BLOSSOM DECORATIVE FLASK,3076.92,808,215
21765,HANGING METAL BIRD BATH,3076.39,372,144
22347,PIZZA SLICE DISH,3074.18,2680,113
23188,VINTAGE 2 METER FOLDING RULER,3073.72,1844,181
22372,AIRLINE BAG VINTAGE WORLD CHAMPION,3073.43,611,294
22154,ANGEL DECORATION 3 BUTTONS,3073.32,7114,317
84912B,GREEN ROSE WASHBAG,3072.64,1125,259
22473,TV DINNER TRAY VINTAGE PAISLEY,3070.92,813,211
22757,LARGE RED BABUSHKA NOTEBOOK,3070.18,2696,308
21206,STRAWBERRY HONEYCOMB GARLAND,3067.8999999999996,2155,238
21537,RED RETROSPOT PUDDING BOWL,3065.45,712,183
22963,JAM JAR WITH GREEN LID,3060.43,3670,317
20985,HEART CALCULATOR,3047.99,2370,291
84969,BOX OF 6 ASSORTED COLOUR TEASPOONS,3047.91,702,256
21408,SPOTTY PINK DUCK DOORSTOP,3045.31,703,240
22754,SMALL RED BABUSHKA NOTEBOOK,3044.8599999999997,3924,492
23461,SWEETHEART BIRD HOUSE,3041.21,847,94
23329,DECORATIVE WICKER HEART LARGE,3038.1899999999996,1767,233
22208,WOOD STAMP SET THANK YOU,3036.95,2366,433
22037,ROBOT BIRTHDAY CARD,3035.7,7054,634
21588,RETRO SPOT GIANT TUBE MATCHES,3034.9500000000003,1295,102
15044C,PURPLE PAPER PARASOL,3027.26,967,231
23242,TREASURE TIN BUFFALO BILL,3024.63,1470,214
23237,SET OF 4 KNICK KNACK TINS LEAF,3020.61,747,123
22067,CHOC TRUFFLE GOLD TRINKET POT,3019.3199999999997,1855,252
21626,VINTAGE UNION JACK PENNANT,3017.0699999999997,1496,204
22349,"DOG BOWL , CHASING BALL DESIGN",3014.3,754,136
22402,MAGNETS PACK OF 4 VINTAGE COLLAGE,3012.78,3431,250
22202,MILK PAN PINK RETROSPOT,3011.2400000000002,750,188
22805,BLUE DRAWER KNOB ACRYLIC EDWARDIAN,3008.82,2207,231
23236,DOILEY STORAGE TIN,3004.46,1094,122
22712,CARD DOLLY GIRL,3002.42,7295,508
22755,SMALL PURPLE BABUSHKA NOTEBOOK,2997.63,3776,499
84912A,PINK ROSE WASHBAG,2996.44,1094,231
23390,DOLLY GIRL MINI BACKPACK,2992.3900000000003,739,161
22132,RED LOVE HEART SHAPE CUP,2989.81,3345,388
22925,BLUE GIANT GARDEN THERMOMETER,2989.52,488,191
21507,"ELEPHANT, BIRTHDAY CARD,",2980.63,7113,489
21354,TOAST ITS - BEST MUM,2979.46,2476,217
22375,AIRLINE BAG VINTAGE JET SET BROWN,2969.29,595,287
22519,CHILDS GARDEN BRUSH PINK,2968.77,1431,263
21706,"FOLDING UMBRELLA , RED/WHITE SPOT",2962.82,916,104
22905,CALENDAR IN SEASON DESIGN,2957.17,1077,194
22674,FRENCH TOILET SIGN BLUE METAL,2956.33,2377,297
22664,TOY TIDY DOLLY GIRL DESIGN,2954.19,1429,266
22816,CARD MOTORBIKE SANTA,2950.93,6856,436
22927,GREEN GIANT GARDEN THERMOMETER,2948.57,468,162
23211,RED ROCKING HORSE HAND PAINTED,2930.57,2329,160
22071,SMALL WHITE RETROSPOT MUG IN BOX,2929.75,1147,175
22277,COSMETIC BAG VINTAGE ROSE PAISLEY,2927.4900000000002,1400,250
85049D,BRIGHT BLUES RIBBONS,2922.96,2330,400
21948,SET OF 6 CAKE CHOPSTICKS,2921.36,2293,267
21214,SET OF 72 IVORY PAPER DOILIES,2920.8199999999997,2006,199
22990,COTTON APRON PANTRY DESIGN,2917.43,633,164
21592,RETROSPOT CIGAR BOX MATCHES,2900.46,2772,286
22518,CHILDS GARDEN BRUSH BLUE,2899.8,1402,270
23290,SPACEBOY CHILDRENS BOWL,2890.3500000000004,2430,214
22184,CAKE STAND VICTORIAN FILIGREE LARGE,2887.07,389,146
21584,RETROSPOT SMALL TUBE MATCHES,2886.6,1764,221
23345,DOLLY GIRL BEAKER,2886.25,2451,174
22955,36 FOIL STAR CAKE CASES,2885.26,1592,186
22811,SET OF 6 T-LIGHTS CACTI,2884.13,1021,140
23283,DOORMAT VINTAGE LEAVES DESIGN,2881.18,430,91
23056,FLOWERS CHANDELIER T-LIGHT HOLDER,2879.37,960,38
21240,BLUE SPOTTY CUP,2877.47,3390,370
21465,PINK FLOWER CROCHET FOOD COVER,2875.6400000000003,793,187
21821,GLITTER STAR GARLAND WITH BELLS,2866.6,713,153
22072,TEA CUP AND SAUCER RETRO SPOT,2866.34,700,137
22480,RED TEA TOWEL CLASSIC DESIGN,2863.06,2368,263
21424,WOODLAND STORAGE BOX LARGE,2861.6400000000003,955,142
23427,STOOL HOME SWEET HOME,2860.58,237,114
22073,RETRO SPOT STORAGE JAR,2853.29,729,155
22581,WOOD STOCKING CHRISTMAS SCANDISPOT,2852.6299999999997,3565,380
23504,PLAYING CARDS JUBILEE UNION JACK,2848.8900000000003,1927,208
22930,BAKING MOULD HEART MILK CHOCOLATE,2846.8,1108,189
23212,HEART WREATH DECORATION WITH BELL,2845.89,2284,185
21324,HANGING MEDINA LANTERN SMALL,2845.71,1014,175
21688,SILVER PLATE CANDLE BOWL SMALL,2845.6500000000005,912,142
22080,RIBBON REEL POLKADOTS,2843.86,1676,242
22449,SILK PURSE BABUSHKA PINK,2843.8300000000004,863,218
21439,BASKET OF TOADSTOOLS,2837.54,2259,240
22576,SWALLOW WOODEN CHRISTMAS DECORATION,2835.08,3132,330
22285,"DECORATION HEN ON NEST, HANGING",2829.19,1877,147
22731,3D CHRISTMAS STAMPS STICKERS,2828.62,2018,232
22710,WRAP I LOVE LONDON,2821.28,7184,173
22217,T-LIGHT HOLDER HANGING LACE,2814.81,2374,214
22671,FRENCH LAUNDRY SIGN BLUE METAL,2811.3399999999997,1688,246
21508,VINTAGE KID DOLLY CARD,2808.62,6716,541
35001W,HAND OPEN SHAPE DECO.WHITE,2806.69,883,190
22452,MEASURING TAPE BABUSHKA PINK,2806.4,1089,207
84909A,PINK PAISLEY QUILT,2797.55,209,30
22974,CHILDRENS DOLLY GIRL MUG,2795.81,1636,211
22696,WICKER WREATH LARGE,2790.83,1415,288
21360,JOY LARGE WOOD LETTERS,2790.41,441,100
22101,MIRROR MOSAIC VOTIVE HOLDER,2790.27,1909,116
85199S,SMALL HANGING IVORY/RED WOOD BIRD,2789.2799999999997,6022,486
22949,36 DOILIES DOLLY GIRL,2788.5299999999997,1965,162
84519A,TOMATO CHARLIE+LOLA COASTER SET,2788.4500000000003,1200,203
21796,SET OF 3 RED STRIPE BASKETS,2782.19,324,67
21728,METAL MEDINA LANTERN,2773.11,298,40
21188,3D HEARTS HONEYCOMB PAPER GARLAND,2771.34,912,128
21682,LARGE MEDINA STAMPED METAL BOWL,2767.59,559,152
85132B,CHARLIE AND LOLA TABLE TINS,2767.53,919,123
22365,DOOR MAT RESPECTABLE HOUSE,2765.69,380,124
22242,5 HOOK HANGER MAGIC TOADSTOOL,2763.96,1774,110
23190,BUNDLE OF 3 SCHOOL EXERCISE BOOKS,2761.8999999999996,1702,202
22081,RIBBON REEL FLORA + FAUNA,2761.04,1559,302
21683,MEDIUM MEDINA STAMPED METAL BOWL,2757.4700000000003,936,152
23542,WALL ART 70'S ALPHABET,2757.06,356,74
22675,FRENCH KITCHEN SIGN BLUE METAL,2754.95,2227,270
15058C,ICE CREAM DESIGN GARDEN PARASOL,2753.72,470,122
22145,CHRISTMAS CRAFT HEART STOCKING,2752.66,1306,197
84795C,OCEAN STRIPE HAMMOCK,2752.59,325,131
23147,SINGLE ANTIQUE ROSE HOOK IVORY,2752.2,1868,261
51014C,"FEATHER PEN,COAL BLACK",2751.5,4283,266
85015,SET OF 12 VINTAGE POSTCARD SET,2750.0,2908,254
22315,200 RED + WHITE BENDY STRAWS,2749.51,2137,388
22525,CHILDRENS GARDEN GLOVES PINK,2748.79,1950,330
23266,SET OF 3 WOODEN STOCKING DECORATION,2743.82,2053,319
23341,PINK DINER WALL CLOCK,2741.35,307,121
22482,BLUE TEA TOWEL CLASSIC DESIGN,2739.43,2319,214
23100,SILVER BELLS TABLE DECORATION,2739.38,2166,257
22161,HEART DECORATION RUSTIC HANGING,2738.28,6726,489
85183B,CHARLIE & LOLA WASTEPAPER BIN FLORA,2731.7599999999998,1725,171
22066,LOVE HEART TRINKET POT,2729.16,3436,274
21788,KIDS RAIN MAC BLUE,2725.0899999999997,3375,206
22167,OVAL WALL MIRROR DIAMANTE,2724.42,266,175
16161U,WRAP SUKI AND FRIENDS,2721.92,6676,208
22651,GENTLEMAN SHIRT REPAIR KIT,2720.86,3175,270
22818,CARD CHRISTMAS VILLAGE,2720.86,6290,404
22914,BLUE COAT RACK PARIS FASHION,2720.66,570,170
47503J,SET/3 FLORAL GARDEN TOOLS IN BAG,2719.38,344,75
23164,REGENCY CAKE SLICE,2718.65,578,92
22650,CERAMIC PIRATE CHEST MONEY BANK,2717.8799999999997,1787,283
21808,"CHRISTMAS GARLAND STARS,TREES",2715.53,1001,144
47480,HANGING PHOTO CLIP ROPE LADDER,2713.9799999999996,1638,150
22524,CHILDRENS GARDEN GLOVES BLUE,2713.23,1952,299
22231,JIGSAW TREE WITH BIRDHOUSE,2712.48,2135,297
21096,SET/6 FRUIT SALAD PAPER PLATES,2711.7099999999996,15919,143
23407,SET OF 2 TRAYS HOME SWEET HOME,2709.43,267,133
21744,SNOWFLAKE PORTABLE TABLE LIGHT,2697.1600000000003,898,217
23333,IVORY WICKER HEART MEDIUM,2695.45,2089,233
22667,RECIPE BOX RETRO SPOT DESIGN,2694.65,959,178
85035C,ROSE 3 WICK MORRIS BOX CANDLE,2693.85,1356,197
21224,SET/4 SKULL BADGES,2691.91,2171,312
22479,DAISY GARDEN MARKER,2691.19,1939,214
23264,SET OF 3 WOODEN SLEIGH DECORATIONS,2690.81,1963,299
22436,12 COLOURED PARTY BALLOONS,2687.05,4216,290
21204,DAISIES HONEYCOMB GARLAND,2682.99,1608,205
22495,SET OF 2 ROUND TINS CAMEMBERT,2682.32,940,237
90057,DIAMANTE RING ASSORTED IN BOX.,2675.88,1804,37
22155,STAR DECORATION RUSTIC,2671.81,5925,340
21980,PACK OF 12 RED RETROSPOT TISSUES,2668.33,8616,405
22028,PENNY FARTHING BIRTHDAY CARD,2665.13,6344,507
21923,RED/CREAM STRIPE FRINGE HAMMOCK,2662.64,337,119
21109,LARGE CAKE TOWEL CHOCOLATE SPOTS,2661.67,925,104
85049B,LUSH GREENS RIBBONS,2653.3,2126,338
21693,SMALL HAMMERED SILVER CANDLEPOT,2648.6200000000003,871,120
22500,SET OF 2 TINS JARDIN DE PROVENCE,2647.31,580,198
21742,LARGE ROUND WICKER PLATTER,2647.28,437,193
23146,TRIPLE HOOK ANTIQUE IVORY ROSE,2645.2599999999998,798,227
22152,PLACE SETTING WHITE STAR,2642.2799999999997,6241,241
21897,POTTING SHED CANDLE CITRONELLA,2641.36,866,106
82600,N0 SINGING METAL SIGN,2639.42,1225,49
22270,HAPPY EASTER HANGING DECORATION,2638.67,685,153
84754,S/15 SILVER GLASS BAUBLES IN BAG,2634.59,2083,218
85049F,BABY BOOM RIBBONS,2634.0,2110,314
22146,EASTER CRAFT IVY WREATH WITH CHICK,2633.13,1413,107
22376,AIRLINE BAG VINTAGE JET SET WHITE,2632.18,531,248
84012,MAGIC SHEEP WOOL GROWING FROM PAPER,2628.47,1838,179
21422,PORCELAIN ROSE SMALL,2619.17,3160,147
22758,LARGE PURPLE BABUSHKA NOTEBOOK,2618.35,2437,314
84849D,HOT BATHS SOAP HOLDER,2618.27,1558,260
22713,CARD I LOVE LONDON,2616.12,6084,368
72800E,4 IVORY DINNER CANDLES SILVER FLOCK,2613.82,1388,286
22046,TEA PARTY WRAPPING PAPER,2613.5,6375,208
47585A,PINK FAIRY CAKE CUSHION COVER,2612.88,1084,148
85034B,3 WHITE CHOC MORRIS BOXED CANDLES,2606.64,1183,152
85227,SET OF 6 3D KIT CARDS FOR KIDS,2605.75,2848,392
23054,RECYCLED ACAPULCO MAT LAVENDER,2604.93,295,130
85034C,3 ROSE MORRIS BOXED CANDLES,2604.15,1314,197
23196,VINTAGE LEAF MAGNETIC NOTEPAD,2601.15,1719,275
72799E,IVORY PILLAR CANDLE SILVER FLOCK,2600.6400000000003,1232,178
37502,TEA TIME MUG IN GIFT BOX,2599.7900000000004,868,171
22439,6 ROCKET BALLOONS,2599.01,3891,363
22190,LOCAL CAFE MUG,2591.67,1400,242
90062,CARNIVAL BRACELET,2591.42,204,109
22199,FRYING PAN RED RETROSPOT,2590.21,617,217
22933,BAKING MOULD EASTER EGG MILK CHOC,2585.92,940,122
84968E,S/16 VINTAGE BLACK CUTLERY,2585.45,225,40
21589,SWALLOW GIANT TUBE MATCHES,2583.4500000000003,1119,88
21171,BATHROOM METAL SIGN,2578.27,1845,260
21642,ASSORTED TUTTI FRUTTI PEN,2575.18,4413,251
23534,STOP FOR TEA WALL ART,2572.7,518,41
82597,BOMBS AWAY METAL SIGN,2569.6600000000003,1210,215
22471,TV DINNER TRAY AIR HOSTESS,2568.76,627,176
21653,GLASS ETCHED T-LIGHT HOLDER LARGE,2565.67,1246,111
22828,REGENCY MIRROR WITH SHUTTERS,2565.0,17,11
23292,SPACEBOY CHILDRENS CUP,2557.57,2050,216
21288,STRIPEY CHOCOLATE NESTING BOXES,2557.4700000000003,982,224
22939,APRON APPLE DELIGHT,2556.66,516,136
21499,BLUE SPOTS WRAP,2555.0,6350,196
20960,WATERMELON BATH SPONGE,2550.84,1900,215
22735,RIBBON REEL SOCKS AND MITTENS,2541.38,1434,231
85035B,CHOCOLATE 3 WICK MORRIS BOX CANDLE,2539.29,986,131
21898,POTTING SHED ROSE CANDLE,2538.8100000000004,827,113
23131,MISTLETOE HEART WREATH CREAM,2535.48,624,110
20787,BLUE RETRO BAR STOOL,2535.1,74,31
21215,IVORY PAPER CUP CAKE CASES,2533.88,4349,291
22197,"POPCORN HOLDER , SMALL",2531.64,3189,112
21203,BUTTERFLIES HONEYCOMB GARLAND,2527.0,1539,145
23681,LUNCH BAG RED VINTAGE DOILY,2525.04,1576,132
22451,SILK PURSE BABUSHKA RED,2521.7200000000003,734,150
22342,HOME GARLAND PAINTED ZINC,2521.2499999999995,1817,230
22350,CAT BOWL,2521.2400000000002,946,121
22415,WHITE TISSUE REAM,2520.15,317,204
21792,CLASSIC FRENCH STYLE BASKET GREEN,2517.88,494,141
21431,GREEN GINGHAM FLOWER JEWELLERY BOX,2511.3599999999997,1483,278
84968A,S/16 VINTAGE ROSE CUTLERY,2511.24,190,85
23424,GINGHAM RECIPE BOOK BOX,2509.62,462,135
21323,HANGING MEDINA LANTERN LARGE,2506.89,740,80
22937,BAKING MOULD CHOCOLATE CUPCAKES,2502.04,948,157
23316,RED REFECTORY CLOCK,2501.64,250,110
22291,"SPRING DEC , HANGING CHICK CREAM",2499.58,1900,142
82567,"AIRLINE LOUNGE,METAL SIGN",2498.98,1207,489
85054,FRENCH ENAMEL POT W LID,2495.0200000000004,916,204
23367,SET 12 COLOUR PENCILS SPACEBOY,2491.2,3278,282
85041,SET/4 PINK ORCHID CANDLES IN BOWL,2489.87,1853,92
21924,BLUE/CREAM STRIPE FRINGE HAMMOCK,2486.6600000000003,315,123
22091,EMPIRE TISSUE BOX,2485.86,3179,324
21680,WOODLAND STICKERS,2483.68,2860,269
84968F,SET OF 16 VINTAGE SKY BLUE CUTLERY,2479.35,214,80
85206B,PINK FELT EASTER EGG BASKET,2477.2999999999997,1538,183
22742,MAKE YOUR OWN PLAYTIME CARD KIT,2475.3,1002,180
22129,PARTY CONES CANDY TREE DECORATION,2473.16,2792,107
22153,ANGEL DECORATION STARS ON DRESS,2469.16,5705,283
21686,MEDINA STAMPED METAL STOOL,2460.1400000000003,65,33
23352,ROLL WRAP 50'S RED CHRISTMAS,2459.2,1800,212
22829,SWEETHEART WIRE WALL TIDY,2458.62,240,117
21616,4 PEAR BOTANICAL DINNER CANDLES,2458.58,1152,191
20668,DISCO BALL CHRISTMAS DECORATION,2454.88,20951,367
22911,PAPER CHAIN KIT LONDON,2454.3500000000004,853,164
21330,WOODLAND ANIMAL WRITING SET,2454.0699999999997,1452,201
21747,SMALL SKULL WINDMILL,2452.35,2049,153
21823,PAINTED METAL HEART WITH HOLLY BELL,2447.72,2468,212
23489,VINTAGE BELLS GARLAND,2443.35,821,149
21789,KIDS RAIN MAC PINK,2437.0699999999997,2920,218
84840,SWEETHEART CARRY-ALL BASKET,2430.82,282,140
22021,BLUE FELT EASTER EGG BASKET,2430.31,1413,233
21809,CHRISTMAS HANGING TREE WITH BELL,2427.89,3015,207
21462,"NURSERY A,B,C PAINTED LETTERS",2425.41,413,171
23406,HOME SWEET HOME KEY HOLDER,2422.6600000000003,456,111
21274,EMBOSSED HEART 3 DRAWER SHELF,2420.69,175,105
21973,SET OF 36 MUSHROOM PAPER DOILIES,2420.0299999999997,1670,210
22613,PACK OF 20 SPACEBOY NAPKINS,2419.7599999999998,3051,273
21106,CREAM SLICE FLANNEL CHOCOLATE SPOT,2419.6800000000003,790,169
22789,T-LIGHT HOLDER SWEETHEART HANGING,2419.54,1238,196
22609,PENS ASSORTED SPACEBALL,2414.54,7087,201
22362,GLASS JAR PEACOCK BATH SALTS,2410.53,754,258
22540,MINI JIGSAW CIRCUS PARADE,2410.29,6162,189
22897,OVEN MITT APPLES DESIGN,2409.75,1613,264
23400,SHELF WITH 4 HOOKS HOME SWEET HOME,2409.34,461,107
23265,SET OF 3 WOODEN TREE DECORATIONS,2404.79,1769,293
85059,FRENCH ENAMEL WATER BASIN,2399.89,701,211
85036A,GARDENIA 1 WICK MORRIS BOXED CANDLE,2389.21,619,165
20674,GREEN POLKADOT BOWL,2385.08,1848,249
84818,DANISH ROSE PHOTO FRAME,2382.25,1788,214
21531,RETRO SPOT SUGAR JAM BOWL,2382.2400000000002,921,196
84795B,SUNSET CHECK HAMMOCK,2379.09,298,96
21811,HANGING HEART WITH BELL,2374.7999999999997,4619,219
10133,COLOURING PENCILS BROWN TUBE,2373.2599999999998,3837,289
47570,ENGLISH ROSE TABLE CLOTH,2373.01,220,78
23498,CLASSIC BICYCLE CLIPS,2372.68,1640,99
84997d,CHILDRENS CUTLERY POLKADOT PINK,2372.33,285,65
23535,BICYCLE SAFTEY WALL ART,2371.94,458,39
23048,SET OF 10 LANTERNS FAIRY LIGHT STAR,2368.37,577,99
21262,WHITE GOOSE FEATHER CHRISTMAS TREE,2366.0200000000004,606,132
85034A,3 GARDENIA MORRIS BOXED CANDLES,2364.82,846,135
21468,BUTTERFLY CROCHET FOOD COVER,2361.39,669,142
22537,MAGIC DRAWING SLATE DINOSAUR,2360.43,5765,348
21873,IF YOU CAN'T STAND THE HEAT MUG,2360.0099999999998,2010,199
23401,RUSTIC MIRROR WITH LACE HEART,2354.87,459,83
23412,HEART MIRROR ANTIQUE WHITE,2354.8,358,76
22421,LIPSTICK PEN FUSCHIA,2351.86,4723,407
21824,PAINTED METAL STAR WITH HOLLY BELLS,2351.46,2782,211
21437,24 HANGING EASTER EGGS FLORAL TUB,2350.92,677,109
21126,SET OF 6 GIRLS CELEBRATION CANDLES,2349.22,2325,285
22642,SET OF 4 NAPKIN CHARMS STARS,2348.4700000000003,989,141
23396,LE JARDIN BOTANIQUE CUSHION COVER,2345.0,559,166
85035A,GARDENIA 3 WICK MORRIS BOXED CANDLE,2344.9,646,178
23437,50'S CHRISTMAS GIFT BAG LARGE,2343.63,1915,129
84459B,YELLOW METAL CHICKEN HEART,2341.77,1475,213
84509F,SET OF 4 NEW ENGLAND PLACEMATS,2336.1,2749,36
ADJUST,ADJUSTMENT BY JOHN ON 26/01/2010 16,2334.43,20,20
21826,EIGHT PIECE DINOSAUR SET,2326.87,1802,241
22251,BIRDHOUSE DECORATION MAGIC GARDEN,2317.64,1871,298
22306,SILVER MUG BONE CHINA TREE OF LIFE,2316.2,1621,163
21615,4 LAVENDER BOTANICAL DINNER CANDLES,2308.67,1168,169
23371,SET 36 COLOUR PENCILS SPACEBOY,2304.78,1705,185
22363,GLASS JAR MARMALADE,2303.3900000000003,785,173
21947,SET OF 6 HEART CHOPSTICKS,2302.81,1675,298
22983,CARD BILLBOARD FONT,2300.21,5395,451
71459,HANGING JAM JAR T-LIGHT HOLDERS,2298.05,2813,92
21482,MUSHROOM BLUE HOT WATER BOTTLE,2296.76,740,184
21741,COSY SLIPPER SHOES LARGE GREEN,2293.7500000000005,701,190
85176,SEWING SUSAN 21 NEEDLE SET,2293.0,2748,306
22566,FELTCRAFT HAIRBAND PINK AND PURPLE,2292.22,2740,289
84536A,ENGLISH ROSE NOTEBOOK A7 SIZE,2289.73,5077,613
84997b,CHILDRENS CUTLERY RETROSPOT RED,2287.37,273,55
23330,DECORATIVE WICKER HEART MEDIUM,2286.97,1794,216
21464,DISCO BALL ROTATOR BATTERY OPERATED,2286.75,539,217
22831,WHITE BROCANTE SOAP DISH,2286.28,776,138
85199L,LARGE HANGING IVORY & RED WOOD BIRD,2285.02,3455,272
23029,DRAWER KNOB CRACKLE GLAZE GREEN,2284.12,1340,154
20665,RED SPOTTY PURSE,2278.17,736,156
21655,HANGING RIDGE GLASS T-LIGHT HOLDER,2277.5,1396,89
85183A,CHARLIE & LOLA WASTEPAPER BIN BLUE,2275.75,1512,141
85107,CUT GLASS T-LIGHT HOLDER OCTAGON,2274.79,1203,70
85172,HYACINTH BULB T-LIGHT CANDLES,2274.56,4271,150
85106,CUT GLASS HEXAGON T-LIGHT HOLDER,2271.24,1190,59
85014C,BLUE/BROWN DOTS RUFFLED UMBRELLA,2270.73,547,72
22539,MINI JIGSAW DOLLY GIRL,2268.13,5654,247
85114C,RED ENCHANTED FOREST PLACEMAT,2263.06,1179,161
35001G,HAND OPEN SHAPE GOLD,2259.47,715,103
22133,PINK LOVE HEART SHAPE CUP,2258.61,2464,327
22024,RAINY LADIES BIRTHDAY CARD,2257.0,5391,439
22973,CHILDREN'S CIRCUS PARADE MUG,2254.93,1325,152
23197,SKETCHBOOK MAGNETIC SHOPPING LIST,2253.7,1442,246
21696,SMALL SILVER TRELLIS CANDLEPOT,2251.1400000000003,749,107
84469,ROSE DES PADDED FLOOR CUSHION,2249.41,664,44
21819,GLITTER CHRISTMAS STAR,2247.14,3847,248
21187,WHITE BELL HONEYCOMB PAPER GARLAND,2243.7799999999997,1344,144
21804,WHITE CHRISTMAS GARLAND STARS TREES,2240.99,597,137
85045,GREEN CHRISTMAS TREE STRING 20LIGHT,2239.34,471,83
23093,SMALL PARISIENNE HEART PHOTO FRAME,2239.2400000000002,939,142
20931,BLUE POT PLANT CANDLE,2238.07,673,157
22803,IVORY EMBROIDERED QUILT,2237.84,59,36
23326,HANGING MINI COLOURED BOTTLES,2237.08,3442,76
22163,HEART STRING MEMO HOLDER HANGING,2235.1200000000003,1269,197
22336,DOVE DECORATION PAINTED ZINC,2234.96,4661,214
21681,GIANT MEDINA STAMPED METAL BOWL,2234.81,233,79
16237,SLEEPING CAT ERASERS,2233.15,10385,580
23252,VINTAGE RED ENAMEL TRIM JUG,2231.61,595,136
22409,MONEY BOX BISCUITS DESIGN,2230.46,1638,160
84691,PACK 20 DOLLY PEGS,2225.5,2747,235
23079,TOADSTOOL BEDSIDE LIGHT,2225.45,251,106
51014L,"FEATHER PEN,LIGHT PINK",2222.35,3445,226
21638,ASSORTED TUTTI FRUTTI NOTEBOOK,2220.94,1020,142
21476,STEEL SWEETHEART ROUND TABLE CREAM,2219.5099999999998,142,85
23501,KEY RING BASEBALL BOOT UNION JACK,2217.87,1821,112
22074,6 RIBBONS SHIMMERING PINKS,2216.3399999999997,2156,287
84997c,CHILDRENS CUTLERY POLKADOT BLUE,2216.21,265,56
84913A,SOFT PINK ROSE TOWEL,2211.54,608,266
22716,CARD CIRCUS PARADE,2211.41,5218,447
21125,SET 6 FOOTBALL CELEBRATION CANDLES,2211.38,2123,246
22711,WRAP CIRCUS PARADE,2210.34,5377,181
85116,BLACK CANDELABRA T-LIGHT HOLDER,2206.24,1817,181
17091J,VANILLA INCENSE IN TIN,2204.35,3964,178
23403,LETTER HOLDER HOME SWEET HOME,2204.11,625,134
22514,CHILDS GARDEN SPADE BLUE,2202.92,1090,240
21811,CHRISTMAS HANGING HEART WITH BELL,2202.38,1721,163
21651,HANGING GLASS ETCHED TEALIGHT,2200.3599999999997,1361,124
22920,HERB MARKER BASIL,2199.19,3478,252
23020,GLASS SONGBIRD STORAGE JAR,2191.84,180,76
20770,ABSTRACT CIRCLE JOURNAL,2190.59,1045,201
22227,HANGING HEART MIRROR DECORATION,2183.17,3038,356
23436,VINTAGE CHRISTMAS GIFT BAG LARGE,2182.39,1831,105
21611,SET OF 12 LILY BOTANICAL T-LIGHTS,2182.19,750,148
23302,KNEELING MAT HOUSEWORK DESIGN,2181.42,1536,230
85039B,S/4 IVORY MINI ROSE CANDLE IN BOWL,2178.52,1653,266
22952,72 CAKE CASES VINTAGE CHRISTMAS,2178.14,4346,101
15056n,EDWARDIAN PARASOL NATURAL,2170.4,173,116
22292,"SPRING DEC , HANGING CHICK YELLOW",2164.88,1640,109
22948,METAL DECORATION NAUGHTY CHILDREN,2164.69,2155,180
22069,BROWN PIRATE TREASURE CHEST,2164.63,968,267
23445,ICE CREAM BUBBLES,2161.24,2668,101
22227,"DECORATION, HANGING HEART+MIRROR",2161.0,2983,287
22714,CARD BIRTHDAY COWBOY,2157.91,5277,359
22182,CAKE STAND VICTORIAN FILIGREE SMALL,2156.45,561,172
21245,GREEN SPOTTY PLATE,2155.17,1308,146
85216,ASSORTED CAKES FRIDGE MAGNETS,2154.2200000000003,2849,187
22824,3 TIER SWEETHEART GARDEN SHELF,2153.9500000000003,61,48
85103,SILVER T-LIGHT SETTING,2153.43,317,87
22338,STAR DECORATION PAINTED ZINC,2151.99,6087,264
21246,RED SPOTTY BIG BOWL,2150.8500000000004,423,101
23161,REGENCY CAKE FORK,2145.3,1715,98
21421,PORCELAIN ROSE LARGE,2144.48,1792,105
21905,MORE BUTTER METAL SIGN,2141.07,1615,263
22708,WRAP DOLLY GIRL,2140.5,5325,159
22310,IVORY KNITTED MUG COSY,2140.35,1142,165
23028,DRAWER KNOB CRACKLE GLAZE BLUE,2138.63,1207,134
23213,STAR WREATH DECORATION WITH BELL,2138.42,1682,152
22454,MEASURING TAPE BABUSHKA RED,2137.21,751,115
21617,4 LILY BOTANICAL DINNER CANDLES,2135.01,834,169
20764,ABSTRACT CIRCLES SKETCHBOOK,2134.76,685,193
22852,DOG BOWL VINTAGE CREAM,2132.63,481,155
23031,DRAWER KNOB CRACKLE GLAZE PINK,2132.5,1266,153
21232,STRAWBERRY CERAMIC TRINKET POT,2131.2200000000003,1369,125
21774,DECORATIVE CATS BATHROOM BOTTLE,2129.81,1711,368
22515,CHILDS GARDEN SPADE PINK,2129.7400000000002,1052,211
84670,JAPANESE CROCHETED ANIMAL,2128.72,5196,182
21643,ASSORTED TUTTI FRUTTI MIRROR,2127.94,1521,204
23005,TRAVEL CARD WALLET I LOVE LONDON,2126.55,4733,241
21195,PINK HONEYCOMB PAPER BALL,2122.66,997,150
21359,RELAX LARGE WOOD LETTERS,2116.48,208,73
21709,FOLDING UMBRELLA CHOC/WHITE SPOT,2115.77,533,49
21245,GREEN POLKADOT PLATE,2113.19,1259,158
85099b,JUMBO BAG RED RETROSPOT,2111.64,419,25
23046,PAPER LANTERN 9 POINT DELUXE STAR,2111.4900000000002,349,36
85114A,BLACK ENCHANTED FOREST PLACEMAT,2110.9,1270,103
23232,WRAP VINTAGE LEAF DESIGN,2109.42,5251,134
22913,RED COAT RACK PARIS FASHION,2107.85,450,122
23233,WRAP POPPIES DESIGN,2105.5,5175,158
22279,POCKET BAG BLUE PAISLEY RED SPOT,2104.62,1440,214
84676,BATH DUCK WATERING CAN,2102.46,848,110
40018F,CHERRY DESIGN PAPERLANTERNS,2100.33,1092,117
22996,TRAVEL CARD WALLET VINTAGE TICKET,2094.93,4801,408
23315,IVORY REFECTORY CLOCK,2094.24,213,86
23251,VINTAGE RED ENAMEL TRIM MUG,2090.75,1700,119
23438,RED SPOT GIFT BAG LARGE,2089.92,1713,103
22859,EASTER TIN BUNNY BOUQUET,2085.75,1250,165
21865,PINK UNION JACK PASSPORT COVER,2085.64,896,297
22308,TEA COSY BLUE STRIPE,2085.05,677,214
79323S,SILVER CHERRY LIGHTS,2084.32,334,56
21070,VINTAGE BILLBOARD MUG,2083.46,2034,229
72799F,IVORY PILLAR CANDLE GOLD FLOCK,2082.7400000000002,1125,102
23526,DOG LICENCE WALL ART,2081.64,408,29
23152,IVORY SWEETHEART WIRE LETTER RACK,2080.65,554,159
84854,GIRLY PINK TOOL SET,2079.4700000000003,381,110
22023,EMPIRE BIRTHDAY CARD,2076.77,4975,430
20983,12 PENCILS TALL TUBE RED SPOTTY,2074.06,2358,258
84796A,PINK HAWAIIAN PICNIC HAMPER FOR 2,2072.95,284,111
23536,VILLAGE SHOW WALL ART,2072.42,386,18
23370,SET 36 COLOURING PENCILS DOILY,2070.35,1485,147
22695,WICKER WREATH SMALL,2070.15,1457,225
23360,SET 8 CANDLES VINTAGE DOILY,2070.1,1060,107
23227,FILIGREE HEART BUTTERFLY WHITE,2070.06,1642,117
21619,4 VANILLA BOTANICAL CANDLES,2069.02,1131,212
22191,EAU DE NIL DINER WALL CLOCK,2067.2,248,119
85049H,URBAN BLACK RIBBONS,2067.18,2066,334
22935,BAKING MOULD ROSE MILK CHOCOLATE,2066.82,690,65
21200,MULTICOLOUR HONEYCOMB PAPER GARLAND,2065.16,1421,126
21706,FOLDING UMBRELLA RED/WHITE POLKADOT,2063.39,432,150
84990,60 GOLD AND SILVER FAIRY CAKE CASES,2062.19,4248,193
23291,DOLLY GIRL CHILDRENS CUP,2059.03,1634,195
21077,SET/20 WOODLAND PAPER NAPKINS,2058.1,2790,192
21058,PARTY INVITES WOODLAND,2055.5899999999997,2396,275
22400,MAGNETS PACK OF 4 HOME SWEET HOME,2049.56,2450,234
21640,ASSORTED TUTTI FRUTTI FOB NOTEBOOK,2049.4,2225,205
84968D,SET OF 16 VINTAGE RED CUTLERY,2043.95,185,68
84509B,SET OF 4 FAIRY CAKE PLACEMATS,2042.73,542,168
84459A,PINK METAL CHICKEN HEART,2041.69,1263,201
22928,YELLOW GIANT GARDEN THERMOMETER,2041.3500000000001,296,118
23500,KEY RING BASEBALL BOOT ASSORTED,2038.33,1626,98
85016,SET OF 6 VINTAGE NOTELETS KIT,2033.33,1679,167
23490,T-LIGHT HOLDER HANGING LOVE BIRD,2032.77,542,101
21348,PINK SPOTS CHOCOLATE NESTING BOXES,2030.8400000000001,842,133
21612,SET 12 WILDFLOWER BOTANICAL T-LIGHT,2025.7700000000002,698,113
22261,FELT EGG COSY WHITE RABBIT,2024.35,2105,243
22211,WOOD STAMP SET FLOWERS,2022.35,1531,291
22799,SWEETHEART WIRE FRUIT BOWL,2020.84,253,108
23268,SET OF 2 CERAMIC CHRISTMAS REINDEER,2018.1399999999999,1639,90
23543,KEEP CALM WALL ART,2015.97,269,20
21356,TOAST ITS - FAIRY FLOWER,2014.1599999999999,1592,349
23289,DOLLY GIRL CHILDRENS BOWL,2013.7,1622,191
22201,FRYING PAN BLUE POLKADOT,2013.18,508,165
22520,CHILDS GARDEN TROWEL BLUE,2011.28,2297,372
37476,CONDIMENT TRAY 4 BOWLS AND 4 SPOONS,2010.6,209,77
22853,CAT BOWL VINTAGE CREAM,2008.77,581,141
23358,HOT STUFF HOT WATER BOTTLE,2008.38,594,89
21389,IVORY HANGING DECORATION BIRD,2008.09,2299,261
79323G,GOLD CHERRY LIGHTS,2007.88,314,61
35953,FOLKART STAR CHRISTMAS DECORATIONS,2007.22,3868,155
23066,SMALL DECO JEWELLERY STAND,2005.81,243,79
21504,SKULLS GREETING CARD,2005.02,4913,329
23274,STAR T-LIGHT HOLDER WILLIE WINKIE,2004.9999999999998,1180,119
47591C,BLUE FAIRY CAKE CHILD'S APRON,2004.6299999999999,1047,155
20686,DOLLY MIXTURE CHILDREN'S UMBRELLA,2002.84,590,186
22932,BAKING MOULD TOFFEE CUP CHOCOLATE,2000.88,884,72
22496,SET OF 2 ROUND TINS DUTCH CHEESE,1996.0900000000001,731,193
22903,CALENDAR FAMILY FAVOURITES,1994.96,725,78
20703,BLUE PADDED SOFT MOBILE,1993.47,471,169
22521,CHILDS GARDEN TROWEL PINK,1987.9299999999998,2289,371
84872A,TEATIME FUNKY FLOWER BACKPACK FOR 2,1983.54,181,105
23357,HOT WATER BOTTLE SEX BOMB,1982.05,450,102
85217,ASSORTED ICE CREAM FRIDGE MAGNETS,1981.8500000000001,2869,164
22068,BLACK PIRATE TREASURE CHEST,1979.82,1112,276
22466,FAIRY TALE COTTAGE NIGHT LIGHT,1979.34,976,115
20665,RED RETROSPOT PURSE,1978.1700000000003,599,192
20871,OPULENT VELVET SET/3 CANDLES,1978.05,1273,127
22599,CHRISTMAS MUSICAL ZINC STAR,1976.8799999999999,3119,189
84828,JUNGLE POPSICLES ICE LOLLY HOLDERS,1976.31,1543,200
22451,SILK PURSE RUSSIAN DOLL RED,1975.27,605,88
21630,FLOOR CUSHION ELEPHANT CARNIVAL,1973.3899999999999,162,95
79160,HEART SHAPE WIRELESS DOORBELL,1973.0700000000002,944,210
17084R,ASSORTED INCENSE PACK,1968.45,10625,66
21657,MILK BOTTLE WITH GLASS STOPPER,1967.38,257,118
20674,GREEN SPOTTY BOWL,1963.44,1564,214
22405,MONEY BOX POCKET MONEY DESIGN,1963.38,1618,215
22931,BAKING MOULD HEART WHITE CHOCOLATE,1963.3,813,129
23374,RED SPOT PAPER GIFT BAG,1962.83,2456,131
22719,GUMBALL MONOCHROME COAT RACK,1962.83,1447,231
21082,SET/20 FRUIT SALAD PAPER NAPKINS,1960.45,7183,163
23228,FILIGREE HEART BIRD WHITE,1960.0,1492,125
20846,ZINC HEART LATTICE T-LIGHT HOLDER,1956.81,1453,169
23145,ZINC T-LIGHT HOLDER STAR LARGE,1956.68,2060,167
22614,PACK OF 12 SPACEBOY TISSUES,1954.2999999999997,5726,368
21695,SMALL SILVER FLOWER CANDLE POT,1952.1800000000003,630,102
22098,BOUDOIR SQUARE TISSUE BOX,1952.04,2865,309
22262,FELT EGG COSY CHICKEN,1947.82,2026,306
35971,ROSE FOLKART HEART DECORATIONS,1947.74,1963,217
20984,12 PENCILS TALL TUBE POSY,1940.9599999999998,5867,245
21803,CHRISTMAS TREE STAR DECORATION,1938.96,4463,322
46775D,SUNSET COLOUR CHUNKY KNITTED THROW,1938.1899999999998,153,95
22802,FAUX FUR CHOCOLATE THROW,1933.59,110,62
15058B,PINK POLKADOT GARDEN PARASOL,1932.97,234,100
21991,BOHEMIAN COLLAGE STATIONERY SET,1927.54,1103,289
23231,WRAP DOILEY DESIGN,1927.26,4703,164
20716,PARTY FOOD SHOPPER BAG,1925.04,1533,246
23094,LE GRAND TRAY CHIC SET,1924.92,152,79
21538,DAIRY MAID PUDDING BOWL,1924.51,1308,51
21043,APRON MODERN VINTAGE COTTON,1921.03,677,141
84581,DOG TOY WITH PINK CROCHET SKIRT,1920.02,506,234
21802,CHRISTMAS TREE HEART DECORATION,1917.2,4377,323
22753,SMALL YELLOW BABUSHKA NOTEBOOK,1915.2099999999998,2332,404
21112,SWISS ROLL TOWEL PINK SPOTS,1913.6899999999998,706,39
22291,HANGING CHICK CREAM DECORATION,1913.35,1293,122
22438,BALLOON ART MAKE YOUR OWN FLOWERS,1913.22,1459,170
40001,WHITE BAMBOO RIBS LAMPSHADE,1911.6499999999999,2484,121
22832,BROCANTE SHELF WITH HOOKS,1910.55,173,82
20684,STRAWBERRY DREAM CHILDS UMBRELLA,1910.06,580,176
21692,SILVER LATTICE VANILLA CANDLE POT,1906.62,502,111
22453,MEASURING TAPE BABUSHKA BLUE,1906.1100000000001,698,116
22522,CHILDS GARDEN FORK BLUE,1905.81,2240,335
85162B,BLACK RETRODISC LAMPSHADE,1905.15,977,13
84968E,SET OF 16 VINTAGE BLACK CUTLERY,1905.03,164,60
23155,KNICKERBOCKERGLORY MAGNET ASSORTED,1904.7700000000002,2221,135
84763,ZINC FINISH 15CM PLANTER POTS,1903.0,1517,170
21773,DECORATIVE ROSE BATHROOM BOTTLE,1899.4,1642,308
21647,ASSORTED TUTTI FRUTTI LARGE PURSE,1899.2800000000002,848,144
22210,WOOD STAMP SET BEST WISHES,1898.4199999999998,1586,287
23491,VINTAGE JINGLE BELLS HEART,1897.76,228,78
84519B,CARROT CHARLIE+LOLA COASTER SET,1895.3700000000001,867,214
22513,DOORSTOP FOOTBALL DESIGN,1894.7,587,172
16169E,WRAP 50'S CHRISTMAS,1892.46,4563,149
23068,ALUMINIUM STAMPED HEART,1892.2300000000002,779,130
21659,GLASS CAKE STAND,1891.7,120,66
21581,SKULLS DESIGN COTTON TOTE BAG,1890.74,1172,203
21445,12 PINK ROSE PEG PLACE SETTINGS,1887.23,1519,146
22602,RETROSPOT WOODEN HEART DECORATION,1886.28,2076,246
23235,STORAGE TIN VINTAGE LEAF,1886.1,712,102
21540,DAIRY MAID BUTTER DISH,1885.33,1209,39
23128,FELTCRAFT BOY JEAN-PAUL KIT,1884.76,366,127
23434,3 RAFFIA RIBBONS 50'S CHRISTMAS,1884.17,2095,199
22523,CHILDS GARDEN FORK PINK,1882.29,2184,353
85231B,CINAMMON SET OF 9 T-LIGHTS,1877.84,2054,384
23394,POSTE FRANCE CUSHION COVER,1877.65,435,150
22858,EASTER TIN KEEPSAKE,1877.34,1135,139
84856S,SMALL TAHITI BEACH BAG,1877.21,467,33
21983,PACK OF 12 BLUE PAISLEY TISSUES,1875.0199999999998,6118,325
21085,SET/6 WOODLAND PAPER CUPS,1872.68,13731,66
21687,SILVER PLATE CANDLE BOWL LARGE,1871.23,477,101
16016,LARGE CHINESE STYLE SCISSOR,1870.7,2314,106
23090,VINTAGE GLASS T-LIGHT HOLDER,1870.0300000000002,2237,149
23075,PARLOUR CERAMIC WALL HOOK,1869.0,450,75
21091,SET/6 WOODLAND PAPER PLATES,1868.7,13700,47
21613,S/12 VANILLA BOTANICAL T-LIGHTS,1861.4500000000003,632,145
21287,SCENTED VELVET LOUNGE CANDLE,1860.0,4107,93
21677,HEARTS STICKERS,1859.3799999999999,2125,279
21841,BABY MOUSE RED GINGHAM DRESS,1857.47,437,132
20772,GARDEN PATH JOURNAL,1848.73,970,161
21547,CERAMIC BIRDHOUSE CRESTED TIT SMALL,1848.4700000000003,719,119
84797B,BLUE SAVANNAH PICNIC HAMPER FOR 4,1845.2,323,33
85162C,WHITE RETRODISC LAMPSHADE,1841.7,904,46
22565,FELTCRAFT HAIRBANDS PINK AND WHITE,1840.9899999999998,2014,272
23378,PACK OF 12 50'S CHRISTMAS TISSUES,1840.08,3997,176
21894,POTTING SHED SEED ENVELOPES,1836.14,1320,247
21357,TOAST ITS - DINOSAUR,1827.76,1388,211
22317,FIVE CATS HANGING DECORATION,1827.64,587,167
23109,LED TEA LIGHTS,1826.76,634,65
85173,SET/6 FROG PRINCE T-LIGHT CANDLES,1826.07,1018,150
85164B,BLACK BAROQUE CUCKOO CLOCK,1825.1799999999998,140,65
21618,4 WILDFLOWER BOTANICAL CANDLES,1823.74,698,139
84327A,PINK JUMPER LARRY THE LAMB,1820.27,959,123
21088,SET/6 FRUIT SALAD PAPER CUPS,1816.73,16615,136
22586,FELTCRAFT HAIRBAND PINK AND BLUE,1815.1399999999999,2087,295
21109,"LARGE CAKE TOWEL, CHOCOLATE SPOTS",1814.82,248,119
21761,WOOD AND GLASS MEDICINE CABINET,1814.75,65,24
21123,SET/10 IVORY POLKADOT PARTY CANDLES,1814.59,1490,172
21384,IVORY HANGING DECORATION BUTTERFLY,1810.1899999999998,1917,150
21161,KEEP OUT BOYS DOOR HANGER,1806.05,2360,206
22307,GOLD MUG BONE CHINA TREE OF LIFE,1804.11,1199,118
90167,BEADED LOVE HEART JEWELLERY SET,1801.17,2197,111
21280,VINTAGE KITCHEN PRINT VEGETABLES,1800.44,3333,70
22770,MIRROR CORNICE,1799.62,112,71
21039,RED SPOTTY SHOPPING BAG,1798.04,686,116
22454,MEASURING TAPE RUSSIAN DOLL RED,1796.4200000000003,654,64
23160,REGENCY TEA SPOON,1794.48,1450,76
21158,MOODY GIRL DOOR HANGER,1792.6599999999999,2587,310
22254,FELT TOADSTOOL LARGE,1792.21,1398,148
22922,FRIDGE MAGNETS US DINER ASSORTED,1789.1999999999998,2073,113
22166,WALL MIRROR RECTANGLE DIAMANTE PINK,1781.97,221,98
84748,FOLK FELT HANGING MULTICOL GARLAND,1781.1200000000001,1170,93
20729,RED SPOTTY CANDY BAG,1778.12,5262,121
23317,BLUE REFECTORY CLOCK,1777.46,173,82
21548,CERAMIC BIRDHOUSE FINCH BLUE ROOF,1776.1200000000001,682,107
23148,MINIATURE ANTIQUE ROSE HOOK IVORY,1775.5100000000002,2091,243
21241,GREEN SPOTTY CUP,1774.72,2102,250
79302M,"ART LIGHTS,FUNK MONKEY",1774.18,624,107
84507B,STRIPES DESIGN MONKEY DOLL,1764.03,1349,115
22533,MAGIC DRAWING SLATE BAKE A CAKE,1763.2,4471,230
47566b,TEA TIME PARTY BUNTING,1761.26,212,113
22422,TOOTHPASTE TUBE PEN,1760.94,2743,354
22103,MIRROR MOSAIC T-LIGHT HOLDER ROUND,1760.64,1746,71
21163,DO NOT TOUCH MY STUFF DOOR HANGER,1757.9199999999998,2800,253
22209,WOOD STAMP SET HAPPY BIRTHDAY,1753.9399999999998,1415,257
23372,SET 36 COLOUR PENCILS DOLLY GIRL,1750.29,1389,147
21652,GLASS ETCHED T-LIGHT HOLDER MEDIUM,1747.9399999999998,896,78
84535B,FAIRY CAKES NOTEBOOK A6 SIZE,1747.76,2718,329
23359,SET OF 12 T-LIGHTS VINTAGE DOILY,1747.51,929,73
21205,MULTICOLOUR 3D BALLS GARLAND,1746.97,669,144
22166,"WALL MIRROR , RECT DIAMANTE, PINK/",1746.78,219,61
21780,MA CAMPAGNE 4 DRAWER WALL SHELF,1745.85,203,32
85060,WOOD FAN WITH FLOWER DESIGN,1745.62,1448,87
23399,HOME SWEET HOME HANGING HEART,1745.55,1914,225
21000,ROSE DU SUD COSMETICS BAG,1744.98,690,94
21637,ASSORTED SANSKRIT MINI NOTEBOOK,1741.72,1358,93
20767,BLUE PAISLEY JOURNAL,1741.6100000000001,812,179
22535,MAGIC DRAWING SLATE BUNNIES,1741.53,4214,293
21760,FRENCH STYLE WALL DRESSER,1740.0,15,12
23101,SILVER STARS TABLE DECORATION,1739.63,2031,213
84006,MAGIC TREE -PAPER FLOWERS,1738.07,1856,212
23096,PETIT TRAY CHIC,1736.6899999999998,1033,146
21662,VINTAGE GLASS COFFEE CADDY,1735.0500000000002,270,107
23181,BULL DOG BOTTLE TOP WALL CLOCK,1733.57,201,82
22035,VINTAGE CARAVAN GREETING CARD,1731.24,4083,360
84843,WHITE SOAP RACK WITH 2 BOTTLES,1731.06,280,110
84509G,SET OF 4 FAIRY CAKE PLACEMATS,1729.9,720,132
21620,SET OF 4 ROSE BOTANICAL CANDLES,1729.61,960,184
21090,SET/6 COLLAGE PAPER PLATES,1729.09,3107,278
21927,BLUE/CREAM STRIPE CUSHION COVER,1728.24,1260,192
23122,PARTY CHARMS 50 PIECES,1726.09,2251,133
22676,FRENCH BLUE METAL DOOR SIGN 1,1722.31,1279,234
85185B,PINK HORSE SOCK PUPPET,1719.5600000000002,551,168
22354,RETRO SPOT PADDED SEAT CUSHION,1718.93,475,56
21895,POTTING SHED SOW 'N' GROW SET,1718.63,555,85
22026,BANQUET BIRTHDAY CARD,1717.47,4029,366
21281,VINTAGE KITCHEN PRINT SEAFOOD,1716.8,3680,67
10125,MINI FUNKY DESIGN TAPES,1715.78,2103,167
21275,ZINC TOP 2 DOOR WOODEN SHELF,1714.48,249,55
85127,SMALL SQUARE CUT GLASS CANDLESTICK,1710.67,276,81
22934,BAKING MOULD EASTER EGG WHITE CHOC,1707.47,589,78
23073,GEORGIAN TRINKET BOX,1706.5,143,61
20990,SPRING FLOWER CHOPSTICKS SET/5,1706.1399999999999,895,103
22516,CHILDS GARDEN RAKE BLUE,1700.6000000000001,840,163
22123,PING MICROWAVE APRON,1700.1399999999999,655,166
21394,RED POLKADOT BEAKER,1698.8799999999999,3920,134
21189,WHITE HONEYCOMB PAPER GARLAND,1698.8799999999999,797,123
22319,HAIRCLIPS FORTIES FABRIC ASSORTED,1698.04,2987,174
22286,"DECORATION , WOBBLY RABBIT , METAL",1696.29,1107,128
22198,"POPCORN HOLDER , LARGE",1696.2099999999998,1008,92
84795A,PASTEL STRIPE HAMMOCK,1696.02,208,70
22706,WRAP COWBOYS,1693.24,4222,125
21629,SQUARE FLOOR CUSHION VINTAGE RED,1690.8999999999999,158,91
21786,RAIN HAT WITH RED SPOTS,1688.2,4457,157
20996,JAZZ HEARTS ADDRESS BOOK,1686.79,6311,335
22587,FELTCRAFT HAIRBAND RED AND BLUE,1686.51,1908,302
21576,LETS GO SHOPPING COTTON TOTE BAG,1686.19,732,205
85221,ASSORTED COLOUR SILK COIN PURSE,1685.46,3558,47
70007,HI TEC ALPINE HAND WARMER,1684.58,1306,205
21251,DINOSAUR HEIGHT CHART STICKER SET,1683.93,595,132
22416,SET OF 36 DOILIES SPACEBOY DESIGN,1682.57,1210,112
22975,SPACEBOY CHILDRENS EGG CUP,1679.66,1245,193
23368,SET 12 COLOUR PENCILS DOLLY GIRL,1679.55,2379,232
46776F,WOVEN ROSE GARDEN CUSHION COVER,1675.73,487,157
72816,SET/3 CHRISTMAS DECOUPAGE CANDLES,1671.52,1344,136
23214,JINGLE BELL HEART ANTIQUE GOLD,1670.0800000000002,777,102
21446,12 RED ROSE PEG PLACE SETTINGS,1669.83,1258,232
15058A,BLUE POLKADOT GARDEN PARASOL,1668.49,200,89
22673,FRENCH GARDEN SIGN BLUE METAL,1667.5,1320,195
35809A,ENAMEL PINK TEA CONTAINER,1666.78,1137,177
21382,SET/4 SPRING FLOWER DECORATION,1665.66,1238,152
22804,PINK HANGING HEART T-LIGHT HOLDER,1664.16,880,76
21633,SUNFLOWER DECORATIVE PARASOL,1663.11,175,72
85039A,SET/4 RED MINI ROSE CANDLE IN BOWL,1661.37,1448,251
21162,TOXIC AREA DOOR HANGER,1655.8799999999999,2402,285
20752,RETRO BLUE SPOTTY WASHING UP GLOVES,1655.74,965,156
21278,VINTAGE KITCHEN PRINT PUDDINGS,1654.45,2758,118
21294,ETCHED GLASS COASTER,1653.75,2246,139
23505,PLAYING CARDS I LOVE LONDON,1651.29,1200,115
23273,HEART T-LIGHT HOLDER WILLIE WINKIE,1649.0499999999997,969,112
21426,WOODLAND STORAGE BOX SMALL,1647.07,1028,99
23270,SET OF 2 CERAMIC PAINTED HEARTS,1646.32,1270,126
21332,MOROCCAN BEATEN METAL MIRROR,1644.17,270,50
21645,ASSORTED TUTTI FRUTTI ROUND BOX,1642.6499999999999,969,133
22025,RING OF ROSES BIRTHDAY CARD,1641.64,3970,288
21448,12 DAISY PEGS IN WOOD BOX,1640.1699999999998,955,211
21545,CERAMIC BIRDHOUSE BUTTERFLY SMALL,1640.1200000000001,697,82
37441,ASSORTED WHITE EMBOSSED CHINA MUGS,1639.8,700,54
22410,MONEY BOX HOUSEKEEPING DESIGN,1637.46,1339,196
85180A,RED HEARTS LIGHT CHAIN,1636.42,629,99
23483,HANGING BUTTERFLY T-LIGHT HOLDER,1636.36,1328,73
21541,DINOSAURS WATER TRANSFER TATTOOS,1636.24,1907,201
23366,SET 12 COLOURING PENCILS DOILY,1636.1,2200,191
23348,CHILDRENS TOY COOKING UTENSIL SET,1633.81,746,168
35241,ENAMEL BLUE RIM BISCUIT BIN,1631.42,309,130
21593,SWALLOW CIGAR BOX MATCHES,1629.31,1391,94
21283,NATURAL BARK CANDLE SMALL,1629.2,512,81
85036C,ROSE 1 WICK MORRIS BOXED CANDLE,1629.02,878,128
21793,CLASSIC FRENCH STYLE BASKET BROWN,1627.3600000000001,353,102
21039,RED RETROSPOT SHOPPING BAG,1625.6100000000001,627,112
23391,I LOVE LONDON MINI BACKPACK,1624.02,388,86
84619,BLUE GINGHAM ROSE QUILT,1622.96,72,29
21837,CROSS STITCH ALPHABET CUSHION COVER,1622.64,244,91
21279,VINTAGE KITCHEN PRINT FRUITS,1621.83,3527,101
72817,SET OF 2 CHRISTMAS DECOUPAGE CANDLE,1621.28,1513,208
84997b,RED 3 PIECE RETROSPOT CUTLERY SET,1621.02,192,23
85131A,BEADED PEARL HEART WHITE ON STICK,1619.23,2025,199
22559,SEASIDE FLYING DISC,1616.33,1279,179
21656,RIDGED GLASS POSY VASE,1614.54,985,140
23217,LAUREL HEART ANTIQUE SILVER,1613.82,1309,97
48195,DOOR MAT GREEN PAISLEY,1613.56,268,86
22292,HANGING CHICK YELLOW DECORATION,1608.86,1139,113
35810A,ENAMEL PINK COFFEE CONTAINER,1604.74,1205,171
82615,PINK MARSHMALLOW SCARF KNITTING KIT,1603.97,582,90
23287,RED VINTAGE SPOT BEAKER,1603.3899999999999,1879,198
21542,WOODLAND WATER TRANSFER TATTOOS,1600.75,1877,190
20802,SMALL GLASS SUNDAE DISH CLEAR,1596.81,1051,116
23226,FILIGREE HEART DAISY WHITE,1596.67,1247,98
22260,FELT EGG COSY BLUE RABBIT,1594.77,1557,241
23244,ROUND STORAGE TIN VINTAGE LEAF,1593.58,864,103
84913B,MINT GREEN ROSE TOWEL,1593.29,420,200
21694,SMALL REGAL SILVER CANDLEPOT,1593.16,556,70
21986,PACK OF 12 PINK POLKADOT TISSUES,1591.9399999999998,5159,272
35471D,SET OF 3 BIRD LIGHT PINK FEATHER,1591.86,2241,348
35160,BUDDHA INCENSE HOLDER ASSORTED,1590.64,2180,56
21383,PACK OF 12 STICKY BUNNIES,1590.43,2204,323
22106,MIRROR MOSAIC HURRICANE LAMP,1589.98,509,79
22517,CHILDS GARDEN RAKE PINK,1589.41,806,152
22597,CHRISTMAS MUSICAL ZINC HEART,1586.49,1850,115
22099,CARAVAN SQUARE TISSUE BOX,1585.46,2123,291
85170A,SET/6 IVORY BIRD T-LIGHT CANDLES,1585.06,848,84
23369,SET 36 COLOUR PENCILS LOVE LONDON,1581.06,1105,126
85222,ASSORTED COLOUR SILK COSMETIC PURSE,1579.68,1406,50
21123,SET/10 IVORY SPOTTY PARTY CANDLES,1578.47,1261,80
37342,POLKADOT COFFEE CUP & SAUCER PINK,1577.6200000000001,1589,117
21675,BUTTERFLIES STICKERS,1576.84,1782,268
22608,PENS ASSORTED FUNKY JEWELED,1573.81,5735,170
21631,HIPPY CHIC DECORATIVE PARASOL,1571.75,221,54
21092,SET/6 STRAWBERRY PAPER PLATES,1571.5,12846,28
22705,WRAP GREEN PEARS,1567.86,3733,151
23462,ROCOCO WALL MIRROR WHITE,1567.1399999999999,78,45
15059A,ENGLISH ROSE EDWARDIAN PARASOL,1567.0,509,4
79323B,BLACK CHERRY LIGHTS,1565.7,242,58
21550,CERAMIC BIRDHOUSE CRESTED TIT LARGE,1565.51,295,64
21867,PINK UNION JACK LUGGAGE TAG,1562.87,1144,288
21925,UNION STRIPE CUSHION COVER,1562.33,1201,167
84536B,FAIRY CAKES NOTEBOOK A7 SIZE,1561.49,3514,400
21579,LOLITA DESIGN COTTON TOTE BAG,1560.85,1029,136
21972,SET OF 36 DINOSAUR PAPER DOILIES,1560.82,1055,171
85194L,HANGING SPRING FLOWER EGG LARGE,1560.6299999999999,1818,147
21276,TWO EMBOSSED HEART MINI DRAWERS,1558.94,677,29
84789,ENCHANTED BIRD PLANT CAGE,1558.39,445,124
72803A,ROSE SCENT CANDLE JEWELLED DRAWER,1553.5,724,97
22450,SILK PURSE BABUSHKA BLUE,1552.3500000000001,459,111
21710,FOLDING UMBRELLA PINK/WHITE SPOT,1549.34,584,49
21289,LARGE STRIPES CHOCOLATE GIFT BAG,1549.31,1413,102
20766,GARDEN PATH SKETCHBOOK,1548.47,518,155
84919,BLUE CUSHION COVER WITH FLOWER,1545.53,283,39
16033,MINI HIGHLIGHTER PENS,1544.52,15121,50
22982,PANTRY PASTRY BRUSH,1543.77,1154,212
21610,SET 12 PEAR BOTANICAL T-LIGHTS,1543.67,542,97
75131,METAL TUBE CHIME ON BAMBOO,1543.03,1217,68
22343,PARTY PIZZA DISH RED RETROSPOT,1541.47,2797,153
20735,BLACK MINI TAPE MEASURE,1540.29,1516,203
84795D,SEASIDE STRIPE HAMMOCK,1538.79,189,83
21246,RED RETROSPOT BIG BOWL,1534.78,326,108
20768,GREEN FERN JOURNAL,1534.19,767,149
23267,SET OF 4 SANTA PLACE SETTINGS,1531.95,1202,108
72008,FROSTED BOX 9 WHITE T-LIGHT CANDLES,1531.4,3819,215
20986,BLUE CALCULATOR RULER,1530.95,1217,204
22449,SILK PURSE RUSSIAN DOLL PINK,1530.6200000000001,461,91
85036B,CHOCOLATE 1 WICK MORRIS BOX CANDLE,1530.1599999999999,598,87
20902,VINTAGE KEEPSAKE BOX PARIS DAYS,1525.22,206,116
22337,ANGEL DECORATION PAINTED ZINC,1522.52,2473,146
21282,NATURAL BARK CANDLE LARGE,1522.28,356,69
22293,"SPRING DEC , HANGING CHICK GREEN",1516.9199999999998,1128,100
21099,SET/6 STRAWBERRY PAPER CUPS,1516.64,13290,33
85177,BASKET OF FLOWERS SEWING KIT,1514.78,1820,143
21785,RAIN PONCHO,1514.6299999999999,2005,100
21146,ANTIQUE GLASS RIDGED HANGING BALL,1513.6699999999998,789,58
21661,VINTAGE GLASS TEA CADDY,1511.3100000000002,239,98
22340,NOEL GARLAND PAINTED ZINC,1511.05,1799,184
22137,BATHROOM SET LOVE HEART DESIGN,1508.28,606,43
21634,ASSORTED MINI MADRAS NOTEBOOK,1507.74,1771,69
21002,ROSE DU SUD DRAWSTRING BAG,1507.22,417,184
84526,GIANT BLACK SUNGLASSES,1503.6399999999999,538,34
85159B,"WHITE TEA,COFFEE,SUGAR JARS",1503.5,659,88
23250,VINTAGE RED TRIM ENAMEL BOWL,1501.03,1155,108
21199,PINK HEART CONFETTI IN TUBE,1495.6999999999998,1305,149
23280,FOLDING BUTTERFLY MIRROR HOT PINK,1495.24,1867,152
21009,ETCHED GLASS STAR TREE DECORATION,1494.99,1047,102
21066,VINTAGE RED MUG,1494.67,2284,131
85160A,WHITE BIRD GARDEN DESIGN MUG,1493.75,8816,32
84856L,LARGE TAHITI BEACH BAG,1492.28,238,81
23334,IVORY WICKER HEART SMALL,1491.75,2271,130
22677,FRENCH BLUE METAL DOOR SIGN 2,1486.62,1091,208
21051,RIBBONS PURSE,1486.16,754,127
15058A,BLUE WHITE SPOTS GARDEN PARASOL,1485.24,276,59
23271,CHRISTMAS TABLE SILVER CANDLE SPIKE,1483.61,1715,103
21849,SILVER DIAMANTE PEN IN GIFT BOX,1483.51,633,134
23559,WOODLAND BUNNIES LOLLY MAKERS,1482.41,649,124
84510B,SET OF 4 FAIRY CAKES COASTERS,1481.05,1171,147
18098c,PORCELAIN BUTTERFLY OIL BURNER,1479.61,292,135
85125,SMALL ROUND CUT GLASS CANDLESTICK,1479.51,309,62
22546,MINI JIGSAW PURDEY,1478.56,3703,171
23392,SPACEBOY ROCKET LOLLY MAKERS,1475.03,662,113
22915,ASSORTED BOTTLE TOP MAGNETS,1474.52,3281,194
21851,LILAC DIAMANTE PEN IN GIFT BOX,1473.56,628,149
84616,SILVER ROCCOCO CHANDELIER,1472.62,72,25
21198,WHITE HEART CONFETTI IN TUBE,1472.3,1282,118
22912,YELLOW COAT RACK PARIS FASHION,1471.09,313,108
20734,SILVER MINI TAPE MEASURE,1470.62,1593,117
21869,POTTING SHED COFFEE MUG,1469.5800000000002,1264,111
84659A,WHITE TRAVEL ALARM CLOCK,1469.51,588,224
85198,ASSORTED FARMYARD ANIMALS IN BUCKET,1469.5,3859,51
22815,CARD PSYCHEDELIC APPLES,1468.53,3433,340
21801,CHRISTMAS TREE DECORATION WITH BELL,1467.6599999999999,3398,258
22976,CIRCUS PARADE CHILDRENS EGG CUP,1465.26,1127,149
20681,PINK POLKADOT CHILDRENS UMBRELLA,1464.29,405,135
23365,SET 12 COLOUR PENCILS LOVE LONDON,1463.08,1857,169
21644,ASSORTED TUTTI FRUTTI HEART BOX,1461.47,1087,137
21818,GLITTER CHRISTMAS HEART,1460.86,1727,143
22052,VINTAGE CARAVAN GIFT WRAP,1460.5,3525,128
23470,CARD HOLDER LOVE BIRD LARGE,1460.5,232,84
22929,SCHOOL DESK AND CHAIR,1459.75,23,17
22393,PAPERWEIGHT VINTAGE COLLAGE,1459.3700000000001,834,120
21410,COUNTRY COTTAGE DOORSTOP GREEN,1458.28,312,150
85098B,BLUE FLYING SINGING CANARY,1456.94,366,114
22228,BUNNY WOODEN PAINTED WITH BIRD,1456.6,1727,275
15056bl,EDWARDIAN PARASOL BLACK,1456.3200000000002,116,87
21065,BOOM BOX SPEAKER GIRLS,1455.3600000000001,608,118
84637,KITCHEN FLOWER POTS WALL PLAQUE,1454.49,585,114
21317,GLASS SPHERE CANDLE STAND MEDIUM,1453.4,357,74
20733,GOLD MINI TAPE MEASURE,1452.2,1927,294
21739,COSY SLIPPER SHOES SMALL GREEN,1451.8500000000001,494,177
85136C,RED SHARK HELICOPTER,1451.69,179,122
23086,ZINC STAR T-LIGHT HOLDER,1451.43,1225,47
22157,ANGEL DECORATION WITH LACE PADDED,1451.3999999999999,1698,124
85049a,TRADITIONAL CHRISTMAS RIBBONS,1451.24,434,51
23034,DRAWER KNOB CERAMIC BLACK,1448.6699999999998,979,88
22390,PAPERWEIGHT CHILDHOOD MEMORIES,1448.52,813,83
22986,GINGHAM ROSE WRAP,1445.98,3519,122
37343,SPOTS DESIGN MUG W PINK INSIDE,1445.78,917,74
21159,MOODY BOY DOOR HANGER,1445.37,2105,250
35637A,IVORY STRING CURTAIN WITH POLE,1445.05,551,53
85055,FRENCH ENAMEL UTENSIL HOLDER,1442.94,359,107
84313C,ORANGE TV TRAY TABLE,1442.3899999999999,548,73
84596G,SMALL CHOCOLATES PINK BOWL,1440.76,2226,348
22817,CARD SUKI BIRTHDAY,1434.9,3392,355
22249,DECORATION WHITE CHICK MAGIC GARDEN,1434.6599999999999,1636,243
22316,200 BENDY SKULL STRAWS,1432.82,1257,119
21561,DINOSAUR LUNCHBOX WITH CUTLERY,1429.9,570,113
22093,MOTORING TISSUE BOX,1429.87,2346,275
21292,SMALL STRIPES CHOCOLATE GIFT BAG,1427.11,2449,91
22396,MAGNETS PACK OF 4 RETRO PHOTO,1427.08,1895,184
85167B,BLACK GRAND BAROQUE PHOTO FRAME,1426.34,692,59
22071,SMALL RETRO SPOT MUG IN BOX WHITE,1426.13,383,81
22094,RED RETROSPOT TISSUE BOX,1424.1599999999999,2554,232
21495,SKULLS WRAP,1424.0,3400,109
35965,FOLKART HEART NAPKIN RINGS,1423.63,629,174
20761,BLUE PAISLEY SKETCHBOOK,1422.46,458,146
21807,WHITE CHRISTMAS STAR DECORATION,1422.45,3225,172
20801,LARGE PINK GLASS SUNDAE DISH,1422.0,1092,111
23057,BEADED CHANDELIER T-LIGHT HOLDER,1420.97,695,38
21532,DAIRY MAID SUGAR JAM BOWL,1419.71,1387,90
35004G,SET OF 3 GOLD FLYING DUCKS,1419.51,359,76
20840,FRENCH FLORAL CUSHION COVER,1419.09,885,93
22285,HANGING HEN ON NEST DECORATION,1418.82,828,114
22819,"BIRTHDAY CARD, RETRO SPOT",1418.12,3351,331
15034,PAPER POCKET TRAVELING FAN,1416.2600000000002,10153,255
85071A,BLUE CHARLIE+LOLA PERSONAL DOORSIGN,1415.69,1907,147
22333,RETRO SPOT PARTY BAG + STICKER SET,1412.25,938,34
23249,VINTAGE RED ENAMEL TRIM PLATE,1406.3,830,80
47503A,ASS FLORAL PRINT MULTI SCREWDRIVER,1405.51,2853,195
23119,PACK OF 6 LARGE FRUIT STRAWS,1401.7,2282,151
21358,TOAST ITS - HAPPY BIRTHDAY,1398.71,1129,222
21910,WAY OUT METAL SIGN,1398.1799999999998,1066,111
21828,EIGHT PIECE SNAKE SET,1396.6200000000001,1105,180
23055,IVORY CHANDELIER T-LIGHT HOLDER,1395.18,657,38
15058B,PINK WHITE SPOTS GARDEN PARASOL,1394.7,204,56
23040,PAPER LANTERN 9 POINT SNOW STAR,1394.03,253,41
22756,LARGE YELLOW BABUSHKA NOTEBOOK,1393.45,1204,215
85087,CANDY SPOT CUSHION COVER,1392.64,420,146
85017B,ENVELOPE 50 BLOSSOM IMAGES,1390.3899999999999,2231,317
47503K,ASSORTED FLORAL SECATEURS,1389.44,3177,42
22324,BLUE POLKADOT KIDS BAG,1389.06,568,151
22686,FRENCH BLUE METAL DOOR SIGN NO,1388.45,1076,180
22917,HERB MARKER ROSEMARY,1386.65,1996,252
85169A,IVORY LOVE BIRD CANDLE,1385.82,1252,151
22339,CHRISTMAS TREE PAINTED ZINC,1385.46,3521,145
20658,RED SPOTTY LUGGAGE TAG,1385.3,1000,195
23376,PACK OF 12 VINTAGE CHRISTMAS TISSUE,1384.9099999999999,3039,155
22250,DECORATION BUTTERFLY MAGIC GARDEN,1382.96,1521,257
84396,6 HOOK JEWELLERY STAND BLACK DRESS,1380.52,552,49
23104,IVORY CAFE HANGING LAMP,1380.42,116,45
23414,ZINC BOX SIGN HOME,1378.75,141,64
84562A,PINK/WHITE RIBBED MELAMINE JUG,1378.26,169,78
21011,GLITTER SNOW PEAR TREE DECORATION,1373.8,1840,118
90200D,PINK SWEETHEART BRACELET,1372.26,327,150
20704,MR ROBOT SOFT TOY,1371.42,361,80
23536,WALL ART VILLAGE SHOW,1369.71,240,67
46776B,WOVEN BERRIES CUSHION COVER,1369.23,428,153
20866,BLUE ROSE FABRIC MIRROR,1368.91,1280,191
23000,TRAVEL CARD WALLET TRANSPORT,1368.28,3169,278
84819,DANISH ROSE ROUND SEWING BOX,1368.26,908,95
21209,MULTICOLOUR HONEYCOMB FAN,1368.04,1476,137
21398,RED SPOTTY COFFEE MUG,1367.79,710,53
35599D,PINK AND WHITE CHRISTMAS TREE 120CM,1366.48,406,103
84685,BEACH HUT KEY CABINET,1366.17,435,125
23546,WRAP PAISLEY PARK,1365.0,3250,120
84665,SQUARE CHERRY BLOSSOM CABINET,1364.7,226,47
22916,HERB MARKER THYME,1363.38,1962,249
23221,REINDEER HEART DECORATION SILVER,1363.04,1536,145
16161U,"WRAP,SUKI AND FRIENDS",1363.0,3350,110
35649,VINTAGE BEAD COSMETIC BAG,1362.8999999999999,1826,53
21786,POLKADOT RAIN HAT,1360.83,3158,294
84965B,BLUE KASHMIRI COFFEE TABLE,1359.95,27,4
22269,EGG CUP NATURAL CHICKEN,1357.7,1521,204
21684,SMALL MEDINA STAMPED METAL BOWL,1357.61,1696,104
23469,CARD HOLDER LOVE BIRD SMALL,1355.24,332,72
22050,PINK PAISLEY ROSE GIFT WRAP,1354.0,3300,115
17129D,CLEAR COLOUR GLASS GEMS IN BAG,1351.18,1125,39
21059,PARTY INVITES DINOSAURS,1348.56,1596,221
84466,TOP SECRET PEN SET,1348.36,1256,73
21529,RETRO SPOT CERAMIC TOASTRACK,1346.0800000000002,383,103
20762,GREEN FERN SKETCHBOOK,1343.79,458,136
21822,GLITTER CHRISTMAS TREE WITH BELLS,1343.7,1010,142
22293,HANGING CHICK GREEN DECORATION,1343.28,906,125
84828,JUNGLE POPSICLES ICE LOLLY MOULDS,1338.8700000000001,960,153
21397,BLUE SPOTTY EGG CUP,1338.36,994,99
21190,PINK HEARTS PAPER GARLAND,1337.59,806,111
20993,JAZZ HEARTS MEMO PAD,1334.1100000000001,10967,32
20780,BLACK EAR MUFF HEADPHONES,1333.96,231,98
16235,RECYCLED PENCIL WITH RABBIT ERASER,1333.95,5827,310
22246,"GARLAND, MAGIC GARDEN 1.8M",1332.36,656,95
21580,RABBIT DESIGN COTTON TOTE BAG,1329.6299999999999,542,172
23538,WALL ART VINTAGE HEART,1329.54,331,32
20933,YELLOW POT PLANT CANDLE,1329.4900000000002,505,52
22446,PIN CUSHION BABUSHKA PINK,1329.48,497,153
85032D,YULETIDE IMAGES GIFT WRAP SET,1327.68,1148,133
23232,WRAP VINTAGE PETALS DESIGN,1327.5,3275,104
21775,DECORATIVE FLORE BATHROOM BOTTLE,1326.29,874,277
21926,RED/CREAM STRIPE CUSHION COVER,1325.27,1009,147
22202,MILK PAN PINK POLKADOT,1325.01,333,81
85032A,ROMANTIC IMAGES GIFT WRAP SET,1323.51,1441,161
22924,FRIDGE MAGNETS LA VIE EN ROSE,1323.4199999999998,1500,95
22918,HERB MARKER PARSLEY,1322.8600000000001,1925,249
21738,COSY SLIPPER SHOES SMALL RED,1322.63,422,131
22701,PINK DOG BOWL,1320.5700000000002,675,158
21157,RED SPOTTY WASHBAG,1319.96,586,132
85200,BUNNY EGG BOX,1319.09,1045,105
85135C,RED DRAGONFLY HELICOPTER,1317.92,162,111
22051,BLUE SCANDINAVIAN PAISLEY WRAP,1317.5,3175,116
85071B,RED CHARLIE+LOLA PERSONAL DOORSIGN,1316.48,2340,165
22923,FRIDGE MAGNETS LES ENFANTS ASSORTED,1314.8899999999999,1589,91
22977,DOLLY GIRL CHILDRENS EGG CUP,1313.86,999,140
20760,GARDEN PATH POCKET BOOK,1313.66,5550,81
84688,BEACH HUT DESIGN BLACKBOARD,1313.52,422,81
23373,VINTAGE CHRISTMAS PAPER GIFT BAG,1313.3899999999999,1608,100
35598D,PINK/WHITE CHRISTMAS TREE 60CM,1312.2,1727,103
23405,HOME SWEET HOME 2 DRAWER CABINET,1311.48,252,70
85232A,SET/3 POLKA DOT STACKING TINS,1311.42,262,94
22481,BLACK TEA TOWEL CLASSIC DESIGN,1309.81,1272,219
21277,FRENCH STYLE EMBOSSED HEART CABINET,1309.3899999999999,54,48
21842,PINK HEART CANDY BUTTON CALCULATOR,1308.74,551,47
20893,HANGING BAUBLE T-LIGHT HOLDER SMALL,1308.5900000000001,559,76
20798,CLEAR MILKSHAKE GLASS,1308.15,551,83
21945,STRAWBERRIES DESIGN FLANNEL,1307.1,1862,240
22893,MINI CAKE STAND T-LIGHT HOLDER,1306.09,2721,182
21219,SET/4 BADGES BALLOON GIRL,1303.27,1013,176
20738,GREEN MINI TAPE MEASURE,1301.72,1610,74
21248,DOOR HANGER MUM + DADS ROOM,1299.55,1043,158
85170D,SET/6 PINK BIRD T-LIGHT CANDLES,1296.36,723,151
22105,MIRROR MOSAIC GOBLET CANDLE HOLDER,1294.7,692,55
79191C,RETRO PLASTIC ELEPHANT TRAY,1293.76,1619,157
22232,JIGSAW TOADSTOOLS 3 PIECE,1292.59,1093,156
22267,EASTER DECORATION EGG BUNNY,1291.47,1472,117
22181,SNOWSTORM PHOTO FRAME FRIDGE MAGNET,1291.3799999999999,1538,138
22258,FELT FARM ANIMAL RABBIT,1291.05,1342,131
85006,SET 4 NURSERY DES ROUND BOXES,1289.31,3049,37
84609,TALL ROCOCO CANDLE HOLDER,1289.24,143,38
84569D,PACK 6 HEART/ICE-CREAM PATCHES,1287.54,1023,179
85141,JARDIN ETCHED GLASS FRUITBOWL,1286.44,182,71
85025C,PINK HEART SHAPE PHOTO FRAME,1285.9099999999999,720,125
17091A,LAVENDER INCENSE IN TIN,1285.8899999999999,2085,117
46776A,WOVEN BUBBLE GUM CUSHION COVER,1283.23,406,121
72818,CHRISTMAS DECOUPAGE CANDLE,1283.1299999999999,2394,127
46775E,CANDY POP CHUNKY KNITTED THROW,1282.9,101,51
82613D,METAL SIGN CUPCAKE SINGLE HOOK,1281.86,1186,271
22097,SWALLOW SQUARE TISSUE BOX,1281.75,2064,242
22543,MINI JIGSAW BAKE A CAKE,1281.49,3247,118
85231G,ORANGE SCENTED SET/9 T-LIGHTS,1281.31,1474,253
22214,CANDLE PLATE LACE WHITE,1279.79,549,92
84816,DANISH ROSE BEDSIDE CABINET,1278.3500000000001,33,20
22323,PINK POLKADOT KIDS BAG,1275.31,539,115
21425,SKULLS STORAGE BOX LARGE,1274.93,505,95
21759,METAL WALL SHELF UNIT WITH HOOKS,1274.47,30,13
47591d,PINK FAIRY CAKE CHILDRENS APRON,1274.3799999999999,253,72
23072,MARIE ANTOINETTE TRINKET BOX SILVER,1273.76,334,30
21537,RETRO SPOTS PUDDING BOWL,1273.26,294,74
16225,RATTLE SNAKE EGGS,1271.66,1520,165
35648,VINTAGE BEAD PINK PURSE,1270.93,1041,143
21549,CERAMIC BIRDHOUSE RED ROOF SMALL,1270.39,547,51
85163B,BLACK BAROQUE WALL CLOCK,1268.6599999999999,115,66
21689,SILVER VANILLA FLOWER CANDLE POT,1268.12,342,60
22732,3D STICKERS VINTAGE CHRISTMAS,1268.0,1060,38
20765,CHRYSANTHEMUM SKETCHBOOK,1265.06,442,146
20777,CHRYSANTHEMUM NOTEBOOK,1262.7,3660,169
21708,FOLDING UMBRELLA CREAM/MULTI SPOT,1260.25,379,53
23061,VINTAGE EMBOSSED HEART,1257.68,955,113
40003,WHITE BAMBOO RIBS LAMPSHADE,1257.02,1150,60
21063,PARTY INVITES JAZZ HEARTS,1256.27,1456,238
21145,ANTIQUE GLASS PLACE SETTING,1256.21,869,49
77101A,UNION FLAG WINDSOCK,1255.97,1082,88
22919,HERB MARKER MINT,1255.44,1800,248
20825,GOLD WINE GLASS,1255.08,361,7
35957,SMALLFOLKART BAUBLE CHRISTMAS DEC,1254.8999999999999,3565,148
23237,SET OF 4 KNICK KNACK TINS LEAVES,1253.78,306,54
20731,POSY CANDY BAG,1252.92,4142,73
23511,EMBROIDERED RIBBON REEL EMILY,1252.01,571,98
84967B,BLUE KASHMIRI OCCASIONAL TABLE,1249.45,24,11
85159A,"BLACK TEA,COFFEE,SUGAR JARS",1248.98,492,82
22280,POCKET BAG PINK PAISELY BROWN SPOT,1248.74,877,158
22062,CERAMIC BOWL WITH LOVE HEART DESIGN,1248.15,797,127
22450,SILK PURSE RUSSIAN DOLL BLUE,1245.93,375,69
22389,PAPERWEIGHT SAVE THE PLANET,1245.52,647,92
21752,GLASS CAKE STAND MIRRORED BASE,1244.81,77,37
22808,SET OF 6 T-LIGHTS EASTER CHICKS,1243.88,420,83
20707,CRAZY DAISY HEART DECORATION,1243.68,1613,199
79163,BLACK CHAMPAGNE GLASS,1240.83,1833,64
22827,GIANT SEVENTEEN DRAWER SIDEBOARD,1240.0,8,6
22545,MINI JIGSAW BUNNIES,1239.62,3019,175
22070,SMALL RETRO SPOT MUG IN BOX RED,1238.54,324,84
21175,GIN AND TONIC DIET METAL SIGN,1237.5,498,50
23067,HANGING ENGRAVED METAL HEART,1236.66,294,78
85162A,SILVER RETRODISC LAMPSHADE,1234.27,607,20
84969,ASSORTED COLOUR SET 6 TEASPOONS,1232.02,268,86
23138,SINGLE WIRE HOOK IVORY HEART,1231.51,879,82
22448,PIN CUSHION RUSSIAN DOLL RED,1230.67,395,36
84910A,PINK PAISLEY CUSHION COVER,1230.39,432,53
22678,FRENCH BLUE METAL DOOR SIGN 3,1230.38,920,184
21438,TUB 24 HANGING EASTER EGGS SPOTTY,1229.8200000000002,373,36
22921,HERB MARKER CHIVES,1226.72,1771,220
85135B,BLUE DRAGONFLY HELICOPTER,1226.51,151,115
21253,SET OF PICTURE FRAME STICKERS,1225.17,332,122
22094,RED POLKA DOT TISSUE BOX,1224.89,1003,107
16046,TEATIME PEN CASE & PENS,1223.5,10056,59
22290,STANDING METAL RABBIT WITH EGG,1223.02,670,78
23142,IVORY WIRE KITCHEN ORGANISER,1220.8200000000002,121,40
22216,T-LIGHT HOLDER WHITE LACE,1215.83,1396,116
23598,PAPER BUNTING VINTAGE PARTY,1215.53,427,47
48197,DOORMAT BIRD ON THE WIRE,1213.8700000000001,231,23
20752,BLUE POLKADOT WASHING UP GLOVES,1212.46,535,202
21490,SET OF THREE 50'S GIFT WRAPS,1210.6,637,55
22680,FRENCH BLUE METAL DOOR SIGN 5,1210.34,891,171
22233,JIGSAW RABBIT AND BIRDHOUSE,1210.11,949,164
84823,DANISH ROSE FOLDING CHAIR,1210.0,120,29
84687,BEACH HUT SHELF W 3 DRAWERS,1208.06,314,73
22265,EASTER DECORATION NATURAL CHICK,1207.8,1843,168
21396,RED SPOTTY EGG CUP,1205.25,948,77
20771,CHRYSANTHEMUM JOURNAL,1201.68,606,140
21904,HOUSE WRECKING METAL SIGN,1201.52,757,145
21130,COLOURFUL STANDING GNOME,1200.93,721,49
79066K,RETRO MOD TRAY,1200.25,1377,240
22256,FELT FARM ANIMAL CHICKEN,1200.07,933,119
23444,NEXT DAY CARRIAGE,1200.0,79,79
84658,WHITE STITCHED CUSHION COVER,1199.66,214,64
21883,STARS GIFT TAPE,1199.48,2348,226
23026,DRAWER KNOB VINTAGE GLASS STAR,1198.96,556,62
22448,PIN CUSHION BABUSHKA RED,1196.0600000000002,358,85
22403,MAGNETS PACK OF 4 VINTAGE LABELS,1195.8899999999999,1715,212
47591B,SCOTTIES CHILDRENS APRON,1195.22,754,183
84830,LARGE ENGLISH ARBORETUM,1195.15,113,7
85129D,BEADED CRYSTAL HEART PINK SMALL,1193.56,793,168
84625A,PINK NEW BAROQUECANDLESTICK CANDLE,1193.0,838,81
23071,MARIE ANTOINETTE TRINKET BOX GOLD,1192.6,314,18
22204,MILK PAN BLUE RETROSPOT,1192.13,311,77
22102,MIRROR MOSAIC T-LIGHT HOLDER,1191.69,1842,59
72232,FENG SHUI PILLAR CANDLE,1190.9199999999998,6268,118
84559A,3D SHEET OF DOG STICKERS,1190.1699999999998,1321,230
84750A,PINK SMALL GLASS CAKE STAND,1189.23,544,105
22733,3D STICKERS TRADITIONAL CHRISTMAS,1187.0,980,36
47503E,ASS FLORAL PRINT SCISSORS,1186.9,6842,25
20934,SET/3 POT PLANT CANDLES,1185.07,197,74
84815,SET OF 3 DANISH ROSE PLANTERS,1183.8200000000002,926,53
22761,CHEST 7 DRAWER MA CAMPAGNE,1182.78,48,34
23539,WALL ART LOVES' SECRET,1180.35,239,39
22597,MUSICAL ZINC HEART DECORATION,1179.59,2763,176
21806,WHITE CHRISTMAS HEART DECORATION,1179.4299999999998,2707,128
21312,LARGE CHUNKY GLASS ROMAN BOWL,1179.17,299,26
21530,DAIRY MAID TOASTRACK,1178.5,902,144
85130A,BEADED PEARL HEART WHITE LARGE,1176.29,685,86
23225,CHERUB HEART DECORATION SILVER,1176.17,1355,88
84674,FLYING PIG WATERING CAN,1175.93,460,106
21395,BLUE POLKADOT BEAKER,1174.1599999999999,2856,92
72819,CUPID DESIGN SCENTED CANDLES,1174.01,694,92
23431,NATURAL HANGING QUILTED HEARTS,1171.23,1449,72
22321,BIRD DECORATION RED RETROSPOT,1170.3999999999999,1261,164
22321,BIRD DECORATION RED SPOT,1169.55,1267,141
22048,BIRTHDAY BANQUET GIFT WRAP,1166.3,2815,102
23418,LAVENDER TOILETTE BOTTLE,1166.0,557,79
23515,EMBROIDERED RIBBON REEL DAISY,1164.98,579,71
84313B,BLUE TV TRAY TABLE,1164.04,227,83
21650,ASSORTED TUTTI FRUTTI BRACELET,1163.8,3204,197
23508,MINI PLAYING CARDS DOLLY GIRL,1163.45,2627,120
21649,ASSORTED TUTTI FRUTTI PHOTO FRAME,1162.89,421,29
37475,SET/4 COLOURFUL MIXING BOWLS,1160.56,116,72
21291,SMALL POLKADOT CHOCOLATE GIFT BAG,1159.44,1338,76
22253,6 CROCHET STRAWBERRIES,1158.28,964,86
21763,VINTAGE WOODEN BAR STOOL,1157.8999999999999,43,17
23566,EGG CUP MILKMAID HEIDI,1156.93,881,83
23507,MINI PLAYING CARDS BUFFALO BILL,1155.67,2882,119
23269,SET OF 2 CERAMIC CHRISTMAS TREES,1152.98,779,94
22264,FELT FARM ANIMAL WHITE BUNNY,1152.22,2014,168
84847,FLORAL BATHROOM SET,1149.73,2330,49
22806,SET OF 6 T-LIGHTS WEDDING CAKE,1149.0200000000002,430,57
35962,12 ASS ZINC CHRISTMAS DECORATIONS,1148.0500000000002,487,76
22814,CARD PARTY GAMES,1147.77,2728,295
21261,GREEN GOOSE FEATHER CHRISTMAS TREE,1146.1200000000001,283,77
21316,SMALL CHUNKY GLASS ROMAN BOWL,1146.1100000000001,693,47
22615,PACK OF 12 CIRCUS PARADE TISSUES,1145.8799999999999,3718,188
72598,SET/12 TAPER CANDLES,1145.76,1244,158
22040,BOTANICAL ROSE GIFT WRAP,1144.3,2815,94
20932,PINK POT PLANT CANDLE,1143.97,333,81
84750B,BLACK SMALL GLASS CAKE STAND,1142.02,609,78
22718,CARD CAT AND TREE,1141.36,2605,264
22786,CUSHION COVER PINK UNION JACK,1140.27,181,70
21366,MIRRORED WALL ART PHOTO FRAMES,1140.0,238,77
85110,BLACK SILVER FLOWER T-LIGHT HOLDER,1138.04,11520,23
84596E,SMALL LICORICE DES PINK BOWL,1137.84,1127,201
22731,3D STICKERS CHRISTMAS STAMPS,1137.0,940,34
21942,SKULLS DESIGN FLANNEL,1136.28,1672,221
37424,WHITE WITH BLACK CATS MUG,1134.68,5249,108
22230,JIGSAW TREE WITH WATERING CAN,1134.6399999999999,1657,193
22715,CARD WEDDING DAY,1133.93,2717,218
85118,HEART T-LIGHT HOLDER,1133.68,2054,81
22598,CHRISTMAS MUSICAL ZINC TREE,1131.85,1790,144
21555,CERAMIC STRAWBERRY TRINKET TRAY,1131.3700000000001,425,134
21413,PERIWINKLE T-LIGHT HOLDER,1131.14,3162,52
22739,"RIBBON REEL, XMAS SOCK/BAUBLE",1131.0,700,46
23506,MINI PLAYING CARDS SPACEBOY,1129.1200000000001,2723,146
37482B,CUBIC MUG BLUE POLKA DOT,1127.9099999999999,1251,9
22255,FELT TOADSTOOL SMALL,1127.11,1185,142
22985,"WRAP, BILLBOARD FONTS DESIGN",1126.22,2891,72
21040,MODERN VINTAGE COTTON SHOPPING BAG,1125.85,894,68
20700,GREEN CAT FLORAL CUSHION COVER,1125.05,420,103
85124C,GREEN JUICY FRUIT PHOTO FRAME,1123.89,426,121
20832,RED FLOCK LOVE HEART PHOTO FRAME,1122.6499999999999,1681,158
22252,BIRDCAGE DECORATION TEALIGHT HOLDER,1122.01,935,110
22984,CARD GINGHAM ROSE,1121.29,2753,167
85136A,YELLOW SHARK HELICOPTER,1121.28,138,106
85224,ASSORTED COLOUR SILK GLASSES CASE,1120.96,2004,61
23510,MINI PLAYING CARDS GYMKHANA,1118.8,2521,120
23411,TRELLIS COAT RACK,1118.6100000000001,227,56
17096,ASSORTED LAQUERED INCENSE HOLDERS,1117.0900000000001,6240,76
22287,"DECORATION , WOBBLY CHICKEN, METAL",1116.61,780,76
21746,SMALL RED SPOT WINDMILL,1116.44,852,76
21010,ETCHED GLASS BIRD TREE DECORATION,1114.76,850,83
23513,EMBROIDERED RIBBON REEL SUSIE,1114.26,566,70
47504H,ENGLISH ROSE SPIRIT LEVEL,1113.07,1028,140
20669,RED HEART LUGGAGE TAG,1111.89,797,214
47593B,SCOTTIE DOGS BABY BIB,1108.9299999999998,2147,304
23433,HANGING QUILTED PATCHWORK APPLES,1108.5800000000002,1258,89
84678,CLASSICAL ROSE SMALL VASE,1108.28,565,81
21707,FOLDING UMBRELLA BLACKBLUE POLKADOT,1107.94,230,103
84631,FRUIT TREE AND BIRDS WALL PLAQUE,1106.16,288,50
21944,KITTENS DESIGN FLANNEL,1106.01,1789,204
21666,RIDGED GLASS T-LIGHT HOLDER,1105.15,1760,85
22116,METAL SIGN HIS DINNER IS SERVED,1103.88,823,198
21202,DOLLY HONEYCOMB GARLAND,1103.48,854,66
84638,SMALL KITCHEN FLOWER POTS PLAQUE,1101.55,400,69
23375,50'S CHRISTMAS PAPER GIFT BAG,1100.6899999999998,1342,103
47587A,PINK FAIRY CAKE COASTER,1099.88,2706,26
22709,WRAP WEDDING DAY,1099.58,2799,77
22679,FRENCH BLUE METAL DOOR SIGN 4,1099.34,816,175
21131,GOLD STANDING GNOME,1098.86,276,49
21779,MA CAMPAGNE MINI WOODEN CHEST,1097.8000000000002,301,22
84358,FLOOR LAMP SHADE WOOD BASE,1097.48,121,29
85212,MINI PAINTED GARDEN DECORATION,1096.56,2831,121
37479B,CUBIC MUG FLOCK BLUE ON BROWN,1095.8500000000001,1253,32
20892,SET/3 TALL GLASS CANDLE HOLDER PINK,1095.35,102,38
22997,TRAVEL CARD WALLET UNION JACK,1094.93,2545,222
84989A,75 GREEN FAIRY CAKE CASES,1093.42,2120,152
20867,PINK ROSE FABRIC MIRROR,1093.14,1098,153
84968F,S/16 VINTAGE SKY BLUE CUTLERY,1092.42,84,51
85093,CANDY SPOT EGG WARMER HARE,1091.21,1361,152
23087,ZINC HEART T-LIGHT HOLDER,1090.66,868,69
20755,BLUE PAISLEY POCKET BOOK,1089.73,5145,122
21818,GLITTER HEART DECORATION,1088.59,2469,142
23432,PRETTY HANGING QUILTED HEARTS,1088.3600000000001,1276,74
84791,GINGHAM HEART DECORATION,1086.13,334,106
21839,MUMMY MOUSE RED GINGHAM RIBBON,1085.5900000000001,201,83
72815,3 WICK CHRISTMAS BRIAR CANDLE,1083.36,282,70
23347,I LOVE LONDON BEAKER,1077.3,860,97
21817,GLITTER CHRISTMAS TREE,1077.19,1687,130
21708,FOLDING UMBRELLA CREAM POLKADOT,1076.23,232,76
21632,VINTAGE PINK DECORATIVE PARASOL,1076.22,132,53
23102,SILVER HEARTS TABLE DECORATION,1075.03,1274,157
21850,BLUE DIAMANTE PEN IN GIFT BOX,1072.98,447,106
23041,PAPER LANTERN 9 POINT SNOW STAR,1070.58,246,48
21391,FRENCH LAVENDER SCENT HEART,1070.29,1076,108
21758,VINTAGE SHELLS PRINT,1069.76,135,79
85126,LARGE ROUND CUTGLASS CANDLESTICK,1069.16,156,34
21827,EIGHT PIECE CREEPY CRAWLIE SET,1068.89,835,134
82001S,SILVER RECORD COVER FRAME,1067.76,287,26
84559B,3D SHEET OF CAT STICKERS,1065.55,1199,195
23331,DECORATIVE WICKER HEART SMALL,1062.28,1596,109
85131D,BEADED CRYSTAL HEART PINK ON STICK,1061.41,1423,256
22860,EASTER TIN CHICKS PINK DAISY,1060.85,612,111
22740,POLKA DOT PEN,1060.8,1248,24
22532,MAGIC DRAWING SLATE LEAP FROG,1060.78,2766,173
21815,STAR T-LIGHT HOLDER,1060.24,679,92
72800F,4 IVORY DINNER CANDLES GOLD FLOCK,1060.19,822,67
22856,ASSORTED EASTER DECORATIONS BELLS,1059.8500000000001,877,32
23033,DRAWER KNOB CERAMIC RED,1058.8999999999999,714,74
85008,SET OF 3 CONEY ISLAND OVAL BOXES,1058.72,269,99
22995,TRAVEL CARD WALLET SUKI,1058.64,2381,266
23516,EMBROIDERED RIBBON REEL SOPHIE,1058.6,296,42
85163A,WHITE BAROQUE WALL CLOCK,1058.17,103,57
35651,VINTAGE BEAD PINK SCARF,1057.62,459,63
85179B,WHITE BITTY LIGHT CHAIN,1056.6,246,45
23529,DOLLY GIRL WALL ART,1055.94,318,11
16047,POP ART PEN CASE & PENS,1054.7,10612,31
21399,BLUE POLKADOT COFFEE MUG,1054.46,2137,83
23402,HOME SWEET HOME 3 PEG HANGER,1053.53,271,64
21825,PAINTED METAL TREE WITH HOLLY BELLS,1053.1899999999998,733,75
84908B,BLUE 5 PATCH FLOWER CUSHION COVER,1052.29,435,35
85078,SCANDINAVIAN 3 HEARTS NAPKIN RING,1052.02,2258,162
37327,ASSTD MULTICOLOUR CIRCLES MUG,1051.69,1740,89
20783,HEART EAR MUFF HEADPHONES,1051.4,166,56
23327,HANGING CLEAR MINI BOTTLE,1051.1399999999999,1734,41
84965A,PINK KASHMIRI COFFEE TABLE,1050.0,20,3
22857,ASSORTED EASTER GIFT TAGS,1048.28,1230,66
22821,GIFT BAG PSYCHEDELIC APPLES,1047.45,1660,186
21061,PARTY INVITES FOOTBALL,1046.56,1396,163
84707A,SILVER JEWELLED MIRROR TRINKET TRAY,1045.8799999999999,125,64
84908A,PINK 5 PATCH FLOWER CUSHION COVER,1045.16,432,36
46775A,BUBBLE GUM CHUNKY KNITTED THROW,1044.23,83,32
23419,HOME SWEET HOME BOTTLE,1043.72,473,86
35646,VINTAGE BEAD PINK EVENING BAG,1043.44,642,104
18007,ESSENTIAL BALM 3.5G TIN IN ENVELOPE,1043.22,11396,72
23542,70'S ALPHABET WALL ART,1043.1,150,15
84405A,S/3 PINK COL METAL BASKET W HANDLE,1042.16,129,50
22266,EASTER DECORATION HANGING BUNNY,1040.11,2542,161
23231,WRAP VINTAGE DOILY,1039.08,2474,94
20671,BLUE TEATIME PRINT BOWL,1038.72,786,143
85124A,PINK JUICY FRUIT PHOTO FRAME,1037.13,377,95
21269,ANTIQUE CREAM CUTLERY SHELF,1036.84,114,65
21725,SWEETIES STICKERS,1036.4299999999998,1135,173
20622,VIPPASSPORT COVER,1033.55,539,111
23088,ZINC HEART FLOWER T-LIGHT HOLDER,1033.28,795,79
85160B,BLACK BIRD GARDEN DESIGN MUG,1032.7,6155,36
21664,RIDGED GLASS STORAGE JAR CREAM LID,1031.07,258,67
84686,BEACH HUT MIRROR,1027.79,389,76
85104,SILVER GLASS T-LIGHT SET,1024.49,351,56
84625C,BLUE NEW BAROQUE CANDLESTICK CANDLE,1024.15,770,71
82616C,MIDNIGHT GLAMOUR SCARF KNITTING KIT,1024.1,632,142
21417,COCKLE SHELL DISH,1023.9,502,118
35923,CANDY HEART HANGING DECORATION,1023.77,1545,112
22247,BUNNY DECORATION MAGIC GARDEN,1022.79,1184,182
22382,LUNCHBAG SPACEBOY DESIGN,1022.6,644,45
85180B,PINK HEARTS LIGHT CHAIN,1022.16,364,67
23452,HEART MINI PORTRAIT FRAME,1021.76,518,87
23153,ZINC SWEETHEART WIRE LETTER RACK,1020.69,263,90
22717,CARD DOG AND BALL,1018.42,2405,215
84985A,SET OF 72 GREEN PAPER DOILIES,1018.13,644,153
20839,FRENCH PAISLEY CUSHION COVER,1018.11,633,118
84923,PINK BUTTERFLY HANDBAG W BOBBLES,1017.64,234,150
85031C,CURIOUS IMAGES SCRAP BOOK SET,1017.48,481,106
21814,HEART T-LIGHT HOLDER,1016.53,670,95
85099f,JUMBO BAG STRAWBERRY,1016.3599999999999,201,25
23544,WALL ART MID CENTURY MODERN,1015.78,164,20
22049,WRAP CHRISTMAS SCREEN PRINT,1015.75,3500,114
22420,LIPSTICK PEN BABY PINK,1014.75,2111,234
84709B,PINK OVAL JEWELLED MIRROR,1014.48,176,86
20619,TROPICAL PASSPORT COVER,1014.42,582,196
84596L,BISCUITS SMALL BOWL LIGHT BLUE,1013.9599999999999,1536,255
20730,STRAWBERRY CANDY BAG,1011.7,2218,102
23525,WALL ART BUFFALO BILL,1011.1,334,37
22681,FRENCH BLUE METAL DOOR SIGN 6,1009.42,755,138
21084,SET/6 COLLAGE PAPER CUPS,1008.8100000000001,2929,223
47589,CONGRATULATIONS BUNTING,1008.73,183,76
84929,ASSTD FRUIT+FLOWERS FRIDGE MAGNETS,1007.52,3096,93
23460,SWEETHEART WALL TIDY,1007.0799999999999,108,43
22643,SET OF 4 NAPKIN CHARMS LEAVES,1006.24,464,96
22416,36 DOILIES SPACEBOY DESIGN,1005.37,709,56
21836,GINGHAM OVEN GLOVE RED HEART,1003.89,249,100
23121,PACK OF 6 COCKTAIL PARASOL STRAWS,1000.44,2501,111
21427,SKULLS STORAGE BOX SMALL,999.06,507,119
23533,WALL ART GARDEN HAVEN,998.64,215,36
21127,COLOURFUL FISHING GNOME,998.03,297,48
21250,SET OF SKULL WALL STICKERS,997.5500000000001,402,60
23517,EMBROIDERED RIBBON REEL REBECCA,996.38,334,63
20705,MRS ROBOT SOFT TOY,996.19,273,53
23131,MISELTOE HEART WREATH CREAM,996.0,240,1
20782,CAMOUFLAGE EAR MUFF HEADPHONES,995.48,155,87
85170C,SET/6 EAU DE NIL BIRD T-LIGHTS,993.03,543,107
20617,FIRST CLASS PASSPORT COVER,992.99,498,105
72484,ROSES IN WHITE HEART CANDLE,991.38,1818,64
21690,SILVER CANDLEPOT JARDIN,990.84,258,82
21721,CANDY SHOP STICKER SHEET,990.5,1090,144
84964B,BLUE PAINTED KASHMIRI TABLE,990.0,17,2
21335,LIBRARY LAMP,989.62,42,28
84660C,PINK STITCHED WALL CLOCK,987.98,725,85
23281,FOLDING BUTTERFLY MIRROR RED,985.8800000000001,1262,99
21636,MADRAS NOTEBOOK MEDIUM,985.74,1014,98
82613B,"METAL SIGN,CUPCAKE SINGLE HOOK",985.5699999999999,896,223
21303,FILIGREE WALL MIRROR ANTIQUE WHITE,985.54,96,30
85025B,EAU DE NILE HEART SHAPE PHOTO FRAME,985.4,570,95
35958,FOLKART ZINC STAR CHRISTMAS DEC,984.63,1131,82
17021,NAMASTE SWAGAT INCENSE,984.24,3720,76
35653,VINTAGE BEAD NOTEBOOK,982.5300000000001,311,113
85019B,BLOSSOM IMAGES NOTEBOOK SET,982.47,718,47
23518,EMBROIDERED RIBBON REEL RACHEL,980.41,361,44
84030e,ENGLISH ROSE HOT WATER BOTTLE,979.4000000000001,120,46
22108,PING! MICROWAVE PLATE,978.74,313,128
82616B,FRAPPUCINO SCARF KNITTING KIT,977.5500000000001,606,126
23514,EMBROIDERED RIBBON REEL SALLY,977.39,478,74
21208,PASTEL COLOUR HONEYCOMB FAN,976.91,1083,121
23512,EMBROIDERED RIBBON REEL ROSIE,975.24,500,57
35599B,BLACK CHRISTMAS TREE 120CM,974.81,268,51
22310,KNITTED MUG COSY IVORY COLOUR,973.59,597,58
84873a,FUNKY FLOWER PICNIC BAG FOR 4,973.36,88,59
71279,PINK GLASS CANDLEHOLDER,972.1100000000001,293,78
84800L,LARGE WHITE/PINK ROSE ART FLOWER,970.7900000000001,650,38
21562,HAWAIIAN GRASS SKIRT,970.2800000000001,678,73
85018D,YULETIDE IMAGES S/6 PAPER BOXES,969.9,787,80
78124,MAGAZINE RACK GEBRA ASSORTED,969.61,730,31
22104,MIRROR MOSAIC CANDLE PLATE,968.0799999999999,1187,99
85189,HANGING BUTTERFLY EGG,967.9499999999999,1176,68
23183,MOTHER'S KITCHEN SPOON REST,967.17,226,84
21299,EDWARDIAN TOILET ROLL UNIT,966.35,166,34
20830,SILVER PHOTO FRAME,964.61,407,82
90175A,WHITE GLASS CHUNKY CHARM BRACELET,964.45,107,62
20773,BLUE PAISLEY NOTEBOOK,963.98,3339,117
23107,WHITE HEARTS WIRE PLANT POT HOLDER,963.27,343,71
20774,GREEN FERN NOTEBOOK,962.48,3484,119
22682,FRENCH BLUE METAL DOOR SIGN 7,961.81,735,130
21691,SILVER VANILLA FLOWER CANDLE POT,960.99,249,72
85197,SET OF 12 MINI BUNNIES IN A BUCKET,959.46,1669,74
85130D,BEADED CRYSTAL HEART PINK LARGE,958.8499999999999,788,107
72753B,S/3 FLWR FAIRY LAVENDER CANDLES,957.73,445,14
21805,WHITE CHRISTMAS TREE DECORATION,957.63,2221,103
22994,TRAVEL CARD WALLET RETROSPOT,956.94,2194,218
84360,TABLE LAMP WHITE SHADE WOOD BASE,956.89,179,40
22512,DOORSTOP RACING CAR DESIGN,956.1700000000001,386,73
23529,WALL ART DOLLY GIRL,956.0500000000002,319,26
22246,MAGIC GARDEN FELT GARLAND,955.5899999999999,425,93
23380,PACK OF 12 VINTAGE DOILY TISSUES,955.42,2272,119
84664,CHERRY BLOSSOM BATHROOM CABINET,955.35,193,51
85111,SILVER GLITTER FLOWER VOTIVE HOLDER,954.15,2907,77
20758,ABSTRACT CIRCLES POCKET BOOK,953.42,5425,95
85032B,BLOSSOM IMAGES GIFT WRAP SET,953.34,982,152
21711,FOLDING UMBRELLA WHITE/RED SPOT,953.0,262,28
21060,PARTY INVITES BALLOON GIRL,952.55,1276,151
20878,SET/9 CHRISTMAS T-LIGHTS SCENTED,952.51,737,85
17012C,ORIGAMI LAVENDER INCENSE/CANDL SET,950.4,856,113
21129,SILVER FISHING GNOME,949.44,124,60
37492B,BLUE YELLOW FLOWER PIGGY BANK,946.7199999999999,489,44
21331,MOROCCAN BEATEN METAL DISH LARGE,946.68,110,30
85032C,CURIOUS IMAGES GIFT WRAP SET,946.59,886,161
21641,ASSORTED TUTTI FRUTTI KEYRING BALL,946.31,1666,111
22939,ADULT APRON APPLE DELIGHT,945.88,184,45
20778,GARDEN PATH NOTEBOOK,944.3599999999999,3611,90
22986,WRAP GINGHAM ROSE,943.92,2276,82
22529,MAGIC DRAWING SLATE GO TO THE FAIR,943.71,2341,153
85031A,ROMANTIC IMAGES SCRAP BOOK SET,943.44,477,102
22143,CHRISTMAS CRAFT HEART DECORATIONS,942.88,446,70
20998,ROSE DU SUD OVEN GLOVE,942.2600000000001,324,127
22096,PINK PAISLEY SQUARE TISSUE BOX,938.86,1667,180
85124B,BLUE JUICY FRUIT PHOTO FRAME,938.47,353,102
90147,CHUNKY SILVER NECKLACE PASTEL FLOWE,937.4499999999999,93,58
84817,DANISH ROSE DECORATIVE PLATE,937.44,1059,79
84905,PINK BUTTERFLY CUSHION COVER,937.09,259,99
23178,JAM CLOCK MAGNET,936.89,327,68
85121B,RETRO LAUNDRY TUB PINK,936.74,86,48
23540,WALL ART THE MAGIC FOREST,933.16,148,13
85226A,WHITE/BLUE PULL BACK RACING CAR,933.07,1714,144
47504E,ENGLISH ROSE SCISSORS,931.86,4387,48
21726,MULTI HEARTS STICKERS,930.99,1077,155
23179,CLOCK MAGNET MUM'S KITCHEN,930.48,324,53
21720,CAKE SHOP STICKER SHEET,929.81,1068,112
21880,RED RETROSPOT TAPE,928.9000000000001,2000,258
21014,SWISS CHALET TREE DECORATION,928.0899999999999,1850,189
20831,GOLD PHOTO FRAME,927.96,474,79
20775,DAISY NOTEBOOK,926.54,3604,112
84918,CREAM CUSHION COVER WITH FLOWERS,925.62,198,60
23099,FRENCH CARRIAGE LANTERN,925.35,137,58
23527,ANIMALS AND NATURE WALL ART,923.97,267,17
21284,RETROSPOT CANDLE SMALL,923.97,1139,80
82607A,GLASS BONBON JAR PARFUME AUX FLEURE,923.72,663,159
84341B,SMALL PINK MAGIC CHRISTMAS TREE,922.18,1757,121
22703,PINK CAT BOWL,921.81,513,165
22268,EASTER DECORATION SITTING BUNNY,921.75,1074,153
20903,VINTAGE KEEPSAKE BOX TRAVELOGUE,919.8,187,86
22647,CERAMIC LOVE HEART MONEY BANK,919.63,1059,83
85121C,RETRO LAUNDRY TUB PISTACHIO,918.91,98,53
72529W,WHITE ADVENT CANDLE,918.75,464,47
21702,SET 5 MINI GATEAUX FRIDGE MAGNETS,918.6800000000001,2636,8
72045D,ROSES ON BLUE TEACUP CANDLE,918.65,539,6
21291,SMALL SPOTTY CHOCOLATE GIFT BAG,918.49,1073,77
85130B,BEADED CRYSTAL HEART GREEN LARGE,918.33,911,83
84600,NEW BAROQUE JEWELLERY BOX,918.27,108,52
21264,WHITE GOOSE FEATHER TREE 60CM,917.8499999999999,391,68
84907,PINK YELLOW PATCH CUSHION COVER,916.8299999999999,383,31
23338,EGG FRYING PAN RED,915.4000000000001,431,109
22683,FRENCH BLUE METAL DOOR SIGN 8,915.3,692,135
85019A,ROMANTIC IMAGES NOTEBOOK SET,915.04,647,49
21007,ETCHED GLASS DROPLET DECORATION,914.67,1927,48
23002,TRAVEL CARD WALLET SKULLS,914.37,2119,192
21320,GLASS CHALICE GREEN LARGE,913.34,398,56
79030G,"TUMBLER, NEW ENGLAND",911.76,490,68
22707,WRAP MONSTER FUN,905.94,2157,83
46000P,POLYESTER FILLER PAD 65CMX65CM,905.25,223,50
46776C,WOVEN FROST CUSHION COVER,905.1,258,96
48173c,DOORMAT BLACK FLOCK,904.97,54,25
22288,"DECORATION , HANGING METAL RABBIT",904.02,834,60
23004,TRAVEL CARD WALLET PANTRY,903.16,2002,221
21444,BLUE CHALET BIRDFEEDER,902.0300000000001,291,36
23532,WALL ART WORK REST AND PLAY,901.58,210,31
22248,DECORATION PINK CHICK MAGIC GARDEN,901.5,1013,173
21318,GLASS CHALICE BLUE SMALL,900.42,972,93
21480,PINK STRIPE HOT WATER BOTTLE,899.5200000000001,285,57
84660B,BLACK STITCHED WALL CLOCK,899.48,745,61
84820,DANISH ROSE TRINKET TRAYS,899.37,323,54
20913,SET/5 BLUE SPOTTY LID GLASS BOWLS,898.7199999999999,314,43
17109B,FLOWER FAIRY INCENSE LAVENDER,896.3399999999999,4542,17
20941,FROG CANDLE,896.28,998,124
85031B,BLOSSOM IMAGES SCRAP BOOK SET,896.09,496,85
84760L,LARGE HANGING GLASS+ZINC LANTERN,896.0,560,1
22936,BAKING MOULD ROSE WHITE CHOCOLATE,895.97,279,50
23472,NINE DRAWER OFFICE TIDY,894.42,58,33
21676,FLOWERS STICKERS,893.7199999999999,1193,159
85049e,SCANDINAVIAN REDS RIBBONS,893.25,269,61
84666,SQUARE CHERRY BLOSSOM CABINET,892.7,226,33
20759,CHRYSANTHEMUM POCKET BOOK,891.13,5777,63
20757,RED DAISY POCKET BOOK,890.7,5347,78
17129F,BLUE GLASS GEMS IN BAG,890.12,911,81
85194S,HANGING SPRING FLOWER EGG SMALL,889.46,1760,131
21220,SET/4 BADGES DOGS,888.68,659,159
22953,BIRTHDAY PARTY CORDON BARRIER TAPE,888.55,712,116
21724,PANDA AND BUNNIES STICKER SHEET,888.3399999999999,996,178
85214,TUB 24 PINK FLOWER PEGS,886.2299999999999,514,169
23528,SPACEBOY WALL ART,885.9000000000001,306,13
84086C,PINK/PURPLE RETRO RADIO,884.75,297,88
20991,JAZZ HEARTS MAGNETIC MEMO PAD,884.5600000000002,7084,32
22164,STRING OF STARS CARD HOLDER,883.2200000000001,315,49
23502,PLAYING CARDS VINTAGE DOILY,880.16,701,92
84974,S/2 ZINC HEART DESIGN PLANTERS,879.55,89,57
72799A,BLACK PILLAR CANDLE SILVER FLOCK,877.8000000000001,612,18
23423,PANTRY 3 HOOK ROLLING PIN HANGER,876.9,219,66
21185,HOME SWEET HOME BLACKBOARD,876.29,132,44
21062,PARTY INVITES SPACEMAN,875.87,1053,136
35598B,BLACK CHRISTMAS TREE 60CM,874.65,931,57
90200C,BLUE SWEETHEART BRACELET,874.63,206,98
20803,SMALL PINK GLASS SUNDAE DISH,874.4599999999999,1149,84
21270,ANTIQUE CREAM CUTLERY CUPBOARD,874.43,76,51
22896,PEG BAG APPLE DESIGN,874.35,387,29
90200E,GREEN SWEETHEART BRACELET,873.97,209,91
21338,MARAKESH LANTERN SMALL,873.25,199,13
84925F,PSYCHEDELIC WALL THERMOMETER,873.11,714,34
85165,CANDY PINK FRENCH BOUDOIR CLOCK,872.76,90,58
23479,WIRE EGG BASKET,872.38,113,44
21293,MIRRORED DOVE WALL DECORATION,872.34,343,85
21414,SCALLOP SHELL SOAP DISH,870.89,1637,36
21147,JINGLE BELLS TREE DECORATION,870.48,477,118
21392,RED SPOTTY PUDDING BOWL,869.23,3828,31
23220,REINDEER HEART DECORATION GOLD,869.1500000000001,993,103
84826,ASSTD DESIGN 3D PAPER STICKERS,869.08,14274,52
17033,"BROCADE PURSE,SMALL ARCH BUTTON",867.8399999999999,3280,69
22322,BIRD DECORATION GREEN POLKADOT,867.5899999999999,939,164
17012B,ORIGAMI JASMINE INCENSE/CANDLE SET,867.4499999999999,721,126
20658,RED RETROSPOT LUGGAGE TAG,866.06,584,158
23545,WRAP RED VINTAGE DOILY,866.0,2100,68
21398,RED POLKADOT COFFEE MUG,864.11,1585,73
85166B,BLACK METAL BAROQUE PHOTO FRAME,864.1,510,38
85161,ACRYLIC GEOMETRIC LAMP,863.85,51,32
21255,"FRENCH BOTTLE , LAVENDER",860.0799999999999,476,96
84632,DECORATIVE HANGING SHELVING UNIT,859.25,15,11
22486,PLASMATRONIC LAMP,856.4,104,40
84660A,WHITE STITCHED WALL CLOCK,855.26,860,51
21635,MADRAS NOTEBOOK LARGE,855.24,398,42
84578,ELEPHANT TOY WITH BLUE T-SHIRT,854.91,222,112
21478,SILVER SKULL HOT WATER BOTTLE,854.23,204,92
23525,BUFFALO BILL WALL ART,852.72,248,16
20756,GREEN FERN POCKET BOOK,851.5600000000001,5728,64
35954,SMALL FOLKART STAR CHRISTMAS DEC,850.49,2181,111
21376,LARGE TALL CAMPHOR WOOD TOADSTOOL,849.91,183,46
21458,2 PICTURE BOOK EGGS EASTER BUNNY,849.24,768,88
20897,VINTAGE NOTEBOOK PARIS DAYS,848.7,351,75
72349b,SET/6 PURPLE BUTTERFLY T-LIGHTS,848.41,204,112
22547,MINI JIGSAW DINOSAUR,846.82,1980,189
22229,BUNNY WOODEN PAINTED WITH FLOWER,845.3,1007,185
22820,GIFT BAG BIRTHDAY,845.13,1353,110
90161C,ANT COPPER LIME BOUDICCA BRACELET,843.91,169,100
37423,WHITE WITH BLACK CATS PLATE,843.88,6168,70
20936,FORKED CACTUS CANDLE,843.3900000000001,333,76
21300,ANTIQUE EDWARDIAN DRESSER,841.7,53,12
21128,GOLD FISHING GNOME,841.63,126,57
23564,EGG CUP MILKMAID INGRID,841.31,644,76
84782A,PINK 3 TIER GLASS PLATE STAND,840.45,119,26
23551,PACK OF 12 PAISLEY PARK TISSUES,839.8399999999999,1840,136
85231L,LAVENDER SCENTED SET/9 T-LIGHTS,838.3499999999999,1039,116
17039,INLAID WOOD INCENSE HOLDER,837.88,3707,43
84762B,PINK PICNIC BARBECUE BUCKET,837.77,113,48
21552,CERAMIC BIRDHOUSE BLACK ROSE LARGE,837.6,165,35
84997a,CHILDRENS CUTLERY POLKADOT GREEN,837.29,101,60
85071C,"CHARLIE+LOLA""EXTREMELY BUSY"" SIGN",837.23,1285,141
40018E,TEA TIME PAPER LANTERNS,837.02,384,81
85208,SET/12 FUNKY FELT FLOWER PEG IN BAG,836.94,420,87
47563A,RETRO LONGBOARD IRONING BOARD COVER,836.62,343,151
47367B,PAIR PADDED HANGERS PINK CHECK,834.95,242,95
22785,SQUARECUSHION COVER PINK UNION FLAG,833.8199999999999,119,52
21286,RETROSPOT CANDLE LARGE,833.75,711,52
84849A,HELLO SAILOR BLUE SOAP HOLDER,833.57,470,103
23523,TREASURE AHOY WALL ART,833.46,270,16
20776,ABSTRACT CIRCLES NOTEBOOK,832.66,3258,84
85196,EASTER BUNNIES ON A STICK,831.04,1564,71
84509a,SET OF 4 ENGLISH ROSE PLACEMATS,829.18,111,74
85213,MINI ZINC GARDEN DECORATIONS,828.9999999999999,1378,80
20894,HANGING BAUBLE T-LIGHT HOLDER LARGE,827.3000000000001,267,79
23017,APOTHECARY MEASURING JAR,826.28,67,22
85188A,GREEN METAL SWINGING BUNNY,824.9699999999999,944,105
21551,CERAMIC BIRDHOUSE BUTTERFLY LARGE,824.95,169,22
79342B,BROWN FLOWER LIGHTS,824.9499999999999,119,34
21654,RIDGED GLASS FINGER BOWL,820.2099999999999,1183,82
82613C,"METAL SIGN,CUPCAKE SINGLE HOOK",820.01,770,187
23186,FRENCH STYLE STORAGE JAR CAFE,819.4599999999999,1982,70
22685,FRENCH BLUE METAL DOOR SIGN 0,818.33,630,111
21375,LARGE CAMPHOR WOOD FIELD MUSHROOM,817.6,134,61
85187,S/12 MINI RABBIT EASTER,816.4799999999999,479,109
21719,LOVELY BONBON STICKER SHEET,813.14,906,141
20833,SHAKER THROW QUILTED,811.8,52,5
21374,MIRRORED WALL ART SKULLS,809.67,470,71
85145,JARDIN ETCHED GLASS LARGE BELL JAR,809.05,91,30
20769,DAISY JOURNAL,808.8100000000001,438,79
47594B,SCOTTIES DESIGN WASHBAG,808.39,408,122
84922,PINK BUTTERFLY WASHBAG,808.22,342,17
23022,SMALL BONNE JAM JAR T-LIGHT HOLDER,808.16,422,22
21454,PAINTED PINK RABBIT,807.5999999999999,937,194
20901,VINTAGE KEEPSAKE BOX PINK FLOWER,806.58,91,67
84767,ZINC POLICE BOX LANTERN,806.22,195,6
17012A,ORIGAMI VANILLA INCENSE/CANDLE SET,806.16,726,95
84920,PINK FLOWER FABRIC PONY,805.38,201,88
37333,"RETRO ""TEA FOR ONE""",805.1,150,61
21222,SET/4 BADGES BEETLES,804.65,621,133
23409,PHOTO FRAME LINEN AND LACE LARGE,801.68,215,43
85044,RED REINDEER STRING OF 20 LIGHTS,801.4,149,40
16011,ANIMAL STICKERS,799.3199999999999,3812,112
22825,DECORATIVE PLANT POT WITH FRIEZE,799.02,100,38
20699,MOUSEY LONG LEGS SOFT TOY,797.96,294,88
23524,HORSE & PONY WALL ART,797.3100000000001,256,17
21455,PAINTED YELLOW WOODEN DAISY,797.27,901,167
20997,ROSE DU SUD CUSHION COVER,796.74,170,83
21285,RETROSPOT CANDLE MEDIUM,796.4000000000001,744,63
21558,SKULL LUNCHBOX WITH CUTLERY,796.12,298,65
22058,CERAMIC LOVE HEARTS DESIGN MUG,795.72,520,103
23487,SWEET HEART CAKE CARRIER,795.5799999999999,80,44
17129F,DEEP BLUE GLASS GEMS IN BAG,794.4599999999999,669,64
37494A,FAIRY CAKE CERAMIC BUTTER DISH,793.44,237,51
84625D,WHITE NEWBAROQUE CANDLESTICK CANDLE,793.34,650,51
35915C,PEACH KNITTED HEN,793.3199999999999,662,82
47574A,ENGLISH ROSE SCENTED HANGING FLOWER,792.73,573,129
23106,ZINC HEARTS PLANT POT HOLDER,792.47,283,52
23519,EMBROIDERED RIBBON REEL CLAIRE,792.31,224,24
85017A,ENVELOPE 50 ROMANTIC IMAGES,792.15,1157,174
45008C,DECORATIVE NET CANOPY CREAM,792.0699999999999,83,34
22785,CUSHION COVER PINK UNION FLAG,792.0600000000001,120,28
23335,EGG FRYING PAN IVORY,790.7800000000001,377,96
37330,SPOTS MUG,790.6999999999999,437,21
21286,RETRO SPOT CANDLE LARGE,789.26,295,49
23568,EGG CUP HENRIETTA HEN CREAM,787.52,630,48
84970s,HANGING HEART ZINC T-LIGHT HOLDER,784.04,373,98
22414,DOOR MAT NEIGHBOURHOOD WITCH,783.87,96,52
22408,MONEY BOX CONFECTIONERY DESIGN,783.67,638,94
72799C,PINK PILLAR CANDLE SILVER FLOCK,783.1,471,48
20989,URBAN CHIC CHOPSTICKS SET/5,782.18,407,57
22204,MILK PAN BLUE POLKADOT,782.16,226,92
84247E,PACK/12 XMAS FUN CARD,780.2600000000001,270,59
37461,FUNKY MONKEY MUG,778.64,742,95
21456,2 PICTURE BOOK EGGS EASTER CHICKS,776.05,738,65
90200B,BLACK SWEETHEART BRACELET,775.45,183,84
84534B,FAIRY CAKE NOTEBOOK A5 SIZE,774.7099999999999,818,187
21015,DARK BIRD HOUSE TREE DECORATION,771.7299999999999,1700,186
23115,RED APPLES CHOPPING BOARD,770.32,152,45
22684,FRENCH BLUE METAL DOOR SIGN 9,769.86,570,113
21723,ALPHABET HEARTS STICKER SHEET,769.13,866,135
20910,VINTAGE PHOTO ALBUM PARIS DAYS,769.12,106,47
22985,WRAP BILLBOARD FONTS DESIGN,769.02,1831,64
84761,IVORY HANGING BIRD PLANTER,768.85,276,61
21554,CERAMIC BIRDHOUSE RED ROOF LARGE,767.75,167,22
84712B,PINK JEWELLED PHOTO FRAME,767.1600000000001,98,60
72755C,FLOWER FAIRY OIL BURNER SET ROSE,767.0,592,14
35095B,RED VICTORIAN FABRIC OVAL BOX,766.64,1952,177
84029C,BROWN FURRY HOT WATER BOTTLE,766.19,204,48
23140,TRIPLE WIRE HOOK IVORY HEART,766.1,182,52
16259,PIECE OF CAMO STATIONERY SET,766.09,5473,55
22640,SET OF 4 NAPKIN CHARMS 3 KEYS,765.39,357,87
16244B,MAXWELL 2 TONE BLUE 60 PAGE PHOTO A,765.02,345,28
84963A,PINK PAINTED KASHMIRI CHAIR,763.35,23,9
23550,WRAP ALPHABET POSTER,763.1,1855,64
35811A,ENAMEL PINK SUGAR CONTAINER,762.97,434,84
23006,TRAVEL CARD WALLET FLOWER MEADOW,762.75,1758,173
23458,DOLLY CABINET 3 DRAWERS,762.4499999999999,51,30
22492,MINI PAINT SET VINTAGE BOY+ GIRL,761.4,1260,18
84762C,GREEN PICNIC BARBECUE BUCKET,761.25,105,43
21709,FOLDING UMBRELLA CHOCOLATE POLKADOT,760.95,163,68
23025,DRAWER KNOB VINTAGE GLASS BALL,760.8000000000001,350,54
23524,WALL ART HORSE & PONY,760.32,225,46
23123,COCKTAIL SWORDS 50 PIECES,759.57,935,95
21298,EDWARDIAN 2 DRAWER WALL CABINET,755.8,52,14
85135A,YELLOW DRAGONFLY HELICOPTER,754.59,94,63
90209C,PINK ENAMEL+GLASS HAIR COMB,754.46,399,66
47581B,FAIRY CAKE WICKER PICNIC BASKET,753.77,46,36
22124,SET OF 2 TEA TOWELS PING MICROWAVE,751.9300000000001,298,132
17165B,ASS COL LARGE SAND GECKO P'WEIGHT,751.68,810,57
21194,PINK HONEYCOMB PAPER FAN,751.5,578,95
23124,18PC WOODEN CUTLERY SET DISPOSABLE,751.38,567,43
84653,GREEN ROSE QUILT,750.48,14,12
23223,CHRISTMAS TREE HANGING SILVER,750.19,801,88
21344,MOROCCAN BEATEN METAL DISH,749.82,166,26
90200A,PURPLE SWEETHEART BRACELET,749.69,177,99
84615,PINK ROUND BUTTERFLY MIRROR,748.48,240,21
35647,VINTAGE BEAD PINK SHADE,748.24,563,74
84620,BLUE GINGHAM ROSE CUSHION COVER,746.61,121,50
84663A,GRASS HOPPER WOODEN WALL CLOCK,746.39,373,64
21284,RETRO SPOT CANDLE SMALL,744.75,408,60
84842,HELLO SAILOR BATHROOM SET,744.15,1505,35
21319,GLASS CHALICE GREEN SMALL,743.61,508,65
72800A,S/4 BLACK DINNER CANDLE SILVER FLOC,743.26,674,46
23282,FOLDING BUTTERFLY MIRROR IVORY,742.9200000000001,794,133
84689,S/2 BEACH HUT TREASURE CHESTS,742.9,312,40
22676,"FRENCH BLUE METAL DOOR SIGN, 1",742.67,577,79
21377,SMALL CAMPHOR WOOD FIELD MUSHROOM,742.56,518,98
84821,DANISH ROSE DELUXE COASTER,742.5,1318,74
21391,FRENCH EMROIDR LAVENDER SCENT HEART,741.6,341,67
21503,TOYBOX WRAP,740.42,1801,64
23114,VINTAGE LEAF CHOPPING BOARD,737.95,149,45
85130C,BEADED CRYSTAL HEART BLUE LARGE,737.89,659,68
84033,FLAG OF ST GEORGE,735.38,491,49
22638,SET OF 4 NAPKIN CHARMS CROWNS,735.23,405,74
84715,SET OF 6 ICE CREAM SKITTLES,734.8900000000001,241,47
90161B,ANT COPPER TURQ BOUDICCA BRACELET,734.16,147,76
84708B,PINK JEWELLED PHOTO FRAME,732.7900000000001,142,53
23435,3 RAFFIA RIBBONS VINTAGE CHRISTMAS,732.4200000000001,824,99
ADJUST2,ADJUSTMENT BY PETER ON JUN 25 2010,731.0500000000001,3,3
85131B,BEADED CRYSTAL HEART GREEN ON STICK,730.74,948,216
90209B,GREEN ENAMEL+GLASS HAIR COMB,730.66,380,97
47503F,ASS FLORAL PRINT TORCH,729.9499999999999,2567,11
21378,SMALL TALL CAMPHOR WOOD TOADSTOOL,728.97,560,88
72800B,S/4 PURPLE DINNER CANDLE BLK FLOCK,728.6700000000001,650,34
21443,OLIVE CHALET BIRDFEEDER,727.9300000000001,257,26
20657,TROPICAL LUGGAGE TAG,726.47,1881,120
21415,CLAM SHELL SMALL,726.16,348,82
85230F,JASMINE VOTIVE CANDLE,725.6999999999999,2946,62
35095A,BLUE VICTORIAN FABRIC OVAL BOX,725.5600000000001,1809,166
23562,SET OF 6 RIBBONS PERFECTLY PRETTY,724.59,251,43
85088,CANDY SPOT HAND BAG,723.85,347,78
84595E,LARGE TORTILLA DESIGN RED BOWL,723.5699999999999,367,43
21393,BLUE SPOTTY PUDDING BOWL,723.5500000000001,2679,28
84971L,LARGE HEART FLOWERS HOOK,723.51,585,58
84976,RECTANGULAR SHAPED MIRROR,722.76,674,56
20701,PINK CAT FLORAL CUSHION COVER,721.49,353,50
10134,COLOURING PENCILS BROWN TUBE,721.13,625,52
84684,BEACH HUT PHOTO FRAME,720.6999999999999,609,40
85017C,ENVELOPE 50 CURIOUS IMAGES,719.67,1087,119
23222,CHRISTMAS TREE HANGING GOLD,718.53,799,75
35951,FOLKART BAUBLE CHRISTMAS DECORATION,717.99,1352,46
21001,ROSE DU SUD WASHBAG,717.8000000000001,141,90
84997d,PINK 3 PIECE POLKADOT CUTLERY SET,717.4300000000001,85,16
84997c,BLUE 3 PIECE POLKADOT CUTLERY SET,717.25,85,17
21026,SPACE OWL,716.73,549,124
21457,2 PICTURE BOOK EGGS EASTER DUCKS,716.0,685,65
21076,SET/20 COLLAGE PAPER NAPKIN,714.55,843,92
20850,ZINC HEART LATTICE PLANTER BOWL,713.8000000000001,820,23
35915B,BLUE KNITTED HEN,713.73,563,67
21133,PAINTED BIRD ASSORTED CHRISTMAS,712.9100000000001,410,42
23042,PAPER LANTERN 7 POINT SNOW STAR,711.51,103,28
16015,MEDIUM CHINESE STYLE SCISSOR,711.38,1572,65
20854,BLUE PATCH PURSE PINK HEART,711.37,441,107
21221,SET/4 BADGES CUTE CREATURES,709.66,535,107
23070,EDWARDIAN HEART PHOTO FRAME,709.5400000000001,160,44
22100,SKULLS SQUARE TISSUE BOX,709.5,1005,127
21365,MIRRORED WALL ART STARS,707.9200000000001,469,77
21308,LOUVRE VANITY MIRROR,705.9,132,6
21265,PINK GOOSE FEATHER TREE 60CM,705.59,321,34
21379,CAMPHOR WOOD PORTOBELLO MUSHROOM,705.46,641,125
84952C,MIRROR LOVE BIRD T-LIGHT HOLDER,705.01,374,42
21442,GREEN BIRDHOUSE DECORATION,704.9699999999999,973,136
22981,PANTRY APPLE CORER,704.13,471,105
84869,CANDY BUTTON PHOTO ALBUM,703.54,302,26
20763,DAISY SKETCHBOOK,702.86,267,74
84569A,PACK 3 IRON ON DOG PATCHES,702.42,562,112
21740,COSY SLIPPER SHOES LARGE RED,698.0100000000001,201,66
84584,PINK GINGHAM CAT WITH SCARF,696.75,282,75
85231E,STRAWBERRY SCENTED SET/9 T-LIGHTS,695.23,835,106
22036,DINOSAUR BIRTHDAY CARD,695.11,1649,135
23187,FRENCH STYLE STORAGE JAR BONBONS,695.06,2338,74
20898,VINTAGE NOTEBOOK TRAVELOGUE,693.9200000000001,327,53
72755D,FLOWER FAIRY OIL BURNER SET SUMMER,693.25,533,13
72131,COLUMBIAN CANDLE RECTANGLE,692.28,748,56
20862,PINK PATCH PENCIL CASE BLUE HEART,691.1400000000001,325,37
72753A,S/3 FLWR FAIRY LILLY CANDLES,690.24,315,14
35964,FOLKART CLIP ON STARS,689.76,1187,132
84931B,BLUE SCOTTIE DOG W FLOWER PATTERN,688.73,274,83
90161D,ANT COPPER PINK BOUDICCA BRACELET,687.52,138,75
84917,WHITE HAND TOWEL WITH BUTTERFLY,686.03,229,53
85186A,EASTER BUNNY GARLAND OF FLOWERS,685.87,1473,159
21710,FOLDING UMBRELLA PINKWHITE POLKADOT,685.6700000000001,142,61
84563A,PINK & WHITE BREAKFAST TRAY,685.15,139,62
37492D,PURPLE GREEN FLOWER PIGGY BANK,682.9899999999999,361,26
22847,"BREAD BIN, DINER STYLE, IVORY",682.7499999999999,45,10
84951A,SET OF 4 PISTACHIO LOVEBIRD COASTER,682.66,516,111
23120,PACK OF 6 SMALL FRUIT STRAWS,682.39,1685,100
85023B,EAU DE NILE JEWELLED PHOTOFRAME,682.35,293,38
17165D,ASS COL LARGE SAND FROG P'WEIGHT,682.32,716,89
22033,BOTANICAL ROSE GREETING CARD,681.93,1603,128
23325,RUSTIC STRAWBERRY JAM POT SMALL,681.54,426,32
85084,HOLLY TOP CHRISTMAS STOCKING,681.4,682,84
21674,RIDGED GLASS PENDANT LAMPSHADE,680.8499999999999,43,9
21386,IVORY HANGING DECORATION EGG,680.78,1148,105
17012F,ORIGAMI SANDLEWOOD INCENSE/CAND SET,680.65,586,107
21397,BLUE POLKADOT EGG CUP,679.38,1163,81
23597,PAPER BUNTING PAISLEY PARK,679.07,249,31
47594A,CAROUSEL DESIGN WASHBAG,678.3,344,105
62094B,TURQ ICE CREAM BUM BAG,677.99,305,67
84925D,LA PALMIERA WALL THERMOMETER,677.45,452,26
90160C,TURQ+RED BOUDICCA LARGE BRACELET,677.0,97,45
85096,HILDA CANDY SPOT RABBIT,676.92,164,66
84824,DANISH ROSE UMBRELLA STAND,676.4499999999999,38,32
23428,IVORY RETRO KITCHEN WALL CLOCK,675.91,77,33
22511,RETROSPOT BABUSHKA DOORSTOP,675.5600000000001,297,77
21847,GREEN DIAMANTE PEN IN GIFT BOX,675.37,347,71
22641,SET OF 4 NAPKIN CHARMS INSTRUMENT,674.3,288,67
22999,TRAVEL CARD WALLET RETRO PETALS,674.11,1544,105
20856,DENIM PATCH PURSE PINK BUTTERFLY,674.0899999999999,408,122
37444C,PINK BREAKFAST CUP AND SAUCER,673.72,1654,54
22034,ROBIN CHRISTMAS CARD,673.49,1617,94
22965,3 TRADITIONAL COOKIE CUTTERS SET,671.4000000000001,354,10
75013B,"STRING OF 8 BUTTERFLIES,PINK",669.62,390,76
72023F,RED ORGANIC CANDLE IN GLASS,669.62,640,49
85205B,PINK FELT EASTER RABBIT GARLAND,669.38,241,61
23024,LARGE BONNE JAM JAR T-LIGHT HOLDER,667.8500000000001,255,11
82613A,"METAL SIGN,CUPCAKE SINGLE HOOK",667.47,492,116
72750B,FLOWER FAIRY SET 3 CANDLES LAVENDER,666.85,303,30
85203,HANGING WOOD AND FELT BUTTERFLY,665.91,1463,224
21879,HEARTS GIFT TAPE,664.84,1567,152
21247,SET OF RED SALAD SERVERS,664.73,422,81
90082D,DIAMANTE BOW BROOCH BLACK COLOUR,664.3499999999999,103,51
21750,LARGE SKULL WINDMILL,663.85,309,62
21884,CAKES AND BOWS GIFT TAPE,663.61,1448,161
46776E,WOVEN CANDY CUSHION COVER,662.1,205,77
21197,MULTICOLOUR CONFETTI IN TUBE,661.81,453,45
22383,LUNCHBAG SUKI DESIGN,661.63,410,35
23547,WRAP FLOWER SHOP,661.5,1575,62
17109C,FLOWER FAIRY INCENSE ROSE,661.23,3124,15
23482,PEARLISED IVORY HEART LARGE,661.02,418,39
85188B,PINK METAL SWINGING BUNNY,660.88,748,74
22322,BIRD DECORATION GREEN SPOT,660.62,678,108
21764,VINTAGE WOODEN PLATE RACK,659.1500000000001,17,11
16169K,WRAP FOLK ART,658.75,2075,60
17012D,ORIGAMI ROSE INCENSE/CANDLE SET,658.72,520,116
21263,GREEN GOOSE FEATHER TREE 60CM,658.29,299,56
85186C,BUNNY EGG GARLAND,658.19,1400,152
46776D,WOVEN SUNSET CUSHION COVER,658.07,153,76
20652,BLUE SPOTTY LUGGAGE TAG,657.9,1236,80
22056,CERAMIC PLATE LOVE HEART DESIGN,656.87,607,34
85028S,FRENCH CHATEAU SMALL FRUITBOWL,656.82,430,33
22677,"FRENCH BLUE METAL DOOR SIGN, 2",656.41,509,77
71403,"PINK/WHITE ""KEEP CLEAN"" BULLET BIN",656.0500000000001,176,69
21441,BLUE BIRDHOUSE DECORATION,655.4599999999999,928,133
22054,MINI CAKE STAND HANGING HEARTS,655.01,361,74
85028L,FRENCH CHATEAU LARGE FRUIT BOWL,654.01,271,27
85168B,BLACK BAROQUE CARRIAGE CLOCK,652.17,72,52
90184C,BLACK CHUNKY BEAD BRACELET W STRAP,651.89,72,49
85019C,CURIOUS IMAGES NOTEBOOK SET,651.19,423,25
37474,SET/4 2 TONE EGG SHAPE MIXING BOWLS,651.05,63,44
47310M,"SMALL POP BOX,FUNKY MONKEY",650.96,488,85
21307,SET/4 BUTTERFLY MIRROR MAGNETS,650.07,749,72
20714,POSY SHOPPER BAG,649.8199999999999,1580,28
23224,CHERUB HEART DECORATION GOLD,649.02,738,71
84993A,75 GREEN PETIT FOUR CASES,648.61,1471,177
20618,QUEEN OF THE SKIES PASSPORT COVER,648.54,297,137
21350,GINGHAM HEART WREATH,647.7500000000001,225,42
21003,ROSE DU SUD CUSHION COVER,647.75,109,64
17164B,ASS COL SMALL SAND GECKO P'WEIGHT,646.56,1620,81
21134,VICTORIAN METAL POSTCARD CHRISTMAS,646.4399999999999,377,46
84916,HAND TOWEL PALE BLUE W FLOWERS,646.4300000000001,261,58
22678,"FRENCH BLUE METAL DOOR SIGN, 3",645.15,501,71
47597,NEW ENGLAND TEATOWELS,644.88,322,124
23408,PHOTO FRAME LINEN AND LACE SMALL,644.8000000000001,310,59
85215,ASSORTED CHEESE FRIDGE MAGNETS,643.89,831,66
17181,CIRCLE OF FRIENDS CANDLE HOLDER,642.66,353,65
22134,LADLE LOVE HEART RED,642.4,1489,145
16169M,WRAP DAISY CARPET,640.95,2060,59
17084N,FAIRY DREAMS INCENSE,640.26,2768,187
84520D,PACK OF 20 FAIRY CAKE PAPER NAPKINS,639.4699999999999,699,94
84865,NEW BAROQUE BLACK PHOTO ALBUM,639.42,77,48
84986B,SET OF 36 SILVER PAPER DOILIES,639.06,432,75
35004P,SET OF 3 PINK FLYING DUCKS,638.97,120,43
21665,TRIANGULAR RIDGED GLASS POSY HOLDER,638.8,879,75
84601A,NEW BAROQUE IVORY CUSHION COVER,638.34,260,15
84766,SILVER ROCOCO CANDLE STICK,638.0,200,27
17107D,"FLOWER FAIRY,5 SUMMER B'DRAW LINERS",637.5,250,65
21816,CHRISTMAS TREE T-LIGHT HOLDER,637.3399999999999,422,50
84872a,TEATIME FUNKY FLOWER BACKPACK FOR 2,636.47,58,45
85185D,FROG SOCK PUPPET,636.11,195,66
23492,VINTAGE JINGLE BELLS WREATH,635.38,76,28
22391,PAPERWEIGHT HOME SWEET HOME,635.19,323,66
23298,"BUNTING , SPOTTY",634.7,146,7
84507C,BLUE CIRCLES DESIGN MONKEY DOLL,634.64,433,70
22510,GINGHAM BABUSHKA DOORSTOP,633.35,272,62
20819,SILVER TEDDY BEAR,631.49,228,65
84951B,SET OF 4 BLACK LOVEBIRD COASTERS,631.12,477,92
23216,LAUREL HEART ANTIQUE GOLD,630.73,525,44
84964A,PINK PAINTED KASHMIRI TABLE,630.0,11,2
23019,SMALL APOTHECARY MEASURING JAR,629.05,81,28
85230E,STRAWBRY SCENTED VOTIVE CANDLE,628.41,2445,66
23027,DRAWER KNOB VINTAGE GLASS HEXAGON,627.95,295,30
22263,FELT EGG COSY LADYBIRD,627.38,836,105
22042,CHRISTMAS CARD SINGING ANGEL,627.19,1738,128
72814,SET OF 3 CHRISTMAS BRIAR CANDLES,626.39,176,31
16169N,WRAP BLUE RUSSIAN FOLKART,626.25,2025,56
71101E,STANDING FAIRY POLE SUPPORT,626.13,777,47
90184B,AMETHYST CHUNKY BEAD BRACELET W STR,625.48,69,47
85218,S/5 MINI ICE CREAM FRIDGE MAGNETS,625.1999999999999,1992,2
82616A,BUBBLE GUM SCARF KNITTING KIT,624.21,316,52
22289,"DECORATION , HANGING METAL CHICKEN",623.96,616,42
85092,CANDY SPOT TEA COSY,622.57,391,24
20694,FLORAL PINK MONSTER,622.33,166,54
22288,HANGING METAL RABBIT DECORATION,621.97,476,59
22129,PARTY CONES CANDY DECORATION,621.96,454,67
84596J,MIXED NUTS LIGHT GREEN BOWL,621.74,810,138
23425,STORAGE TIN HOME SWEET HOME,621.44,275,56
23180,MUM'S KITCHEN CLOCK,621.09,122,49
16156N,"WRAP, FRIENDSHIP ON GREEN",619.5,1475,56
22043,CHRISTMAS CARD SCREEN PRINT,619.25,2203,125
23528,WALL ART SPACEBOY,618.59,173,37
84707B,PINK JEWELLED MIRROR TRINKET TRAY,618.52,79,51
22837,HOT WATER BOTTLE BABUSHKA LARGE,618.0,136,14
20696,FLORAL SOFT CAR TOY,617.9399999999999,151,60
23471,SIX DRAWER OFFICE TIDY,616.79,65,27
23453,OVAL MINI PORTRAIT FRAME,615.98,316,47
72772,SET/4 SCENTED CANDLES IN RAMEKINS,615.84,457,9
84952B,BLACK LOVE BIRD T-LIGHT HOLDER,615.49,364,44
84932C,SMALL ORIENTAL BLUE FOLDING STOOL,615.4,282,34
20689,RETRO SISTERS EXPRESSO CUPS,614.1,429,41
84859A,SILVER DISCO HANDBAG,613.53,293,58
47583A,SET OF 3 WICKER BASKET ROSE,612.8199999999999,71,6
85114c,RED ENCHANTED FOREST PLACEMAT,612.64,185,42
37351,ORANGE FLOWER MUG,612.5099999999999,5404,11
23018,LARGE APOTHECARY MEASURING JAR,612.1600000000001,51,21
79315W,FLYING SAUCER TABLE LIGHT IN WHITE,611.51,199,13
35972,DAISY FOLKART HEART DECORATION,611.38,440,87
84858C,PINK RIVIERA HANDBAG,611.0699999999999,347,30
22538,MINI JIGSAW GO TO THE FAIR,610.43,1443,86
22680,"FRENCH BLUE METAL DOOR SIGN, 5",610.11,477,65
gift_0001_30,DOTCOMGIFTSHOP GIFT VOUCHER £30.00,610.09,24,24
23454,THREE MINI HANGING FRAMES,610.0,142,50
90198A,VINTAGE ROSE BEAD BRACELET RASPBERR,609.4300000000001,144,84
21392,RED POLKADOT PUDDING BOWL,608.9,3717,17
20655,QUEEN OF SKIES LUGGAGE TAG,608.48,414,189
84051,ASS COLOUR GLOWING TIARAS,607.98,746,60
21173,LOO ROLL METAL SIGN,607.9599999999999,340,77
20695,FLORAL BLUE MONSTER,604.58,142,61
85169D,PINK LOVE BIRD CANDLE,603.98,521,88
79190B,RETRO PLASTIC POLKA TRAY,603.08,1485,136
21416,CLAM SHELL LARGE,603.0600000000002,751,22
84247G,"DECOUPAGE,GREETING CARD,",602.67,1414,107
21711,FOLDING UMBRELLA WHITE/RED POLKADOT,602.6600000000001,120,43
84932A,SMALL GREEN PEONY FOLDING STOOL,602.6,262,24
20863,BLUE PATCH PENCIL CASE PINK HEART,601.53,293,50
82095,HEART BUTTONS JEWELLERY BOX,600.91,100,48
23520,EMBROIDERED RIBBON REEL RUBY,600.55,167,32
84876D,BLUE HEART COMPACT MIRROR,600.52,331,35
85146,JARDIN ETCHED GLASS SMALL BELL JAR,599.38,118,29
90143,SILVER BRACELET W PASTEL FLOWER,599.13,79,41
17109D,FLOWER FAIRY INCENSE BOUQUET,598.3100000000001,1257,38
21440,12 MINI TOADSTOOL PEGS,597.56,472,95
84682,CLASSICAL ROSE DISH,596.94,295,49
22679,"FRENCH BLUE METAL DOOR SIGN, 4",596.34,468,62
82011C,BATHROOM SCALES FOOTPRINTS IN SAND,595.18,131,71
85117,NIGHTINGALE COATHOOK WHITE,594.3199999999999,347,61
47469,ASSORTED SHAPES PHOTO CLIP SILVER,594.28,1220,29
72122,COFFEE SCENT PILLAR CANDLE,593.3299999999999,586,120
16236,KITTY PENCIL ERASERS,593.29,2652,260
20849,ZINC HEART LATTICE DOUBLE PLANTER,593.03,674,24
22092,BLUE PAISLEY TISSUE BOX,592.91,933,140
62096A,PINK/YELLOW FLOWERS HANDBAG,592.79,383,89
23377,PACK OF 12 DOLLY GIRL TISSUES,592.4499999999999,1351,133
85113,POLKA DOT PISTACHIO PAIL,591.6600000000001,285,48
21304,ARCHED GREY MIRROR,591.58,86,18
84963B,BLUE PAINTED KASHMIRI CHAIR,591.5,18,6
20794,BLUE TILE HOOK,591.02,212,48
21322,GLASS SPHERE CANDLE STAND LARGE,590.45,301,14
84563B,BLUE & WHITE BREAKFAST TRAY,590.04,128,59
20661,BLUE SPOTTY PURSE,589.9000000000001,483,70
21256,"FRENCH BOTTLE, BRASSERIE DES ARTIST",588.64,326,65
21893,POTTING SHED SEED TIN,587.8,172,20
21167,WHITE SAGE INCENSE,587.52,2440,114
21223,SET/4 BADGES WOODLAND ANIMAL,587.08,492,43
84934,ASSTD DESIGN POP ART SLIM PEN,586.5,687,13
22683,"FRENCH BLUE METAL DOOR SIGN, 8",586.36,458,63
23565,EGG CUP MILKMAID HELGA,586.31,410,63
23499,SET 12 VINTAGE DOILY CHALK,586.23,1312,110
90199C,5 STRAND GLASS NECKLACE CRYSTAL,585.29,99,31
90195A,PURPLE GEMSTONE BRACELET,585.1999999999999,70,44
84569C,PACK 4 FLOWER/BUTTERFLY PATCHES,584.93,415,89
21016,LIGHT BIRD HOUSE TREE DECORATION,582.85,834,82
82001s,SILVER RECORD COVER FRAME,581.88,78,15
21553,CERAMIC BIRDHOUSE FINCH BLUE LARGE,581.27,90,39
22785,SQUARECUSHION COVER PINK UNION JACK,581.23,173,42
20781,GOLD EAR MUFF HEADPHONES,579.93,103,61
20804,GLASS CHICKEN BUTTER DISH,579.3100000000001,325,61
22999,TRAVEL CARD WALLET VINTAGE LEAF,578.48,1350,117
85232A,SET/3 POLKADOT STACKING TINS,578.46,113,44
90010B,BLACK/WHITE GLASS/SILVER BRACELET,578.02,63,34
15056p,EDWARDIAN PARASOL PINK,577.84,46,38
21419,CONCH SHELL,577.6899999999999,1259,19
22685,"FRENCH BLUE METAL DOOR SIGN, 0",577.51,461,54
23324,RUSTIC STRAWBERRY JAM POT LARGE,577.48,279,38
35922,EASTER BUNNY WREATH,575.99,97,36
85144,JARDIN ETCHED GLASS CHEESE DISH,575.45,219,40
23016,GLASS TWIST BON BON JAR,575.25,74,24
23125,6PC WOOD PLATE SET DISPOSABLE,574.88,459,38
84932D,SMALL ORIENTAL RED FOLDING STOOL,574.71,239,21
20935,ROUND CACTUS CANDLE,574.48,300,46
47421,ASSORTED COLOUR LIZARD SUCTION HOOK,572.7,1463,74
22684,"FRENCH BLUE METAL DOOR SIGN, 9",572.58,450,54
17013D,ORIGAMI ROSE INCENSE IN TUBE,572.4,1068,31
84675,FROG KING WATERING CAN,571.71,206,62
84924A,WAKE UP COCKEREL CALENDAR SIGN,571.0,133,62
20615,BLUE SPOTTY PASSPORT COVER,570.85,316,88
16162L,THE KING GIFT BAG,570.43,8101,30
84509C,SET OF 4 POLKADOT PLACEMATS,570.19,149,60
85202,HANGING WOOD AND FELT HEART,570.09,1208,208
85129A,"WHITE PEARL BEADED HEART, SMALL",569.16,444,75
85086A,CANDY SPOT HEART DECORATION,568.73,587,152
23219,LAUREL STAR ANTIQUE SILVER,568.6,430,61
84806B,WHITE CANDYSTUFT ARTIFICIAL FLOWER,568.02,450,32
84846A,SCENTED CANDLE IN DIGITALIS TIN,567.55,251,54
85119,WATERING CAN SINGLE HOOK PISTACHIO,567.48,413,39
22425,ENAMEL COLLANDER CREAM,567.12,122,23
16169C,WRAP BLUE REINDEER,567.0,1350,43
85169C,EAU DE NIL LOVE BIRD CANDLE,566.82,505,71
22699,TEACUP AND SAUCER REGENCY ROSES,566.7,210,14
21285,RETRO SPOT CANDLE MEDIUM,566.22,263,36
21899,GARAGE KEY FOB,565.81,778,148
20838,FRENCH LATTICE CUSHION COVER,565.8,446,63
37444A,YELLOW BREAKFAST CUP AND SAUCER,563.43,2709,43
23381,PACK OF 12 VINTAGE LEAF TISSUES,562.88,1496,80
23272,TREE T-LIGHT HOLDER WILLIE WINKIE,562.2199999999999,364,44
23413,VINTAGE COFFEE GRINDER BOX,561.23,109,30
37345,ASSTD HEARTS DESIGN MUGS,561.05,321,9
85230B,CINNAMON SCENTED VOTIVE CANDLE,561.04,2120,68
84773,RED ROSE AND LACE C/COVER,560.5,190,48
16049,TEATIME GEL PENS ASST,560.48,3169,32
22682,"FRENCH BLUE METAL DOOR SIGN, 7",560.05,443,58
16238,PARTY TIME PENCIL ERASERS,559.54,2447,236
85090,CANDY SPOT APRON,559.28,106,53
22447,PIN CUSHION BABUSHKA BLUE,558.28,180,59
21160,KEEP OUT GIRLS DOOR HANGER,557.49,794,58
84306,S/3 PINK SQUARE PLANTERS ROSES,557.4799999999999,48,31
22950,SET OF 36 DOILIES VINTAGE CHRISTMAS,557.4,444,2
84569B,PACK 3 FIRE ENGINE/CAR PATCHES,557.18,433,76
23069,EDWARDIAN PHOTO FRAME,556.21,88,32
23451,SQUARE MINI PORTRAIT FRAME,556.17,277,52
72586,SET OF 6 HALLOWEEN GHOST T-LIGHTS,556.11,1244,125
21371,MIRRORED WALL ART POPPIES,556.01,404,64
21881,CUTE CATS TAPE,554.95,1332,118
90120D,WHITE MURANO TWIST BRACELET,554.13,134,40
84859C,PINK DISCO HANDBAG,552.72,304,39
23473,WOODLAND SMALL RED FELT HEART,552.02,678,51
22452,MEASURING TAPE RUSSIAN DOLL PINK,551.7,182,48
84805B,BLUE CLIMBING HYDRANGA ART FLOWER,551.4000000000001,340,9
79030G,TUMBLER NEW ENGLAND,551.1899999999999,1261,53
22044,CHRISTMAS CARD STACK OF PRESENTS,550.28,1946,89
22681,"FRENCH BLUE METAL DOOR SIGN, 6",550.1,430,56
23456,MEDIUM PARLOUR PICTURE FRAME,550.0,136,34
21373,MIRRORED WALL ART SNOWFLAKES,548.89,636,61
85071D,CHARLIE+LOLA MY ROOM DOOR SIGN,548.86,884,112
85091,CANDY SPOT BREAD BASKETS,548.81,343,20
22584,PACK OF 6 PANETTONE GIFT BOXES,548.63,233,18
72800B,4 PURPLE FLOCK DINNER CANDLES,548.11,335,57
23549,WRAP BIRD GARDEN,548.1,1305,52
20888,SET 3 JARDIN DE FEMME SCENT CANDLES,547.74,367,19
23074,EMBOSSED HEART TRINKET BOX,547.27,246,48
85184C,SET 4 VALENTINE DECOUPAGE HEART BOX,545.75,169,62
21339,MARAKESH LANTERN LARGE,544.5,30,12
22394,PAPERWEIGHT KINGS CHOICE,544.29,346,55
84596K,JELLY BABIES YELLOW SMALL BOWL,543.41,428,93
22983,"CARD, BILLBOARD FONT",543.34,1300,100
18094C,WHITE AND BLUE CERAMIC OIL BURNER,542.61,400,85
35969,FOLKART CROWN TABLE DECORATIONS,542.4699999999999,523,76
47021G,SET/6 BEAD COASTERS GAUZE BAG GOLD,541.96,713,70
20943,SET/6 GINGERBREAD STAR T-LIGHTS,540.21,381,71
21311,SET/4 BIRD MIRROR MAGNETS,539.67,701,94
85027L,FRENCH CHATEAU LARGE PLATTER,538.5,190,40
16048,TEATIME ROUND PENCIL SHARPENER,537.06,3461,105
84592,CROCHET ROSE PURSE WITH SUEDE BACK,536.4000000000001,173,47
84414B,FUSCHIA/GREEN STRIPE WOOLLY BLANKET,536.24,78,9
21017,RED BIRD HOUSE TREE DECORATION,535.89,659,87
23398,HANGING HEART BONHEUR,535.35,606,69
23660,HENRIETTA HEN MUG,534.66,306,42
72800D,S/4 BLUE DINNER CANDLE SILVER FLOCK,534.58,418,36
90203,SILVER CHARM NECKLACE 70CM,534.27,71,34
21418,STARFISH SOAP DISH,533.84,194,66
16169P,WRAP GREEN RUSSIAN FOLKART,533.75,1750,48
20823,GOLD WINE GOBLET,533.71,253,19
20659,ECONOMY LUGGAGE TAG,533.51,369,138
85020,ROUND PINK HEART MIRROR,533.48,240,58
85030,FRENCH CHATEAU OVAL PLATTER,531.4499999999999,211,29
84661B,BLACK SQUARE TABLE CLOCK,530.22,243,51
72267,PREMIUM CHURCH CANDLE,530.16,265,45
21734,SMALL MARAKESH LANTERN ON STICK,529.49,97,29
90160D,PINK BOUDICCA LARGE BRACELET,529.22,76,25
21943,CAKES AND RABBITS DESIGN FLANNEL,529.16,591,149
84799,SPRIG LAVENDER ARTIFICIAL FLOWER,528.78,678,31
20653,CHERRY BLOSSOM LUGGAGE TAG,528.77,2004,81
23139,SINGLE WIRE HOOK PINK HEART,528.6999999999999,414,27
16202B,PASTEL BLUE PHOTO ALBUM,528.56,1039,22
23060,HEART BEADED TRELLIS DECORATION,528.1700000000001,249,42
90175D,TIGRIS EYE CHUNKY CHARM BRACELET,527.8199999999999,58,41
21336,GOLD WASHBAG,527.5600000000001,1823,43
22344,PARTY PIZZA DISH PINK POLKADOT,526.64,1296,88
71270,PHOTO CLIP LINE,525.4,370,81
22898,CHILDRENS APRON APPLE DESIGN,524.71,291,26
72728,ROSE SCENT CANDLES IN GLASS,523.1500000000001,643,54
21403,BLUE EGG SPOON,523.07,2319,157
22861,EASTER TIN CHICKS IN GARDEN,522.93,305,50
85226C,BLUE PULL BACK RACING CAR,522.3100000000001,989,83
23537,WALL ART I LOVE LONDON,521.73,99,32
21459,YELLOW EASTER EGG HUNT START POST,520.55,263,44
23336,EGG FRYING PAN PINK,519.25,225,85
BANK CHARGES,BANK CHARGES,519.241,34,33
20793,BLUE TILED TRAY,518.5,281,22
20868,SILVER FABRIC MIRROR,518.07,882,71
35810B,ENAMEL BLUE RIM COFFEE CONTAINER,517.71,325,68
84657,GREEN ROSE CUSHION COVER,517.48,246,20
84762A,WHITE PICNIC BARBECUE BUCKET,517.4300000000001,59,29
84683,CLASSICAL ROSE CANDLESTAND,516.85,537,46
85039C,S/4 BLACK MINI ROSE CANDLE IN BOWL,516.31,536,114
90114,SUMMER DAISIES BAG CHARM,514.18,205,111
84931A,PINK SCOTTIE DOG W FLOWER PATTERN,513.69,204,82
46118,FUNKY MONKEY CUSHION COVER,513.58,373,72
16168M,FUNKY MONKEY GIFT BAG MEDIUM,512.38,1686,101
82605,OLD DOC RUSSEL METAL SIGN,512.13,227,101
72807c,SET/3 VANILLA SCENTED CANDLE IN BOX,511.98,60,44
23136,IVORY WIRE SWEETHEART LETTER TRAY,511.89,135,49
47559b,TEA TIME OVEN GLOVE,511.46,154,44
85179A,GREEN BITTY LIGHT CHAIN,511.07,217,70
84875B,GREEN SQUARE COMPACT MIRROR,511.01,373,40
85129C,BEADED CRYSTAL HEART BLUE SMALL,510.23,390,65
84989B,75 BLACK FAIRY CAKE CASES,510.15,1009,57
84782C,GREEN 3 TIER GLASS PLATE STAND,509.9,74,18
21540,DAIRY MAID CERAMIC BUTTER DISH,509.62,114,48
90058B,CRYSTAL STUD EARRINGS ASSORTED COL,509.08,1082,29
20753,RETRO PINK SPOT WASHING UP GLOVES,509.0,218,56
22135,LADLE LOVE HEART PINK,508.75,1096,151
20615,BLUE POLKADOT PASSPORT COVER,506.96,325,109
23043,PAPER LANTERN 9 POINT HOLLY STAR L,506.01,75,20
20654,FIRST CLASS LUGGAGE TAG,505.41,398,120
35004S,SET OF 3 SILVER FLYING DUCKS,505.4,145,24
23527,WALL ART ANIMALS AND NATURE,504.59,153,31
37352,BIRD IN TREE MUG,504.55,4643,8
22286,DECORATION WOBBLY RABBIT METAL,504.46,830,67
84877B,GREEN ROUND COMPACT MIRROR,504.43,291,43
22541,MINI JIGSAW LEAP FROG,503.92,1245,66
84218,BOX/12 CHICK & EGG IN BASKET,503.51,261,96
85169B,BLACK LOVE BIRD CANDLE,502.90999999999997,428,93
85142,JARDIN ETCHED GLASS GINGER JAR,502.58,57,34
20845,ZINC HEART LATTICE 2 WALL PLANTER,502.27,76,24
21117,BLOND DOLL DOORSTOP,502.08000000000004,328,26
79337,BLUE FLOCK GLASS CANDLEHOLDER,502.03,1194,21
84804B,BLUE DELPHINIUM ARTIFICIAL FLOWER,501.9700000000001,355,19
90010E,AMBER GLASS/SILVER BRACELET,501.65,56,35
23117,POPPY FIELDS CHOPPING BOARD,501.23,93,45
47591B,SCOTTIES DES CHILD'S APRON,500.83,300,98
23021,GLASS BONNE JAM JAR,500.82000000000005,120,27
20865,PATCHWORK PENCIL CASE BUTTERFLY,500.49,251,33
71143,SILVER BOOK MARK WITH BEADS,500.34,332,96
84706D,CHERRY BLOSSOM TABLE CLOCK,500.19,219,16
16219,HOUSE SHAPE PENCIL SHARPENER,499.55,3357,128
21882,SKULLS TAPE,499.44,1052,119
35471A,SET OF 3 BIRD L.BLUE FEATHER,499.31,421,83
23560,SET OF 6 RIBBONS COUNTRY STYLE,499.18,172,26
84247L,FAWN AND MUSHROOM GREETING CARD,498.21,1137,110
20864,DENIM PATCH PENCIL CASE BUTTERFLY,498.14,252,29
47592A,CAROUSEL DES CHILD'S OVERALL,497.81,257,74
35600D,PINK AND WHITE CHRISTMAS TREE 180CM,497.70000000000005,141,13
85230A,OPIUM SCENTED VOTIVE CANDLE,497.03999999999996,1992,48
21399,BLUE SPOTTY COFFEE MUG,495.98,241,35
72800C,S/4 PINK DINNER CANDLE SILVER FLOCK,494.39000000000004,394,28
22031,BOTANICAL LAVENDER BIRTHDAY CARD,493.99,1125,142
84798B,PURPLE FOXGLOVE ARTIIFCIAL FLOWER,492.90000000000003,326,10
16239,BALLERINA HEART DECORATION.,492.17,347,21
90160B,RED BOUDICCA LARGE BRACELET,490.92,71,29
84827,ASS DES PHONE SPONGE CRAFT STICKER,489.79,1027,29
37482P,CUBIC MUG PINK POLKADOT,489.6,549,56
21004,ROSE DU SUD CHILDS APRON,489.14,106,52
35967,FOLK ART METAL STAR T-LIGHT HOLDER,488.51,936,112
84876B,GREEN HEART COMPACT MIRROR,488.31,344,40
21663,VINTAGE GLASS SUGAR CADDY,488.16,76,32
51020B,STRIPY DESIGN SHOWER CAP,488.11999999999995,1084,60
84970l,SINGLE HEART ZINC T-LIGHT HOLDER,487.14,233,65
22892,SALT AND PEPPER SHAKERS TOADSTOOLS,486.35,397,30
72800D,4 BLUE DINNER CANDLES SILVER FLOCK,485.63,213,50
22897,OVEN MITT APPLE DESIGN,485.0,343,34
22407,MONEY BOX FIRST ADE DESIGN,484.34000000000003,394,64
84875D,BLUE SQUARE COMPACT MIRROR,483.75,371,37
23218,LAUREL STAR ANTIQUE GOLD,483.03,379,40
22259,FELT FARM ANIMAL HEN,482.95,590,72
22038,BOTANICAL LAVENDER GIFT WRAP,481.0,1150,45
84984B,RED PEONY CUSHION COVER,480.85,309,10
85227,SET/6 3D KIT CARDS FOR KIDS,480.69,592,50
22346,PARTY PIZZA DISH GREEN POLKADOT,479.6,1159,68
23169,CLASSIC GLASS SWEET JAR,479.45,119,14
16244A,MAXWELL 2 TONE PINK 60 PAGE PHOTO A,479.40999999999997,186,28
23422,PANTRY HOOK BALLOON WHISK,477.89,213,47
37492C,GREEN BLUE FLOWER PIGGY BANK,477.29999999999995,242,24
21620,S/4 ROSE BOTANICAL CANDLE,477.12,127,38
21132,SILVER STANDING GNOME,476.61,93,47
72750C,"F.FAIRY S/3 CANDLE/GLASS, ROSE",476.4,232,15
23561,SET OF 6 RIBBONS PARTY,476.0,170,16
72801G,S/4 BURGUNDY WINE DINNER CANDLES,475.91999999999996,786,26
85170B,SET/6 BLACK BIRD T-LIGHT CANDLES,475.91,283,58
85109,PINK BOUDOIR T-LIGHT HOLDER,475.43000000000006,4211,20
84809A,WHITE CHRYSANTHEMUMS ART FLOWER,474.84,276,21
21507,ELEPHANT BIRTHDAY CARD,474.78000000000003,1110,95
21536,DAIRY MAID SMALL MILK JUG,474.74,221,61
85136B,BLUE SHARK HELICOPTER,473.77000000000004,59,47
22697,TEACUP AND SAUCER REGENCY GREEN,472.5,174,13
40046A,RED DAISY PAPER LAMPSHADE,472.07,355,62
22951,72 CAKE CASES DOLLY GIRL DESIGN,471.84999999999997,943,25
84926E,FLOWERS TILE COASTER,471.57,1081,52
85144,JARDIN ETCHED GLASS BUTTER DISH,471.4,68,30
20662,FIRST CLASS HOLIDAY PURSE,471.33000000000004,728,49
84901,BLACK FACE LAMB WITH PANTS,471.13,123,74
gift_0001_20,DOTCOMGIFTSHOP GIFT VOUCHER £20.00,471.06,28,26
23521,WALL ART CAT AND BIRD,469.73,143,40
21518,BANK ACCOUNT GREETING CARD,469.28000000000003,1107,109
90192,JADE DROP EARRINGS W FILIGREE,469.18,94,53
22686,"FRENCH BLUE METAL DOOR SIGN, NO",468.94,356,48
72799B,PURPLE PILLAR CANDLE BLACK FLOCK,467.71000000000004,322,16
85211,S/4 GROOVY CAT MAGNETS,467.4,306,75
35911A,MULTICOLOUR RABBIT EGG WARMER,466.69,388,96
72225C,LAVENDER SCENT CAKE CANDLE,466.38,1926,38
23379,PACK OF 12 RED APPLE TISSUES,465.36,1220,76
51020A,SUMMER FUN DESIGN SHOWER CAP,463.30999999999995,1303,50
23455,SMALL PARLOUR PICTURE FRAME,462.45,165,33
90120C,GREEN MURANO TWIST BRACELET,462.32,109,58
84972L,GIANT PINK HEART MEMO HOLDER,462.15000000000003,117,46
72132,COLUMBIAN CUBE CANDLE,462.15,549,28
72789,BASKET/8 SCENTED LOVE TOKEN CANDLES,461.53,122,45
85204,HANGING WOOD AND FELT FLOWER,460.9,2353,154
90195B,BLACK GEMSTONE BRACELET,460.69,52,26
23691,WRAP KEEP CALM BIRTHDAY,460.5,1125,36
84915,HAND TOWEL PINK FLOWER AND DAISY,459.56,234,37
84948,SILVER HANGING T-LIGHT HOLDER DOME,459.21,273,36
22193,RED WALL CLOCK,459.0,60,1
22191,IVORY WALL CLOCK,459.0,60,1
47422,ASSORTED MONKEY SUCTION CUP HOOK,458.34000000000003,1177,66
16207B,PINK HEART RED HANDBAG,457.65000000000003,265,46
22345,PARTY PIZZA DISH BLUE POLKADOT,457.58,1183,81
23045,PAPER LANTERN 5 POINT STAR MOON,456.48,108,20
90145,SILVER HOOP EARRINGS WITH FLOWER,455.86,75,45
84509A,ENGLISH ROSE PLACEMATS,455.18,117,32
90201B,BLACK ENAMEL FLOWER RING,454.31000000000006,154,54
21757,LIGHTHOUSE PRINTED METAL SIGN,454.3,80,42
72586,"S/6 HALLOWEEN GHOST T LIGHTS, 5CM H",453.99,1059,58
84508B,STRIPES DESIGN TEDDY,453.76,169,74
22813,PACK 3 BOXES BIRD PANETTONE,451.84,204,31
20621,ECONOMY PASSPORT COVER,451.67,207,33
23548,WRAP MAGIC FOREST,451.5,1075,43
23509,MINI PLAYING CARDS FUN FAIR,451.46000000000004,1062,65
90120B,BLUE MURANO TWIST BRACELET,451.44,107,42
82081,PINK HEARTS PHOTO ALBUM,451.35,174,23
84597C,RETRO PINK BALL ASHTRAY,450.98,364,44
16012,FOOD/DRINK SPONGE STICKERS,449.82,2142,63
21393,BLUE POLKADOT PUDDING BOWL,449.26,2565,15
20616,CHERRY BLOSSOM PASSPORT COVER,449.26,283,121
16218,CARTOON PENCIL SHARPENERS,448.13,4629,98
90014A,SILVER/MOP ORBIT NECKLACE,447.21,44,34
17164D,ASS COL SMALL SAND FROG P'WEIGHT,447.0,1150,28
72127,COLUMBIAN CANDLE ROUND,445.94,366,65
79030D,"TUMBLER, BAROQUE",445.45,484,21
84857C,PINK MONTE CARLO HANDBAG,445.03,197,17
21529,RED RETROSPOT TOASTRACK,444.36,120,49
90010A,MIDNIGHT BLUE GLASS/SILVER BRACELET,443.84999999999997,49,30
72128,COLUMBIAN CANDLE ROUND,442.23999999999995,714,88
62096B,PURPLE/TURQ FLOWERS HANDBAG,441.99,257,82
90198B,VINTAGE ROSE BEAD BRACELET BLACK,441.9,104,49
16243B,BROWN COZY SQUARE PHOTO ALBUM,441.77,212,8
90154,LAZER CUT NECKLACE W PASTEL BEADS,439.65,59,7
16161M,WRAP PINK FLOCK,439.0,1050,39
79030A,"TUMBLER, ENGLISH ROSE",438.25,171,33
23023,RIDGED BONNE JAM JAR T-LIGHT HOLDER,437.82,274,25
90013A,MIDNIGHT BLUE VINTAGE EARRINGS,434.27,115,77
22343,PARTY PIZZA DISH RED WHITE SPOT,434.07,488,34
79071B,ENGLISH ROSE METAL WASTE BIN,433.70000000000005,142,66
21027,NINJA RABBIT PINK,433.61,355,77
84859B,BLUE DISCO HANDBAG,433.46,282,18
84510F,SET OF 4 NEW ENGLAND COASTERS,432.75,1099,38
84798A,PINK FOXGLOVE ARTIIFCIAL FLOWER,432.45000000000005,195,10
37464,ROBOT MUG IN DISPLAY BOX,431.18,316,82
84858B,BLUE RIVIERA HANDBAG,431.0,326,9
23058,CHRISTMAS HANGING SNOWFLAKE,430.86,490,48
72800C,4 PINK DINNER CANDLE SILVER FLOCK,430.45,266,50
20851,ZINC HEART LATTICE TRAY OVAL,429.57,335,28
16045,POPART WOODEN PENCILS ASST,429.44,9312,74
90013B,BLACK VINTAGE EARRINGS,428.92,104,79
84966B,BLUE KASHMIRI BOXED MIRROR,428.0,33,4
84422,PINK/BLUE DISC/MIRROR STRING,427.95,782,38
84801A,PINK HYDRANGEA ART FLOWER,427.44000000000005,272,15
23457,LARGE PARLOUR PICTURE FRAME,427.03000000000003,85,29
23522,DOG AND BALL WALL ART,425.87999999999994,252,4
85230G,ORANGE VOTIVE CANDLE,425.75999999999993,1680,46
20715,LITTLE FLOWER SHOPPER BAG,424.0,400,1
21028,NINJA RABBIT BLACK,423.9,323,92
45016,DECORATIVE NET CANOPY LEOPARD,423.73,101,25
16207A,PINK STRAWBERRY HANDBAG,423.53000000000003,143,76
21678,PAISLEY PATTERN STICKERS,423.0,572,80
16008,SMALL FOLDING SCISSOR(POINTED EDGE),422.96,3141,85
21729,SMALL MARAKESH METAL LANTERN,422.9,124,30
22446,PIN CUSHION RUSSIAN DOLL PINK,422.45000000000005,122,34
22840,"CAKE TIN, ROUND, VINTAGE RED,CREAM",421.05,59,10
47579,TEA TIME BREAKFAST BASKET,420.87,185,55
46126A,ELVIS WALLHANGING / CURTAIN,419.99,317,48
84967C,GREEN KASHMIRI OCCASIONAL TABLE,419.85,9,4
84770,ROUND GEORGIAN SILVER MIRROR,419.25000000000006,135,16
72780,BLACK SILOUETTE CANDLE PLATE,418.18,514,44
22032,BOTANICAL LILY GREETING CARD,418.12,980,111
72750A,FLOWER FAIRY SET OF 3 LILY CANDLES,417.7,206,8
84532B,FAIRY CAKES RECTANGLUAR BOXES,417.58,54,31
85097B,BLUE ROCKING SINGING CANARY,417.17,106,40
37482P,CUBIC MUG PINK POLKA DOT,416.71000000000004,118,27
35240,ENAMEL BLUE RIM OVAL TRAY SET/2,416.01,49,39
85014b,RED RETROSPOT UMBRELLA,414.82000000000005,33,30
84529C,YELLOW KNITTED KIDS RUCKSACK,414.74,78,37
84997b,RED 3 PIECE MINI DOTS CUTLERY SET,414.18,49,7
22395,PAPERWEIGHT VINTAGE PAISLEY,413.76,234,53
84007,MAGIC GARDEN MOUNT FUJI,413.12,157,39
85112,S/3 TEAR DROP CUT GLASS DECORATION,412.77,465,34
23459,DOLLY CABINET 2 DRAWERS,412.5,33,19
20666,ECONOMY HOLIDAY PURSE,412.45000000000005,911,46
23415,HOME SWEET HOME HOOK,412.17999999999995,328,47
21520,BOOZE & WOMEN GREETING CARD,411.63,957,108
84884a,ANT WHITE WIRE HEART SPIRAL,410.89,49,35
20857,BLUE ROSE PATCH PURSE PINK BUTTERFL,410.84999999999997,249,73
21341,KASBAH LANTERN WITH GLASS,410.64,72,29
90149,SILVER FLOWR PINK SHELL NECKLACE,410.26000000000005,62,9
84509B,FAIRY CAKE PLACEMATS,409.94,107,28
37444B,BLUE BREAKFAST CUP AND SAUCER,409.6,2010,28
16169F,WRAP BLIZZARD,409.5,975,34
84595B,LARGE TRIFLE DESIGN L BLUE BOWL,408.9,230,16
22786,PILLOWCUSHION COVER PINK UNION JACK,408.83000000000004,67,22
21252,SET OF MEADOW FLOWER STICKERS,408.66,168,22
22323,BAG FOR CHILDREN VINTAGE PINK,408.0,96,1
22324,BAG FOR CHILDREN VINTAGE BLUE,408.0,96,1
72803B,OCEAN SCENT CANDLE JEWELLED DRAWER,407.88,92,36
22776,"CAKESTAND, 3 TIER, LOVEHEART",405.5,46,7
84984A,GREEN PEONY CUSHION COVER,403.75,255,12
82076,BEECH WOOD PHOTO FRAME,403.64,290,19
90206C,CRYSTAL DIAMANTE STAR BROOCH,402.61,80,57
84932B,SMALL PINK PEONY FOLDING STOOL,401.3,189,17
22134,MINI LADLE LOVE HEART RED,401.18,865,153
23339,EGG FRYING PAN BLUE,400.84000000000003,173,76
23576,SNACK TRAY RED VINTAGE DOILY,400.03999999999996,198,37
23429,RED RETRO KITCHEN WALL CLOCK,400.01,47,23
23039,T-LIGHT HOLDER SILVER HEART HANDLE,399.71,199,28
85007,SET OF 3 VINTAGE TEA TIME BOXES,399.62,143,21
23466,TUSCAN VILLA DOVECOTE BIRD FEEDER,399.03,43,23
21698,MOCK LOBSTER FRIDGE MAGNET,399.01,530,112
20889,JARDIN DE FEMME SCENTED CANDLE,398.04,657,13
D,DISCOUNT,397.89,196,5
79191B,RETRO PLASTIC POLKA TRAY,397.37,479,70
85167A,WHITE GRAND BAROQUE PHOTO FRAME,396.8,176,14
90180A,BLACK+WHITE NECKLACE W TASSEL,396.64,44,28
84804A,CREAM DELPHINIUM ARTIFICIAL FLOWER,396.38000000000005,218,18
21025,SPACE FROG,396.12,300,81
90120A,PINK MURANO TWIST BRACELET,395.68,93,41
23484,HEART TRELLIS TRIPLE T-LIGHT HOLDER,395.11,129,30
84726,LILLIES CANVAS PICTURE,394.85,233,5
84873A,FUNKY FLOWER PICNIC BAG FOR 4,394.15,32,16
21736,GOLD SCROLL GLASS T-LIGHT HOLDER,393.69,193,27
23661,MILK MAIDS MUG,393.59,219,33
84952A,CLEAR LOVE BIRD T-LIGHT HOLDER,392.53,148,39
90201D,GREEN ENAMEL FLOWER RING,391.37,133,57
84673B,BLUE FLY SWAT,391.31,503,133
90124B,BLUE MURANO TWIST NECKLACE,391.18,39,30
84711A,SILVER OVAL SHAPE TRINKET BOX,390.95,42,24
23150,IVORY SWEETHEART SOAP DISH,390.75,148,49
20661,BLUE POLKADOT PURSE,390.16,415,53
47562,ENGLISH ROSE IRONING BOARD COVER,390.0,104,41
84802B,PURPLE ANEMONE ARTIFICIAL FLOWER,389.79,411,17
84081,WHITE CERAMIC PARTY SET (5PCS),389.3,100,20
16044,POP-ART FLUORESCENT PENS,389.22,6193,3
23337,EGG FRYING PAN MINT,388.75,180,69
84497,BUTTONS AND STRIPES NOTEBOOK,387.13,97,37
23103,BELL HEART DECORATION,387.0,252,9
90158,ST TROPEZ NECKLACE,386.32,77,63
84292,ROSE PINK METAL FOLDING CHAIR,385.98,44,14
90070,RUBY GLASS CLUSTER BRACELET,385.15000000000003,63,35
22698,TEACUP AND SAUCER REGENCY PINK,384.0,144,9
22838,"CAKE TIN, 3 TIER RED/IVORY",383.4,28,8
84509c,SET OF 4 POLKADOT PLACEMATS,383.18,51,32
90201A,PURPLE ENAMEL FLOWER RING,382.84000000000003,130,54
23116,VEGETABLE GARDEN CHOPPING BOARD,382.44,76,22
71053,WHITE MOROCCAN METAL LANTERN,381.54999999999995,69,26
90035B,"PEARL & SHELL 42""NECKL. PINK",380.89,43,4
72801E,S/4 FESTIVE GREEN DINNER CANDLES,380.84,718,22
90184A,AMBER CHUNKY BEAD BRACELET W STRAP,380.82,42,25
72750B,"F.FAIRY S/3 CANDLE/GLASS,LAVENDER",380.35,193,9
20670,VIP HOLIDAY PURSE,378.85,694,48
84533B,FAIRY CAKES ROUND NESTING BOXES,377.93,59,24
20976,12 PENCILS SMALL TUBE POSY,376.34000000000003,549,76
85033G,SET/6 GOLD REINDEER T-LIGHT CANDLES,376.05,236,32
16258A,SWIRLY CIRCULAR RUBBERS IN BAG,375.93,1063,101
23396,LA JARDIN BOTANIQUE CUSHION COVER,375.53,87,28
23128,DOLLCRAFT BOY JEAN-PAUL,373.9,82,12
84680,CLASSICAL ROSE URN,372.3,94,17
84741C,CITRUS GARLAND FELT FLOWERS,372.14,185,51
84877D,BLUE ROUND COMPACT MIRROR,371.84999999999997,160,43
84429A,MEDIUM PINK BUDDHA HEAD,371.78000000000003,109,42
16216,LETTER SHAPE PENCIL SHARPENER,371.64,4158,88
22511,DOORSTOP RUSSIAN DOLL RETROSPOT,371.1,102,36
90134,OLD ROSE COMBO BEAD NECKLACE,370.92,126,96
78033,FLAG OF ST GEORGE CHAIR,370.6,156,19
22559,SEASIDE FRISBEE,370.54,308,26
79336,LIGHT PINK FLOCK GLASS CANDLEHOLDER,369.78000000000003,840,21
20663,QUEEN OF THE SKIES HOLIDAY PURSE,369.41,1074,44
20652,BLUE POLKADOT LUGGAGE TAG,369.39,284,94
90082B,DIAMANTE BOW BROOCH RED COLOUR,368.29999999999995,58,25
20906,VINTAGE NOTEBOOK BEAUTY GIRL,368.24,101,47
85026B,EAU DE NILE JEWELLED T-LIGHT HOLDER,367.55,300,29
47503G,ASS FLORAL PRINT TAPE MEASURE,367.36,284,35
23575,SNACK TRAY PAISLEY PARK,367.34999999999997,179,32
47504G,ENGLISH ROSE TAPE MEASURE,366.81,266,57
35915A,CREAM KNITTED HEN,365.76,288,1
90002D,FLOWER BURST SILVER RING CRYSTAL,365.74,104,34
84926D,LA PALMIERA TILE COASTER,365.34999999999997,773,47
79190A,RETRO PLASTIC 70'S TRAY,364.25,790,119
35968,FOLK ART METAL HEART T-LIGHT HOLDER,363.34000000000003,761,75
90164B,WHITE ROSEBUD PEARL BRACELET,362.94,67,35
90160A,PURPLE BOUDICCA LARGE BRACELET,362.51,52,25
85094,CANDY SPOT EGG WARMER RABBIT,360.99,760,108
21880,RED AND WHITE SPOT TAPE,360.93,483,71
84760S,SMALL HANGING GLASS+ZINC LANTERN,360.21,222,36
21946,PARTY TIME DESIGN FLANNEL,358.96999999999997,625,67
84402D,PINK DRESS JEWELLERY STAND,358.93,373,13
90036E,"FLOWER GLASS GARLD NECKL36""AMETHYST",358.87,45,28
23579,SNACK TRAY I LOVE LONDON,358.75,169,35
84711B,PINK OVAL SHAPE TRINKET BOX,357.71,39,30
84997a,GREEN 3 PIECE MINI DOTS CUTLERY SET,357.41,43,11
84800M,MEDIUM WHITE/PINK ROSE ART FLOWER,357.22,250,27
22555,PLASTERS IN TIN MR STRONG,357.0,228,11
35912B,WHITE/PINK CHICK DECORATION,355.58000000000004,288,30
21038,SET/4 MODERN VINTAGE COTTON NAPKINS,355.48,166,52
20799,PINK MILKSHAKE GLASS,355.33,200,26
72487,ROSES WHITE ROUND CANDLE,355.05,827,14
90019A,SILVER M.O.P ORBIT BRACELET,354.59000000000003,68,51
72801C,4 ROSE PINK DINNER CANDLES,354.45,537,28
47310M,SMALL POP BOX FUNKY MONKEY,353.98,258,87
90082A,DIAMANTE BOW BROOCH GREEN COLOUR,353.71,55,32
90013C,GREEN VINTAGE EARRINGS,353.55,88,56
20950,SET/6 ANGEL T-LIGHTS WHITE/GOLD,353.39,687,83
22039,BOTANICAL LILY GIFT WRAP,353.0,850,30
84898F,YELLOW FLOWERS FELT HANDBAG KIT,352.75,165,52
46000R,POLYESTER FILLER PAD 45X30CM,352.34999999999997,303,62
84809B,PINK CHRYSANTHEMUMS ART FLOWER,351.6,296,8
23420,PANTRY HOOK TEA STRAINER,351.37,164,32
82001s,VINYL RECORD FRAME SILVER,351.09999999999997,47,14
90201C,RED ENAMEL FLOWER RING,350.94000000000005,119,46
90161A,ANT COPPER RED BOUDICCA BRACELET,349.96,70,43
22268,DECORATION SITTING BUNNY,349.53999999999996,1480,83
23421,PANTRY HOOK SPATULA,349.2,160,33
72750A,"F.FAIRY S/3 CANDLE/GLASS,LILY/VALLY",349.15000000000003,177,8
22029,SPACE BOY BIRTHDAY CARD,349.12,823,67
82011B,BATHROOM SCALES RUBBER DUCKS,348.8,93,48
23044,PAPER LANTERN 9 POINT HOLLY STAR S,348.59000000000003,83,20
23057,GEMSTONE CHANDELIER T-LIGHT HOLDER,347.7,78,7
84249D,FAIRY CAKE GREETINGS CARD,347.3,823,64
84535A,ENGLISH ROSE NOTEBOOK A6 SIZE,346.93,607,64
22257,FELT FARM ANIMAL SHEEP,345.47999999999996,419,57
84801B,WHITE HYDRANGEA ART FLOWER,345.0,214,18
90148,LONG SILVER NECKLACE PASTEL FLOWER,343.98,27,18
35004c,SET OF 3 COLOURED FLYING DUCKS,343.72,27,25
84881,BLUE WIRE SPIRAL CANDLE HOLDER,342.94,52,24
21306,SET/4 DAISY MIRROR MAGNETS,342.8,681,68
20940,SET/6 GARDEN GNOME T-LIGHT CANDLES,342.75,118,22
90191,SILVER LARIAT 40CM,342.6,40,21
35833P,4 PINK FLOCK CHRISTMAS BALLS,342.17,185,64
72814,SET/3 CHRISTMAS BRIAR CANDLES,341.53,90,23
72811,SMALL ZINC/GLASS CANDLEHOLDER,340.45,445,22
23523,WALL ART TREASURE AHOY,340.35,90,25
75149N,STRING CRYSTALS NATURAL,340.0,272,25
79303B,BLUE STAR BLOCK TABLE LAMP,339.57,109,10
84925A,WAKE UP COCKEREL WALL THERMOMETER,339.29,179,17
84576,BLUE CAT BISCUIT BARREL PINK HEART,337.04,96,32
23127,DOLLCRAFT GIRL NICOLE,336.6,68,12
35914,PINK CHICK EGG WARMER + EGG CUP,336.58,243,56
17011F,ORIGAMI SANDLEWOOD INCENSE+FLOWER,336.2,385,20
20847,ZINC HEART LATTICE CHARGER LARGE,334.35,80,27
17109A,FLOWER FAIRY INCENSE LILY,333.61,709,13
21402,RED EGG SPOON,333.42,1698,151
90175C,BLUE GLASS CHUNKY CHARM BRACELET,332.95,37,20
20688,BEAUTY SPEED EXPRESSO CUPS,332.9,464,11
47583B,SET OF 3 WICKER BASKET TEA AND CAKE,332.6,27,6
21420,OYSTER TRINKET BOX,332.16,120,31
35637C,PINK STRING CURTAIN WITH POLE,331.14,100,19
85024B,EAU DE NILE JEWELLED PHOTOFRAME,330.9,218,20
84870C,GREEN GEISHA GIRL,330.36,93,41
35921,EASTER BUNNY HANGING GARLAND,330.32,183,49
90129B,TURQUOISE GLASS TASSLE BAG CHARM,329.95,146,62
37467,PIG MUG IN TWO COLOUR DESIGNS,328.51,273,64
72739B,WHITE CHOCOLATE SCENT CANDLE,328.39,394,28
90014B,GOLD M PEARL ORBIT NECKLACE,327.81,32,26
21722,SWEET PUDDING STICKER SHEET,327.75,347,79
23236,DOILEY BISCUIT TIN,327.59999999999997,120,13
84902,PINK KNITTED COW STUFFED TOY,326.33,84,53
84706A,ENGLISH ROSE TABLE CLOCK,325.88,137,7
21309,LOUVRE CHALKBOARD,325.6,49,5
90209A,PURPLE ENAMEL+GLASS HAIR COMB,325.5,173,10
22045,SPACE BOY GIFT WRAP,325.5,775,27
23037,CANDLE HOLDER SILVER MADELINE,325.15999999999997,196,20
23478,WOODLAND LARGE PINK FELT HEART,324.40000000000003,285,13
23521,CAT AND BIRD WALL ART,323.64,270,4
90175B,PINK GLASS CHUNKY CHARM BRACELET,322.85,36,27
84870B,BLUE GEISHA GIRL,322.61,90,40
90197B,BLACK GLASS BRACELET W HEART CHARMS,322.52,64,51
90178A,AMBER CHUNKY GLASS+BEAD NECKLACE,322.40999999999997,27,21
23205,CHARLOTTE BAG ALPHABET DESIGN,320.5,400,22
72801G,4 BURGUNDY WINE DINNER CANDLES,320.2,537,38
85131C,BEADED CRYSTAL HEART BLUE ON STICK,320.15,439,72
85070,ANT WHITE SWEETHEART TABLE W 3 DRAW,320.0,3,3
22287,DECORATION WOBBLY CHICKEN,319.14,560,45
84795b,SUNSET CHECK HAMMOCK,317.71999999999997,19,17
85089,CANDY SPOT BUNNY,317.54,99,29
85033S,SET/6 SILVER REINDEER T-LIGHTS,317.34999999999997,258,49
84933C,LARGE BLUE ORIENTAL FOLDING STOOL,317.0,136,6
90018A,SILVER M.O.P ORBIT DROP EARRINGS,316.99,75,56
17091B,JASMINE TEA INCENSE IN TIN,316.98,276,51
21401,BLUE PUDDING SPOON,315.7,1437,121
84509G,FAIRY CAKE PLACEMATS,315.55,82,27
85129B,BEADED CRYSTAL HEART GREEN SMALL,315.11,233,56
84673A,PINK FLY SWAT,314.84,500,99
84933A,LARGE GREEN PEONY FOLDING STOOL,314.34999999999997,131,6
90000D,COPPER/OLIVE GREEN FLOWER NECKLACE,313.75,51,34
46000U,POLYESTER FILLER PAD 30CMX30CM,313.75,271,52
35638B,PINK/BLUE STRING CURTAIN,313.28999999999996,118,11
37343,POLKADOT MUG PINK,313.26,193,30
23695,DOILY THANK YOU CARD,313.24,741,57
23130,MISELTOE HEART WREATH,312.8,80,5
84802A,WHITE ANEMONE ARTIFICIAL FLOWER,312.65000000000003,185,24
84838,ANT WHITE HIGH RISE BIRD BOX,312.5,50,4
90016B,GOLD/M.O.P PENDANT ORBIT NECKLACE,312.14,37,30
84522,PINK PARTY SUNGLASSES,311.86,186,26
84984C,ORIENTAL BLUE CUSHION COVER,311.57,219,8
35979,SIX STRING SCANDINAVIAN HEART DECS,311.03000000000003,94,27
62095B,TURQOISE ICE CREAM SUNHAT,310.83,292,21
84623,PINK GINGHAM ROSE FLOOR CUSHION,310.44,56,14
84933B,LARGE PINK PEONY FOLDING STOOL,309.15,136,6
84661A,WHITE SQUARE TABLE CLOCK,308.99,222,43
20795,LARGE BLUE PROVENCAL CERAMIC BALL,308.7,135,29
22844,VINTAGE DOG FOOD CONTAINER,308.64,36,6
77081,FLOWER WINDMILL,308.38,242,33
21196,ROUND WHITE CONFETTI IN TUBE,306.89,178,22
22453,MEASURING TAPE RUSSIAN DOLL BLUE,306.81000000000006,103,28
84671B,CROCHET BEAR WITH BLUE STRIPES,306.77,109,32
23495,SET OF 3 PANTRY WOODEN SPOONS,306.66,225,41
90173,PAIR BUTTERFLY HAIR CLIPS,306.64,81,51
72130,COLUMBIAN CANDLE ROUND,306.35,753,57
16254,TRANSPARENT ACRYLIC TAPE DISPENSER,305.66,941,40
23131,MISELTOE HEART WREATH WHITE,304.5,78,4
20800,LARGE GLASS SUNDAE DISH CLEAR,303.96,1005,5
84219,BOX/12 MOTHER & CHICK IN BASKET/BOW,303.86,137,28
72753D,S/3 FLWR FAIRY SUMMER CANDLES,302.40000000000003,144,9
90036D,"FLOWER GLASS GARLAND NECKL.36""BLACK",302.29,38,16
84968e,SET OF 16 VINTAGE BLACK CUTLERY,302.16999999999996,12,9
85147,JARDIN ETCHED GLASS CANDLEHLDR LONG,301.95,61,16
23430,BLUE RETRO KITCHEN WALL CLOCK,301.88,36,18
35645,VINTAGE BEAD PINK JEWEL BOX,301.81,61,34
21321,GLASS CHALICE BLUE LARGE,301.8,122,18
23522,WALL ART DOG AND BALL,301.56,102,28
90098,NECKLACE+BRACELET PINK BUTTERFLY,301.28,137,55
90035C,"PEARL & SHELL 42""NECKL. IVORY",301.0,28,5
22852,ENAMEL DOG BOWL CREAM,300.48,76,3
84509E,SET OF 4 CAROUSEL PLACEMATS,300.3,157,29
23440,PAINT YOUR OWN EGGS IN CRATE,299.36,164,5
17001,HEAVENS SCENT FRAGRANCE OILS ASSTD,299.34999999999997,1211,23
90124A,PINK MURANO TWIST NECKLACE,299.28,30,20
18096C,WHITE ROUND PORCELAIN TLIGHT HOLDER,298.7,117,20
35981C,WHITE SNOW SCANDINAVIAN STOCKING,297.62,589,67
84627,CANDY STRIPE ROSE C/COVER,297.5,50,19
84247N,PACK/12 BLUE FOLKART CARDS,297.48,113,53
84509C,SET OF 4 DOTTY PLACEMATS,297.48,70,23
22135,MINI LADLE LOVE HEART PINK,297.4,528,166
21157,RED RETROSPOT WASHBAG,296.99,103,44
17012E,ORIGAMI OPIUM INCENSE/CANDLE SET,296.78999999999996,263,29
79190D,RETRO PLASTIC DAISY TRAY,296.58,641,112
35920,FOUR RABBIT EASTER DECORATIONS,296.34,1070,24
47471,RAINBOW PEGS PHOTO CLIP STRING,295.72,428,63
DCGSSGIRL,GIRLS PARTY BAG,295.63,92,23
79051A,SMOKEY GREY COLOUR D.O.F. GLASS,295.58,702,39
90129A,PINK GLASS TASSLE BAG CHARM,295.38,151,73
20869,GOLD FABRIC MIRROR,295.12,529,53
21697,SET 5 MINI DOUGHNUT FRIDGE MAGNET,295.08000000000004,372,7
23126,DOLLCRAFT GIRL AMELIE KIT,294.7,66,8
90185D,CRYSTAL DIAMANTE EXPANDABLE RING,293.33,69,35
84926A,WAKE UP COCKEREL TILE COASTER,293.08,664,51
84482,BUTTONS DESIGN JEWELLERY BOX,293.02,75,32
72801F,S/4 FESTIVE RED DINNER CANDLES,292.5,234,25
90030B,RED KUKUI COCONUT SEED NECKLACE,292.08000000000004,139,36
37422,WHITE WITH BLACK CATS BOWL,292.08,434,73
84800S,SMALL WHITE/PINK ROSE ART FLOWER,292.03999999999996,388,19
22952,SET 72 CAKE CASES VINTAGE CHRISTMAS,291.6,672,4
23567,EGG CUP HENRIETTA HEN PINK,291.58,211,37
21030,SPACE CADET RED,290.9,239,51
84529A,PINK KNITTED KIDS RUCKSACK,290.78,50,19
20826,SILVER APERITIF GLASS,290.72,355,14
16202A,PASTEL PINK PHOTO ALBUM,290.45,662,21
21388,IVORY HANGING DECORATION CHICKEN,290.16999999999996,311,29
23410,CURIO CABINET LINEN AND LACE,290.1,36,18
84882,GREEN WIRE STANDING CANDLE HOLDER,289.43,66,36
85014a,BLACK/BLUE POLKADOT UMBRELLA,288.92,23,19
23015,CORDIAL GLASS JUG,288.88,34,16
20987,GEISHA GIRL CHOPSTICKS SET/5,288.35,131,22
23047,PAPER LANTERN 5 POINT SEQUIN STAR,287.5,50,21
21144,PINK POODLE HANGING DECORATION,287.47,543,60
84997a,GREEN 3 PIECE POLKADOT CUTLERY SET,287.08000000000004,34,10
16212,FUNKY GIRLZ ASST MAGNETIC MEMO PAD,287.01,438,38
20821,GOLDIE LOOKING MIRROR,286.42,42,25
37413,ICON MUG REVOLUTIONARY,284.49,703,81
90185B,AMETHYST DIAMANTE EXPANDABLE RING,284.43,67,34
84247E,PACK OF 12 CHRISTMAS FUN CARDS,283.79,106,37
82093,HEART SHAPE BUTTON FRAME,283.49,139,28
20980,36 PENCILS TUBE POSY,282.31,233,58
22546,MINI JIGSAW FIDO,282.24,672,10
85049g,CHOCOLATE BOX RIBBONS,281.44,115,52
84977,WIRE FLOWER T-LIGHT HOLDER,281.33,223,44
16052,TEATIME PUSH DOWN RUBBER,281.32,848,35
23481,PEARLISED IVORY HEART SMALL,281.17,228,29
90163A,PINK ROSEBUD & PEARL NECKLACE,280.71,37,24
47578A,ENGLISH ROSE SMALL SCENTED FLOWER,279.88,307,69
84508C,BLUE CIRCLES DESIGN TEDDY,279.82,103,43
72739C,DARK CHOCOLATE SCENTCANDLE,279.08,326,23
84625B,BLCK NEW BAROQUE CANDLESTICK CANDLE,279.0,180,17
21412,VINTAGE GOLD TINSEL REEL,279.0,275,67
90115,SUMMER BUTTERFLIES BAG CHARM,278.96,108,60
22954,HEN PARTY CORDON BARRIER TAPE,278.89,226,49
84457,SET/3 RABBITS FLOWER SKIPPPING ROPE,278.72999999999996,291,64
21367,MIRRORED WALL ART GENTS,278.47999999999996,211,60
84926F,PSYCHEDELIC TILE COASTER,277.9,484,42
23413,DECORATIVE VINTAGE COFFEE BOX,277.0,52,22
44235,ASS COL CIRCLE MOBILE,276.96,752,15
90146,FINE SILVER NECKLACE W PASTEL FLOWE,276.49,41,19
22889,NUMBER TILE VINTAGE FONT NO,276.42,173,36
84966C,GREEN KASHMIRI BOXED MIRROR,276.0,23,2
DCGS0076,SUNJAR LED NIGHT NIGHT LIGHT,275.96,17,14
23137,ZINC WIRE SWEETHEART LETTER TRAY,275.62,83,23
90085,CRYSTAL STILETTO PHONE CHARM,275.53,311,29
21095,SET/6 POSIES PAPER PLATES,274.57,295,40
84924F,PSYCHEDELIC METAL SIGN CALENDAR,274.55,975,10
21193,WHITE HONEYCOMB PAPER FAN,274.37,111,22
75178,ASSTD COL BUTTERFLY/CRYSTAL W/CHIME,273.93,497,25
90122A,PINK CRYSTAL+GLASS BRACELET,273.89,55,31
84927F,PSYCHEDELIC TILE HOOK,273.32,335,62
23141,TRIPLE WIRE HOOK PINK HEART,272.91,79,25
84924D,LA PALMIERA METAL SIGN CALENDAR,272.61,764,15
23203,JUMBO BAG VINTAGE DOILEY,272.57,144,7
79303D,LILAC FLOWER BLOCK TABLE LAMP,272.45,78,19
35096A,BLUE VICTORIAN FABRIC HEART BOX,272.45,765,50
84499,BLACK FLOWER CANDLE PLATE,272.16999999999996,326,41
90185C,BLACK DIAMANTE EXPANDABLE RING,271.96,64,32
90032,IVORY SHELL HEART NECKLACE,271.88,48,24
90014C,SILVER/BLACK ORBIT NECKLACE,271.33,27,18
84192,ASSORTED COLOUR METAL CAT,271.1,226,38
23474,WOODLAND SMALL BLUE FELT HEART,270.96000000000004,312,37
21629,SQUARE FLOOR CUSHION VINTAGE PINK,270.47,19,14
47586A,PINK FAIRY CAKE CUSHION COVER,270.43,200,29
47351B,BLUE VOILE LAMPSHADE,269.90000000000003,98,14
85195,HANGING HEART BASKET,269.44000000000005,146,17
90122C,TURQUOISE CRYSTAL+GLASS BRACELET,269.1,54,30
72793,BLACK BOX MIRROR LANTERN,268.75,55,10
20818,GOLD TEDDY BEAR,268.5,87,30
21372,MIRRORED WALL ART TABLE LAMP,267.01,156,50
79030D,TUMBLER BAROQUE,266.19,525,40
23489,"GARLAND, VINTAGE BELLS",265.88,92,10
47481,50CM METAL STRING WITH 7 CLIPS,265.4,326,44
23476,WOODLAND LARGE RED FELT HEART,264.72,205,22
21950,SET OF 6 DOTS CHOPSTICKS,263.63,211,18
90157,RIVIERA NECKLACE,263.28000000000003,53,24
90129E,PURPLE GLASS TASSLE BAG CHARM,263.14,129,59
84906,PINK B'FLY C/COVER W BOBBLES,262.62,43,16
84806A,PINK CANDYSTUFT ARTIFICIAL FLOWER,261.90999999999997,319,20
23194,GYMKHANNA TREASURE BOOK BOX,261.84000000000003,120,14
21268,VINTAGE BLUE TINSEL REEL,261.66,397,49
79328,BLUE FLOCK GLASS CANDLEHOLDER,260.76,594,17
72799D,BLUE PILLAR CANDLE SILVER FLOCK,260.67,78,18
44234,ASSORTED CIRCULAR MOBILE,260.39,1213,56
84597B,RETRO BROWN BALL ASHTRAY,259.37,205,27
85095,THREE CANVAS LUGGAGE TAGS,259.09,174,49
23032,DOORKNOB CRACKED GLAZE IVORY,258.3,174,5
84613C,BLUE NEW BAROQUE FLOCK CANDLESTICK,258.06,62,12
72801D,4 SKY BLUE DINNER CANDLES,257.93,381,29
90035A,"PEARL & SHELL 42""NECKL. GREEN",257.55,24,16
84520b,PACK 20 ENGLISH ROSE PAPER NAPKINS,257.4,110,10
85179C,PINK BITTY LIGHT CHAIN,257.15,116,40
84371,BIG PINK POODLE,257.1,30,6
90040B,MURANO STYLE GLASS BRACELET BLACK,255.97,71,36
22870,NUMBER TILE COTTAGE GARDEN 2,254.56,98,43
17038,PORCELAIN BUDAH INCENSE HOLDER,254.51000000000002,2559,55
10123C,HEARTS WRAPPING TAPE,254.41000000000003,650,63
22869,NUMBER TILE COTTAGE GARDEN 1,253.94,100,46
84461,12 PINK HEN+CHICKS IN BASKET,253.79,99,40
gift_0001_50,DOTCOMGIFTSHOP GIFT VOUCHER £50.00,253.59,6,6
21493,VINTAGE DESIGN GIFT TAGS,252.45,272,29
79338,DARK PINK FLOCK GLASS CANDLEHOLDER,252.29,553,13
21032,SPACE CADET WHITE,252.16,203,50
21370,MIRRORED WALL ART FOXY,251.97,54,22
90208,PAIR OF ENAMEL FLOWER CLUSTER SLIDE,251.59,105,30
23149,ANTIQUE IVORY WIRE BOWL SMALL,251.45,99,21
DCGSSBOY,BOYS PARTY BAG,251.35,77,21
90081C,LILY BROOCH OLIVE COLOUR,250.47,50,36
90073,VINTAGE ENAMEL & CRYSTAL EARRINGS,250.34,50,34
20836,FRENCH PAISLEY CUSHION COVER,250.00000000000003,224,22
21460,GREEN EASTER EGG HUNT START POST,249.64999999999998,113,27
90170,DAISY HAIR BAND,249.57999999999998,150,73
90087,CRYSTAL SEA HORSE PHONE CHARM,249.55999999999997,311,53
22984,"CARD, GINGHAM ROSE",249.44,596,47
22812,PACK 3 BOXES CHRISTMAS PANETTONE,248.48,76,24
84030c,KNITTED RAINBOW HOT WATER BOTTLE,248.0,32,13
22328,"ROUND SNACK BOXES ,SET 4, FRUITS",247.8,84,5
23168,CLASSIC SUGAR DISPENSER,247.32,216,12
84621,BLUE GINGHAM ROSE FLOOR CUSHION,247.26,29,15
90036C,"FLOWER GLASS GARLAND NECKL.36""BLUE",246.83,31,15
82011A,"BATHROOM SCALES, TROPICAL BEACH",246.58,59,34
47503H,ASS FLORAL PRINT SPIRIT LEVEL,246.12,160,60
46307,ROSES BLUE BASE CUSHION COVER,246.03,51,33
22175,PINK OWL DECORATION,244.8,96,1
22176,BLUE OWL DECORATION,244.8,96,1
90028,NEW BAROQUE LARGE NECKLACE BLK/WHIT,244.79,29,24
84993B,75 BLACK PETIT FOUR CASES,243.66,551,86
90096,NECKLACE+BRACELET SET BLUE BLOSSOM,243.60999999999999,104,49
90129C,GREEN GLASS TASSLE BAG CHARM,243.38,107,51
90119,METALIC LEAVES BAG CHARMS,243.07,97,42
90081A,LILY BROOCH AMETHYST COLOUR,242.8,49,24
90196A,PURPLE GEMSTONE NECKLACE 45CM,242.25,19,11
23475,WOODLAND SMALL PINK FELT HEART,242.18,286,31
35818P,"ACRYLIC JEWEL ICICLE, PINK",242.15,559,25
90196B,BLACK GEMSTONE NECKLACE 45CM,241.98,19,14
16156L,"WRAP, CAROUSEL",241.5,575,22
23143,ZINC WIRE KITCHEN ORGANISER,239.97,30,16
84984D,ORIENTAL RED CUSHION COVER,239.8,132,10
23324,RUSTIC STRAWBERRY JAMPOT LARGE,238.56,120,6
23028,DOORKNOB CRACKED GLAZE BLUE,238.5,162,3
22447,PIN CUSHION RUSSIAN DOLL BLUE,238.06,68,23
84629,WHITE 3 FRAME BIRDS AND TREE,237.8,24,13
82553,POP'S GREASY SPOON METAL SIGN,237.73,114,42
22882,NUMBER TILE VINTAGE FONT 3,237.72,118,49
84510C,SET OF 4 POLKADOT COASTERS,237.59,152,61
90133,TEAL/FUSCHIA COL BEAD NECKLACE,236.46,47,36
44217M,MULTICOLOUR FEATHERS CURTAIN,236.40000000000003,72,3
20891,LARGE GLASS ROSE SCENTED CANDLE,236.33,684,3
82585,SWEET VALENCIA CANDLE+CUP,235.9,164,47
90210D,PURPLE ACRYLIC FACETED BANGLE,235.73000000000002,142,23
23580,SNACK TRAY HAPPY FOREST,234.92,116,25
20855,PINK PATCH PURSE BLUE HEART,234.29999999999998,142,47
84796a,PINK HAWAIIAN PICNIC HAMPER FOR 2,234.28,28,20
84660c,PINK STITCHED WALL CLOCK,233.98,31,28
20736,PINK MINI TAPE MEASURE,233.5,290,19
84247K,"FOLK ART GREETING CARD,PACK/12",233.48000000000002,75,28
90185A,AMBER DIAMANTE EXPANDABLE RING,233.29,55,26
37483,ENGLISH ROSE MUG IN GIFT BOX,232.89,143,10
84797b,BLUE SAVANNAH PICNIC HAMPER FOR 4,232.62,21,19
23036,T-LIGHT HOLDER SILVER PETIT FOUR,232.42000000000002,184,16
16256B,FLOWER PENCIL/RUBBER+5 MINI PENCILS,232.35,524,35
35991,SET/6 BLACK SNOWFLAKE T-LIGHTS,232.08,402,54
90210B,CLEAR ACRYLIC FACETED BANGLE,232.04000000000002,102,24
23447,PINK BUNNY EASTER EGG BASKET,231.9,158,4
22878,NUMBER TILE COTTAGE GARDEN NO,231.54,83,40
90181B,AMETHYST GLASS/SHELL/PEARL NECKLACE,231.27,25,24
16202C,BEIGE PHOTO ALBUM,230.59,97,12
22842,"BISCUIT TIN, RED,IVORY, VINTAGE",230.55,37,7
21226,POCKET MIRROR WOODLAND,230.55,213,37
90164A,PINK ROSEBUD PEARL BRACELET,230.39,40,25
23446,BLUE BUNNY EASTER EGG BASKET,230.25,157,3
37508,NEW ENGLAND CERAMIC CAKE SERVER,229.57,89,46
72781,BLACK SILOUETTE CANDLE PLATE,229.5,121,15
90122B,JADE CRYSTAL+GLASS BRACELET,228.99,46,26
21639,ASSORTED TUTTI FRUTTI KEYRING,228.64999999999998,259,15
90199B,5 STRAND GLASS NECKLACE AMETHYST,228.60999999999999,36,31
90090,PINK CRYSTAL HEART PHONE CHARM,227.72,263,22
35809B,ENAMEL BLUE RIM TEA CONTAINER,227.54,104,33
71028B,SILVER BLUE EGG T-LIGHT HOLDER,227.48,494,13
21395,BLUE SPOTTY BEAKER,227.44,112,23
84705C,PINK FLOCK PHOTO FRAME,227.33,162,8
22899,CHILDRENS APRON DOLLY GIRL,226.81,107,17
72750D,F.FAIRY S/3 CANDLE/GLASS,226.5,110,11
23003,TRAVEL CARD WALLET VINTAGE ROSE,226.2,542,53
90003D,CRYSTAL PAIR HEART HAIR SLIDES,226.17,60,32
90155,RESIN NECKLACE W PASTEL BEADS,226.16,30,21
84966A,PINK KASHMIRI BOXED MIRROR,225.95,13,4
90116,FRUIT SALAD BAG CHARM,225.51999999999998,106,63
21369,MIRRORED WALL ART SPLODGES,225.36,133,22
TEST001,THIS IS A TEST PRODUCT.,225.0,60,11
84927E,FLOWERS TILE HOOK,224.31,494,29
35597B,BLACKCHRISTMAS TREE 30CM,224.1,78,7
90125D,PURPLE BERTIE GLASS BEAD BAG CHARM,223.74,136,36
72812,LARGE ZINC GLASS CANDLEHOLDER,223.23,78,22
17084P,DRAGONS BLOOD INCENSE,222.75,990,70
47591A,CAROUSEL DES CHILD'S APRON,221.57,134,58
17011C,ORIGAMI LAVENDER INCENSE+FLOWER,221.4,335,2
21102,"CANDLE IN JAR COLLAGE , VANILLA",221.08,82,20
16258B,DAISY ERASERS IN BAG,221.06,1016,15
17013B,ORIGAMI JASMINE INCENSE IN TUBE,221.03,256,3
72807b,SET/3 OCEAN SCENT CANDLE JEWEL BOX,220.94000000000003,26,19
35833G,4 GOLD FLOCK CHRISTMAS BALLS,220.66,134,34
62086A,PINK RETRO BIG FLOWER BAG,220.35,113,24
90124C,GREEN MURANO TWIST NECKLACE,220.20999999999998,22,16
72225D,VANILLA SCENT CAKE CANDLE,219.45999999999998,962,11
85168A,WHITE BAROQUE CARRIAGE CLOCK,218.89999999999998,22,15
90058A,CRYSTAL STUD EARRINGS CLEAR DISPLAY,218.88,576,13
48173c,DOOR MAT BLACK FLOCK,218.58,16,12
84509C,DOTTY PLACEMATS,218.29000000000002,58,13
22845,VINTAGE CAT FOOD CONTAINER,218.14,34,5
72801d,4 SKY BLUE DINNER CANDLES,217.32999999999998,88,51
22588,CARDHOLDER GINGHAM HEART,216.9,102,2
90005A,JADE GREEN ENAMEL HAIR COMB,216.87,106,57
84725,FREESTYLE CANVAS ART PICTURE,216.49999999999997,134,29
35793,S/3 PUPPIES CHRISTMAS DECORATIONS,216.33,108,15
23360,SET 8 CANDLES VINTAGE DOILEY,216.29999999999998,122,7
37492A,YELLOW RED FLOWER PIGGY BANK,216.07,108,11
84807,RED POPPY ARTIFICIAL FLOWER,215.93,233,7
90036A,FLOWER GARLAND NECKLACE RED,215.76000000000002,27,20
21543,BUTTERFLY WATER TRANSFER TATTOOS,215.0,284,24
22834,MINI HAND WARMER BABUSHKA DESIGN,214.8,108,5
84690,S/2 BEACH HUT STOOLS,214.65,27,14
48179,DOOR MAT SWEET HOME,214.47,34,11
90123A,PINK HEART OF GLASS BRACELET,214.07,36,19
51012C,"FEATHER DUSTER, COAL BLACK",213.75,171,27
90214A,"LETTER ""A"" BLING KEY RING",213.65,213,104
90019C,SILVER BLACK ORBIT BRACELET,213.38,40,34
16201A,PASTEL PINK PHOTO ALBUM,213.37,101,9
21400,RED PUDDING SPOON,213.07,1078,91
22880,NUMBER TILE VINTAGE FONT 1,212.91,103,36
84805A,CREAM CLIMBING HYDRANGA ART FLOWER,212.85,147,8
85039a,SET/4 RED MINI ROSE CANDLE IN BOWL,212.45,64,44
84313A,PINK TV TRAY TABLE,212.42,38,19
84247C,PACK/12 BLUE REINDEER CARD,212.40000000000003,72,22
90024B,NEW BAROQUE B'FLY NECKLACE RED,212.24,25,22
35817P,"ACRYLIC JEWEL SNOWFLAKE,PINK",212.14,408,10
47593B,SCOTTIES DESIGN BABY BIB,212.06,194,52
21368,MIRRORED WALL ART LADIES,212.04,201,47
84927D,LA PALMIERA TILE HOOK,211.29,953,28
20827,GOLD APERITIF GLASS,209.36,173,8
20814,SILVER FINCH DECORATION,208.89000000000001,189,13
84706F,RED PEONY TABLE CLOCK,208.3,34,17
47574B,ENGLISH ROSE SCENTED HANGING HEART,208.25,49,27
90211B,JET BLACK LAS VEGAS NECKLACE 45CM,208.21,35,26
90056,CHUNKY CRACKED GLAZE NECKLACE IVORY,207.94,19,14
90016A,SILVER/M.O.P PENDANT ORBIT NECKLACE,207.86,29,16
37485,ENGLISH ROSE TEA SET IN GIFT BOX,207.69,49,15
90210A,GREY ACRYLIC FACETED BANGLE,207.34,88,21
90040A,MURANO STYLE GLASS BRACELET RED,207.05,53,34
47343A,FUSCHIA FLOWER PURSE WITH BEADS,206.26,200,23
17014D,ORIGAMI ROSE INCENSE CONES,204.36,479,8
90186A,AMETHYST HOOP EARRING FLORAL LEAF,203.73000000000002,69,33
35962,SET/12 ZINC CHRISTMAS DECORATIONS,203.73000000000002,94,16
35824B,"HANGING FLOWERS+MIRROR,BLUE",203.24,528,6
20890,SMALL GLASS ROSE SCENTED CANDLE,202.62,605,4
22872,NUMBER TILE COTTAGE GARDEN 4,202.1,80,37
22881,NUMBER TILE VINTAGE FONT 2,201.45999999999998,104,35
84723,CHERRY BLOSSOM CANVAS ART PICTURE,201.3,54,12
72754A,FLOWER FAIRY POTPOURRI CUSHION LILY,201.24,292,5
20672,PINK TEATIME PRINT BOWL,201.0,138,36
22884,NUMBER TILE VINTAGE FONT 5,199.9,102,38
90144,SILVER DROP EARRINGS WITH FLOWER,199.45,53,33
79403,FROSTED WHITE BASE,199.01999999999998,216,36
90000A,RASPBERRY ANT COPPER FLOWER NECKLAC,198.98000000000002,33,21
84797a,PINK HAWAIIAN PICNIC HAMPER FOR 4,198.84,18,17
22330,72 ROUND PINK DOILIES,197.89999999999998,128,22
84855,BLOKEY SILVER TOOL SET,196.70000000000002,36,15
47504F,ENGLISH ROSE TORCH,196.45999999999998,527,14
22849,"BREAD BIN, DINER STYLE, MINT",196.35,13,4
22883,NUMBER TILE VINTAGE FONT 4,195.69,101,33
90029,NEW BAROQUE SMALL NECKLACE BLACK,195.14,23,12
84985B,SET OF 72 BLACK PAPER DOILIES,194.95999999999998,128,24
22326,"ROUND SNACK BOXES ,SET4, WOODLAND",194.70000000000002,66,3
23697,A PRETTY THANK YOU CARD,194.58,456,35
22289,HANGING METAL CHICKEN DECORATION,193.52,148,34
21582,KINGS CHOICE SMALL TUBE MATCHES,193.04999999999998,117,16
22885,NUMBER TILE VINTAGE FONT 6,192.89999999999998,104,34
35819B,"ACRYLIC HANGING JEWEL,BLUE",192.3,385,32
90036F,"FLOWER GLASS GARLD NECKL36""TURQUOIS",192.17000000000002,24,15
84899F,YELLOW PURPLE DAISY FELT PURSE KIT,192.17,121,53
90003C,MIDNIGHT BLUE PAIR HEART HAIR SLIDE,191.54,51,35
90178B,PURPLE CHUNKY GLASS+BEAD NECKLACE,191.40999999999997,16,11
72051S,BAG OF SILVER STONES,190.89,300,54
22841,"CAKE TIN, ROUND, VINTAGE MINT,IVORY",190.65,27,4
37506,NEW ENGLAND MILK JUG W GIFT BOX,190.4,32,26
84255B,ORANGE COCKTAIL GLASS LAMP,190.16,65,18
84926C,FAIRY CAKES TILE COASTER,189.6,138,31
23229,DONKEY TAIL GAME,189.54000000000002,54,4
84803A,PINK ALLIUM ARTIFICIAL FLOWER,189.28,112,17
85128,PLANTPOT SINGLE HOOK PISTACHIO,188.95000000000002,167,4
84744,S/6 SEW ON CROCHET FLOWERS,188.77,149,31
84706B,FAIRY CAKES TABLE CLOCK,188.73,20,9
90159,COTE D'AZURE NECKLACE,188.58,38,20
72801D,S/4 SKY BLUE DINNER CANDLES,188.24,172,32
22510,DOORSTOP RUSSIAN DOLL GINGHAM,188.22,44,28
90130B,TURQ STONE/CRYSTAL EARRINGS,188.09,64,49
20837,FRENCH FLORAL CUSHION COVER,188.07000000000002,165,18
90094,NECKLACE+BRACELET SET FRUIT SALAD,187.62,74,38
85114b,IVORY ENCHANTED FOREST PLACEMAT,186.76,56,19
90210C,RED ACRYLIC FACETED BANGLE,186.56,118,14
84893,ANT WHITE IRON BASKET,186.35000000000002,33,15
84452,METAL RABBIT LADDER EASTER,186.16,198,44
16053,POPART COL BALLPOINT PEN ASST,185.73,4313,10
84510a,SET OF 4 ENGLISH ROSE COASTERS,185.7,75,58
84877A,PINK ROUND COMPACT MIRROR,185.66,74,17
85114a,BLACK ENCHANTED FOREST PLACEMAT,185.64,56,17
20968,GREEN FLORAL FELTCRAFT SHOULDER BAG,185.11,43,19
23436,GIFT BAG LARGE VINTAGE CHRISTMAS,185.0,148,9
35911B,PINK/FLOWER RABBIT EGG WARMER,184.76,159,24
23416,CHAMBRE HOOK,184.67999999999998,132,25
20957,PORCELAIN HANGING BELL SMALL,184.61,126,15
35838A,S/6 MULTICOLOUR ORNAMENETAL CANDLE,184.4,180,20
84029D,LEOPARD PRINT HOT WATER BOTTLE,183.98000000000002,51,15
90125A,PINK BERTIE GLASS BEAD BAG CHARM,183.97,149,18
90129F,RED GLASS TASSLE BAG CHARM,183.26000000000002,81,41
21530,DAIRY MAID CERAMIC TOASTRACK,183.06000000000003,59,19
90086,CRYSTAL FROG PHONE CHARM,182.79,216,46
21018,BIRD BOX CHRISTMAS TREE DECORATION,182.71,213,42
17090A,LAVENDER INCENSE 40 CONES IN TIN,182.65,173,26
20796,SMALL BLUE PROVENCAL CERAMIC BALL,182.15999999999997,99,22
22344,PARTY PIZZA DISH PINK RETROSPOT,181.54999999999998,185,24
37379B,BLUE CHERRY BLOSSOM CUP & SAUCER,181.5,1122,3
22545,MINI JIGSAW BUNNIES AT HOME,181.44,432,9
90214S,"LETTER ""S"" BLING KEY RING",181.34,184,86
79144B,PAINTED LIGHTBULB STAR+ MOON,181.03,350,91
90065A,WHITE VINTAGE CRYSTAL BRACELET,180.46,26,16
16043,POP ART PUSH DOWN RUBBER,180.29999999999998,2145,13
22871,NUMBER TILE COTTAGE GARDEN 3,180.19,71,28
79144C,PAINTED LIGHTBULB RAINBOW DESIGN,180.14,306,97
35818B,"ACRYLIC JEWEL ICICLE, BLUE",180.04999999999998,408,11
22384,LUNCHBAG PINK RETROSPOT,179.91,108,14
90180B,PURPLE AMETHYST NECKLACE W TASSEL,179.88,18,14
47347B,BLUE FLOWER T-LIGHT HOLDER,179.88,240,11
84962,SET/3 COLOUR PAINTED KASHMIRI STOOL,179.85000000000002,3,2
84661C,PINK SQUARE TABLE CLOCK,179.75,150,25
21310,CAPIZ CHANDELIER,179.7,6,4
17011A,ORIGAMI VANILLA INCENSE+FLOWER,179.56,261,12
84464,S/60 PINK FLUFFY CHICKS IN BOX,179.1,82,11
85123A,CREAM HANGING HEART T-LIGHT HOLDER,178.51000000000002,61,9
90063A,WHITE VINT ART DECO CRYSTAL NECKLAC,178.48,21,13
22345,PARTY PIZZA DISH BLUE RETROSPOT,178.34,206,28
23126,DOLLCRAFT GIRL AMELIE,178.2,36,8
90013D,PURPLE VINTAGE EARRINGS,178.11,46,17
90000B,MIDNIGHT BLUE COPPER FLOWER NECKLAC,177.29000000000002,29,21
72801C,S/4 ROSE PINK DINNER CANDLES,176.91,171,28
22839,"CAKE TIN, 3 TIER MINT/IVORY",176.75,13,4
21031,SPACE CADET BLACK,176.7,144,39
90072,RUBY DROP CHANDELIER EARRINGS,176.31,44,30
82607C,GLASS BONBON JAR. SUPERFINES,175.60999999999999,115,43
84564,6 SEGMENT COLOURED SNACK BOWL,175.48000000000002,21,11
84967A,PINK KASHMIRI OCCASIONAL TABLE,174.9,3,3
75011,BLUE DAISY MOBILE,172.51,181,15
90123D,WHITE HEART OF GLASS BRACELET,172.39,29,14
84951B,S/4 BLACK LOVEBIRD COASTERS,171.60999999999999,88,28
85185C,COW SOCK PUPPET,171.10000000000002,58,27
21461,BLUE EASTER EGG HUNT START POST,171.04,82,23
84706C,PINK FLOCK TABLE CLOCK,170.8,84,4
90063B,BLACK VINT ART DEC CRYSTAL NECKLACE,170.17000000000002,20,14
17014A,ORIGAMI VANILLA INCENSE CONES,170.13,276,16
85040a,S/4 PINK FLOWER CANDLES IN BOWL,169.75,51,34
47593A,CAROUSEL DESIGN BABY BIB,169.4,164,53
47570b,TEA TIME TABLE CLOTH,169.4,8,8
84531A,PINK KNITTED EGG COSY,169.35999999999999,191,45
90166,PINK & WHITE ROSEBUD RING,168.94,40,31
90019B,GOLD M.O.P ORBIT BRACELET,168.62,32,28
90204,PAIR OF ENAMEL BUTTERFLY HAIRCLIP,168.46,50,37
85205A,IVORY FELT EASTER RABBIT GARLAND,168.3,66,21
90186B,CRYSTAL HOOP EARRING FLORAL LEAF,168.26000000000002,57,31
21087,SET/6 POSIES PAPER CUPS,168.08,260,32
35916C,PINK FELT HANGING HEART W FLOWER,167.54999999999998,157,42
37491C,GREEN/BLUE CERAMIC CANDLE HOLDER,167.52,58,10
82587,TEXRIO TOMATOES CANDLE+CUP,166.78,128,40
90211A,DIAMOND LAS VEGAS NECKLACE 45CM,166.57000000000002,28,21
84231,EASTER BUNNY WITH BASKET ON BACK,166.21,230,50
90060F,FIRE POLISHED GLASS NECKL GREEN,166.14000000000001,28,18
84951A,S/4 PISTACHIO LOVEBIRD COASTERS,166.1,106,24
gift_0001_40,DOTCOMGIFTSHOP GIFT VOUCHER £40.00,166.09,5,5
90214L,"LETTER ""L"" BLING KEY RING",166.06,176,68
90003B,ROSE COLOUR PAIR HEART HAIR SLIDES,165.81,44,25
21394,RED SPOTTY BEAKER,165.75,85,16
10123G,ARMY CAMO WRAPPING TAPE,165.55999999999997,2251,16
90093,CLEAR CRYSTAL STAR PHONE CHARM,165.34,209,25
84984D,ORIENTAL RED C/COVER,165.11,27,11
23694,PAISLEY PARK CARD,165.08,376,41
90018B,GOLD M.O.P ORBIT DROP EARRINGS,164.62,39,31
84531B,BLUE KNITTED EGG COSY,164.01,194,42
84510C,SET OF 4 POLKADOTS COASTERS,164.0,122,40
85024C,PINK SMALL JEWELLED PHOTOFRAME,163.35,99,42
85232b,SET/3 RUSSIAN DOLL STACKING TINS,162.94,16,14
22874,NUMBER TILE COTTAGE GARDEN 6,162.82,70,26
16202E,BLACK PHOTO ALBUM,162.73,82,14
90039D,FIRE POLISHED GLASS BRACELET GREEN,162.66,43,24
90214C,"LETTER ""C"" BLING KEY RING",162.53,165,69
90162B,ANT SILVER LIME GREEN BOUDICCA RING,162.25000000000003,55,20
20693,FLORAL DINOSAUR GREEN,161.89000000000001,33,18
90190C,SILVER/AMETHYST DROP EARRINGS LEAF,161.82,55,36
90129D,AMBER GLASS TASSLE BAG CHARM,161.57000000000002,67,34
90214J,"LETTER ""J"" BLING KEY RING",161.47,157,88
90042A,FRESHWATER PEARL BRACELET GOLD,160.79,63,33
90123C,GREEN HEART OF GLASS BRACELET,160.75,27,12
21353,SILVER SLEIGHBELL WREATH,160.45,19,9
84599,CANDY STRIPE ROSE FLOOR CUSHION,160.15,15,6
37479P,CUBIC MUG FLOCK PINK ON BROWN,160.08,170,34
23305,SET 4 PICNIC CUTLERY BLUEBERRY,159.9,82,9
23545,WRAP RED DOILEY,159.6,380,16
22645,CERAMIC HEART CAKE MONEY BANK,159.6,120,5
37379A,PINK CHERRY BLOSSOM CUP & SAUCER,159.2,41,16
16054,POPART RECT PENCIL SHARPENER ASST,159.0,1210,39
85166A,WHITE METAL BAROQUE PHOTO FRAME,158.9,77,12
90048,GREEN WITH METAL BAG CHARM,158.89000000000001,31,8
22864,MUG AND COASTER SET RED CIRCLES,158.76,378,2
90214K,"LETTER ""K"" BLING KEY RING",158.4,154,83
16012,FOOD/DRINK SPUNGE STICKERS,158.19,759,20
48175,DOOR MAT CAMOUFLAGE,158.04,39,2
22853,ENAMEL CAT BOWL CREAM,157.8,52,3
84927A,WAKE UP COCKEREL TILE HOOK,157.61,226,33
21489,BLUE WHITE SCARF HOT WATER BOTTLE,157.60000000000002,28,14
16156L,WRAP CAROUSEL,157.5,375,14
23417,BATHROOM HOOK,157.5,146,27
90059A,DIAMANTE HAIR GRIP PACK/2 CRYSTAL,156.98,94,48
22868,NUMBER TILE COTTAGE GARDEN 0,156.97,67,24
22886,NUMBER TILE VINTAGE FONT 7,156.8,90,28
23468,TUSCAN VILLA BIRD TABLE,156.75,19,11
72140E,BEST DAD CANDLE LETTERS,156.72,218,29
17178,FLAT PALM T-LIGHT HOLDER,156.65,133,24
46138B,BLUE CHENILLE SHAGGY CUSHION COVER,156.29,71,25
84914A,PINK ROSE PICNIC RUG,155.7,6,5
90183A,AMBER DROP EARRINGS W LONG BEADS,155.65,53,31
20664,TROPICAL HOLIDAY PURSE,155.41,57,31
22875,NUMBER TILE COTTAGE GARDEN 7,154.94,66,27
72351a,SET/6 TURQUOISE BUTTERFLY T-LIGHTS,154.89,37,28
90065B,BLACK VINT ART DEC CRYSTAL BRACELET,154.87,22,16
90123B,TURQUOISE HEART OF GLASS BRACELET,154.69,26,13
22587,"FELTCRAFT HAIRBAND, S/2, RED/BLUE",154.68,204,6
23496,PANTRY KITCHEN THERMOMETER,154.52,112,31
22877,NUMBER TILE COTTAGE GARDEN 9,154.32999999999998,69,23
23196,RETRO LEAVES MAGNETIC NOTEPAD,154.08999999999997,105,19
37342,SPOTTY COFFEE CUP & SAUCER,153.78,40,14
47369B,BLUE GREEN EMBROIDERY COSMETIC BAG,153.18,54,29
47518F,ICON PLACEMAT POP ART ELVIS,153.14,903,34
79192A,RETRO PLASTIC 70'S TRAY,152.64,114,35
84622,PINK GINGHAM ROSE CUSHION COVER,152.6,23,9
23484,HEART TRELLISTRIPLE T-LIGHT HOLDER,152.24,56,5
22873,NUMBER TILE COTTAGE GARDEN 5,151.35,63,28
90030C,BROWN KUKUI COCONUT SEED NECKLACE,151.3,87,16
22536,MAGIC DRAWING SLATE FIDO,151.2,360,8
20952,PORCELAIN CHERUB BELL SMALL,150.72,329,24
84989a,75 GREEN FAIRY CAKE CASES,150.57,74,41
79161A,ST GEORGE SET OF 10 PARTY LIGHTS,150.45000000000002,51,16
17107D,FLOWER FAIRY 5 DRAWER LINERS,150.45,59,20
90042C,FRESHWATER PEARL BRACELET IVORY,150.21,59,26
84228,HEN HOUSE W CHICK STANDING,150.19,340,43
23254,KIDS CUTLERY DOLLY GIRL,149.4,36,8
23256,KIDS CUTLERY SPACEBOY,149.4,36,8
17108D,FLOWER FAIRY SUMMER BOUQUET SACHET,149.1,355,23
90040D,MURANO STYLE GLASS BRACELET PINK,148.87,41,25
23465,TUSCAN VILLA BIRD FEEDER,148.63,17,9
71496A,A4 WALL TIDY BLUE OFFICE,148.01000000000002,244,17
35980C,REDWHITE STRIPE SCANDINAVIAN HEART,147.64,377,29
84720,DOT MATRIX CANVAS ART PICTURE,147.05,35,3
90040C,MURANO STYLE GLASS BRACELET GOLD,146.75,41,21
84527,FLAMES SUNGLASSES PINK LENSES,146.10999999999999,77,22
23292,SPACE BOY CHILDRENS CUP,145.76,131,6
90016C,SILVER/BLACK PENDANT ORBIT NECKLACE,144.07,17,14
35610B,BLACK CHRISTMAS FLOCK DROPLET,144.07,179,13
79191D,RETRO PLASTIC DAISY TRAY,143.87,138,56
90036B,"FLOWER GLASS GARLAND NECKL.36""GREEN",143.1,18,10
22876,NUMBER TILE COTTAGE GARDEN 8,143.02,62,21
22887,NUMBER TILE VINTAGE FONT 8,143.0,84,27
10120,DOGGY RUBBER,142.74,664,73
84874B,BLUE TRAVEL FIRST AID KIT,141.76,86,36
90202D,PINK ENAMEL FLOWER HAIR TIE,141.49,48,24
72740A,LARGE STRAWBERRY CHOCOLATE CANDLE,141.23,65,12
47590b,PINK HAPPY BIRTHDAY BUNTING,140.5,13,10
47369A,PINK GREEN EMBROIDERY COSMETIC BAG,140.4,48,25
84617,NEW BAROQUE BLACK BOXES,140.25,11,7
84765,SILVER ROCOCO CANDELABRA,140.23,9,6
90212B,JET BLACK LAS VEGAS BRACELET ROUND,140.07,37,28
78026,SEAGRASS S/3 SQU LAUNDRY BOX,139.95,12,2
90214M,"LETTER ""M"" BLING KEY RING",139.82,138,64
23306,SET OF 36 PANTRY PAPER DOILIES,139.78,67,33
22869,"NUMBER TILE COTTAGE GARDEN, 1",139.69,67,11
23091,METAL HERB GERDEN CONTAINER,139.68,24,5
90022,EDWARDIAN DROP EARRINGS JET BLACK,139.67,37,32
47592A,CAROUSEL CHILDRENS OVERALL,139.56,74,27
90199A,5 STRAND GLASS NECKLACE BLACK,139.5,22,16
23463,VINTAGE ZINC WATERING CAN,139.39999999999998,13,8
90214E,"LETTER ""E"" BLING KEY RING",139.28,142,67
90199D,5 STRAND GLASS NECKLACE AMBER,139.28,22,16
22195,HEART MEASURING SPOONS LARGE,138.59999999999997,84,5
23304,SET 4 PICNIC CUTLERY CHERRY,138.45,71,9
72754B,F FAIRY POTPOURRI CUSHIONS LAVENDER,137.54,170,8
35816P,"ACRYLIC JEWEL ANGEL,PINK",137.43,297,9
90156,RESIN BRACELET W PASTEL BEADS,137.37,25,14
47593A,CAROUSEL PONIES BABY BIB,137.27,139,44
84549,CROCHET WHITE RABBIT KEYRING,137.26999999999998,75,16
S,SAMPLES,136.85,3,3
84709A,SILVER OVAL JEWELLED MIRROR,136.85,23,13
37330,BIG POLKADOT MUG,136.76,80,7
35824P,"HANGING FLOWERS+MIRROR,PINK",136.44,324,3
90151,SILVER/NATURAL SHELL NECKLACE,136.17000000000002,16,9
90024E,NEW BAROQUE B'FLY NECKLACE MONTANA,135.98,16,11
21004,ROSE DU SUD CHILDRENS APRON,135.93,31,18
90194,SILVER LARIAT BLACK STONE EARRINGS,135.84,32,21
90038A,GLASS AND PAINTED BEADS BRACELET TO,135.8,36,22
90177D,DROP DIAMANTE EARRINGS PURPLE,135.76000000000002,46,25
17011D,ORIGAMI ROSE INCENSE+FLOWER,135.7,209,4
77079,DOLPHIN WINDMILL,135.68,64,12
90208,PAIR OF PINK FLOWER CLUSTER SLIDE,135.24,54,38
85132a,CHARLIE + LOLA BISCUITS TINS,135.13,10,10
90002A,FLOWER BURST SILVER RING OPAL,135.0,36,14
72134,COLUMBIAN CUBE CANDLE,134.85,339,29
16020C,CLEAR STATIONERY BOX SET,134.5,160,39
35015,JACOBS LADDER SMALL,134.08,2072,39
22241,"GARLAND , WOODEN "" HAPPY EASTER""",133.89,105,11
84555A,YELLOW VW BEETLE CERAMIC MONEY BOX,133.85000000000002,47,16
35609A,PINK FEATHER CHRISTMAS DECORATION,133.23,447,24
46137D,GREEN CHENILLE SHAGGY RUG,132.75,45,4
90190B,GOLD/AMBER DROP EARRINGS W LEAF,132.58,45,15
90137,PINK COMBO MINI CRYSTALS NECKLACE,132.52,26,15
23066,SMALL JEWELLERY STAND,132.0,16,6
23081,GREEN METAL BOX TOP SECRET,132.0,16,4
45013,FOLDING SHOE TIDY,132.0,48,8
90023,FILIGREE DIAMANTE EARRINGS,131.74,31,21
90165B,WHITE ROSEBUD PEARL EARRINGS,131.65,52,35
35933,PINK STOCKING CHRISTMAS DECORATION,131.38,319,28
90101,WHITE FRANGIPANI NECKLACE,131.16,52,29
84656,WHITE ROSE C/COVER,130.9,22,13
22888,NUMBER TILE VINTAGE FONT 9,130.82999999999998,79,23
16119,FUNKY GIRL ADDRESS BOOK,130.71,273,8
84925E,FLOWERS WALL THERMOMETER,130.05,75,3
20899,VINTAGE NOTEBOOK RED ROSE,129.8,44,12
90099,NECKLACE+BRACELET SET BLUE HIBISCUS,129.69,42,25
90190A,SILVER/CRYSTAL DROP EARRINGS W LEAF,129.59,44,31
10080,GROOVY CACTUS INFLATABLE,129.29,315,27
85160a,WHITE BIRD GARDEN DESIGN MUG,129.04,8,3
84858A,NATURAL RIVIERA HANDBAG,128.83,53,8
90181A,AMBER GLASS/SHELL/PEARL NECKLACE,128.64,14,14
22848,"BREAD BIN, DINER STYLE, PINK",127.6,8,3
84251G,"GREETING CARD, OVERCROWDED POOL.",127.55999999999999,472,91
90024D,NEW BAROQUE B'FLY NECKLACE PINK,127.5,15,13
84782B,BLACK 3 TIER GLASS PLATE STAND,127.5,10,6
85014a,BLACK/BLUE DOTS RUFFLED UMBRELLA,127.2,10,9
85018C,S/6 PAPER BOXES CURIOUS IMAGES,127.2,36,4
16168S,FUNKY MONKEY GIFT BAG SMALL,126.82999999999998,1283,11
23303,SET 4 PICNIC CUTLERY FONDANT,126.75,65,6
84559D,3D SHEET OF SEA WORLD STICKERS,126.71,147,31
84367,LA STREGA CANVAS PICTURE,126.29999999999998,74,8
82607E,GLASS BONBON JAR. D'AMANDES,126.25,101,25
gift_0001_10,DOTCOMGIFTSHOP GIFT VOUCHER £10.00,126.21,15,14
90174,BUTTERFLY HAIR BAND,126.12,50,32
90108,BLUE BLOSSOM HAIR CLIP,125.83,109,21
23578,SNACK TRAY RED GINGHAM,125.72,60,14
90138,WHITE/PINK MINI CRYSTALS NECKLACE,125.64,24,17
47592B,SCOTTIES DESIGN CHILD'S OVERALL,125.6,64,28
84968a,SET OF 16 VINTAGE ROSE CUTLERY,125.32999999999998,5,3
84558a,3D DOG PICTURE PLAYING CARDS,125.17,21,19
23065,LARGE JEWELLERY STAND,125.0,10,4
84614A,PINK BAROQUE FLOCK CANDLE HOLDER,124.83,17,10
90002C,FLOWER BURST SILVER RING MIDN'T BLU,124.38,33,19
90162C,ANT SILVER FUSCHIA BOUDICCA RING,123.90000000000002,42,16
22359,"GLASS JAR, KINGS CHOICE SOAP",123.9,42,8
85185B,PINK HORSE SOCK PUPPET KIT,123.9,42,14
90168,2 DAISIES HAIR COMB,123.76,42,24
17191A,ROSE FLOWER CANDLE+INCENSE 16X16CM,123.75,33,12
22850,BREAD BIN DINER STYLE BLACK,123.6,8,1
20816,GOLD FLOWER CUSHION COVER,123.6,24,7
23477,WOODLAND LARGE BLUE FELT HEART,123.47,92,13
23454,SET OF 3 MINI HANGING PORTRAITS,123.2,32,2
23457,LARGE PARLOUR FRAME,122.85,27,2
72133,COLUMBIAN CANDLE RECTANGLE,122.63,109,31
22832,SWEETHEART WIRE WALL TIDY,122.6,12,3
21228,"POCKET MIRROR ""GLAMOROUS""",122.57,97,31
85190,PINK FLOWER HANGING HEART,122.46,138,17
79308B,MOSAIC CANDLE DISH BLUE PURPLE,122.4,144,2
90205C,LARGE CRYSTAL DIAMANTE HAIRSLIDE,122.31,78,24
44242B,PINK FEATHERS CURTAIN,121.53,109,9
79532,MOSAIC GLASS BALL CANDLEHOLDER,121.25,97,18
84199,GLOW IN DARK DOLPHINS,121.08,554,69
22536,MAGIC SLATE FIDO,120.96000000000001,288,6
22535,MAGIC SLATE BUNNIES AT HOME,120.96000000000001,288,6
22534,MAGIC SLATE SPACEBOY,120.96000000000001,288,6
90003E,GREEN PAIR HEART HAIR SLIDES,120.31,32,22
23467,VINTAGE ZINC PLANTER,120.08,32,11
84509F,NEW ENGLAND PLACEMATS,120.0,32,10
23438,GIFT BAG LARGE SPOT,120.0,96,6
23209,LUNCH BAG VINTAGE DOILEY,119.63,71,5
84886,BLUE METAL WALL SHELF,119.39999999999999,12,9
84288B,SET/2 BLUE NOODLE BASKETS,118.95,61,24
23359,SET OF 12 T-LIGHTS VINTAGE DOILEY,118.94999999999999,61,6
23280,FOLDING MIRROR HOT PINK,118.92000000000002,156,5
22972,CHILDRENS SPACEBOY MUG,118.79999999999998,72,5
90018C,SILVER BLACK ORBIT DROP EARRINGS,118.51,28,20
35607A,PINK FLUFFY CHRISTMAS DECORATION,118.43,554,31
20887,BOX OF 6 PEBBLE CANDLES,118.39,18,8
90139,FLOWER BROOCH 4 ASSORTED COLOURS,118.24000000000001,23,18
84510E,SET OF 4 GREEN CAROUSEL COASTERS,117.77,148,28
22877,"NUMBER TILE COTTAGE GARDEN, 9",117.30999999999999,59,5
35824C,"HANGING FLOWERS+MIRROR,CLEAR",117.05,235,8
22879,NUMBER TILE VINTAGE FONT 0,117.04,74,20
23244,STORAGE TIN VINTAGE LEAF,117.0,60,7
72038P,PRICE'S CANDLE PEACH,116.5,1050,9
16206B,RED PURSE WITH PINK HEART,116.4,96,16
84751B,BLACK MEDIUM GLASS CAKE STAND,115.86,38,19
20848,ZINC HEART LATTICE CHARGER SMALL,115.05000000000001,39,12
20896,VINTAGE NOTEBOOK PINK FLOWER,115.05000000000001,39,14
84462,3 PINK HEN+CHICKS IN BASKET,114.86,100,14
23185,FRENCH STYLE STORAGE JAR JAM,114.85,317,30
20698,LITTLE PINK MONSTER SOFT TOY,114.44999999999999,47,21
23151,ZINC SWEETHEART SOAP DISH,114.33000000000001,61,21
84509c,SET OF 4 DOTTY PLACEMATS,114.3,15,11
90049,IVORY GOLD METAL BAG CHARM,114.24,20,6
23535,WALL ART BICYCLE SAFTEY,114.15,21,3
90030A,SPOTTED WHITE NATURAL SEED NECKLACE,113.76,79,10
84510c,SET OF 4 POLKADOT COASTERS,113.75999999999999,46,26
22875,"NUMBER TILE COTTAGE GARDEN, 7",113.41,57,3
22870,"NUMBER TILE COTTAGE GARDEN, 2",113.40999999999998,57,3
22868,"NUMBER TILE COTTAGE GARDEN, 0",113.40999999999998,57,3
84705B,FAIRY CAKES PHOTO FRAME,113.27,84,3
84249A,"GREETING CARD,SQUARE, DOUGHNUTS",113.22,252,34
90179C,BLACK FINE BEAD NECKLACE W TASSEL,112.78,19,16
21089,SET/6 GREEN SPRING PAPER CUPS,112.54,323,40
44236,PINK/PURPLE CIRCLE CURTAIN,112.32000000000001,64,12
71510,SQUARE METAL CANDLEHOLDER BASE,112.05,177,17
35916A,YELLOW FELT HANGING HEART W FLOWER,112.03999999999999,129,44
71495B,CD WALL TIDY RED FLOWERS,111.57000000000001,294,18
35966,FOLKART CHRISTMAS TREE T-LIGHT HOLD,111.34,255,26
10138,ASSORTED COLOUR JUMBO PEN,111.22,261,21
22873,"NUMBER TILE COTTAGE GARDEN, 5",111.14999999999999,57,3
84493,BLUE/PINK NEST STRIPE BOX,111.12,1142,5
90103,PURPLE FRANGIPANI NECKLACE,110.85,44,30
82069,BEECH WOOD P/FRAME,109.85,17,11
22872,"NUMBER TILE COTTAGE GARDEN, 4",109.19999999999999,56,2
22874,"NUMBER TILE COTTAGE GARDEN, 6",109.19999999999999,56,2
22876,"NUMBER TILE COTTAGE GARDEN, 8",109.19999999999999,56,2
22871,"NUMBER TILE COTTAGE GARDEN, 3",109.19999999999999,56,2
85185F,LION SOCK PUPPET,109.15,37,19
84247H,PACK/12 DECOUPAGE CARD,109.13000000000001,42,20
90177C,DROP DIAMANTE EARRINGS CRYSTAL,109.03,37,24
90071,RUBY GLASS CLUSTER EARRINGS,108.99,87,73
20667,CHERRY BLOSSOM PURSE,108.69,40,24
90104,PURPLE FRANGIPANI HAIRCLIP,108.11,129,49
23041,PAPER LANTERN 6 POINT SNOW STAR,107.9,26,6
72753C,S/3 FLWR FAIRY ROSE CANDLES,107.68,43,6
90118,PINK DAISY BAG CHARM,107.39,42,29
35840,FLAT GLASS BAUBLE WHITE FLOCK,107.13,45,11
23626,SET 10 CARDS DINKY TREE 17076,107.07000000000001,43,16
23455,SMALL PARLOUR FRAME,106.98000000000002,42,2
90059D,DIAMANTE HAIR GRIP PACK/2 PERIDOT,106.74,64,40
84562B,BLUE/WHITE RIBBED MELAMINE JUG,106.59,10,7
48103,DOORMAT KISS MY.......,106.58,22,2
35096B,RED VICTORIAN FABRIC HEART BOX,106.49000000000001,293,25
90165A,PINK ROSEBUD PEARL EARRINGS,106.49,42,27
22445,PENCIL CASE GINGHAM FOREST,106.20000000000002,36,4
84867A,PINK BABY GIRLS PHOTO ALBUM,105.82000000000001,16,4
90051,CRACKED GLAZE NECKLACE RED,105.72,15,11
35610A,PINK CHRISTMAS FLOCK DROPLET,105.43,143,12
84458,S/3 RABBIT FLOWER/EGG/CARROT ROPE,105.39999999999999,124,20
22433,WATERING CAN PINK BUNNY,105.3,54,5
17090D,VANILLA INCENSE 40 CONES IN TIN,105.2,88,28
23574,PACKING CHARGE,105.0,14,14
16169D,WRAP WINTER FOREST,105.0,250,9
90141A,GREEN PENDANT TRIPLE SHELL NECKLACE,104.95,20,17
90079,VINTAGE ENAMEL & CRYSTAL NECKLACE,104.77,21,13
21118,SHOPPING BAG DOORSTOP,104.25,69,7
21337,SILVER WASHBAG,103.53000000000002,33,12
72801c,4 ROSE PINK DINNER CANDLES,103.47,42,26
35910A,MULTICOLOUR EASTER RABBIT,103.35,53,13
84679,CLASSICAL ROSE TABLE LAMP,103.3,14,4
35594,WOODEN CHRISTMAS TREE 3 HANGING,103.06,165,39
84613A,PINK NEW BAROQUE FLOCK CANDLESTICK,102.3,22,10
84968e,S/16 VINTAGE BLACK CUTLERY,101.96,4,4
90125C,TURQUOISE BERTIE GLASS BEAD CHARM,101.35,92,10
72369A,PINK CLEAR GLASS CANDLE PLATE,101.28999999999999,67,14
16248B,BLUE HOLE PUNCH,101.25,81,12
84921,CREAM AND PINK FLOWERS PONY,101.25,27,14
85050,FRENCH ENAMEL SOAP DISH WITH LID,100.8,48,1
72821,CUPID SCENTED CANDLE IN GLASS,100.64999999999999,61,14
75172,PAINTED SEA SHELL METAL WINDCHIME,100.31,97,11
78027,SEAGRASS S/2 CORNER LAUNDRY,100.15,6,5
23611,SET 10 CARDS RED RIDING HOOD 17214,99.60000000000001,40,16
23464,VINTAGE ZINC WATERING CAN SMALL,99.2,18,8
37471,MULTICOLOUR DOTS PLATE,99.02,692,6
23466,TUSCAN VILLA DOVECOTE,99.0,12,4
22736,"RIBBON REEL, MAKING SNOWMEN",99.0,60,5
23465,TUSCAN VILLA FEEDING STATION,99.0,12,7
23191,BUNDLE OF 3 RETRO EXERCISE BOOKS,98.99999999999999,60,5
21266,VINTAGE SILVER TINSEL REEL,98.9,23,9
90169,DAISY HAIR COMB,98.87,39,23
37471,MULTICOLOUR POLKADOT PLATE,98.83,713,4
84575A,PINK DOG CANNISTER,98.8,24,13
22878,"NUMBER TILE COTTAGE GARDEN, NO",98.72,45,5
90163B,WHITE ROSEBUD & PEARL NECKLACE,98.45,13,9
84705D,CHERRY BLOSSOM PHOTO FRAME,97.9,22,14
90150,BLUE SHELL+SILVER NECKLACE,97.5,13,8
16161G,WRAP BAD HAIR DAY,97.5,975,33
90067A,PINK VINTAGE VICTORIAN EARRINGS,97.24000000000001,33,16
20861,GOLD COSMETIC BAG PINK STAR,96.60000000000001,46,16
20697,LITTLE GREEN MONSTER SOFT TOY,96.6,40,21
84465,15 PINK FLUFFY CHICKS IN BOX,96.51,32,23
85132b,CHARLIE AND LOLA TABLE TINS,95.83999999999999,10,10
17084J,LOVE POTION MASALA INCENSE,95.76,456,20
84559a,3D SHEET OF DOG STICKERS,95.69999999999999,57,40
48103,DOOR MAT KISS MY.......,95.15,13,8
72606A,BROWN ANTIQUE CUBE CANDLE,94.92,226,18
21241,GREEN POLKADOT CUP,94.35,111,10
20622,VIP PASSPORT COVER,94.04,43,17
23402,HOME SWEEET HOME 3 PEG HANGER,93.75,25,4
90214R,"LETTER ""R"" BLING KEY RING",93.72999999999999,91,50
22432,WATERING CAN GREEN DINOSAUR,93.6,48,6
90024C,NEW BAROQUE B'FLY NECKLACE GREEN,93.48,11,10
90026A,GLASS BEAD HOOP NECKLACE BLACK,93.47,11,9
90214G,"LETTER ""G"" BLING KEY RING",93.17999999999999,100,48
81950B,FLOWER BLUE CLOCK W/SUCKER,93.1,100,26
17084A,TRANQUILITY MASALA INCENSE,92.82,442,18
35913B,WHITE/PINK CHICK EASTER DECORATION,92.39,100,21
90075,MONTANA DIAMOND CLUSTER NECKLACE,92.17999999999999,10,8
84753A,PINK EAU DE COLOGNE BOTTLE,92.16999999999999,97,24
21343,GOLD JEWELERY BOX,92.0,20,3
90089,PINK CRYSTAL SKULL PHONE CHARM,91.89999999999999,104,26
85232b,SET OF 3 BABUSHKA STACKING TINS,91.53,9,8
90202C,GREEN ENAMEL FLOWER HAIR TIE,91.46000000000001,31,25
90177B,DROP DIAMANTE EARRINGS BLACK DIAMON,91.38000000000001,31,19
23075,DOUBLE CERAMIC PARLOUR HOOK,91.30000000000001,22,5
90112,PINK DOLLY HAIR CLIPS,91.25,84,20
84437A,S/6 PINK EASTER DECS IN BOX,90.94999999999999,106,18
90202A,PURPLE ENAMEL FLOWER HAIR TIE,90.9,31,23
90214D,"LETTER ""D"" BLING KEY RING",90.82,100,50
84539,KNITTED RABBIT DOLL,90.75,55,11
81952V,ROUND PURPLE CLOCK W/SUCKER,90.52,99,22
72783,BLACK SIL'T SQU CANDLE PLATE,90.30000000000001,43,9
71406C,BLACK ORANGE SQUEEZER,89.92,210,35
84984C,ORIENTAL BLUE C/COVER,89.59,13,8
17013C,ORIGAMI LAVENDER INCENSE IN TUBE,89.46000000000001,213,2
79026B,"S/4 ICON COASTER,ELVIS LIVES",89.25,69,37
47598,NEW ENGLAND EGG WARMER,89.12,138,32
84388,WISE MAN STAR SHAPE EGG PAN,89.03999999999999,70,22
20660,VIP LUGGAGE TAG,88.75,71,26
90162A,ANT SILVER TURQUOISE BOUDICCA RING,88.5,30,11
90059E,DIAMANTE HAIR GRIP PACK/2 RUBY,88.31,53,33
35638A,PINK AND BLACK STRING CURTAIN,88.04999999999998,39,6
71495A,CD WALL TIDY BLUE OFFICE,87.96000000000001,225,20
84721,MANHATTAN CANVAS ART PICTURE,87.8,20,2
90092,BLUE CRYSTAL BOOT PHONE CHARM,87.50999999999999,102,10
84891B,GREEN WIRE GOBLET CANDLEHOLDER,87.45,11,6
37462B,"PET MUG, BUDGIE",87.28,170,32
35822B,"ACRYLIC BEAD CHAIN, BLUE",87.02,229,1
20835,FRENCH LATTICE CUSHION COVER,87.02,80,10
90088,CRYSTAL KEY+LOCK PHONE CHARM,86.69999999999999,101,14
90039C,FIRE POLISHED GLASS BRACELET BLACK,86.65,23,12
23614,SET 10 CARDS 12 DAYS WRAP 17058,86.58,26,11
84424A,FOUR PICTURE WHITE GLASS FRAME,86.25,23,10
35271S,GOLD PRINT PAPER BAG,85.97,420,20
90012B,BLACK DROP CRYSTAL NECKLACE,85.9,17,6
90162D,ANT SILVER PURPLE BOUDICCA RING,85.55000000000001,29,14
84454,WOBBLING METAL CHICKEN EASTER,85.53,93,18
85099c,JUMBO BAG BAROQUE BLACK WHITE,85.17,17,10
22844,"DOG FOOD CONTAINER , VINTAGE",85.0,10,3
35838B,S/6 SILVER ORNAMENETAL CANDLE,85.0,100,23
90026D,GLASS BEAD HOOP NECKLACE AMETHYST,85.0,10,8
90001D,ANTIQUE OLIVE GREEN FLOWER EARRINGS,84.96000000000001,20,11
17027A,INCENSE BAZAAR CANNABIS,84.84,228,2
84251B,"GREETING CARD, STICKY GORDON",84.83999999999999,319,61
79051A,SMOKEY GREY COLOUR GLASS,84.75999999999999,236,15
46775B,BERRIES CHUNKY KNITTED THROW,84.75,5,4
16051,TEATIME PENCIL W STAMP ASST,84.69,941,4
23456,MEDIUM PARLOUR FRAME,84.1,22,2
84251F,"GREETING CARD, RITA",83.97,341,50
90141C,TURQ PENDANT TRIPLE SHELL NECKLACE,83.69,16,13
22016,DOTCOMGIFTSHOP GIFT VOUCHER £100.00,83.33,1,1
23442,12 HANGING EGGS HAND PAINTED,83.2,40,7
82605,OLD DOC.RUSSEL METAL SIGN,82.94,41,24
90176D,DIAMANTE NECKLACE PURPLE,82.81,11,7
84030C,KNITTED RAINBOW HOT WATER BOTTLE,82.78,21,6
90002B,FLOWER BURST SILVER RING ROSE,82.74,22,11
90177E,DROP DIAMANTE EARRINGS GREEN,82.71000000000001,28,22
90189A,SILVER 2 STRAND NECKLACE-LEAF CHARM,82.64,11,8
90130A,WHITE STONE/CRYSTAL EARRINGS,82.51,28,16
90069,RUBY GLASS CLUSTER NECKLACE,82.5,11,5
21699,SET 5 MINI CHOCOLATE FRIDGE MAGNETS,82.44,108,3
84907,PINK/YELLOW PATCH CUSHION COVER,82.34,8,5
90183B,AMETHYST DROP EARRINGS W LONG BEADS,81.92999999999999,28,24
22579,WOODEN TREE CHRISTMAS SCANDISPOT,81.6,96,3
22566,"FELTCRAFT HAIRBAND S/2, PINK/PURPLE",81.6,96,8
35610C,WHITE CHRISTMAS FLOCK DROPLET,81.56,94,8
72779,SET/6 BLACK ROSE T-LIGHT CANDLES,81.12,48,15
16201B,PASTEL BLUE PHOTO ALBUM,81.1,34,5
90121B,VINTAGE ROSE BEAD BRACELET BLUE,80.75,19,9
22530,MAGIC SLATE DOLLY GIRL,80.64,192,4
22531,MAGIC SLATE CIRCUS PARADE,80.64,192,4
84596I,WRAP SWEETS LIGHT PINK SMALL BOWL,80.62,72,10
17011E,ORIGAMI OPIUM SCENT INCENSE+FLOWER,80.60000000000001,124,1
22346,PARTY PIZZA DISH GREEN RETROSPOT,80.50999999999999,89,19
DCGS0069,OOH LA LA DOGS COLLAR,80.31,5,5
84415B,BLUE FLOCK CUSHION COVER,80.0,24,7
35265,COLOURFUL FLOWER FRUIT BOWL,80.0,21,16
23370,SET 36 COLOUR PENCILS DOILEY,80.0,64,3
90059F,DIAMANTE HAIR GRIP PACK/2 LT ROSE,79.87,48,27
90206A,GOLD DIAMANTE STAR BROOCH,79.6,16,12
90125B,AQUA BERTIE GLASS BEAD BAG CHARM,79.57,44,17
84795E,RIO PINK STRIPE HAMMOCK,79.5,10,5
22649,STRAWBERRY CAKE TEAPOT,79.2,16,4
84548,CROCHET BEAR RED/BLUE KEYRING,79.19999999999999,48,13
90038B,GLASS AND PAINTED BEADS BRACELET OL,79.19,21,13
90064A,WHITE VINTAGE CRYSTAL EARRINGS,79.14,20,12
90039B,FIRE POLISHED GLASS BRACELET MONTAN,78.99,21,11
90064B,BLACK VINTAGE CRYSTAL EARRINGS,78.75,21,12
22344,PARTY PIZZA DISH PINK WHITE SPOT,78.72999999999999,75,19
35931,PINK STAR CHRISTMAS DECORATION,78.11999999999999,156,15
84455,SET OF 3 RABBIT CARROTS EASTER,77.96,85,20
90214H,"LETTER ""H"" BLING KEY RING",77.71,83,53
23497,CLASSIC CROME BICYCLE BELL,77.4,60,2
21450,DISTRESSED CANDLE STICK WHITE,77.35,13,3
90176C,DIAMANTE NECKLACE,77.0,10,6
21595,DAD'S CAB ELECTRONIC METER,76.95,9,9
84251C,"GREETING CARD, TWO SISTERS.",76.67999999999999,247,53
85014b,RED/WHITE DOTS RUFFLED UMBRELLA,76.60000000000001,6,5
84425A,WHITE GLASS TV TRIPLE FRAME,76.6,18,9
90100,NECKLACE+BRACELET SET PINK DAISY,76.5,30,12
90214N,"LETTER ""N"" BLING KEY RING",76.39999999999999,78,43
90020,FILIGREE DIAMANTE CHAIN,76.23,6,4
90176A,CLASSIC DIAMANTE NECKLACE JET,75.88,10,7
35815P,"ACRYLIC JEWEL SNOWFLAKE, PINK",75.88,168,7
22416,SET OF 36 SPACEBOY PAPER DOILIES,75.42,51,8
62043B,BLUE CHECK BAG W HANDLE 34X20CM,75.16,54,10
16161E,WRAP BOUDOIR,75.0,750,9
23061,VINTAGE ENGRAVED HEART,75.0,60,4
37399,"ASS RETROSPOOF MUGS,SPORTS",75.0,143,6
72802a,ROSE SCENT CANDLE IN JEWELLED BOX,74.97,9,4
84968d,SET OF 16 VINTAGE RED CUTLERY,74.88,3,3
72807a,SET/3 ROSE CANDLE IN JEWELLED BOX,74.78999999999999,9,6
84757,ENCHANTED GARDEN WROUGHT IRON TABLE,74.75,5,4
23044,PAPER LANTERN 9 POINT HOLLY STAR 23,74.7,18,5
23068,ALUMINIUM HEART,74.7,30,6
21267,VINTAGE PINK TINSEL REEL,74.6,24,10
90012A,MIDNIGHT BLUE DROP CRYSTAL NECKLACE,74.38,13,7
84919,L BLUE C/COVER W PINK/YELLOW FLOWER,74.31,8,4
84593,CROCHET ROSE DES CLOTHES HANGER,73.75,25,7
15030,FAN BLACK FRAME,73.66,254,26
90130C,GREEN STONE/CRYSTAL EARRINGS,73.62,25,24
79331,PINK FLOCK GLASS CANDLEHOLDER,73.6,60,9
84447,6 RABBIT CHAIN EASTER,72.42,69,19
90214B,"LETTER ""B"" BLING KEY RING",72.33,75,40
84427B,BLACK GLASS TV DOUBLE P/FRAME 15X10,72.25,17,5
90027D,GLASS BEAD HOOP EARRINGS AMETHYST,72.18,23,16
84746,PINK EASTER HENS+FLOWER,72.06,23,16
90031,BILI NUT AND WOOD NECKLACE,71.9,52,9
90038C,GLASS AND BEADS BRACELET IVORY,71.46000000000001,19,9
35937,CERISE+GOLD CHRISTMAS STOCKING DEC,71.44,188,17
90060D,FIRE POLISHED GLASS NECKL BRONZE,71.4,12,8
17007B,S/3 POT POURI CUSHIONS BLUE COLOURS,71.4,34,6
84925C,FAIRY CAKES WALL THERMOMETER,71.39999999999999,28,10
37509,NEW ENGLAND MUG W GIFT BOX,71.39999999999999,28,14
22950,SET OF 36 VINTAGE CHRISTMAS DOILIES,71.27,38,8
84415A,PINK FLOCK SUEDE CUSHION COVER,71.25,27,6
90037B,TINY CRYSTAL BRACELET GREEN,71.17,28,10
23413,DECROTIVEVINTAGE COFFEE GRINDER BOX,71.08,12,6
90179A,AMBER FINE BEAD NECKLACE W TASSEL,71.0,12,9
84803B,WHITE ALLIUM ARTIFICIAL FLOWER,70.98,42,11
16256C,HEARTS PENCIL/RUBBER+5 MINI PENCILS,70.98,169,10
84905,PINK BUTTERFLY C/COVER,70.82,10,6
84086B,YELLOW/BLUE RETRO RADIO,70.80000000000001,24,12
90187B,GREEN DROP EARRINGS W BEAD CLUSTER,70.6,21,15
20958,PORCELAIN HANGING BELL LARGE,70.5,38,10
90202B,WHITE ENAMEL FLOWER HAIR TIE,70.49,24,16
90050,CRACKED GLAZE NECKLACE IVORY,70.16,10,6
22949,SET OF 36 DOLLY GIRL PAPER DOILIES,69.66,45,15
90131,PINK/AMETHYST/GOLD NECKLACE,69.62,10,5
gift_0001_80,DOTCOMGIFTSHOP GIFT VOUCHER £80.00,69.56,1,1
84918,CREAM C/COVER W YELLOW/GREEN FLOWER,69.5,10,3
81952V,ROUND PURPLE CLOCK WITH SUCKER,69.35,365,24
72140F,HAPPY ANNIVERSARY CANDLE LETTERS,69.18,175,14
35916B,BLUE FELT HANGING HEART W FLOWER,69.1,57,16
90059C,DIAMANTE HAIR GRIP PACK/2 MONTANA,68.17999999999999,41,23
71215,METAL BASE FOR CANDLES,68.1,177,12
47420,ASSORTED COLOUR SUCTION CUP HOOK,68.02,358,31
84857A,SILVER MONTE CARLO HANDBAG,68.0,8,3
DCGS0004,HAYNES CAMPER SHOULDER BAG,67.94,4,4
90140,PINK SWEETIE NECKLACE,67.9,9,7
90026B,GLASS BEAD HOOP NECKLACE MONTANA,67.82,8,7
90026C,GLASS BEAD HOOP NECKLACE GREEN,67.82,8,6
20879,TREE OF NOAH FESTIVE SCENTED CANDLE,67.8,57,11
84596e,SMALL LICORICE DES PINK BOWL,67.77,27,17
90002E,FLOWER BURST SILVER RING GREEN,67.77,18,11
84864A,PINK PAISLEY PHOTO ALBUM,67.71000000000001,7,4
90078,PINK/WHITE GLASS DEMI CHOKER,67.64,9,5
90024F,NEW BAROQUE B'FLY NECKLACE CRYSTAL,67.61,8,6
84926B,SCOTTS ROSES TILE COASTER,67.5,54,10
47341B,BLUE TABLE RUN FLOWER,67.5,48,14
47504J,ENGLISH ROSE SET/3 GARDEN TOOLS,67.25,5,4
90214P,"LETTER ""P"" BLING KEY RING",66.59,77,33
35819P,"ACRYLIC HANGING JEWEL,PINK",66.55,95,7
90037A,TINY CRYSTAL BRACELET RED,66.31,26,12
40002,WHITE BAMBOO RIBS LAMPSHADE,66.3,78,1
90037C,TINY CRYSTAL BRACELET BLUE,66.08,26,13
85072,OCCASIONS GIFT CARD ASSORTMENT,66.0,120,1
79329,PINK FLOCK GLASS CANDLEHOLDER,65.94,100,7
84340,LARGE FIBRE OPTIC CHRISTMAS TREE,65.76,21,11
79406,FROSTED WHITE BASE,65.62,259,21
90179B,PURPLE FINE BEAD NECKLACE W TASSEL,65.31,11,9
72812,LARGE ZINC/GLASS CANDLEHOLDER,65.23,27,9
47016,LIGHT DECORATION BATTERY OPERATED,65.10000000000001,31,5
84705A,ENGLISH ROSE PHOTO FRAME,65.10000000000001,14,7
90141B,IVORY PENDANT TRIPLE SHELL NECKLACE,64.94,13,9
23235,BISCUIT TIN VINTAGE LEAF,64.56,24,3
90046,WHITE WITH METAL BAG CHARM,64.35,13,7
84551,CROCHET DOG KEYRING,64.35,39,8
90074,BLACK DIAMOND CLUSTER NECKLACE,64.09,7,6
79534,MULTICOLOUR GLASS PLATE,63.800000000000004,116,16
23253,16 PC CUTLERY SET PANTRY DESIGN,63.8,4,1
84968B,SET OF 16 VINTAGE IVORY CUTLERY,63.75,5,5
85018A,S/6 PAPER BOXES ROMANTIC IMAGES,63.75,15,10
85018B,S/6 PAPER BOXES BLOSSOM IMAGES,63.75,15,10
20791,BLUE TILED SET OF 3 DRAWERS,63.75,5,1
20905,VINTAGE KEEPSAKE BOX BEAUTY GIRL,63.5,10,4
22845,"CAT FOOD CONTAINER , VINTAGE",63.49999999999999,10,3
90205A,LARGE MINT DIAMANTE HAIRSLIDE,63.46,38,22
37491D,PURPLE/BLUE CERAMIC CANDLE HOLDER,63.28,26,13
22987,"WRAP , SUMMER ROSE DESIGN",63.0,150,6
72709,IVORY SCULPTED RND CANDLE,62.9,74,13
84529B,BLUE KNITTED KID'S RUCKSACK,62.35,13,5
35607B,BLACK FEATHER CHRISTMAS DECORATION,62.3,312,17
47348A,FUSCHIA VOILE POINTY SHOE DEC,62.01,103,16
84450B,PINK/YELLOW RABBIT SAT EASTER,61.92,88,29
17136A,BLUE STONES ON WIRE FOR CANDLE,61.78,743,34
20620,RED SPOTTY PASSPORT COVER,61.76,15,14
35817B,"ACRYLIC JEWEL SNOWFLAKE,BLUE",61.3,143,3
16151A,FLOWERS HANDBAG BLUE AND ORANGE,61.25,49,3
35973,GERANIUM FOLKART HEART DECORATION,61.25,49,13
22578,WOODEN STAR CHRISTMAS SCANDISPOT,61.2,72,2
23541,"WALL ART ,PUDDINGS",61.2,8,2
22565,FELTCRAFT HAIRBANDS PINK + WHITE,61.199999999999996,72,6
35910B,PINK FLOWERS RABBIT EASTER,61.07,29,8
90214I,"LETTER ""I"" BLING KEY RING",61.0,62,27
22537,MAGIC SLATE DINOSAUR,60.480000000000004,144,3
84984B,RED PEONY DES C/COVER,60.45,13,6
22953,BIRTHDAY BANNER TAPE,60.0,48,3
22409,TIN CAN BISCUITS DESIGN,60.0,48,4
84875A,PINK SQUARE COMPACT MIRROR,60.0,16,12
23629,SET 10 CARDS DRESSING UP 17077,59.760000000000005,24,10
90021,LASER CUT MULTI STRAND NECKLACE,59.75,5,4
90171,DAISY RING,59.65,47,27
gift_0001_70,DOTCOMGIFTSHOP GIFT VOUCHER £70.00,59.57,1,1
84582,PINK CROCHET CAT WITH SCARF,59.5,14,11
44241C,BLUE BUTTERFLY ON SPRING,59.5,70,8
35654,VINTAGE BEAD FILLED PINK CUSHION,59.400000000000006,12,5
23537,I LOVE LONDON WALL ART,59.400000000000006,12,2
23325,RUSTIC STRAWBERRY JAMPOT SMALL,59.39999999999999,36,3
22329,ROUND FOOD CONTAINER S/5 RETROSPOT,59.39999999999999,36,3
22973,CHILDRENS CIRCUS PARADE MUG,59.39999999999999,36,3
35001B,HAND OPEN SHAPE BLACK,59.330000000000005,17,6
90011B,BLACK CRYSTAL DROP EARRINGS,59.06,20,15
35909A,RABBIT EASTER DECORATION,59.00000000000001,20,5
22903,CALENDAR FAMILY FAVORITES,59.0,20,4
85023C,PINK LARGE JEWELED PHOTOFRAME,58.65,23,11
81985A,"ICON ALARM CLOCK,FUSCHIA PIN UP",58.65,23,7
90188,DROP EARRINGS W FLOWER & LEAF,58.5,23,20
84984A,GREEN PEONY DES C/COVER,58.370000000000005,11,5
84226,HEN HOUSE W FAMILY IN BARN & NEST,58.31,77,18
35816B,"ACRYLIC JEWEL ANGEL,BLUE",58.07,139,3
18094C,WHITE/BLUE RECT CERAMIC OIL BURNER,58.05,33,13
17129C,SKY BLUE COLOUR GLASS GEMS IN BAG,57.98,86,11
35821B,"JEWELLED DECORATION,BLUE",57.0,150,3
72771B,BURG FLOCK GOLD CUP/CANDLE,56.9,117,8
90212C,PURPLE LAS VEGAS BRACELET ROUND,56.25,15,7
47344B,BLUE FLOWER DES PURSE,56.16,54,10
85023A,CRYSTAL LARGE JEWELLED PHOTO FRAME,56.1,22,10
90033,IVORY SHELL HEART EARRINGS,55.88,22,18
85080,PADDED RED HEART DECORATION,55.76,113,22
90182C,BLACK 3 BEAD DROP EARRINGS,55.74,19,13
90177A,CLASSIC DIAMANTE EARRINGS JET,55.690000000000005,19,14
90214T,"LETTER ""T"" BLING KEY RING",55.57,57,24
90001B,ANTIQUE MID BLUE FLOWER EARRINGS,55.120000000000005,13,10
85151,WELCOME METAL SIGN,55.0,44,8
90014A,SILVER M.O.P. ORBIT NECKLACE,54.800000000000004,11,6
90135A,ORANGE/FUSCHIA STONES NECKLACE,54.620000000000005,11,4
90142D,MOP PENDANT SHELL NECKLACE,54.59,11,5
90043,COPPER AND BRASS BAG CHARM,54.510000000000005,10,6
20820,SILVER LOOKING MIRROR,54.45,11,8
20953,PORCELAIN CHERUB BELL LARGE,54.449999999999996,33,9
90084,PINK CRYSTAL GUITAR PHONE CHARM,54.4,64,9
46115B,GREEN POP ART MAO CUSHION COVER,54.34,286,22
22345,PARTY PIZZA DISH BLUE WHITE SPOT,54.28,53,17
23389,SPACEBOY MINI RUCKSACK,53.95,13,4
22252,BIRDCAGE DECORATION MAGIC GARDEN,53.55,21,3
84559b,3D SHEET OF CAT STICKERS,53.54,32,25
84660b,BLACK STITCHED WALL CLOCK,53.18,7,6
72798C,SET/4 GARDEN ROSE DINNER CANDLE,53.11,28,15
84660a,WHITE STITCHED WALL CLOCK,52.699999999999996,7,5
84899E,YELLOW + BROWN BEAR FELT PURSE KIT,52.65,39,15
84845C,CARNATION SQUARE HANDY TIN,52.5,42,14
20870,OPULENT VELVET CANDLE IN BOX,52.2,29,7
23035,DOORKNOB CERAMIC IVORY,52.2,36,1
23196,RETO LEAVES MAGNETIC SHOPPING LIST,52.199999999999996,36,3
84292B,BLUE COL METAL FOLDING CHAIR,51.8,8,5
84845D,GERANIUM SQUARE HANDY TIN,51.25,41,11
84402B,PURPLE DRESS JEWELLERY STAND,51.14,62,4
35071,ASSORTED SANTA CHRISTMAS DECORATION,51.13999999999999,50,7
84612B,SET/4 BLACK BAROQUE FLOCK COASTER,51.0,20,4
20964,POLYESTER FILLER PAD 60X40CM,51.0,20,6
84968f,SET OF 16 VINTAGE SKY BLUE CUTLERY,50.98,2,2
85069,CREAM SWEETHEART DOUBLE SHELF,50.849999999999994,3,1
22846,"BREAD BIN, DINER STYLE, RED",50.849999999999994,3,2
85035b,CHOCOLATE 3 WICK MORRIS BOX CANDLE,50.82000000000001,6,6
22889,"NUMBER TILE VINTAGE FONT, NO",50.7,23,3
85124a,PINK JUICY FRUIT PHOTO FRAME,50.599999999999994,10,9
35916B,BLUE FELT HANGING HEART WITH FLOWER,50.57,75,30
90034,WHITE SILVER NECKLACE SHELL GLASS,50.48,5,5
72083A,STRAWBERY SWIRL FLARE CANDLE,50.400000000000006,24,7
72801c,S/4 ROSE PINK DINNER CANDLES,50.199999999999996,20,10
22657,HEN & 2 CHICKS IN BASKET,50.15,59,7
90141E,ORANGE PENDANT TRIPLE SHELL NECKLAC,50.06,10,5
72817,SET/2 CHRISTMAS DECOUPAGE CANDLES,50.0,40,6
23603,SET 10 CARD KRAFT REINDEER 17084,49.800000000000004,20,14
23197,VEGETABLE MAGNETIC SHOPPING LIST,49.8,36,3
90052,CRACKED GLAZE NECKLACE BROWN,49.58,7,5
23015,CORDIAL JUG,49.5,6,2
84537B,FAIRY CAKES GIFT BAG,49.14,117,11
72129,COLUMBIAN CANDLE ROUND,49.11,74,18
35603C,SET/16 WHITE SHINY & MATT BAUBLES,48.3,83,24
37491A,YELLOW/PINK CERAMIC CANDLE HOLDER,48.3,18,13
90083,CRYSTAL CZECH CROSS PHONE CHARM,48.08,52,15
47591A,CAROUSEL CHILDRENS APRON,47.97,29,12
84608,ORNATE EDWARDIAN CANDLE HOLDER,47.7,6,4
21347,GOTHIC CARRIAGE LANTERN,47.6,8,4
23539,"WALL ART , LOVES' SECRET",47.6,8,2
20895,VINTAGE NOTEBOOK FRENCH LETTER,47.20000000000001,16,4
35909B,PINK FLOWERS RABBIT EASTER,47.2,16,6
90067B,BROWN VINTAGE VICTORIAN EARRINGS,47.120000000000005,16,6
37462E,"PET MUG, GOLDFISH",47.12,107,28
84227,HEN HOUSE W CHICK IN NEST,47.04,112,13
90181C,BLACK GLASS/SHELL/PEARL NECKLACE,46.93,5,5
84596f,SMALL MARSHMALLOWS PINK BOWL,46.89,19,14
20988,TRELLIS FLOWER CHOPSTICKS SET/5,46.8,24,9
84857B,BLUE MONTE CARLO HANDBAG,46.8,24,1
90001C,ANTIQUE OPAL WHITE FLOWER EARRINGS,46.7,11,10
90001A,ANTIQUE RASPBERRY FLOWER EARRINGS,46.6,11,10
81952B,ROUND BLUE CLOCK W/SUCKER,46.56,54,11
37489A,YELLOW/PINK FLOWER DESIGN BIG MUG,46.56,46,23
16050,TEATIME PENCIL WITH RUBBER,46.45,151,8
47341A,FUSCHIA TABLE RUN FLOWER,46.25,29,7
23107,WHITE WIRE PLANT POT HOLDER,46.24,16,2
90128A,PINK LEAVES AND BEADS PHONE CHARM,46.21,31,10
72024U,LILAC VOTIVE CANDLE,46.2,220,11
84951b,S/4 BLACK LOVEBIRD COASTERS,46.2,9,4
85081,PADDED HOLLY CHRISTMAS DECORATION,46.17,104,21
85132c,CHARLIE AND LOLA FIGURES TINS,46.099999999999994,4,4
23047,PAPER LANTERN 5 POINT STUDDED STAR,46.0,8,4
84626,CANDY STRIPE ROSE QUILT,45.95,1,1
22604,SET OF 4 NAPKIN CHARM CUTLERY,45.900000000000006,18,3
35611B,BLACK ASSORTED DROPLET DECORATION,45.76,62,3
22406,TIN CAN KINGS CHOICE DESIGN,45.0,36,3
16161C,WRAP SPEED DEMONS,45.0,450,2
22347,PIZZA DISH SLICE,45.0,36,2
72724,SET/6 CHRISTMAS ICICLE T-LIGHTS,45.0,36,10
23625,SET 6 CARDS SPARKLY REINDEER 17262,44.910000000000004,9,4
90059B,DIAMANTE HAIR GRIP PACK/2 BLACK DIA,44.87,27,16
21685,MEDINA STAMPED METAL TRAY,44.849999999999994,3,2
84906,PINK BUTTERFLY CUSHION COVER,44.849999999999994,23,5
90135,ORANGE/WHT/FUSCHIA STONES NECKLACE,44.75,9,3
90197D,AMBER GLASS BRACELET HEART CHARMS,44.550000000000004,9,4
72796B,S/3 FRENCH VANILLA SQU CANDLE,44.55,27,12
90011A,MIDNIGHT BLUE CRYSTAL DROP EARRINGS,44.28,15,15
84586L,"PINK ROSES/GINGHAM PATCH RABBIT 8""",44.25000000000001,15,9
35085E,IVORY ROSE LAMPSHADE,44.25,39,9
90125E,AMBER BERTIE GLASS BEAD BAG CHARM,44.19,18,17
35815B,"ACRYLIC JEWEL SNOWFLAKE,BLUE",43.94,95,3
17014C,ORIGAMI LAVENDER INCENSE CONES,43.75,97,2
79063C,"RETRO PILL BOX KEY CHAIN,THE KING",43.65,235,14
18097A,PINK TALL PORCELAIN T-LIGHT HOLDER,43.349999999999994,17,12
90042B,FRESHWATER PEARL BRACELET PINK,43.349999999999994,17,6
35822P,"ACRYLIC BEAD CHAIN, PINK",43.32,114,1
90054,CRACKED GLAZE EARRINGS RED,43.019999999999996,17,17
23038,T-LIGHT HOLDER SILVER SAUCER,42.92,44,8
22987,WRAP SUMMER ROSE DESIGN,42.84,102,5
79066k,RETRO MOD TRAY,42.71,26,16
84993a,75 GREEN PETIT FOUR CASES,42.71,51,30
21596,HYPOCHONDRIAC PILL STRESS BALL,42.64,10,9
90024A,NEW BAROQUE B'FLY NECKLACE BLACK,42.5,5,4
22346,PARTY PIZZA DISH GREEN WHITE SPOT,42.3,40,15
90126C,AMBER BERTIE MOBILE PHONE CHARM,42.1,21,5
72771C,BLACK FLOCK GOLD CANDLE,42.08,54,6
23231,WRAP VINTAGE DOILEY,42.0,100,2
20860,GOLD COSMETICS BAG WITH BUTTERFLY,42.0,20,11
15060b,FAIRY CAKE DESIGN UMBRELLA,41.81,5,5
90152C,BLUE/NAT SHELL NECKLACE W PENDANT,41.650000000000006,7,4
84611B,BLACK NEW BAROQUE FLOCK BOX,41.65,7,4
90060C,FIRE POLISHED GLASS NECKL SILVER,41.65,7,3
35809a,ENAMEL PINK TEA CONTAINER,41.54,10,10
23045,PAPER LANTERN 5 POINT STAR MOON 30,41.5,10,5
85184B,SET 4 EASTER DECOUPAGE OVAL BOXES,41.300000000000004,14,7
37477B,"FLOWER FAIRY MUG+COASTER,LAVENDER",41.25,11,8
23448,CREAM BUNNY EASTER EGG BASKET,41.24999999999999,25,3
90027C,GLASS BEAD HOOP EARRINGS GREEN,41.17,14,12
18096c,WHITE ROUND PORCELAIN TLIGHT HOLDER,41.14,8,6
21119,GLOW IN THE DARK SHOT GLASSES,41.01,3,3
35644,PAIR PINK/BLACK COATHANGERS,40.95,21,7
84798C,WHITE FOXGLOVE ARTIIFCIAL FLOWER,40.8,16,3
22740,POLKADOT PENS,40.8,48,1
44228,CANNABIS LEAF BEAD CURTAIN,40.8,48,3
23148,MINITURE ANTIQUE ROSE HOOK IVORY,40.8,48,4
47013C,WINE BOTTLE DRESSING DARK BLUE,40.519999999999996,147,27
90136,PALE PINK/AMETHYST STONE NECKLACE,40.47,4,3
90152A,SILVER/NAT SHELL NECKLACE W PENDANT,40.34,7,7
22532,MAGIC SLATE LEAP FROG,40.32,96,2
22529,MAGIC SLATE GO TO THE FAIR,40.32,96,2
20994,JAZZ HEARTS SPIRAL NOTEPAD,39.95,47,12
23462,ROCOCO WALL MIROR,39.9,2,1
47013A,WINE BOTTLE DRESSING LT.BLUE,39.87,141,25
37468,HARDMAN MUG 3 ASSORTED,39.81,65,14
79065A,TEATIME ROUND CAKE TINS,39.8,4,1
22853,"CAT BOWL, ENAMEL , CREAM COLOUR",39.0,12,2
82545A,COGNAC AUX OEUFS METAL 1 HOOK,38.75,31,11
47567b,TEA TIME KITCHEN APRON,38.72,3,3
35963,FOLKART ZINC CLIP ON ANGEL WINGS,38.379999999999995,101,11
90130D,RED STONE/CRYSTAL EARRINGS,38.31,13,8
90027B,GLASS BEAD HOOP EARRINGS MONTANA,38.28,13,10
90183C,BLACK DROP EARRINGS W LONG BEADS,38.12,13,13
81952B,ROUND BLUE CLOCK WITH SUCKER,38.0,200,9
47518f,ICON PLACEMAT POP ART ELVIS,37.75,9,9
72801d,S/4 SKY BLUE DINNER CANDLES,37.65,15,10
90176B,DIAMANTE NECKLACE BLACK,37.620000000000005,5,4
85115B,S/4 BLACK DISCO PARTITION PANEL,37.62,6,2
90039A,FIRE POLISHED GLASS BRACELET RED,37.61,10,5
37112,YELLOW BIRDS FELT DES FOODCOVER,37.5,10,5
23043,PAPER LANTERN 9 POINT HOLLY STAR 40,37.5,6,3
79413,GLASS WINE GLASS DECORATIONS,37.5,30,9
35233,PASTA ENAMEL/BRASS CONTAINER,37.5,10,8
84509b,SET OF 4 FAIRY CAKE PLACEMATS,37.3,5,4
84705F,RED PEONY PHOTO FRAME,37.2,8,5
90126A,PINK BERTIE MOBILE PHONE CHARM,37.14,20,5
84251J,"GREETING CARD, THE BLACK CAT",37.04,74,17
72715,SPHERICAL IVORY CANDLE,36.96,88,13
16162M,THE KING GIFT BAG 25X24X12CM,36.96,88,13
22407,MONEY BOX FIRST AID DESIGN,36.78,44,11
17014E,ORIGAMI OPIUM INCENSE CONES,36.599999999999994,95,6
90141D,ROSE PENDANT TRIPLE SHELL NECKLACE,36.33,7,5
90214F,"LETTER ""F"" BLING KEY RING",36.28,44,27
90037D,TINY CRYSTALS BRACELET BLACK,35.870000000000005,14,8
90060B,FIRE POLISHED GLASS NECKL GOLD,35.7,6,4
37348,SET OF 4 PASTEL STACKING MUGS,35.7,14,7
90132,LIGHT TOPAZ TEAL/AQUA COL NECKLACE,35.63,7,7
90011C,GREEN CRYSTAL DROP EARRINGS,35.33,12,7
90152B,BLUE/GREEN SHELL NECKLACE W PENDANT,35.26,6,5
79063D,"RETRO PILL BOX , REVOLUTIONARY",35.14,189,11
84510e,SET OF 4 GREEN CAROUSEL COASTERS,35.089999999999996,14,6
82613b,"METAL SIGN,CUPCAKE SINGLE HOOK",35.04,14,11
84745B,BLUE HANGING GINGHAM EASTER HEN,34.86,83,17
DCGS0058,MISO PRETTY GUM,34.82,42,30
23196,LEAVES MAGNETIC SHOPPING LIST,34.8,24,2
84868B,BLUE BABY BOY'S MEMORY BOX,34.75,5,4
37482p,CUBIC MUG PINK POLKA DOT,34.7,2,2
90081B,LILY BROOCH WHITE/SILVER COLOUR,34.65,7,3
84546,CROCHET POODLE KEYRING,34.65,21,3
35955,SMALL FOLKART CHRISTMAS TREE DEC,34.62,135,4
22852,"DOG BOWL, ENAMEL , CREAM COLOUR",34.0,8,2
44265,M/COLOUR POM-POM CURTAIN,34.0,8,4
22200,FRYING PAN PINK RETROSPOT,33.97,7,3
90066A,PINK VINTAGE VICTORIAN CHOKER,33.75,5,2
81950B,FLOWER BLUE CLOCK WITH SUCKER,33.64,116,8
47591b,SCOTTIES CHILDRENS APRON,33.6,8,4
23390,DOLLY GIRL MINI RUCKSACK,33.2,8,2
84456,SET OF 3 RABBIT EGG EASTER,33.15,37,16
90076,MONTANA DIAMOND CLUSTER EARRINGS,33.0,12,7
DCGS0003,BOXED GLASS ASHTRAY,32.589999999999996,13,13
82613c,"METAL SIGN,CUPCAKE SINGLE HOOK",32.48,13,12
85079,EMBROIDERED REINDEER DECORATION,32.25,23,8
90214O,"LETTER ""O"" BLING KEY RING",31.419999999999998,36,18
85131D,BEADED CRYSTAL HEART PINK\ON STICK,31.299999999999997,20,11
23632,SET 10 CARDS CHEERFUL ROBIN 17065,31.200000000000003,15,10
23366,SET 12 COLOUR PENCILS DOILEY,31.200000000000003,48,3
44091C,MULTICOLOUR CRUSOE CHECK LAMPSHADE,30.66,61,17
22937,BAKING MOULD CUPCAKE CHOCOLATE,30.6,12,1
22937,BAKING MOULD CHOCOLATE CUP CAKES,30.6,12,2
22641,SET OF 4 NAPKIN CHARMS INSTUMENT,30.6,12,2
22577,WOODEN HEART CHRISTMAS SCANDISPOT,30.6,36,1
21919,ELECTRONIC TALKING BREATH-A-LOSER,30.47,6,5
37489B,BLUE/YELLOW FLOWER DESIGN BIG MUG,30.419999999999998,38,17
84745A,PINK HANGING GINGHAM EASTER HEN,30.240000000000002,72,15
90025F,BAROQUE BUTTERFLY EARRINGS CRYSTAL,30.23,8,8
18010,ASSORTED FRAGRANCE BATH CONFETTI,30.16,64,9
37491B,BLUE/YELLOW CERAMIC CANDLE HOLDER,30.08,14,8
23396,BUTTERFLY CUSHION COVER,30.0,8,2
22405,TIN CAN POCKET MONEY DESIGN,30.0,24,2
23437,GIFT BAG LARGE 50'S CHRISTMAS,30.0,24,2
22772,DRAWER KNOB ACRYLIC EDWARDIAN PINK,30.0,24,1
22775,DRAWERKNOB ACRYLIC EDWARDIAN PURPLE,30.0,24,1
23250,ENAMEL BOWL PANTRY,30.0,24,2
23252,ENAMEL JUG PANTRY,30.0,8,2
22773,DRAWER KNOB ACRYLIC EDWARDIAN GREEN,30.0,24,1
22771,DRAWER KNOB ACRYLIC EDWARDIAN CLEAR,30.0,24,1
22410,TIN CAN HOUSEKEEPING DESIGN,30.0,24,2
47563B,WAVELINE SURF IRONING BOARD COVER,30.0,8,6
90176E,DIAMANTE NECKLACE GREEN,29.98,4,3
21767,FRENCH STYLE WIRE DOOR CABINET,29.95,1,1
78056,CAMOUFLAGE BACKPACK ON WHEELS,29.849999999999998,3,2
22351,DOTCOMGIFTSHOP TEA TOWEL,29.809999999999995,15,3
84985a,SET OF 72 GREEN PAPER DOILIES,29.8,10,8
22472,"TRAY FOR TV DINNER , DOLLY GIRL",29.700000000000003,6,1
23530,"WALL ART,ONLY ONE PERSON",29.700000000000003,6,1
22474,"TRAY FOR TV DINNER ,SPACEBOY",29.700000000000003,6,1
35598A,DUSTY PINK CHRISTMAS TREE 60CM,29.500000000000004,10,3
78034B,BLUE NETTING STORAGE HANGER,29.25,15,9
90214V,"LETTER ""V"" BLING KEY RING",28.98,38,24
46776f,WOVEN ROSE GARDEN CUSHION COVER,28.91,7,1
37489D,PINK/GREEN FLOWER DESIGN BIG MUG,28.86,46,20
44089C,LILAC GAUZE BUTTERFLY LAMPSHADE,28.56,68,18
23380,PACK OF 12 DOILEY TISSUES,28.08,72,2
40005B,BLUE ORGANDY ROUND LAMPSHADE W BEA,28.05,33,13
17091F,SANDALWOOD INCENSE IN TIN,27.71,19,8
23613,SET 10 XMAS CARDS & BADGES 17070,27.39,11,6
23637,SET 10 CARDS OUT OF ORDER 17216,27.39,11,9
21097,SET/6 GREEN SPRING PAPER PLATE,27.2,32,7
84867b,BLUE BABY BOY'S PHOTO ALBUM,27.14,2,1
90187A,BLUE DROP EARRINGS W BEAD CLUSTER,27.04,8,7
23702,HIGH RESOLUTION IMAGE,27.0,4,3
44235,ASSORTED COLOURED CIRCLE MOBILE,26.88,64,7
17013F,ORIGAMI SANDLEWOOD INCENSE IN TUBE,26.7,62,5
90027A,GLASS BEAD HOOP EARRINGS BLACK,26.52,9,6
90025E,BAROQUE BUTTERFLY EARRINGS MONTANA,26.5,7,7
22232,3 PIECE JIGSAW TOADSTOOLS,26.4,16,2
84876C,SILVER HEART COMPACT MIRROR,26.25,7,4
23636,SET 10 CARDS WISHING TREE 17116,26.19,9,7
90182A,AMBER 3 BEAD DROP EARRINGS,26.16,9,9
37489C,GREEN/BLUE FLOWER DESIGN BIG MUG,26.06,27,12
85164b,BLACK BAROQUE CUCKOO CLOCK,26.04,1,1
90041,PEARL AND CHERRY QUARTZ BRACLET,25.67,7,6
20954,*USB OFFICE MIRROR BALL,25.590000000000003,3,3
22168,"ORGANISER WOOD, ANTIQUE WHITE",25.5,3,2
84968b,S/16 VINTAGE IVORY CUTLERY,25.49,1,1
84968b,SET OF 16 VINTAGE IVORY CUTLERY,25.49,1,1
84968d,S/16 VINTAGE RED CUTLERY,25.49,1,1
84968a,S/16 VINTAGE ROSE CUTLERY,25.49,1,1
90142A,GREEN PENDANT SHELL NECKLACE,25.45,5,4
DCGS0070,CAMOUFLAGE DOG COLLAR,25.44,2,2
85035a,GARDENIA 3 WICK MORRIS BOXED CANDLE,25.410000000000004,3,3
84997c,BLUE 3 PIECE MINI DOTS CUTLERY SET,25.410000000000004,3,2
90214Y,"LETTER ""Y"" BLING KEY RING",25.339999999999996,68,10
35597D,PINK/WHITE CHRISTMAS TREE 30CM,25.28,58,7
90055,CRACKED GLAZE EARRINGS BROWN,25.28,10,10
90053,CRACKED GLAZE EARRINGS IVORY,25.23,10,10
84596b,SMALL DOLLY MIX DESIGN ORANGE BOWL,25.099999999999998,10,8
84510c,SET OF 4 POLKADOTS COASTERS,25.099999999999998,10,8
90128C,GREEN LEAVES AND BEADS PHONE CHARM,25.04,17,6
22719,"GUMBALL COATHOOK., BLACK & WHITE",25.0,20,4
23104,IVORY PANTRY HANGING LAMP,25.0,2,1
23214,BELL HEART ANTIQUE GOLD,24.96,12,1
23620,SET 10 CARDS PERFECT POST 17090,24.900000000000002,10,7
85034a,3 GARDENIA MORRIS BOXED CANDLES,24.869999999999997,3,3
84550,CROCHET LILAC/RED BEAR KEYRING,24.75,15,5
35633B,BLUE TINSEL GARLAND,24.7,130,12
35596,WOOD XMAS TREE 9 FIG SHELVES,24.65,29,4
10124A,SPOTS ON RED BOOKCOVER TAPE,24.36,58,18
84450A,PINK RABBIT SITTING EASTER,24.18,52,5
37494a,FAIRY CAKE CERAMIC BUTTER DISH,24.16,4,3
72801E,4 FESTIVE GREEN DINNER CANDLES,23.91,51,2
84575B,BROWN DOG CANNISTER W BONE,23.8,4,3
79302m,"ART LIGHTS,FUNK MONKEY",23.77,4,4
85184c,S/4 VALENTINE DECOUPAGE HEART BOX,23.77,4,4
90128B,BLUE LEAVES AND BEADS PHONE CHARM,23.759999999999998,18,6
17014F,ORIGAMI SANDLEWOOD INCENSE CONES,23.699999999999996,61,4
47556b,TEA TIME TEA TOWELS,23.64,4,4
90011E,AMBER CRYSTAL DROP EARRINGS,23.61,8,8
85040b,SET/4 BLUE FLOWER CANDLES IN BOWL,23.519999999999996,7,3
47552A,DOTS IRONING BOARD COVER,23.4,12,11
23244,CANNISTER VINTAGE LEAF DESIGN,23.4,12,2
23623,SET 10 CARD CHRISTMAS WELCOME 17112,23.28,8,6
23236,STORAGE TIN VINTAGE DOILEY,23.13,7,2
23106,ZINC PLANT POT HOLDER,23.12,8,1
84509E,CAROUSEL PLACEMATS,23.060000000000002,4,3
90095,NECKLACE+BRACELET SET PINK BLOSSOM,22.91,8,3
23145,ZINC T-LIGHT HOLDER STARS LARGE,22.8,24,2
84450B,YELLOW RABBIT SAT EASTER,22.63,51,6
90025C,BAROQUE BUTTERFLY EARRINGS GREEN,22.56,6,6
90189B,GOLD 2 STRAND NECKLACE-LEAF CHARMS,22.5,3,2
85225,BLING KEY RING STAND,22.5,19,11
37477C,"FLOWER FAIRY MUG+COASTER,ROSE",22.5,6,1
23645,SET 10 CHRISTMAS CARDS HOHOHO 16956,22.410000000000004,9,4
23640,SET 10 CARDS SCOTTIE DOG 17211,22.410000000000004,9,8
35652,VINTAGE BEAD CHAISE LONG JEWEL BOX,21.5,18,2
90214Z,"LETTER ""Z"" BLING KEY RING",21.49,31,18
84387A,BIRD ON BRANCH CANVAS SCREEN,21.45,11,1
84899E,YELLOW BROWN BEAR FELT PURSE KIT,21.28,14,6
21387,IVORY HANGING DECORATION RABBIT,21.25,25,4
35591T,TURQUOISE CHRISTMAS TREE,21.25,17,9
90128D,PURPLE LEAVES AND BEADS PHONE CHAR,21.24,13,7
22201,FRYING PAN BLUE RETROSPOT,21.22,4,3
21594,DR. JAM'S AROUZER STRESS BALL,21.06,5,5
23691,KEEP CALM BIRTHDAY WRAP,21.0,50,2
35603B,S/16 BLACK SHINY/MAT BAUBLES,21.0,50,2
23692,WRAP A PRETTY THANK YOU,21.0,50,2
23388,WOODLAND MINI RUCKSACK,20.75,5,2
DCGS0072,CAT CAMOUFLAGUE COLLAR,20.68,4,3
46776a,WOVEN BUBBLE GUM CUSHION COVER,20.65,5,1
10002R,ROBOT PENCIL SHARPNER,20.57,4,3
22418,"PEN, 10 COLOURS - SPACEBOY",20.4,24,1
79172D,PURPLE TINT ACRYLIC FLOWER VASE,20.4,24,4
22345,PARTY PIZZA DISH BLUE+WHITE SPOT,20.4,24,2
22344,PARTY PIZZA DISH PINK+WHITE SPOT,20.4,24,2
85232a,SET/3 POLKA DOT STACKING TINS,20.34,2,2
22533,MAGIC SLATE BAKE A CAKE,20.16,48,1
72801g,4 BURGUNDY WINE DINNER CANDLES,20.08,8,1
84536a,ENGLISH ROSE NOTEBOOK A7 SIZE,19.970000000000002,25,12
90082C,DIAMANTE BOW BROOCH WHITE COLOUR,19.93,3,3
23601,SET 10 CARDS SNOWY SNOWDROPS 17100,19.92,8,4
23616,SET 10 CARDS JINGLE BELLS 17217,19.92,8,7
90127A,PINK BEADS+HAND PHONE CHARM,19.92,14,2
23646,SET 10 CARDS JINGLE BELLS 16957,19.92,8,5
23029,DOORKNOB CRACKED GLAZE GREEN,19.8,12,2
23031,DOORKNOB CRACKED GLAZE PINK,19.8,12,2
84570B,WHITE SATIN DRESS JEWEL STAND,19.8,4,2
23249,ENAMEL DINNER PLATE PANTRY,19.799999999999997,12,1
37488A,YELLOW PINK FLOWER DESIGN BIG BOWL,19.770000000000003,31,5
37487B,YELLOW/ORANGE FLOWER DESIGN PLATE,19.72,68,2
44092C,PURPLE/COPPER HANGING LAMPSHADE,19.55,23,10
20680,PINK FLOWERS CHILDS UMBRELLA,19.5,6,4
79062D,"RETRO TIN ASHTRAY,REVOLUTIONARY",19.4,52,4
22963,JAM JAR WITH BLUE LID,18.98,26,2
23056,CRYSTAL CHANDELIER T-LIGHT HOLDER,18.75,3,1
84030B,KNITTED POM POM HOT WATER BOTTLE,18.75,5,3
90025D,BAROQUE BUTTERFLY EARRINGS PINK,18.69,5,5
84732B,CUTE BIRD CEATURE SCREEN,18.48,28,6
72796A,S/3 ENGLISH LAVENDER SQU CANDLE,18.15,11,5
84311,CAMOFLAGE CUSHION COVER,18.15,11,1
84986b,SET OF 36 SILVER PAPER DOILIES,17.88,6,5
84614C,BLUE BAROQUE FLOCK CANDLE HOLDER,17.85,3,1
18097B,BLUE TALL PORCELAIN T-LIGHT HOLDER,17.85,7,3
71050,SMALL SINGLE FLAME CANDLE HOLDER,17.849999999999998,51,8
21249,WOOD ANIMALS HEIGHT CHART STICKERS,17.700000000000003,6,1
90182B,AMETHYST 3 BEAD DROP EARRINGS,17.53,6,6
23627,SET 10 CARDS XMAS GRAPHIC 17218,17.43,7,2
22887,"NUMBER TILE VINTAGE FONT, 8",17.36,8,1
22882,"NUMBER TILE VINTAGE FONT, 3",17.36,8,1
22886,"NUMBER TILE VINTAGE FONT, 7",17.36,8,1
22885,"NUMBER TILE VINTAGE FONT, 6",17.36,8,1
22884,"NUMBER TILE VINTAGE FONT, 5",17.36,8,1
22879,"NUMBER TILE VINTAGE FONT, 0",17.36,8,1
22880,"NUMBER TILE VINTAGE FONT, 1",17.36,8,1
22881,"NUMBER TILE VINTAGE FONT, 2",17.36,8,1
22883,"NUMBER TILE VINTAGE FONT, 4",17.36,8,1
37482b,CUBIC MUG BLUE POLKA DOT,17.35,1,1
DCGS0066N,NAVY CUDDLES DOG HOODIE,17.3,2,2
DCGS0068,DOGS NIGHT COLLAR,17.12,2,2
84796b,BLUE SAVANNAH PICNIC HAMPER FOR 2,17.12,2,2
22777,GLASS BELL JAR LARGE,17.0,2,1
23342,MINT DINER CLOCK,17.0,2,1
84993b,75 BLACK PETIT FOUR CASES,16.99,20,13
21120,*BOOMBOX IPOD CLASSIC,16.98,1,1
85035c,ROSE 3 WICK MORRIS BOX CANDLE,16.94,2,2
85036b,CHOCOLATE 1 WICK MORRIS BOX CANDLE,16.94,2,2
72805,VANILLA CANDLE IN EMBOSSED ZINC POT,16.9,10,3
47591c,BLUE FAIRY CAKE CHILD'S APRON,16.84,4,3
21511,VINTAGE COLLAGE GREETING CARD,16.8,40,2
44089A,PINK GAUZE BUTTERFLY LAMPSHADE,16.8,40,13
72785A,S/4 CONTEMPORY PINK ROSEBUD CANDLES,16.8,8,4
23644,SET 10 CARDS CHRISTMAS TREE 16955,16.65,5,5
84031b,CHARLIE LOLA BLUE HOT WATER BOTTLE,16.63,1,1
84031a,CHARLIE+LOLA RED HOT WATER BOTTLE,16.63,1,1
85036a,GARDENIA 1 WICK MORRIS BOXED CANDLE,16.58,2,1
22384,LUNCH BAG PINK POLKADOTS,16.5,10,1
23502,PLAYING CARDS VINTAGE DOILEY,16.25,13,2
85160b,BLACK BIRD GARDEN DESIGN MUG,16.13,1,1
90102,WHITE FRANGIPANI HAIR CLIP,16.11,19,4
62074B,ELEPHANT CLIP W SUCTION CUP,15.96,38,12
84630,FLOWERS AND BIRDS WALL PLAQUE,15.9,2,1
84250M,"GREETING CARD, BLACKPOOL ROCK",15.899999999999999,28,13
22778,GLASS BELL JAR SMALL,15.8,4,1
35932,PINK CHRISTMAS TREE DECORATION,15.629999999999999,37,10
84509a,ENGLISH ROSE PLACEMATS,15.56,2,1
84912a,PINK ROSE WASHBAG,15.56,2,1
21560,TOADSTOOL LUNCHBOX WITH CUTLERY,15.44,4,4
21853,GUMBALL CUSTOM CARS TOP TRUMPS GAME,15.399999999999999,3,3
17107D,FLOWER FAIRY 5 SUMMER DRAW LINERS,15.3,6,1
37481,CUBIC MUG TEATIME CAKES,15.3,12,2
84509e,SET OF 4 CAROUSEL PLACEMATS,15.24,2,1
85124c,GREEN JUICY FRUIT PHOTO FRAME,15.18,3,2
17174,ASSTD RASTA KEY-CHAINS,15.120000000000001,36,7
m,MANUAL,15.049999999999999,5,4
84206A,3 BLACK CATS W HEARTS BLANK CARD,15.01,79,9
23212,PAINTED HEART WREATH WITH BELL,15.0,12,1
23449,SET OF 6 EASTER RAINBOW CHICKS,15.0,12,1
22954,HEN PARTY BANNER TAPE,15.0,12,1
22408,TIN CAN CONFECTIONERY DESIGN,15.0,12,1
90068,"RUBY GLASS NECKLACE 42""",15.0,2,2
23251,ENAMEL MUG PANTRY,15.0,12,1
21475,SWEETHEART CREAM STEEL FOLDIN CHAIR,14.95,1,1
23621,SET 10 CARDS DAVID'S MADONNA 17074,14.940000000000001,6,4
23281,FOLDING MIRROR RED,14.940000000000001,18,2
23282,FOLDING MIRROR IVORY,14.940000000000001,18,2
84509g,SET OF 4 FAIRY CAKE PLACEMATS,14.92,2,2
35650,VINTAGE BEAD PINK JEWEL STAND,14.850000000000001,3,3
84567,FROSTED GLASS WITH SILVER SURROUND,14.85,9,1
22139,11 PC CERAMIC TEA SET POLKADOT,14.85,3,1
SP1002,KID'S CHALKBOARD/EASEL,14.75,5,2
90011D,PURPLE CRYSTAL DROP EARRINGS,14.75,5,5
23634,SET 10 CARDS XMAS CHOIR 17068,14.55,5,5
81950V,FLOWER PURPLE CLOCK W/SUCKER,14.45,17,7
48195,DOORMAT GREEN PAISLEY,14.43,1,1
90077,BLACK DIAMOND CLUSTER EARRINGS,14.399999999999999,5,5
10124G,ARMY CAMO BOOKCOVER TAPE,14.28,33,10
71143,ANTIQUE SILVER BOOK MARK WITH BEADS,14.11,17,3
23540,"WALL ART , THE MAGIC FOREST",13.9,2,1
21852,EMPIRE TEDDY,13.9,2,2
84868A,PINK BABY GIRL'S MEMORY BOX,13.9,2,2
84406b,CREAM CUPID HEARTS COAT HANGER,13.82,2,2
16245A,PINK MINI STATIONERY SET W CASE,13.75,11,7
35936,CERISE+GOLD CHRISTMAS TREE DEC,13.68,36,9
84814B,RHOMBUS CRYSTAL PERFUME BOTTLE,13.65,7,3
35443,RASTA IN BATH W SPLIFF ASHTRAY,13.6,16,10
84867a,PINK BABY GIRLS PHOTO ALBUM,13.57,1,1
79342b,BROWN FLOWER LIGHTS,13.57,1,1
21525,BEWARE OF THE CAT DOORMAT,13.5,2,2
85039b,S/4 IVORY MINI ROSE CANDLE IN BOWL,13.44,4,1
62097B,BLUE STRIPES SHOULDER BAG,13.37,11,4
90014C,SILVER AND BLACK ORBIT NECKLACE,13.350000000000001,2,2
23639,SET 10 CARDS MAGICAL TREE 17086,13.32,4,4
23607,SET 10 CARDS HATS & STOCKINGS 17081,13.28,8,7
23271,CHRISTMAS TABLE CANDLE SILVER SPIKE,13.28,16,1
35004s,SET OF 3 SILVER FLYING DUCKS,13.0,1,1
85159b,"WHITE TEA,COFFEE,SUGAR JARS",13.0,1,1
16192,PINK BALLET OPENING CUBE BOX,12.9,3,1
84989b,75 BLACK FAIRY CAKE CASES,12.8,10,6
84247J,PACK/12 RUSSIAN DOLL CARDS,12.780000000000001,10,9
84648,NEW BAROQUE WALL MIRROR,12.75,1,1
20812,EMBOSSED FLOWER TRELLIS PHOTO FRAME,12.75,5,3
72752B,"F.FAIRY,CANDLE IN GLASS,LAVENDER",12.75,3,2
21772,VINTAGE METAL CAKE STAND CREAM,12.75,1,1
85083,KISS REINDEER SCANDINAVIAN STOCKING,12.75,5,2
44092B,BLUE WHITE PLASTIC RINGS LAMPSHADE,12.75,15,6
DCGS0037,KEY-RING CORKSCREW,12.72,1,1
85157,SET OF 2 CHESTS CHOCOLAT AU LAIT,12.72,1,1
35004p,SET OF 3 PINK FLYING DUCKS,12.72,1,1
DCGS0075,CAMOUFLAGUE DOG LEAD,12.72,1,1
35751C,PURPLE CURRENT CANDLE RING,12.61,31,2
72801e,S/4 FESTIVE GREEN DINNER CANDLES,12.549999999999999,5,3
23071,MARIE ANTOIENETT TRINKET BOX GOLD,12.5,1,1
35597A,DUSTY PINK CHRISTMAS TREE 30CM,12.5,10,4
51012L,"FEATHER DUSTER, LIGHT PINK",12.5,10,6
35918B,BLUE FLORIBUNDA EGG WARMER,12.5,10,5
23635,SET 10 CARDS CHRISTMAS HOLLY 17259,12.48,3,3
23654,SET 10 CARD SNOWMAN 16965,12.450000000000001,5,4
84596g,SMALL CHOCOLATES PINK BOWL,12.399999999999999,5,2
90000C,OPAL WHITE/SILVER FLOWER NECKLACE,12.32,2,2
79149B,SILICON STAR BULB BLUE,12.18,29,12
44242A,LILAC FEATHERS CURTAIN,11.98,14,2
22206,"MUG , DOTCOMGIFTSHOP.COM",11.82,14,10
85185E,DUCK SOCK PUPPET,11.8,4,2
85179a,GREEN BITTY LIGHT CHAIN,11.780000000000001,2,2
23608,SET 10 CARDS RUDOLPHS NOSE 17097,11.64,4,3
23605,SET 10 CARDS 12 DAYS OF XMAS 17059,11.64,4,1
85184c,SET 4 VALENTINE DECOUPAGE HEART BOX,11.58,2,2
90025B,BAROQUE BUTTERFLY EARRINGS RED,11.29,3,3
79070b,ENGLISH ROSE SQUARE CAKE TINS,11.26,1,1
84366,VENDETTA CANVAS PICTURE,11.25,3,3
23299,"FOOD COVER WITH BEADS , SET 2 SIZES",11.25,3,1
84743C,ORANGE FELT VASE + FLOWERS,11.25,9,5
16151A,FLOWER DES BLUE HANDBAG/ORANG HANDL,11.25,3,2
17011B,ORIGAMI JASMINE INCENSE+FLOWER,11.100000000000001,19,2
47590a,BLUE HAPPY BIRTHDAY BUNTING,11.02,1,1
72785B,S/4 CONTEMPORY RED ROSEBUD CANDLES,10.9,9,3
84732D,CUTE RABBIT CEATURE SCREEN,10.89,15,6
16169G,WRAP ROMANTIC DECOUPAGE,10.5,25,1
22959,"WRAPPING PAPER, XMAS VILLAGE",10.5,25,1
17084G,MOON INCENSE,10.5,50,2
16169A,WRAP CHRISTMAS DECOUPAGE,10.5,25,1
21496,WOODLAND CREATURES WRAP,10.5,25,1
85124b,BLUE JUICY FRUIT PHOTO FRAME,10.23,2,2
21857,STAR WARS TOP TRUMPS GAME,10.23,2,2
21858,HIGH SCHOOL MUSICAL 3 TOP TRUMPS,10.23,2,2
22196,HEART MEASURING SPOONS SMALL,10.2,12,1
20939,ORANGE CANDLE,10.2,12,1
22343,PARTY PIZZA DISH RED+WHITE SPOT,10.2,12,1
22346,PARTY PIZZA DISH GREEN+WHITE SPOT,10.2,12,1
85232d,SET/3 DECOUPAGE STACKING TINS,10.17,1,1
90214W,"LETTER ""W"" BLING KEY RING",10.17,19,8
84661c,PINK SQUARE TABLE CLOCK,10.12,2,2
84661a,WHITE SQUARE TABLE CLOCK,10.02,2,2
23615,SET 10 CARDS PRINTED GRAPHIC 17219,9.96,4,4
23624,SET 10 CARD PERFECT NATIVITY 17089,9.96,4,4
23650,SET 10 CARDS FILIGREE BAUBLE 16961,9.96,4,4
23619,SET 10 CARDS POINSETTIA 17093,9.96,4,2
84971s,SMALL HEART FLOWERS HOOK,9.959999999999999,6,3
22829,BROCANTE SHELF WITH HOOKS,9.95,1,1
85049b,LUSH GREENS RIBBONS,9.94,4,3
85231g,ORANGE SCENTED SET/9 T-LIGHTS,9.78,6,6
81953P,ROUND ARTICULATED PINK CLOCK W/SUCK,9.57,33,6
20822,SILVER WINE GOBLET,9.3,2,1
72708,SCULPTED ROUND IVORY CANDLE,9.24,44,5
23441,HAND PAINTED HANGING EASTER EGG,9.24,22,3
90184c,BLACK CHUNKY BEAD BRACELET W STRAP,9.15,1,1
62097A,PINK STRIPES SHOULDER BAG,8.850000000000001,3,3
20882,MODERN CHRISTMAS TREE CANDLE,8.850000000000001,3,2
35598C,WHITE CHRISTMAS TREE 60CM,8.850000000000001,3,3
18098B,BLUE PORCELAIN B'FLY OIL BURNER,8.850000000000001,3,3
71496B,A4 WALL TIDY RED FLOWERS,8.67,15,6
20739,*USB OFFICE GLITTER LAMP,8.65,1,1
21406,SPOTTY CAT DOORSTOP,8.65,1,1
90013E,AMBER VINTAGE EARRINGS,8.57,2,2
84572,6 HOOK JEWEL STAND LILAC DRESS,8.49,1,1
90126B,BLUE BERTIE MOBILE PHONE CHARM,8.48,3,3
72803b,OCEAN SCENT CANDLE JEWELLED DRAWER,8.47,1,1
84030b,KNITTED POM POM HOT WATER BOTTLE,8.46,1,1
84534b,FAIRY CAKE NOTEBOOK A5 SIZE,8.3,5,4
23612,SET 10 MINICARDS CUTE SNOWMAN 17071,8.299999999999999,5,2
85034b,3 WHITE CHOC MORRIS BOXED CANDLES,8.29,1,1
72802c,VANILLA SCENT CANDLE JEWELLED BOX,8.29,1,1
47591C,BLUE FAIRY CAKE CHILDRENS APRON,7.8,4,4
84029c,BROWN FURRY HOT WATER BOTTLE,7.78,1,1
84509c,DOTTY PLACEMATS,7.78,1,1
84997d,PINK 3 PIECE MINI DOTS CUTLERY SET,7.62,1,1
44091A,BLUE CRUSOE CHECK LAMPSHADE,7.56,18,6
46037A,PINK CANVAS DES CUSHION COVER,7.5,6,2
82011E,"BATHROOM SCALES, FAG BREAK",7.5,2,2
90025A,BAROQUE BUTTERFLY EARRINGS BLACK,7.5,2,2
20942,SET/6 GINGERBREAD TREE T-LIGHTS,7.5,6,4
82613a,"METAL SIGN,CUPCAKE SINGLE HOOK",7.4799999999999995,3,3
23633,SET 10 CARDS WORLD CHILDREN 17067,7.470000000000001,3,3
84201B,HAPPY BIRTHDAY CARD STRIPEY TEDDY,7.41,39,8
90111,BLUE HIBISCUS HAIR CLIP,7.35,7,6
35001P,HAND OPEN SHAPE PINK,6.98,2,2
85230D,VANILLA SCENTED VOTIVE CANDLE,6.959999999999999,24,1
85230C,ROSE SCENTED VOTIVE CANDLE,6.959999999999999,24,1
84705b,FAIRY CAKES PHOTO FRAME,6.86,2,2
37484,ENGLISH ROSE TEA FOR ONE GIFT BOX,6.75,1,1
22843,"BISCUIT TIN, MINT,IVORY, VINTAGE",6.75,1,1
48173A,DOOR MAT BLUE FLOCK,6.75,1,1
23604,SET 10 MINI SANTA & SNOWMAN 17087,6.64,4,2
20858,SILVER PURSE GOLD PINK BUTTERFLY,6.6,4,1
20678,LARGE BLACK DIAMANTE HAIRSLIDE,6.6,4,1
85231b,CINAMMON SET OF 9 T-LIGHTS,6.58,4,4
84536b,FAIRY CAKES NOTEBOOK A7 SIZE,6.48,8,4
47592B,SCOTTIE DOGS CHILDRENS OVERALL,6.300000000000001,3,1
20884,MODERN CHRISTMAS TREE CANDLE,6.300000000000001,3,3
79140,ASS WINDPROOF MARIJUANA LIGHTERS,6.3,15,2
37408,ASSORTED DESIGN GEISHA GIRL MUGS,6.25,5,1
82072,WHITE WOOD SINGLE P/FRAME,6.25,5,3
20673,STRAWBERRIES PRINT BOWL,6.25,5,2
23610,SET 10 CARDS CHRISTMAS ROBIN 17095,6.24,3,3
85123b,ZINC HANGING HEART T-LITE HLDR,6.04,1,1
79051a,SMOKEY GREY COLOUR D.O.F. GLASS,6.04,1,1
72751A,"F.FAIRY S/3 SML CANDLE,LILY/VALLEY",5.95,1,1
72751B,"F.FAIRY S/3 SML CANDLE, LAVENDER",5.95,1,1
72751C,"F.FAIRY S/3 SML CANDLE, ROSE",5.95,1,1
85077,KISSING REINDEER TABLE RUNNER,5.95,1,1
37409,ASSORTED DESIGN FLOWER MUGS,5.949999999999999,7,3
85184d,S/4 BLUE ROUND DECOUPAGE BOXES,5.91,1,1
79303A,WHITE ROHMBIC BLOCK TABLE LAMP,5.9,2,1
22360,"GLASS JAR, ENGLISH CONFECTIONERY",5.9,2,1
18098A,PINK PORCELAIN B'FLY OIL BURNER,5.9,2,2
35821P,"JEWELLED DECORATION,PINK",5.9,2,2
35823P,"ACRYLIC BEAD GARLAND,PINK",5.9,2,2
90014B,GOLD M.O.P. ORBIT NECKLACE,5.9,2,2
85186B,BUNNY BUNCH OF FLOWERS,5.88,14,2
35051B,PINK BEADED CONE CHRISTMAS,5.88,14,2
84228,HEN HOUSE WITH CHICK STANDING,5.88,14,3
23638,SET 10 CARDS ROBIN WATERPUMP 17096,5.82,2,2
23652,SET 10 CARD CHRISTMAS STAMPS 16963,5.82,2,1
23617,SET 10 CARDS SWIRLY XMAS TREE 17104,5.82,2,1
23630,SET 10 CARDS HANGING BAUBLES 17080,5.48,2,2
35537,CANDLE RING W/CLEAR BEADS,5.46,13,3
21838,DADDY MOUSE RED GINGHAM BOW TIE,5.45,1,1
35751D,PINK CURRENT CANDLE RING,5.32,28,1
16215,FUNKY GIRLZ MAGNETIC TO DO LIST,5.2,8,3
21854,EURO FOOTBALL STARS TOP TRUMPS GAME,5.17,1,1
21860,DR WHO TOP TRUMPS GAME,5.17,1,1
71101A,ANGEL ON KNEES METAL POLE 100CM H,5.1,6,1
71434B,"BLACK RND BULLET""KEEP CLEAN"" BIN",5.1,2,2
90142C,ROSE PINK PENDANT SHELL NECKLACE,5.09,1,1
90142B,IVORY PENDANT SHELL NECKLACE,5.09,1,1
84942,KASHMIR FOLKART HEART DISHES,5.07,3,3
DCGS0041,HAYNES MINI-COOPER PLAYING CARDS,5.06,1,1
72740B,LARGE WHITE CHOCOLATE CANDLE,5.06,1,1
84951b,SET OF 4 BLACK LOVEBIRD COASTERS,5.06,1,1
20877,MODERN CHRISTMAS BAUBLE CANDLE,5.04,12,5
72801e,4 FESTIVE GREEN DINNER CANDLES,5.02,2,1
72801g,S/4 BURGUNDY WINE DINNER CANDLES,5.02,2,2
84596j,MIXED NUTS LIGHT GREEN BOWL,5.02,2,2
23649,SET 10 CARDS DECK THE HALLS 16960,4.98,2,2
47593b,SCOTTIE DOGS BABY BIB,4.9799999999999995,6,1
84661b,BLACK SQUARE TABLE CLOCK,4.96,1,1
37451,CERAMIC CAKE TEAPOT WITH CHERRY,4.95,1,1
85232C,RUSSIAN FOLKART STACKING TINS,4.95,1,1
85043,RED HEART CANDY POP LIGHTS,4.95,1,1
85049d,BRIGHT BLUES RIBBONS,4.92,2,2
84971l,LARGE HEART FLOWERS HOOK,4.92,2,1
90214U,"LETTER ""U"" BLING KEY RING",4.7299999999999995,13,2
45014,FOLDING SHIRT TIDY,4.65,1,1
79151B,"SILICON CUBE 25W, BLUE",4.62,11,2
37326,FAIRY DESIGN MUGS,4.609999999999999,2,2
35817P,PINK ACRYLIC JEWEL SNOWFLAKE,4.5600000000000005,12,1
81950V,FLOWER PURPLE CLOCK WITH SUCKER,4.35,15,3
72529w,WHITE ADVENT CANDLE,4.3,1,1
79157B,UBO-LIGHT TRIOBASE BLUE,4.25,5,3
79157V,UBO-LIGHT TRIOBASE PURPLE,4.25,5,3
21409,SPOTTY COCKEREL DOORSTOP,4.25,1,1
72752A,"F.FAIRY,CANDLE IN GLASS,LILY/VALLEY",4.25,1,1
47594a,CAROUSEL DESIGN WASHBAG,4.21,1,1
84255A,PINK GLASS COCKTAIL LAMP,4.2,2,2
23391,I LOVE LONDON MINI RUCKSACK,4.15,1,1
46776e,WOVEN CANDY CUSHION COVER,4.13,1,1
46776b,WOVEN BERRIES CUSHION COVER,4.13,1,1
37432,MUG PINK AND PURPLE ARABIC DESIGN,3.9,6,1
72084B,CHOCOLATE ICE CREAM CANDLE,3.9,2,1
16010,FOLDING CAMPING SCISSOR W/KNIF & S,3.84,32,4
35995,SET/6 BLACK GLITTER REINDEER CANDLE,3.7800000000000002,5,5
37438,FUNKY FLOWER COFFEE POT,3.75,1,1
35974,S/6 CHRISTMAS TREE PLACE SETTING,3.75,1,1
90004A,JADE GREEN PAIR ENAMEL HAIR SLIDES,3.75,1,1
40046C,PINK BUTTERFLY PAPER LAMPSHADE,3.75,3,3
84731,3 BIRDS CANVAS SCREEN,3.69,3,3
35818C,"ACRYLIC JEWEL ICICLE, CLEAR",3.43,1,1
21081,SET/20 POSIES PAPER NAPKINS,3.4,4,4
84559d,3D SHEET OF SEA WORLD STICKERS,3.38,2,1
23643,SET 10 CARDS CHRISTMAS BAUBLE 16954,3.33,1,1
20683,RAIN GIRL CHILDS UMBRELLA,3.25,1,1
84985b,SET OF 72 BLACK PAPER DOILIES,2.98,1,1
79301,FEATHER HEART LIGHTS,2.95,1,1
20885,BOX OF 3 PEBBLE CANDLES,2.95,1,1
23628,SET 10 CARDS TRIANGLE ICONS 17220,2.91,1,1
23609,SET 10 CARDS SNOWY ROBIN 17099,2.91,1,1
23602,SET 10 CARDS 3 WISE MEN 17107,2.91,1,1
90183c,BLACK DROP EARRINGS W LONG BEADS,2.9,1,1
DCGS0044,HANDZ-OFF CAR FRESHENER,2.57,1,1
90091,CRYSTAL DRAGONFLY PHONE CHARM,2.55,3,2
85171,S/2 HYACINTH BULB CANDLES,2.55,1,1
47569,ENGLISH ROSE DESIGN SHOPPING BAG,2.55,1,1
35999,S/6 SCANDINAVIAN HEART T-LIGHT,2.55,1,1
81953B,ROUND ARTICULATED BLUE CLOCK W/SUCK,2.55,3,3
20881,MODERN CHRISTMAS TREE CANDLE,2.55,3,2
21036,SET/2 TEA TOWELS MODERN VINTAGE,2.55,1,1
47556,SET/2 SPOTTY + ROSE TEA TOWELS,2.55,1,1
47554,S/3 COLOURS FLOCK TEA TOWELS,2.55,1,1
17028J,INCENSE BAZAAR PEACH,2.52,6,1
DCGS0062,ROAD-RAGE CAR FRESHENER,2.51,1,1
21008,ETCHED GLASS HEART TREE DECORATION,2.51,1,1
47593a,CAROUSEL DESIGN BABY BIB,2.51,1,1
21290,LARGE SPOTTY CHOCOLATE GIFT BAG,2.5,2,1
21225,POCKET MIRROR BUTTERFLY,2.5,2,2
90127B,BLUE BEADS+HAND PHONE CHARM,2.5,2,2
85049c,ROMANTIC PINKS RIBBONS,2.46,1,1
84596l,BISCUITS SMALL BOWL LIGHT BLUE,2.46,1,1
84510b,SET OF 4 FAIRY CAKES COASTERS,2.15,1,1
81953B,ROUND BLUE CLOCK WITH SUCKER,2.09,11,3
17061,ASSORTED SHAPED STENCIL FOR HENNA,2.08,52,1
85192S,HANGING SPRING FLOWER HEART SMALL,1.9500000000000002,3,2
22631,CIRCUS PARADE LUNCHBOX,1.95,1,1
84814A,HEXAGONAL CRYSTAL PERFUME BOTTLE,1.95,1,1
46138D,GREEN CHENILLE SHAGGY C/COVER,1.95,1,1
35945,GOLD CHRISTMAS STOCKING DECORATION,1.95,1,1
22659,LUNCHBOX I LOVE LONDON,1.95,1,1
84206C,CHAMPAGNE TRAY BLANK CARD,1.9,10,4
84201C,HAPPY BIRTHDAY CARD TEDDY/CAKE,1.9,10,3
20737,RED MINI TAPE MEASURE,1.7,1,1
35837,SET OF SIX SILVER+RED FLOCK BAUBLES,1.7,2,1
30086C,ASSORTED FRUIT STRAWS,1.7,1,1
72754D,F FAIRY POTPOURRI CUSHIONS SUMMER,1.69,1,1
10109,BENDY COLOUR PENCILS,1.68,4,1
85231e,STRAWBERRY SCENTED SET/9 T-LIGHTS,1.66,1,1
21585,SWALLOW SMALL TUBE MATCHES,1.65,1,1
23664,FLOWER SHOP DESIGN MUG,1.65,1,1
85024A,CRYSTAL SMALL JEWELLED PHOTOFRAME,1.65,1,1
72796C,S/3 ROSE GARDEN SCENT SQU CANDLE,1.65,1,1
35980B,RED TOP SCANDINAVIAN HEART,1.52,4,2
35976B,WHITE SCANDINAVIAN HEART CHRISTMAS,1.25,1,1
84845A,HOLLYHOCK SQUARE HANDY TIN,1.25,1,1
35950,FOLKART HEART CHRISTMAS DECORATIONS,1.25,1,1
23370,SET 36 COLOURING PENCILS DOILEY,1.25,1,1
TEST002,THIS IS A TEST PRODUCT.,1.0,1,1
84206B,CAT WITH SUNGLASSES BLANK CARD,0.95,5,1
20721,OWLS CHARLOTTE BAG,0.85,1,1
51014c,"FEATHER PEN,COAL BLACK",0.83,1,1
84206B,CAT W SUNGLASSES BLANK CARD,0.76,4,1
23366,SET 12 COLOURING PENCILS DOILEY,0.65,1,1
84205C,HAPPY BIRTHDAY GINGER CAT CARD,0.38,2,1
35930,PINK HEART CHRISTMAS DECORATION,0.38,1,1
PADS,PADS TO MATCH ALL CUSHIONS,0.017,18,18
21098,HAD BEEN PUT ASIDE,0.0,108,1
21082,FOUND,0.0,3,1
84050,CHECK,0.0,14,1
21051,FOUND,0.0,240,1
21770,DEBENHAMS,0.0,70,1
21018,CHECKED,0.0,176,1
21621,RCVD BE AIR TEMP FIX FOR DOTCOM SIT,0.0,100,1
20984,FOUND,0.0,120,1
21133,CHECKED,0.0,26,1
20967,AMAZON ADJUSTMENT,0.0,1,1
72802A,HAD BEEN PUT ASIDE.,0.0,54,1
21736,ADJUSTMENT,0.0,34,1
21794,ADJUSTMENT,0.0,10,1
84279P,FOUND,0.0,84,1
84507C,ADJUSTMENT,0.0,4,1
21700,CHECK,0.0,26,1
21174,FOUND,0.0,71,1
21147,FOUND,0.0,72,1
82583,AMAZON,0.0,64,2
21578,FOUND,0.0,16,1
21539,CHECK,0.0,4,1
72803A,?,0.0,117,1
21523,AMENDMENT,0.0,25,1
72807A,AMAZON,0.0,1,1
21479,?,0.0,752,1
72817,DOTCOMSTOCK,0.0,4,1
21644,CHECK,0.0,27,1
82583,FBA,0.0,160,1
21181,ADJUSTMENT,0.0,190,2
21349,CHECK,0.0,1,1
21319,ADJUSTMENT,0.0,3,1
21314,?,0.0,1146,1
82600,CHECK,0.0,3,1
82613A,AMAZON,0.0,1,1
21644,FOUND,0.0,144,1
21181,ON CARGO ORDER,0.0,192,1
21181,DOTCOM,0.0,20,1
21192,WRONGLY MARKED,0.0,48,1
84875D,FOUND,0.0,5,1
84531A,RETURNED,0.0,2,1
85107,CHECK?,0.0,374,1
17091A,FOUND,0.0,84,1
85019B,CHECK,0.0,15,1
85034A,CHECK,0.0,24,1
17012F,CHECK,0.0,14,1
85049B,AMAZON,0.0,1,1
85054,FOUND,0.0,27,1
DCGSSBOY,UPDATE,0.0,100,1
85231G,AMAZON,0.0,1,1
DCGSSGIRL,UPDATE,0.0,100,1
16207A,CHECK,0.0,2,1
85123A,?,0.0,4000,1
17109B,FOUND,0.0,72,1
85127,FOUND,0.0,6,1
85135B,CHECK,0.0,3,1
16168M,FOUND,0.0,44,1
16162M,ALAN HODGE CANT MAMAGE THIS SECTION,0.0,30,1
16151A,FOUND,0.0,50,1
gift_0001_20,TO PUSH ORDER THROUGHA S STOCK WAS,0.0,10,1
85135B,FOUND,0.0,53,1
85135C,FOUND,0.0,36,1
85185B,FOUND IN W/HSE,0.0,50,1
10080,CHECK,0.0,22,1
85017C,FOUND,0.0,13,1
85017C,ADJUSTMENT,0.0,1,1
84531B,RETURNED,0.0,2,1
20713,MARKED AS 23343,0.0,400,1
84659A,CHECK,0.0,19,1
20832,CHECK,0.0,110,1
20799,DAMAGED,0.0,1,1
20754,FOUND,0.0,57,1
20748,FOUND,0.0,40,1
21804,DOTCOM,0.0,4,1
84876B,FOUND,0.0,66,1
20713,WRONGLY MARKED 23343,0.0,200,1
84877D,FOUND,0.0,1,1
20713,WRONGLY CODED 23343,0.0,1000,1
20713,FOUND,0.0,200,2
84988,?,0.0,3000,1
84924D,EUROBARGAIN INVC/CREDIT,0.0,372,1
84929,FOUND,0.0,600,1
84944,?SOLD INDIVIDUALLY?,0.0,486,1
20665,DOTCOM,0.0,21,1
84944,FOUND,0.0,37,1
84944,MICHEL OOPS,0.0,22,1
17136A,CHECK,0.0,3,1
17129C,WRONG INVC,0.0,70,1
17109D,ADJUSTMENT,0.0,14,1
84966C,SOLD AS A/B,0.0,16,1
21804,CHECK,0.0,80,2
51020A,ADJUSTMENT,0.0,41,1
21811,CHECK,0.0,26,1
23084,AMAZON,0.0,1,1
23084,ADD STOCK TO ALLOCATE ONLINE ORDERS,0.0,2,1
35980C,CHECKED,0.0,170,1
23001,TRAVEL CARD WALLET DOTCOMGIFTSHOP,0.0,200,1
22963,MAILOUT,0.0,100,1
22962,MAILOUT,0.0,100,1
22961,MAILOUT,0.0,100,1
22960,MAILOUT ADDITION,0.0,100,1
37327,ADJUSTMENT,0.0,3,1
37479B,TK MAXX MIX UP WITH PINK,0.0,180,1
22927,AMAZON,0.0,1,1
22925,CHECK,0.0,1,1
22925,AMAZON,0.0,1,1
22902,DOTCOM EMAIL,0.0,200,1
22864,FOUND,0.0,384,1
22848,CHECK,0.0,2,1
22848,AMAZON,0.0,1,1
46000U,CHECK,0.0,10,1
22837,FOUND,0.0,26,1
22823,TEST,0.0,22,1
22812,CHECK,0.0,48,1
22759,FOUND,0.0,96,1
22759,CHECK,0.0,17,1
22740,ADJUSTMENT,0.0,89,1
23084,ALLOCATE STOCK FOR DOTCOM ORDERS TA,0.0,4,1
23084,FOR ONLINE RETAIL ORDERS,0.0,1,1
21823,AMAZON ADJUST,0.0,10,1
23084,WEBSITE FIXED,0.0,110,1
35598C,FOUND,0.0,3,1
35600A,FOUND BY JACKIE,0.0,1,1
23595,ADJUSTMENT,0.0,5,1
23579,SALE ERROR,0.0,4,1
35819B,CHECK,0.0,18,1
23404,CHECK,0.0,41,1
23348,CHECK,0.0,5,1
23343,WRONGLY CODED 20713,0.0,800,1
23343,CAME CODED AS 20713,0.0,3100,1
35954,CHECK,0.0,24,1
35965,DOTCOM,0.0,26,1
35965,FOUND,0.0,6,1
35968,CHECK,0.0,9,1
35968,FOUND,0.0,63,1
23268,LIGHTHOUSE TRADING ZERO INVC INCORR,0.0,192,1
23209,MAILOUT,0.0,100,1
23203,MAILOUT,0.0,100,1
23202,MAILOUT,0.0,100,1
23200,MAILOUT,0.0,100,1
23135,?,0.0,101,1
23131,HAD BEEN PUT ASIDE,0.0,48,1
23118,DOTCOM ADJUST,0.0,10,1
23091,CHECK,0.0,2,1
22734,FOUND,0.0,8,1
22734,AMENDMENT,0.0,20,1
22734,AMAZON SALES,0.0,20,1
22734,AMAZON ADJUSTMENT,0.0,16,1
22171,?,0.0,142,1
22149,CHECK,0.0,34,1
48173C,DAMAGED,0.0,13,1
22142,CHECK,0.0,14,1
22139,AMAZON,0.0,15,1
48188,?,0.0,106,1
48189,ADJUSTMENT,0.0,2,1
22121,HAD BEEN PUT ASIDE,0.0,32,1
22117,CHECK,0.0,184,1
22087,AMAZON,0.0,6,1
22077,FOUND,0.0,24,1
22037,FOUND AGAIN,0.0,50,1
22035,TAIG ADJUST,0.0,37,2
21992,CHECK,0.0,13,1
21937,FOUND,0.0,50,1
21915,JOHN LEWIS,0.0,200,1
21900,?,0.0,1520,1
21888,AMAZON,0.0,1,1
21868,AMAZON,0.0,1,1
49031B,CHROME EURO HOOK 20CM,0.0,400,1
72127,FOUND BOX,0.0,24,1
21830,DAMAGED,0.0,192,1
21829,ADJUSTMENT,0.0,12,1
22176,AMAZON,0.0,1,1
47593A,FOUND,0.0,13,1
47566B,INCORRECTLY CREDITED C550456 SEE 47,0.0,1300,1
22501,FOUND,0.0,24,1
22734,AMAZON,0.0,80,3
22689,HAD BEEN PUT ASIDE,0.0,40,1
22687,HAD BEEN PUT ASIDE,0.0,20,1
22687,AMAZON ADJUSTMENT,0.0,2,1
22687,ADJUSTMENT,0.0,1,1
22606,CHECK,0.0,9,2
22548,ADJUSTMENT,0.0,4,1
22533,CHECK,0.0,60,1
22502,MAILOUT,0.0,100,1
22501,MAILOUT,0.0,100,1
22467,WRONGLY SOLD (22719) BARCODE,0.0,170,1
22236,RUST FIXED,0.0,850,1
22467,22719,0.0,2,1
47503A,CHECK,0.0,121,2
22363,TEMP,0.0,100,1
22361,TEMP,0.0,100,1
22360,TEMP,0.0,100,1
47503H,FOUND,0.0,66,1
22359,TEMP,0.0,100,1
22355,TEST,0.0,1,1
47556B,DID A CREDIT AND DID NOT TICK RET,0.0,1300,1
47566B,CORRECT PREVIOUS ADJUSTMENT,0.0,144,1
23157,CHECK,0.0,212,1
