StockCode,DescriptionClean,Revenue,UnitsSold,Orders,Customers,AvgUnitPrice,RevenueRank,VolumeRank,RankDifference,RevenuePerUnit,CumulativeRevenue,CumulativeRevenuePct,ProductPct
M,MANUAL,339599.81,9637,791,443,391.06160421545667,1.0,244.0,243.0,35.23916260246965,339599.81,1.6584747752070705,0.017274140611504576
22423,REGENCY CAKESTAND 3 TIER,330590.32,26495,3920,1314,14.176062215477998,2.0,43.0,41.0,12.477460652953388,670190.13,3.272950668605343,0.03454828122300915
DOT,DOTCOM POSTAGE,309854.11,1420,1420,1,218.20711971830985,3.0,1691.0,1688.0,218.20711971830985,980044.24,4.786158892806754,0.05182242183451373
85123A,WHITE HANGING HEART T-LIGHT HOLDER,257546.2,94147,5361,1490,3.0726293807880882,4.0,2.0,-2.0,2.735575217479049,1237590.44,6.043915415551673,0.0690965624460183
23843,"PAPER CRAFT , LITTLE BIRDIE",168469.6,80995,1,1,2.08,5.0,3.0,-2.0,2.08,1406060.04,6.86665610551032,0.08637070305752288
47566,PARTY BUNTING,148318.28,28217,2676,894,5.7139527151828595,6.0,35.0,29.0,5.25634475670695,1554378.32,7.59098550393401,0.10364484366902746
85099B,JUMBO BAG RED RETROSPOT,145961.83,77286,3249,860,2.36281677301732,7.0,6.0,-1.0,1.8885934063090337,1700340.1500000001,8.303806907450292,0.12091898428053204
84879,ASSORTED COLOUR BIRD ORNAMENT,129324.49,80090,2808,1010,1.8583818883818883,8.0,4.0,-4.0,1.6147395430141092,1829664.6400000001,8.935377945377313,0.1381931248920366
POST,POSTAGE,125682.42,5363,1851,405,29.466515397082656,9.0,501.0,492.0,23.435096028342347,1955347.06,9.549162515094771,0.1554672655035412
22086,PAPER CHAIN KIT 50'S CHRISTMAS,117760.29000000001,35084,2018,896,3.3699274661508705,10.0,24.0,14.0,3.3565240565499948,2073107.35,10.124258450767023,0.17274140611504576
23166,MEDIUM CERAMIC TOP STORAGE JAR,81700.92000000001,78033,247,138,1.46848,11.0,5.0,-6.0,1.047004728768598,2154808.27,10.523254301003838,0.19001554672655036
79321,CHILLI LIGHTS,80540.88,15848,1140,304,6.257759372275502,12.0,111.0,99.0,5.082084805653711,2235349.15,10.916584962328352,0.20728968733805492
84347,ROTATING SILVER ANGELS T-LIGHT HLDR,71300.4,31409,756,300,3.3425352112676054,13.0,27.0,14.0,2.2700627208761817,2306649.55,11.264788675581826,0.2245638279495595
85099F,JUMBO BAG STRAWBERRY,67985.77,36863,1833,549,2.2905882352941176,14.0,20.0,6.0,1.8442820714537613,2374635.32,11.596805011568675,0.24183796856106407
23084,RABBIT NIGHT LIGHT,66870.03,30739,994,450,2.386401179941003,15.0,29.0,14.0,2.1754133185855102,2441505.3499999996,11.923372502794125,0.25911210917256866
21137,BLACK RECORD COVER FRAME,65189.29,18739,634,198,4.146305031446541,16.0,80.0,64.0,3.4788030311115854,2506694.6399999997,12.241731906701501,0.2763862497840732
21931,JUMBO STORAGE BAG SUKI,61537.55,29183,2330,546,2.532299192520187,17.0,33.0,16.0,2.108677997464277,2568232.1899999995,12.542257617840868,0.29366039039557784
21621,VINTAGE UNION JACK BUNTING,60286.04,6900,1292,583,9.307857689364958,18.0,363.0,345.0,8.737107246376812,2628518.2299999995,12.836671435790661,0.3109345310070824
22114,HOT WATER BOTTLE TEA AND SYMPATHY,59189.14,11678,1583,626,4.771301627033792,19.0,185.0,166.0,5.068431238225724,2687707.3699999996,13.125728416288382,0.32820867161858697
85099C,JUMBO BAG BAROQUE BLACK WHITE,59057.61,30640,1868,506,2.408958223162348,20.0,30.0,10.0,1.927467689295039,2746764.9799999995,13.414143054886141,0.34548281223009153
22910,PAPER CHAIN KIT VINTAGE CHRISTMAS,58652.700000000004,18634,1427,701,3.300415224913495,21.0,81.0,60.0,3.1476172587742837,2805417.6799999997,13.700580268875711,0.36275695284159615
22112,CHOCOLATE HOT WATER BOTTLE,57981.94,11066,1721,631,5.846643757159221,22.0,201.0,179.0,5.23964756913067,2863399.6199999996,13.983741749170914,0.3800310934531007
15056N,EDWARDIAN PARASOL NATURAL,57975.450000000004,11286,1033,347,6.818394230769231,23.0,198.0,175.0,5.1369351408825095,2921375.07,14.266871534803832,0.3973052340646053
22411,JUMBO SHOPPER VINTAGE RED PAISLEY,57318.71,27282,2193,658,2.4498823529411764,24.0,40.0,16.0,2.100971702954329,2978693.78,14.546794055026705,0.41457937467610984
82484,WOOD BLACK BOARD ANT WHITE FINISH,56745.73,9831,1176,451,7.810832625318607,25.0,235.0,210.0,5.772121859424271,3035439.51,14.823918361444047,0.4318535152876144
22470,HEART OF WICKER LARGE,53506.130000000005,17781,1957,827,3.2045072536268138,26.0,87.0,61.0,3.0091743996400653,3088945.6399999997,15.085221708239057,0.449127655899119
22178,VICTORIAN GLASS HANGING T-LIGHT,52382.82,40081,1816,593,1.5693047256925585,27.0,17.0,-10.0,1.3069239789426412,3141328.4599999995,15.341039241306028,0.4664017965106236
21733,RED HANGING HEART T-LIGHT HOLDER,50346.490000000005,17575,1760,744,3.09675404350251,28.0,91.0,63.0,2.8646651493598867,3191674.9499999997,15.586912122345673,0.48367593712212814
21181,PLEASE ONE PERSON METAL SIGN,50117.14000000001,24732,1810,598,2.366498905908096,29.0,52.0,23.0,2.0264087012776972,3241792.09,15.83166494625191,0.5009500777336328
22386,JUMBO BAG PINK POLKADOT,50081.96,25235,1443,432,2.5595130315500687,30.0,50.0,20.0,1.9846229443233603,3291874.05,16.07624596457736,0.5182242183451373
22111,SCOTTIE DOG HOT WATER BOTTLE,49771.94,9776,1689,717,5.734759698899826,31.0,236.0,205.0,5.091237725040917,3341645.9899999998,16.319312964535694,0.5354983589566419
21929,JUMBO BAG PINK VINTAGE PAISLEY,49651.99,25608,1619,504,2.5029736358062538,32.0,47.0,15.0,1.9389249453295845,3391297.98,16.561794174857436,0.5527724995681464
22189,CREAM HEART CARD HOLDER,49300.94,16186,1299,536,4.4335582822085895,33.0,107.0,74.0,3.0459001606326455,3440598.92,16.80256099208268,0.570046640179651
22469,HEART OF WICKER SMALL,48935.11,27949,2155,886,1.9172,34.0,37.0,3.0,1.7508715875344378,3489534.03,17.041541236379583,0.5873207807911557
21843,RED RETROSPOT CAKE STAND,48564.29,4637,1188,502,12.246470588235294,35.0,598.0,563.0,10.473213284451154,3538098.32,17.278710538508584,0.6045949214026602
21731,RED TOADSTOOL LED NIGHT LIGHT,48315.84,28910,1537,415,2.237496782496782,36.0,34.0,-2.0,1.671250086475268,3586414.1599999997,17.51466650645492,0.6218690620141648
22457,NATURAL SLATE HEART CHALKBOARD,47288.23,15373,2046,874,3.5118406993686255,37.0,121.0,84.0,3.0760573733168544,3633702.3899999997,17.745604022642546,0.6391432026256694
15056BL,EDWARDIAN PARASOL BLACK,47267.450000000004,9504,857,321,6.25234752589183,38.0,247.0,209.0,4.973426978114478,3680969.84,17.976440057307467,0.6564173432371739
21232,STRAWBERRY CERAMIC TRINKET BOX,47169.35,36629,2310,683,1.5192987675308116,39.0,22.0,-17.0,1.2877596985994704,3728139.19,18.20679700932671,0.6736914838486785
21754,HOME BUILDING BLOCK WORD,46516.99,7595,2066,682,6.587843794920939,40.0,329.0,289.0,6.124685977616853,3774656.18,18.433968086170246,0.6909656244601831
22138,BAKING SET 9 PIECE RETROSPOT,45882.01,9366,1914,1137,5.3669730010384225,41.0,252.0,211.0,4.898783899209908,3820538.19,18.658038165069286,0.7082397650716877
20727,LUNCH BAG BLACK SKULL.,45655.27,26678,2351,705,2.023109908409659,42.0,42.0,0.0,1.7113453032461203,3866193.46,18.881000933070442,0.7255139056831923
21623,VINTAGE UNION JACK MEMOBOARD,45402.18,6165,530,311,10.215838041431262,43.0,422.0,379.0,7.364506082725061,3911595.64,19.102727706914667,0.7427880462946969
22326,ROUND SNACK BOXES SET OF4 WOODLAND,44063.04,15382,1390,439,3.4255777460770327,44.0,120.0,76.0,2.8645845793784943,3955658.68,19.3179146363742,0.7600621869062014
84078A,SET/4 WHITE RETRO STORAGE CUBES,43844.96,1128,328,151,45.85689024390244,45.0,1930.0,1885.0,38.86964539007092,3999503.64,19.532036547043003,0.777336327517706
82494L,WOODEN FRAME ANTIQUE WHITE,43811.16,15301,1973,631,3.2012643678160924,46.0,122.0,76.0,2.863287366838769,4043314.8000000003,19.745993391519924,0.7946104681292105
84029E,RED WOOLLY HOTTIE WHITE HEART.,42994.24,10628,1145,500,4.464668959587274,47.0,211.0,164.0,4.045374482499059,4086309.0400000005,19.955960713112944,0.8118846087407152
22197,SMALL POPCORN HOLDER,42699.89,48597,1412,426,1.0360921144452198,48.0,10.0,-38.0,0.8786527974977879,4129008.9300000006,20.164490542588165,0.8291587493522197
21915,RED HARMONICA IN BOX,42664.54,36289,1025,467,1.399408341416101,49.0,23.0,-26.0,1.1756879495163823,4171673.4700000007,20.372847736268024,0.8464328899637243
21175,GIN + TONIC DIET METAL SIGN,42613.98,20178,1609,543,2.5423874151758175,50.0,71.0,21.0,2.1119030627416,4214287.450000001,20.580958014366175,0.8637070305752288
22383,LUNCH BAG SUKI DESIGN,42592.72,24649,2364,657,2.0805162364696086,51.0,53.0,2.0,1.7279694916629478,4256880.170000001,20.78896446680635,0.8809811711867335
23298,SPOTTY BUNTING,42513.48,8491,1141,571,5.514403114186851,52.0,283.0,231.0,5.006887292427276,4299393.650000001,20.996583941582468,0.898255311798238
20728,LUNCH BAG CARS BLUE,42270.3,24596,2067,702,1.9748732663797226,53.0,54.0,1.0,1.7185843226540902,4341663.950000001,21.203015818827737,0.9155294524097426
48138,DOORMAT UNION FLAG,42239.5,6303,992,467,8.469145728643216,54.0,406.0,352.0,6.701491353323814,4383903.450000001,21.40929728072655,0.9328035930212472
82482,WOODEN PICTURE FRAME WHITE FINISH,41837.6,16914,2006,601,2.924807502467917,55.0,100.0,45.0,2.473548539671278,4425741.050000001,21.61361601769876,0.9500777336327518
22355,CHARLOTTE BAG SUKI DESIGN,41580.97,27557,1406,344,1.1740366972477063,56.0,39.0,-17.0,1.5089077185470117,4467322.0200000005,21.816681472516418,0.9673518742442563
71477,COLOUR GLASS. STAR T-LIGHT HOLDER,41099.79,14077,757,298,3.686446173800259,57.0,135.0,78.0,2.9196412587909357,4508421.8100000005,22.017397029398822,0.984626014855761
20725,LUNCH BAG RED RETROSPOT,41043.02,22232,1837,605,2.115301399354144,58.0,59.0,1.0,1.84612360561353,4549464.83,22.217835343449465,1.0019001554672655
20713,JUMBO BAG OWLS,40667.05,20814,1314,371,2.5839698113207543,59.0,66.0,7.0,1.9538315556836745,4590131.88,22.416437564714204,1.0191742960787702
22502,PICNIC BASKET WICKER 60 PIECES,39619.5,61,2,1,649.5,60.0,4410.0,4350.0,649.5,4629751.38,22.60992395493426,1.0364484366902746
85066,CREAM SWEETHEART MINI CHEST,38599.979999999996,3095,931,471,14.050127523910733,61.0,886.0,825.0,12.471722132471728,4668351.36,22.798431401842134,1.0537225773017793
20726,LUNCH BAG WOODLAND,38506.74,22120,1928,585,2.1101485655737706,62.0,60.0,-2.0,1.7408110307414104,4706858.100000001,22.986483500473927,1.0709967179132838
48194,DOORMAT HEARTS,38428.12,6029,1035,448,8.770433944069431,63.0,442.0,379.0,6.373879582020236,4745286.220000001,23.174151649283047,1.0882708585247884
22960,JAM MAKING SET WITH JARS,38380.11,9030,1160,583,5.054668389319552,64.0,259.0,195.0,4.25028903654485,4783666.330000001,23.361585335729085,1.105544999136293
21166,COOK WITH WINE METAL SIGN,38138.86,19932,1425,475,2.276118466898955,65.0,72.0,7.0,1.9134487256672688,4821805.190000001,23.547840850021494,1.1228191397477976
23284,DOORMAT KEEP CALM AND COME IN,38133.64,5487,728,378,8.776284153005465,66.0,486.0,420.0,6.949815928558411,4859938.830000001,23.734070871842842,1.140093280359302
22720,SET OF 3 CAKE TINS PANTRY DESIGN,38108.89,7483,1385,640,5.83371408045977,67.0,333.0,266.0,5.09272885206468,4898047.720000001,23.92018002418937,1.1573674209708067
22629,SPACEBOY LUNCH BOX,37955.5,20807,1368,456,2.1693473531544596,68.0,67.0,-1.0,1.8241697505647139,4936003.220000001,24.10554007880887,1.1746415615823114
22699,ROSES REGENCY TEACUP AND SAUCER,37682.8,12861,1411,521,3.6191713483146066,69.0,160.0,91.0,2.930005442811601,4973686.0200000005,24.289568371578447,1.1919157021938158
20712,JUMBO BAG WOODLAND ANIMALS,37499.37,17710,1415,387,2.738984593837535,70.0,89.0,19.0,2.1174121964991532,5011185.390000001,24.472700862822055,1.2091898428053205
22727,ALARM CLOCK BAKELIKE RED,36543.77,9234,1363,473,4.37068115942029,71.0,256.0,185.0,3.9575232835174354,5047729.16,24.65116657143352,1.2264639834168252
22328,ROUND SNACK BOXES SET OF 4 FRUITS,35922.51,12876,1155,400,3.1904725085910655,72.0,159.0,87.0,2.7898811742777263,5083651.67,24.82659828530027,1.2437381240283296
20685,DOORMAT RED RETROSPOT,35198.96,5039,901,416,8.831219512195123,73.0,546.0,473.0,6.985306608454058,5118850.63,24.998496459429177,1.2610122646398343
21755,LOVE BUILDING BLOCK WORD,34836.020000000004,5643,1696,661,6.681397786837508,74.0,477.0,403.0,6.173315612262981,5153686.649999999,25.16862217427751,1.2782864052513387
22379,RECYCLING BAG RETROSPOT,34640.84,15765,1570,423,2.8999178774478835,75.0,113.0,38.0,2.1973257215350457,5188327.489999999,25.33779470512193,1.2955605458628434
22197,POPCORN HOLDER,34288.67,36749,803,295,1.0208363636363635,76.0,21.0,-55.0,0.9330504231407657,5222616.159999999,25.505247373220886,1.3128346864743479
48185,DOORMAT FAIRY CAKE,34191.53,5095,597,219,9.783706176961603,77.0,537.0,460.0,6.710800785083415,5256807.6899999995,25.672225646944703,1.3301088270858523
22666,RECIPE BOX PANTRY YELLOW DESIGN,33682.62,10728,1664,701,3.583942823108994,78.0,208.0,130.0,3.139692393736018,5290490.31,25.8367186000853,1.347382967697357
21523,DOORMAT FANCY FONT HOME SWEET HOME,33466.26,5077,715,271,9.214797202797202,79.0,540.0,461.0,6.591739216072484,5323956.569999999,26.000154934253217,1.3646571083088617
22630,DOLLY GIRL LUNCH BOX,33380.83,18122,1334,423,2.300874074074074,80.0,83.0,3.0,1.842005849244013,5357337.399999999,26.163174061179333,1.3819312489203661
48187,DOORMAT NEW ENGLAND,33203.79,5291,818,389,8.366121951219512,81.0,507.0,426.0,6.275522585522586,5390541.1899999995,26.32532859288026,1.3992053895318708
22382,LUNCH BAG SPACEBOY DESIGN,33049.37,19605,2109,774,1.9003522780648192,82.0,76.0,-6.0,1.6857623055343025,5423590.56,26.48672899673056,1.4164795301433755
15036,ASSORTED COLOURS SILK FAN,32967.03,44392,992,303,0.9922557905337361,83.0,13.0,-70.0,0.742634483690755,5456557.59,26.64772728370986,1.43375367075488
22726,ALARM CLOCK BAKELIKE GREEN,32609.32,7671,1273,404,4.472062256809338,84.0,325.0,241.0,4.2509868335288745,5489166.91,26.806978652715795,1.4510278113663846
22385,JUMBO BAG SPACEBOY DESIGN,32433.5,17070,1250,412,2.436019032513878,85.0,99.0,14.0,1.9000292911540715,5521600.41,26.965371384507016,1.468301951977889
82486,WOOD S/3 CABINET ANT WHITE FINISH,31594.39,3994,1072,320,8.51200184501845,86.0,689.0,603.0,7.910463194792188,5553194.8,27.119666225994273,1.4855760925893937
22139,RETROSPOT TEA SET CERAMIC 11 PC,31527.12,6168,1321,652,5.660248868778281,87.0,420.0,333.0,5.1114007782101165,5584721.92,27.273632546690763,1.5028502332008982
22077,6 RIBBONS RUSTIC CHARM,31513.109999999997,17238,1751,685,2.110567415730337,88.0,96.0,8.0,1.8281186912634875,5616235.03,27.427530447939073,1.5201243738124028
85152,HAND OVER THE CHOCOLATE SIGN,31483.7,16373,1460,486,2.30101902173913,89.0,106.0,17.0,1.9229035607402432,5647718.73,27.581284722065984,1.5373985144239073
22865,HAND WARMER OWL DESIGN,31416.04,14537,1212,566,2.3551353503184713,90.0,131.0,41.0,2.161108894544954,5679134.7700000005,27.734708570792215,1.554672655035412
23245,SET OF 3 REGENCY CAKE TINS,31118.550000000003,6345,873,472,5.883424657534246,91.0,396.0,305.0,4.904420803782506,5710253.32,27.886679592849088,1.5719467956469164
21479,WHITE SKULL HOT WATER BOTTLE,31079.8,6220,930,410,4.681708860759494,92.0,417.0,325.0,4.996752411575563,5741333.12,28.038461374819114,1.589220936258421
23199,JUMBO BAG APPLES,30450.690000000002,14908,978,344,2.5699290060851925,93.0,125.0,32.0,2.0425737858867725,5771783.8100000005,28.187170825665536,1.6064950768699258
22501,PICNIC BASKET WICKER LARGE,30339.36,2640,769,346,13.447272727272727,94.0,1021.0,927.0,11.492181818181818,5802123.170000001,28.335336583637922,1.6237692174814304
20725,LUNCH BAG RED SPOTTY,30063.27,18085,1219,499,1.9613636363636364,95.0,84.0,-11.0,1.6623317666574509,5832186.44,28.482154024305036,1.641043358092935
20679,EDWARDIAN PARASOL RED,30020.97,6149,715,271,6.662262569832403,96.0,430.0,334.0,4.8822523987640265,5862207.41,28.628764888051535,1.6583174987044393
22697,GREEN REGENCY TEACUP AND SAUCER,29952.550000000003,9625,1343,475,3.7827011070110705,97.0,245.0,148.0,3.111953246753247,5892159.96,28.775041614849844,1.6755916393159442
84946,ANTIQUE SILVER TEA GLASS ETCHED,29828.78,22032,1080,413,1.5512328767123287,98.0,61.0,-37.0,1.3538843500363107,5921988.74,28.92071389660172,1.6928657799274487
22659,LUNCH BOX I LOVE LONDON,29561.859999999997,15941,1074,293,2.3337192342752964,99.0,108.0,9.0,1.8544545511573927,5951550.600000001,29.0650826437992,1.7101399205389531
84029G,KNITTED UNION FLAG HOT WATER BOTTLE,29533.87,6830,1009,386,4.793914728682171,100.0,369.0,269.0,4.324139092240117,5981084.470000001,29.209314698608786,1.7274140611504576
20914,SET/5 RED SPOTTY LID GLASS BOWLS,29468.52,10708,884,357,3.1738530066815147,101.0,209.0,108.0,2.7520097123645875,6010552.99,29.353227609168677,1.7446882017619625
22622,BOX OF VINTAGE ALPHABET BLOCKS,29450.11,2945,571,346,11.393466898954703,102.0,916.0,814.0,10.000037351443124,6040003.100000001,29.497050612373748,1.761962342373467
47590B,PINK HAPPY BIRTHDAY BUNTING,29363.86,5738,872,428,5.73623006833713,103.0,465.0,362.0,5.117438131753224,6069366.960000001,29.64045240377261,1.7792364829849714
22158,3 HEARTS HANGING DECORATION RUSTIC,29198.280000000002,8985,718,374,3.221857923497268,104.0,260.0,156.0,3.249669449081803,6098565.240000001,29.78304556617583,1.796510623596476
82483,WOOD 2 DRAWER CABINET WHITE FINISH,29003.370000000003,4878,1123,361,6.514496466431095,105.0,564.0,459.0,5.945750307503076,6127568.610000001,29.92468686315123,1.8137847642079807
21928,JUMBO BAG SCANDINAVIAN PAISLEY,28962.829999999998,15857,880,333,2.32086809470124,106.0,110.0,4.0,1.8265012297408083,6156531.440000001,30.06613017836866,1.8310589048194852
23355,HOT WATER BOTTLE KEEP CALM,28718.8,5816,782,474,5.271557788944723,107.0,457.0,350.0,4.937895460797799,6185250.240000001,30.20638174498237,1.8483330454309899
20971,PINK BLUE FELT CRAFT TRINKET BOX,28580.97,22260,1148,490,1.4093723129836628,108.0,58.0,-50.0,1.2839609164420485,6213831.210000001,30.345960202920697,1.8656071860424943
84978,HANGING HEART JAR T-LIGHT HOLDER,28475.96,21689,1425,525,1.5126805555555554,109.0,62.0,-47.0,1.3129217575729633,6242307.170000001,30.485025832432694,1.8828813266539992
22866,HAND WARMER SCOTTY DOG DESIGN,28266.870000000003,12778,1083,530,2.3251018600531443,110.0,164.0,54.0,2.2121513538894977,6270574.040000001,30.62307034685412,1.9001554672655037
22752,SET 7 BABUSHKA NESTING BOXES,28139.45,3459,692,323,9.46467142857143,111.0,800.0,689.0,8.135140213934664,6298713.490000001,30.760492591033824,1.9174296078770081
22188,BLACK HEART CARD HOLDER,28112.03,10353,566,292,4.455873015873016,112.0,222.0,110.0,2.715351105959625,6326825.520000001,30.897780926486263,1.9347037484885126
21977,PACK OF 60 PINK PAISLEY CAKE CASES,28081.73,56061,1993,767,0.7112444444444445,113.0,8.0,-105.0,0.5009138260109524,6354907.250000002,31.034921288399826,1.9519778891000175
22467,GUMBALL COAT RACK,28059.480000000003,11868,1095,398,2.8445724572457243,114.0,183.0,69.0,2.3642972699696667,6382966.730000002,31.171952989876416,1.969252029711522
82583,HOT BATHS METAL SIGN,27981.99,12877,1176,323,2.760100166944908,115.0,158.0,43.0,2.1730208899588415,6410948.7200000025,31.30860626001546,1.9865261703230264
23201,JUMBO BAG ALPHABET,27850.83,13366,906,396,2.3900109769484086,116.0,150.0,34.0,2.0837071674397727,6438799.550000003,31.444618995192137,2.003800310934531
21212,PACK OF 72 RETROSPOT CAKE CASES,27770.72,48156,1708,772,0.7426918671248568,117.0,11.0,-106.0,0.5766824487083645,6466570.270000002,31.580240503959583,2.0210744515460353
20719,WOODLAND CHARLOTTE BAG,27598.42,24482,1576,365,1.1504794952681388,118.0,55.0,-63.0,1.1272943386978187,6494168.690000002,31.71502056583762,2.0383485921575404
21930,JUMBO STORAGE BAG SKULLS,27368.08,13390,1321,386,2.5286163051608077,119.0,149.0,30.0,2.0439193427931293,6521536.770000002,31.848675735803262,2.0556227327690446
22624,IVORY KITCHEN SCALES,27282.73,3184,1226,579,9.279365337672905,120.0,858.0,738.0,8.5686966080402,6548819.500000003,31.981914089216318,2.0728968733805493
72741,GRAND CHOCOLATECANDLE,27239.46,19712,920,510,1.7381798483206934,121.0,74.0,-47.0,1.381871956168831,6576058.960000003,32.11494112860206,2.0901710139920535
22835,HOT WATER BOTTLE I AM SO POORLY,27082.84,5302,1011,451,5.639597249508841,122.0,506.0,384.0,5.108042248208223,6603141.800000003,32.24720329618387,2.1074451546035586
22492,MINI PAINT SET VINTAGE,27056.19,42286,714,356,0.7730812324929972,123.0,14.0,-109.0,0.6398380078512983,6630197.990000003,32.37933531542207,2.124719295215063
84991,60 TEATIME FAIRY CAKE CASES,27041.21,54028,2127,822,0.6644378155117027,124.0,9.0,-115.0,0.5005036277485748,6657239.200000003,32.511394178105405,2.1419934358265675
22961,JAM MAKING SET PRINTED,26888.43,17252,1200,558,1.8915876974231087,125.0,95.0,-30.0,1.558568861581266,6684127.630000003,32.64270692206696,2.159267576438072
22734,SET OF 6 RIBBONS VINTAGE CHRISTMAS,26763.75,9772,756,444,3.2632945736434107,126.0,237.0,111.0,2.738820098239869,6710891.380000003,32.773410776892284,2.176541717049577
22386,JUMBO BAG PINK WITH WHITE SPOTS,26242.66,14202,802,358,2.151664611590629,127.0,134.0,7.0,1.847814392339107,6737134.040000003,32.90156982870192,2.1938158576610816
22149,FELTCRAFT 6 FLOWER FRIENDS,26218.97,12674,1382,684,2.382309879175551,128.0,168.0,40.0,2.0687210036294776,6763353.010000003,33.029613187668794,2.211089998272586
22867,HAND WARMER BIRD DESIGN,26117.63,11872,1054,521,2.3753406998158377,129.0,182.0,53.0,2.199935141509434,6789470.640000002,33.15716164107692,2.2283641388840905
22551,PLASTERS IN TIN SPACEBOY,25912.87,15441,1299,616,1.811910197869102,130.0,117.0,-13.0,1.678185998316171,6815383.510000003,33.28371012544803,2.245638279495595
47566B,TEA TIME PARTY BUNTING,25803.49,5801,761,350,5.292057291666667,131.0,458.0,327.0,4.44811067057404,6841187.000000003,33.40972443999464,2.2629124201071
20711,JUMBO BAG TOYS,25719.13,12650,1055,326,2.7189603024574667,132.0,170.0,38.0,2.0331328063241108,6866906.130000003,33.535326772767654,2.280186560718604
21481,FAWN BLUE HOT WATER BOTTLE,25613.45,8175,1050,439,3.761793427230047,133.0,304.0,171.0,3.13314373088685,6892519.580000003,33.66041300509219,2.2974607013301087
22507,MEMO BOARD RETROSPOT DESIGN,25603.46,5455,900,445,5.941274944567628,134.0,491.0,357.0,4.6935765352887255,6918123.040000003,33.78545045010143,2.3147348419416134
22090,PAPER BUNTING RETROSPOT,25497.960000000003,8430,921,374,3.7703779697624187,135.0,287.0,152.0,3.0246690391459077,6943621.000000003,33.909972673712915,2.332008982553118
37503,TEA TIME CAKE STAND IN GIFT BOX,25428.33,2465,522,256,11.723193116634798,136.0,1078.0,942.0,10.315752535496959,6969049.330000003,34.03415485120188,2.3492831231646227
21485,RETROSPOT HEART HOT WATER BOTTLE,25408.010000000002,5168,930,502,5.487621052631579,137.0,523.0,386.0,4.91641060371517,6994457.340000003,34.15823779363112,2.366557263776127
21108,FAIRY CAKE FLANNEL ASSORTED COLOUR,25407.27,12962,613,325,3.001073170731707,138.0,156.0,18.0,1.9601350100293164,7019864.610000002,34.28231712218515,2.3838314043876316
22087,PAPER BUNTING WHITE LACE,25389.100000000002,8475,847,314,3.4823468208092487,139.0,285.0,146.0,2.99576401179941,7045253.710000002,34.406307715451995,2.4011055449991363
84755,COLOUR GLASS T-LIGHT HOLDER HANGING,25205.13,40439,1259,524,0.8276983503534957,140.0,15.0,-125.0,0.6232876678453968,7070458.840000002,34.5293998700407,2.418379685610641
22084,PAPER CHAIN KIT EMPIRE,25163.56,8803,811,464,3.2735200974421437,141.0,268.0,127.0,2.858520958764058,7095622.400000001,34.65228901274784,2.435653826222145
85099B,JUMBO BAG RED WHITE SPOTTY,25043.62,14061,535,321,2.185128676470588,142.0,136.0,-6.0,1.7810696252044662,7120666.020000001,34.774592414654556,2.4529279668336503
20724,RED RETROSPOT CHARLOTTE BAG,24958.77,20671,1258,390,1.1285031347962382,143.0,69.0,-74.0,1.2074292487059166,7145624.790000001,34.89648144181624,2.4702021074451546
22090,PAPER BUNTING RETRO SPOTS,24933.940000000002,8292,783,367,3.557169811320755,144.0,297.0,153.0,3.006987457790642,7170558.730000001,35.0182492088139,2.4874762480566592
23173,REGENCY TEAPOT ROSES,24879.13,2766,416,248,11.119714964370546,145.0,973.0,828.0,8.994624005784527,7195437.860000001,35.13974930486547,2.5047503886681635
20972,PINK CREAM FELT CRAFT TRINKET BOX,24785.31,20496,1397,568,1.4045074415308292,146.0,70.0,-76.0,1.209275468384075,7220223.170000001,35.260791220144185,2.5220245292796686
48138,DOOR MAT UNION FLAG,24770.81,3776,674,389,7.36928888888889,147.0,726.0,579.0,6.560066207627119,7244993.98,35.3817623230033,2.539298669891173
21314,SMALL GLASS HEART TRINKET POT,24641.390000000003,11426,1066,369,2.776856343283582,148.0,194.0,46.0,2.156606861543848,7269635.37,35.50210138839041,2.5565728105026775
23203,JUMBO BAG VINTAGE DOILY,24489.08,11448,711,363,2.300598885793872,149.0,192.0,43.0,2.139157931516422,7294124.45,35.62169663035485,2.573846951114182
22722,SET OF 6 SPICE TINS PANTRY DESIGN,24459.96,5972,835,394,4.675660377358491,150.0,446.0,296.0,4.095773610180844,7318584.41,35.74114966144628,2.591121091725687
84077,WORLD WAR 2 GLIDERS ASSTD DESIGNS,24445.609999999997,106250,1021,482,0.28256835937499997,151.0,1.0,-150.0,0.23007632941176467,7343030.0200000005,35.860532612660386,2.6083952323371915
71459,HANGING JAM JAR T-LIGHT HOLDER,24440.74,30176,925,421,1.124854368932039,152.0,31.0,-121.0,0.8099396871686109,7367470.760000001,35.97989178066874,2.6256693729486957
84836,ZINC METAL HEART DECORATION,24289.33,19847,1408,662,1.3774425087108013,153.0,73.0,-80.0,1.2238287902453773,7391760.090000001,36.098511520508055,2.6429435135602004
22728,ALARM CLOCK BAKELIKE PINK,24257.31,6215,969,357,4.525836734693877,154.0,418.0,264.0,3.9030265486725666,7416017.4,36.216974886990435,2.6602176541717046
47590A,BLUE HAPPY BIRTHDAY BUNTING,24174.010000000002,4752,689,355,5.7879565217391304,155.0,583.0,428.0,5.0871233164983165,7440191.41,36.33503144833128,2.6774917947832098
21231,SWEETHEART CERAMIC TRINKET BOX,24128.86,19428,1482,500,1.4993377483443708,156.0,77.0,-79.0,1.2419631459748817,7464320.2700000005,36.45286751444834,2.694765935394714
21212,PACK OF 72 RETRO SPOT CAKE CASES,24054.43,46728,1410,632,0.6659163763066203,157.0,12.0,-145.0,0.5147755093305941,7488374.7,36.570340093090195,2.7120400760062187
22698,PINK REGENCY TEACUP AND SAUCER,23990.620000000003,8050,1025,400,3.6954607177497576,158.0,309.0,151.0,2.980201242236025,7512365.32,36.68750104824968,2.7293142166177233
23344,JUMBO BAG 50'S CHRISTMAS,23772.07,10285,716,391,2.4177423822714683,159.0,223.0,64.0,2.311333981526495,7536137.390000001,36.80359468931932,2.746588357229228
22171,3 HOOK PHOTO SHELF ANTIQUE WHITE,23709.46,3141,661,269,9.802632375189107,160.0,871.0,711.0,7.548379496975485,7559846.850000001,36.91938256724475,2.7638624978407322
21790,VINTAGE SNAP CARDS,23506.17,27244,1888,793,1.008572922111866,161.0,41.0,-120.0,0.8628017178094258,7583353.0200000005,37.03417765504745,2.781136638452237
23243,SET OF TEA COFFEE SUGAR TINS PANTRY,23489.42,4800,470,275,5.866072186836518,162.0,577.0,415.0,4.893629166666666,7606842.44,37.148890942296475,2.7984107790637416
22605,WOODEN CROQUET GARDEN SET,23426.82,1828,643,377,14.743509316770187,163.0,1404.0,1241.0,12.81554704595186,7630269.260000001,37.26329851523745,2.8156849196752463
82600,NO SINGING METAL SIGN,23096.77,11450,1152,375,2.3898446937014666,164.0,191.0,27.0,2.017185152838428,7653366.03,37.37609425099996,2.832959060286751
84406B,CREAM CUPID HEARTS COAT HANGER,23080.13,7131,841,318,3.74048178613396,165.0,347.0,182.0,3.236590940961997,7676446.16,37.48880872340647,2.850233200898255
20914,SET/5 RED RETROSPOT LID GLASS BOWLS,23040.04,7964,1147,442,3.2624037639007697,166.0,313.0,147.0,2.8930236062280263,7699486.2,37.60132741168183,2.86750734150976
22625,RED KITCHEN SCALES,22911.55,2647,958,440,9.646722338204592,167.0,1018.0,851.0,8.65566679259539,7722397.75,37.71321860424727,2.8847814821212645
22607,WOODEN ROUNDERS GARDEN SET,22906.54,2533,744,419,10.02461847389558,168.0,1055.0,887.0,9.043245163837348,7745304.29,37.82508532990082,2.902055622732769
21791,VINTAGE HEADS AND TAILS CARD GAME,22858.6,17609,1316,641,1.4866241560390099,169.0,90.0,-79.0,1.2981202794025781,7768162.89,37.936717935044356,2.9193297633442734
22554,PLASTERS IN TIN WOODLAND ANIMALS,22853.719999999998,13588,1275,587,1.8651470588235295,170.0,147.0,-23.0,1.6819046217250513,7791016.609999999,38.04832670814598,2.936603903955778
22556,PLASTERS IN TIN CIRCUS PARADE,22334.079999999998,13585,1196,591,1.7749835526315791,171.0,148.0,-23.0,1.6440250276039747,7813350.6899999995,38.15739775947389,2.9538780445672828
37449,CERAMIC CAKE STAND + HANGING CAKES,22333.3,2382,477,205,11.180564853556485,172.0,1118.0,946.0,9.375860621326616,7835683.989999999,38.26646500158198,2.9711521851787874
20749,ASSORTED COLOUR MINI CASES,22097.61,3062,766,426,8.091415584415586,173.0,891.0,718.0,7.216724363161332,7857781.6,38.37438122443665,2.988426325790292
22113,GREY HEART HOT WATER BOTTLE,22025.93,5759,996,488,4.199551656920078,174.0,464.0,290.0,3.8246101753776696,7879807.529999999,38.48194738975776,3.0057004664017963
22585,PACK OF 6 BIRDY GIFT TAGS,21977.3,17558,1084,612,1.3802844444444444,175.0,92.0,-83.0,1.251697232030983,7901784.829999999,38.58927606487438,3.0229746070133015
22499,WOODEN UNION JACK BUNTING,21826.52,3596,775,452,6.612657252888319,176.0,768.0,592.0,6.069666295884316,7923611.349999999,38.69586838849951,3.0402487476248057
23202,JUMBO BAG VINTAGE LEAF,21810.43,10941,879,377,2.2962302483069976,177.0,204.0,27.0,1.993458550406727,7945421.779999998,38.80238213475696,3.0575228882363104
84970S,HANGING HEART ZINC T-LIGHT HOLDER,21794.26,26444,1425,616,1.090320781032078,178.0,44.0,-134.0,0.8241665406141279,7967216.039999998,38.908816912957526,3.0747970288478146
22941,CHRISTMAS LIGHTS 10 REINDEER,21727.58,2615,483,315,9.705392561983471,179.0,1029.0,850.0,8.308826003824093,7988943.619999998,39.01492605170026,3.0920711694593197
22456,NATURAL SLATE CHALKBOARD LARGE,21583.2,4416,835,385,6.306929510155317,180.0,627.0,447.0,4.8875,8010526.819999998,39.12033009408841,3.109345310070824
22969,HOMEMADE JAM SCENTED CANDLES,21501.989999999998,14461,709,472,1.7717207334273626,181.0,132.0,-49.0,1.4868950971578727,8032028.809999999,39.22533753809068,3.126619450682329
21524,DOORMAT SPOTTY HOME SWEET HOME,21414.04,2818,745,355,8.928887399463807,182.0,951.0,769.0,7.599020581973031,8053442.849999999,39.329915468140975,3.143893591293833
21213,PACK OF 72 SKULL CAKE CASES,21390.76,40263,1481,528,0.7410299003322259,183.0,16.0,-167.0,0.5312758612125276,8074833.6099999985,39.434379707630704,3.161167731905338
21258,VICTORIAN SEWING BOX LARGE,21386.559999999998,1509,528,186,16.944877126654063,184.0,1624.0,1440.0,14.172670642809805,8096220.169999998,39.538823435936834,3.178441872516842
48184,DOORMAT ENGLISH ROSE,21326.3,3243,530,268,8.449622641509434,185.0,849.0,664.0,6.576102374344742,8117546.469999998,39.64297287759435,3.195716013128347
22139,RETRO SPOT TEA SET CERAMIC 11 PC,21301.04,4438,771,465,5.442951030927835,186.0,622.0,436.0,4.7996935556557005,8138847.509999998,39.746998959133315,3.2129901537398515
22502,PICNIC BASKET WICKER SMALL,21260.8,3772,927,335,6.643832976445396,187.0,730.0,543.0,5.636479321314952,8160108.309999998,39.85082852399886,3.2302642943513558
85048,15CM CHRISTMAS GLASS BALL 20 LIGHTS,21201.13,2685,517,309,9.155689655172415,188.0,1007.0,819.0,7.896137802607076,8181309.439999998,39.954366683548734,3.247538434962861
22083,PAPER CHAIN KIT RETRO SPOT,21151.79,7579,591,324,3.3923865546218486,189.0,330.0,141.0,2.7908417997097246,8202461.229999998,40.05766388552737,3.2648125755743655
22570,FELTCRAFT CUSHION RABBIT,20901.1,5631,807,351,4.310666666666666,190.0,479.0,289.0,3.7117918664535603,8223362.329999997,40.159736814025415,3.28208671618587
22424,ENAMEL BREAD BIN CREAM,20886.89,1531,741,310,15.343867924528302,191.0,1606.0,1415.0,13.64264532984977,8244249.219999997,40.26174034635226,3.2993608567973745
23206,LUNCH BAG APPLE DESIGN,20852.579999999998,12147,1036,401,2.0589553656220323,192.0,175.0,-17.0,1.7166856013830574,8265101.799999997,40.36357632184349,3.3166349974088787
21218,RED SPOTTY BISCUIT TIN,20800.31,5256,897,313,5.261407982261641,193.0,513.0,320.0,3.9574410197869105,8285902.109999997,40.46515703077112,3.3339091380203834
22294,HEART FILIGREE DOVE SMALL,20629.38,16671,861,414,1.4552125279642059,194.0,102.0,-92.0,1.2374410653230161,8306531.4899999965,40.56590298336208,3.3511832786318885
22617,BAKING SET SPACEBOY DESIGN,20546.99,4252,943,600,5.295658587987355,195.0,652.0,457.0,4.832311853245532,8327078.479999997,40.66624657490129,3.3684574192433923
22693,GROW A FLYTRAP OR SUNFLOWER IN TIN,20469.08,17875,350,197,1.463076923076923,196.0,86.0,-110.0,1.1451233566433567,8347547.559999997,40.766209683984584,3.3857315598548974
AMAZONFEE,AMAZON FEE,20467.8,3,3,0,6822.599999999999,197.0,5514.0,5317.0,6822.599999999999,8368015.359999997,40.86616654204049,3.4030057004664016
20723,STRAWBERRY CHARLOTTE BAG,20401.05,18296,1379,356,1.1350252343186733,198.0,82.0,-116.0,1.1150552033231307,8388416.409999996,40.96579741878549,3.4202798410779063
22568,FELTCRAFT CUSHION OWL,20244.97,5479,875,389,4.161740614334471,199.0,487.0,288.0,3.695011863478737,8408661.379999997,41.06466606087874,3.437553981689411
85150,LADIES & GENTLEMEN METAL SIGN,20237.72,8361,1110,369,3.0002421524663676,200.0,292.0,92.0,2.420490371965076,8428899.099999998,41.1634992967622,3.454828122300915
48188,DOORMAT WELCOME PUPPIES,20209.4,3414,428,220,8.79626168224299,201.0,815.0,614.0,5.919566490919743,8449108.499999998,41.262194228664754,3.4721022629124203
22273,FELTCRAFT DOLL MOLLY,20150.99,7355,810,423,3.300158536585366,202.0,340.0,138.0,2.739767505098573,8469259.489999998,41.360603908606706,3.489376403523925
22569,FELTCRAFT CUSHION BUTTERFLY,20104.43,5521,784,360,4.187288776796973,203.0,485.0,282.0,3.6414472015939143,8489363.919999998,41.458786207427536,3.506650544135429
21622,VINTAGE UNION JACK CUSHION COVER,19936.94,3699,626,329,5.8373892405063295,204.0,749.0,545.0,5.389818869964855,8509300.859999998,41.556150549547795,3.523924684746934
22900,SET 2 TEA TOWELS I LOVE LONDON,19834.04,6156,723,252,3.684245283018868,205.0,425.0,220.0,3.22190383365822,8529134.899999997,41.65301236766968,3.541198825358438
22413,METAL SIGN TAKE IT OR LEAVE IT,19728.24,6976,881,446,3.297567567567568,206.0,359.0,153.0,2.8280160550458717,8548863.139999997,41.749357499309276,3.558472965969943
21174,POTTERING IN THE SHED METAL SIGN,19593.809999999998,9696,1135,402,2.5139877835951134,207.0,242.0,35.0,2.020813737623762,8568456.949999997,41.84504612656499,3.575747106581448
21936,RED RETROSPOT PICNIC BAG,19576.72,6680,935,359,3.633620873269436,208.0,379.0,171.0,2.9306467065868267,8588033.669999998,41.940651292837885,3.593021247192952
22561,WOODEN SCHOOL COLOURING SET,19524.269999999997,11643,905,556,1.7395341278439869,209.0,186.0,-23.0,1.6769105900541095,8607557.939999998,42.03600031349644,3.610295387804457
22558,CLOTHES PEGS RETROSPOT PACK 24,19513.17,13809,1202,541,1.6692161716171616,210.0,141.0,-69.0,1.4130762546165543,8627071.109999998,42.13129512602689,3.6275695284159615
22169,FAMILY ALBUM WHITE PICTURE FRAME,19507.6,2275,701,276,9.794022824536377,211.0,1180.0,969.0,8.57476923076923,8646578.709999997,42.22656273682098,3.6448436690274657
22384,LUNCH BAG PINK POLKADOT,19500.66,11751,1281,508,2.0076021588280644,212.0,184.0,-28.0,1.659489405157008,8666079.369999997,42.32179645532598,3.6621178096389704
84946,ANTIQUE SILVER T-LIGHT GLASS,19381.62,14664,689,348,1.5028468208092487,213.0,127.0,-86.0,1.3217144026186578,8685460.989999996,42.41644882828416,3.6793919502504746
22427,ENAMEL FLOWER JUG CREAM,19273.280000000002,3217,804,460,6.480569306930693,214.0,855.0,641.0,5.991072427727698,8704734.269999996,42.51057211037758,3.6966660908619797
22083,PAPER CHAIN KIT RETROSPOT,19261.030000000002,6137,810,376,3.7808108108108107,215.0,433.0,218.0,3.1385090435065996,8723995.299999995,42.60463556818548,3.7139402314734844
21340,CLASSIC METAL BIRDCAGE PLANT HOLDER,19194.13,1758,419,249,13.07895238095238,216.0,1447.0,1231.0,10.91816268486917,8743189.429999996,42.698372312140215,3.7312143720849886
21908,CHOCOLATE THIS WAY METAL SIGN,19125.980000000003,9678,974,382,2.4602136317395726,217.0,243.0,26.0,1.9762326927051046,8762315.409999996,42.79177623772284,3.7484885126964933
22061,LARGE CAKE STAND HANGING STRAWBERY,19121.37,2171,520,219,11.222917466410747,218.0,1219.0,1001.0,8.807632427452786,8781436.779999996,42.885157649839655,3.7657626533079984
84949,SILVER HANGING T-LIGHT HOLDER,19015.8,11945,693,330,1.8268847795163583,219.0,181.0,-38.0,1.5919464210966932,8800452.579999996,42.97802349870566,3.783036793919502
84947,ANTIQUE SILVER TEA GLASS ENGRAVED,18744.170000000002,15810,680,312,1.4420343839541547,220.0,112.0,-108.0,1.1855895003162558,8819196.749999996,43.06956281118994,3.8003109345310073
22041,"RECORD FRAME 7"" SINGLE SIZE",18650.87,7540,555,101,3.5552499999999996,221.0,332.0,111.0,2.473590185676392,8837847.619999995,43.16064648238123,3.8175850751425116
71053,WHITE METAL LANTERN,18525.22,4700,701,290,4.430222841225627,222.0,595.0,373.0,3.9415361702127663,8856372.839999996,43.251116527329614,3.8348592157540162
22555,PLASTERS IN TIN STRONGMAN,18323.32,11321,956,514,1.8076210092687948,223.0,196.0,-27.0,1.6185248652945852,8874696.159999996,43.34060057038031,3.852133356365521
21484,CHICK GREY HOT WATER BOTTLE,18171.14,4585,864,367,4.568367579908676,224.0,607.0,383.0,3.96317121046892,8892867.299999997,43.42934142487831,3.869407496977025
79323W,WHITE CHERRY LIGHTS,18048.72,3004,349,174,7.03,225.0,903.0,678.0,6.008229027962717,8910916.019999998,43.517484427210306,3.8866816375885302
21430,SET/3 RED GINGHAM ROSE STORAGE BOX,18044.97,4621,814,323,4.762558139534884,226.0,603.0,377.0,3.904992425881844,8928960.989999998,43.60560911598551,3.903955778200035
22505,MEMO BOARD COTTAGE DESIGN,18034.63,3773,744,397,5.474500665778962,227.0,728.0,501.0,4.779917837264776,8946995.62,43.69368330818013,3.921229918811539
22147,FELTCRAFT BUTTERFLY HEARTS,17893.579999999998,12828,1132,582,1.6181639624252775,228.0,162.0,-66.0,1.3948846273776114,8964889.2,43.781068666458594,3.938504059423044
22560,TRADITIONAL MODELLING CLAY,17861.71,14836,742,420,1.3711405835543766,229.0,126.0,-103.0,1.2039437853868966,8982750.91,43.86829838392241,3.955778200034548
84945,MULTI COLOUR SILVER T-LIGHT HOLDER,17746.71,21605,653,344,1.077181818181818,230.0,63.0,-167.0,0.821416801666281,9000497.620000001,43.954966485644604,3.9730523406460527
21914,BLUE HARMONICA IN BOX,17725.36,12957,963,446,1.4485348360655736,231.0,157.0,-74.0,1.3680142008180907,9018222.98,44.04153032218345,3.990326481257558
22297,HEART IVORY TRELLIS SMALL,17702.62,13715,969,391,1.6488473205257836,232.0,144.0,-88.0,1.2907488151658768,9035925.6,44.12798310531391,4.007600621869062
22847,BREAD BIN DINER STYLE IVORY,17669.989999999998,1112,472,259,17.20938559322034,233.0,1948.0,1715.0,15.890278776978416,9053595.59,44.2142765360822,4.024874762480566
22633,HAND WARMER UNION JACK,17576.670000000002,8541,858,473,2.213322222222222,234.0,280.0,46.0,2.057917105725325,9071172.26,44.30011422788521,4.0421489030920705
84467,ENGLISH ROSE DESIGN QUILTED THROW,17477.66,816,83,40,24.040602409638552,235.0,2294.0,2059.0,21.418700980392156,9088649.92,44.385468392952745,4.059423043703576
21136,PAINTED METAL PEARS ASSORTED,17451.45,10496,739,449,1.96908969210174,236.0,215.0,-21.0,1.6626762576219514,9106101.37,44.47069455846734,4.076697184315081
22557,PLASTERS IN TIN VINTAGE PAISLEY,17401.3,10369,1126,580,1.8292387543252595,237.0,220.0,-17.0,1.6782042627061433,9123502.67,44.55567581068245,4.093971324926585
23203,JUMBO BAG DOILEY PATTERNS,17268.69,8893,514,299,2.2405222437137335,238.0,263.0,25.0,1.94182952884291,9140771.36,44.64000944669323,4.111245465538089
84992,72 SWEETHEART FAIRY CAKE CASES,17259.85,34797,1460,614,0.68719707057257,239.0,25.0,-214.0,0.4960154611029686,9158031.209999999,44.72429991154613,4.128519606149594
21928,JUMBO BAG SCANDINAVIAN BLUE PAISLEY,17239.69,8411,662,232,2.683268072289157,240.0,288.0,48.0,2.0496599690880988,9175270.899999999,44.80849192271772,4.145793746761099
84970L,SINGLE HEART ZINC T-LIGHT HOLDER,17177.04,17400,1080,463,1.243974241030359,241.0,94.0,-147.0,0.9871862068965518,9192447.939999998,44.8923779754005,4.163067887372604
21889,WOODEN BOX OF DOMINOES,17095.66,12806,1124,595,1.5506999125109362,242.0,163.0,-79.0,1.3349726690613775,9209543.599999998,44.97586659948281,4.180342027984107
21527,RED RETROSPOT TRADITIONAL TEAPOT,17030.56,2337,570,280,8.77890625,243.0,1149.0,906.0,7.287359863072315,9226574.159999998,45.059037300219224,4.197616168595612
22654,DELUXE SEWING KIT,16971.27,2534,597,300,7.357757475083056,244.0,1053.0,809.0,6.697423046566693,9243545.429999998,45.14191845141371,4.214890309207117
21559,STRAWBERRY LUNCH BOX WITH CUTLERY,16891.44,6782,1041,353,3.062876064333018,245.0,374.0,129.0,2.4906281332940132,9260436.869999997,45.2244097436112,4.2321644498186215
22652,TRAVEL SEWING KIT,16794.05,9912,830,440,1.9016193853427896,246.0,230.0,-16.0,1.6943149717514123,9277230.919999998,45.30642542052977,4.249438590430126
22952,60 CAKE CASES VINTAGE CHRISTMAS,16770.31,27970,1039,520,0.7390534208059981,247.0,36.0,-211.0,0.5995820521987845,9294001.229999999,45.388325160424806,4.266712731041631
21164,HOME SWEET HOME METAL SIGN,16626.41,5981,721,356,3.273665283540802,248.0,445.0,197.0,2.7798712589867915,9310627.639999999,45.46952214810054,4.283986871653135
22993,SET OF 4 PANTRY JELLY MOULDS,16478.48,12649,1073,431,1.497788990825688,249.0,171.0,-78.0,1.302749624476243,9327106.12,45.54999670258793,4.30126101226464
72760B,VINTAGE CREAM 3 BASKET CAKE STAND,16409.02,1699,494,301,10.82219758064516,250.0,1488.0,1238.0,9.658045909358446,9343515.139999999,45.630132041167386,4.318535152876144
22487,WHITE WOOD GARDEN PLANT LADDER,16373.699999999999,1632,898,611,10.688288888888888,251.0,1536.0,1285.0,10.032904411764704,9359888.839999998,45.710094890459935,4.335809293487649
21843,RETRO SPOT CAKE STAND,16354.009999999998,1493,340,207,12.17970588235294,252.0,1632.0,1380.0,10.953791024782316,9376242.849999998,45.78996158137028,4.353083434099154
23301,GARDENERS KNEELING PAD KEEP CALM,16327.349999999999,8807,913,405,1.9439673913043478,253.0,267.0,14.0,1.8539059838764618,9392570.199999997,45.86969807510088,4.370357574710658
22662,LUNCH BAG DOLLY GIRL DESIGN,16213.61,9951,994,426,1.9189353233830846,254.0,229.0,-25.0,1.6293447894683952,9408783.809999997,45.94887910644493,4.387631715322163
48173C,DOORMAT BLACK FLOCK,16032.710000000001,2844,320,166,8.211433021806853,255.0,946.0,691.0,5.6373804500703235,9424816.519999998,46.02717669180934,4.404905855933667
22296,HEART IVORY TRELLIS LARGE,16027.559999999998,9719,833,428,1.8147892271662762,256.0,240.0,-16.0,1.649095585965634,9440844.079999998,46.10544912655575,4.422179996545172
22692,DOORMAT WELCOME TO OUR HOME,15965.95,2143,612,293,9.385898692810457,257.0,1236.0,979.0,7.450279981334578,9456810.029999997,46.18342068177309,4.439454137156677
21877,HOME SWEET HOME MUG,15954.75,14054,755,323,1.5780845442536326,258.0,137.0,-121.0,1.1352461932545894,9472764.779999997,46.26133754050083,4.456728277768181
22634,CHILDS BREAKFAST SET SPACEBOY,15946.55,1688,499,322,10.162814371257484,259.0,1493.0,1234.0,9.447008293838863,9488711.329999998,46.33921435358438,4.474002418379685
20685,DOOR MAT RED SPOT,15889.75,2487,413,245,7.8142615012106535,260.0,1069.0,809.0,6.389123441897869,9504601.079999998,46.41681377732772,4.49127655899119
35004C,SET OF 3 COLOURED FLYING DUCKS,15874.38,3035,355,112,7.756394366197183,261.0,898.0,637.0,5.230438220757825,9520475.459999999,46.49433813990629,4.5085506996026945
22759,SET OF 3 NOTEBOOKS IN PARCEL,15866.56,9380,795,472,1.9730541871921181,262.0,251.0,-11.0,1.6915309168443495,9536342.02,46.571824312614424,4.5258248402142
22837,HOT WATER BOTTLE BABUSHKA,15837.18,3398,436,210,5.311377777777778,263.0,817.0,554.0,4.660735726898175,9552179.2,46.64916700470961,4.543098980825704
22690,DOORMAT HOME SWEET HOME BLUE,15836.35,2538,439,278,8.17325,264.0,1051.0,787.0,6.2396966115051224,9568015.549999999,46.726505643404224,4.560373121437208
23313,VINTAGE CHRISTMAS BUNTING,15798.66,2990,401,254,5.548627450980392,265.0,907.0,642.0,5.283832775919732,9583814.209999999,46.80366021864405,4.577647262048713
22635,CHILDS BREAKFAST SET DOLLY GIRL,15795.01,1660,485,325,10.30381930184805,266.0,1513.0,1247.0,9.515066265060241,9599609.219999999,46.88079696868858,4.594921402660217
84997D,PINK 3 PIECE MINI DOTS CUTLERY SET,15759.53,4353,447,238,3.936065934065934,267.0,636.0,369.0,3.6203836434642778,9615368.749999998,46.957760448067795,4.6121955432717225
84375,SET OF 20 KIDS COOKIE CUTTERS,15753.18,7576,797,389,2.509092039800995,268.0,331.0,63.0,2.079353220696938,9631121.929999998,47.03469291649083,4.629469683883227
22632,HAND WARMER RED RETROSPOT,15664.130000000001,7698,733,421,2.218229854689564,269.0,323.0,54.0,2.0348311249675244,9646786.059999999,47.11119049898526,4.646743824494731
22193,RED DINER WALL CLOCK,15658.98,1850,616,265,9.21775974025974,270.0,1386.0,1116.0,8.464313513513513,9662445.04,47.187662930861684,4.664017965106236
22170,PICTURE FRAME WOOD TRIPLE PORTRAIT,15645.27,2385,575,279,7.42446956521739,271.0,1114.0,843.0,6.559861635220126,9678090.309999999,47.26406840837448,4.68129210571774
22619,SET OF 6 SOLDIER SKITTLES,15620.09,4091,712,421,4.421916666666667,272.0,675.0,403.0,3.818159374236128,9693710.399999999,47.34035091645793,4.6985662463292455
21891,TRADITIONAL WOODEN SKIPPING ROPE,15547.75,12147,838,483,1.5312412993039444,273.0,175.0,-98.0,1.279966246809912,9709258.149999999,47.41628014382183,4.71584038694075
48111,DOORMAT 3 SMILEY CATS,15437.73,2420,437,173,9.361095890410958,274.0,1099.0,825.0,6.379227272727273,9724695.879999999,47.49167207584752,4.733114527552254
22173,METAL 4 HOOK HANGER FRENCH CHATEAU,15411.9,5026,997,383,3.7266401590457257,275.0,549.0,274.0,3.066434540389972,9740107.78,47.56693786409402,4.750388668163759
85014B,RED/WHITE DOTS RUFFLED UMBRELLA,15400.28,3456,416,247,6.543149038461539,276.0,802.0,526.0,4.456099537037037,9755508.059999999,47.64214690473255,4.767662808775263
84378,SET OF 3 HEART COOKIE CUTTERS,15388.44,11637,1248,601,1.5957911392405062,277.0,187.0,-90.0,1.3223717452951793,9770896.499999998,47.71729812336776,4.7849369493867675
85014B,RED RETROSPOT UMBRELLA,15376.300000000001,2699,484,273,6.775227272727273,278.0,1003.0,725.0,5.697035939236755,9786272.799999999,47.792390054915124,4.802211089998273
22749,FELTCRAFT PRINCESS CHARLOTTE DOLL,15354.35,3759,685,383,4.075775862068965,279.0,731.0,452.0,4.084690077148178,9801627.149999999,47.86737479111006,4.819485230609777
21094,SET/6 RED SPOTTY PAPER PLATES,15334.029999999999,19633,984,328,0.988060606060606,280.0,75.0,-205.0,0.7810334640656038,9816961.179999998,47.94226029224525,4.836759371221282
84997B,RED 3 PIECE MINI DOTS CUTLERY SET,15324.35,4205,493,268,3.911322645290581,281.0,662.0,381.0,3.6443162901307966,9832285.529999997,48.01709851998585,4.854033511832786
22940,FELTCRAFT CHRISTMAS FAIRY,15282.81,3491,586,392,4.533444816053512,282.0,790.0,508.0,4.377774276711544,9847568.339999998,48.09173388235335,4.87130765244429
22909,SET OF 20 VINTAGE CHRISTMAS NAPKINS,15275.82,17144,1086,578,0.9761738351254479,283.0,98.0,-185.0,0.8910300979934671,9862844.159999998,48.16633510825098,4.8885817930557955
21975,PACK OF 60 DINOSAUR CAKE CASES,15236.619999999999,31332,1303,543,0.6300827689992475,284.0,28.0,-256.0,0.48629579982126897,9878080.779999997,48.24074489643495,4.905855933667301
21165,BEWARE OF THE CAT METAL SIGN,15167.38,9360,966,321,2.123363821138211,285.0,254.0,-31.0,1.6204465811965811,9893248.159999998,48.31481654310631,4.923130074278805
21217,RED RETROSPOT ROUND CAKE TINS,15123.2,1420,465,219,12.523447537473233,286.0,1691.0,1405.0,10.650140845070423,9908371.359999998,48.38867243166058,4.940404214890309
20750,RED RETROSPOT MINI CASES,15118.47,2066,508,307,8.202882352941177,287.0,1278.0,991.0,7.3177492739593415,9923489.829999998,48.462505220715215,4.957678355501813
82582,AREA PATROLLED METAL SIGN,15110.980000000001,7479,796,258,2.3533042394014965,288.0,334.0,46.0,2.0204546062307798,9938600.809999999,48.536301431492426,4.9749524961133185
35970,ZINC FOLKART SLEIGH BELLS,15072.58,8375,692,415,2.25901269393512,289.0,291.0,2.0,1.7997110447761193,9953673.389999999,48.60991011144808,4.992226636724824
22946,WOODEN ADVENT CALENDAR CREAM,15060.57,976,275,152,18.37695652173913,290.0,2103.0,1813.0,15.430911885245902,9968733.959999999,48.68346013918585,5.009500777336327
22606,WOODEN SKITTLES GARDEN SET,14881.94,1069,374,269,16.358620689655172,291.0,2005.0,1714.0,13.921365762394762,9983615.899999999,48.75613780675034,5.026774917947832
22730,ALARM CLOCK BAKELIKE IVORY,14867.27,3702,746,289,4.39781041388518,292.0,748.0,456.0,4.016010264721772,9998483.169999998,48.82874383168066,5.044049058559337
21770,OPEN CLOSED METAL SIGN,14807.300000000001,2991,651,423,5.4356748466257665,293.0,906.0,613.0,4.950618522233367,10013290.469999999,48.90105698621077,5.061323199170841
17003,BROCADE RING PURSE,14766.42,70379,457,215,0.30207343412526994,294.0,7.0,-287.0,0.20981287031642962,10028056.889999999,48.973170498553756,5.078597339782346
22485,SET OF 2 WOODEN MARKET CRATES,14677.84,1101,419,280,14.761428571428572,295.0,1963.0,1668.0,13.331371480472297,10042734.729999999,49.04485142026724,5.09587148039385
21912,VINTAGE SNAKES & LADDERS,14651.33,3736,830,447,4.668100961538462,296.0,736.0,440.0,3.921662205567452,10057386.059999999,49.116402877343255,5.113145621005355
21217,RED SPOTTY ROUND CAKE TINS,14646.039999999999,1484,463,277,10.806630669546434,297.0,1640.0,1343.0,9.869299191374662,10072032.099999998,49.18792850009514,5.13041976161686
21380,WOODEN HAPPY BIRTHDAY GARLAND,14593.320000000002,5031,651,325,3.406554878048781,298.0,547.0,249.0,2.9006797853309485,10086625.419999998,49.259196658656606,5.147693902228364
84050,PINK HEART SHAPE EGG FRYING PAN,14525.0,9853,715,308,2.1541551246537396,299.0,234.0,-65.0,1.4741703034608749,10101150.419999998,49.330131168631404,5.1649680428398685
84997D,CHILDRENS CUTLERY POLKADOT PINK,14493.640000000001,3666,358,208,4.503296398891967,300.0,756.0,456.0,3.9535297326786694,10115644.059999999,49.40091252843526,5.182242183451374
22150,3 STRIPEY MICE FELTCRAFT,14486.55,7815,938,505,2.1962277951933125,301.0,322.0,21.0,1.8536852207293666,10130130.61,49.47165926340775,5.199516324062878
84997C,BLUE 3 PIECE MINI DOTS CUTLERY SET,14438.97,3970,476,271,3.907193347193347,302.0,695.0,393.0,3.637020151133501,10144569.58,49.54217363597166,5.216790464674383
21672,WHITE SPOT RED CERAMIC DRAWER KNOB,14411.13,11120,815,278,1.59683192261185,303.0,200.0,-103.0,1.2959649280575538,10158980.71,49.61255204868994,5.234064605285886
22384,LUNCH BAG PINK RETROSPOT,14391.72,8916,812,375,1.8455259975816203,304.0,262.0,-42.0,1.6141453566621802,10173372.430000002,49.68283567043827,5.2513387458973915
22352,LUNCH BOX WITH CUTLERY RETROSPOT,14348.82,5679,887,316,3.190011248593926,305.0,471.0,166.0,2.5266455361859483,10187721.250000002,49.7529097850969,5.268612886508897
20748,KENSINGTON COFFEE SET,14266.98,1600,183,86,12.383224043715847,306.0,1561.0,1255.0,8.9168625,10201988.230000002,49.82258422469209,5.285887027120401
21169,YOU'RE CONFUSING ME METAL SIGN,14262.61,8856,772,278,2.130267857142857,307.0,264.0,-43.0,1.6105024841915085,10216250.840000002,49.8922373228891,5.303161167731905
21955,DOORMAT UNION JACK GUNS AND ROSES,14236.9,2349,401,201,8.678539603960397,308.0,1140.0,832.0,6.060834397616007,10230487.740000002,49.96176486334075,5.320435308343409
23200,JUMBO BAG PEARS,14188.960000000001,7067,595,262,2.4302508361204014,309.0,354.0,45.0,2.0077769916513373,10244676.700000003,50.03105828328236,5.337709448954914
84380,SET OF 3 BUTTERFLY COOKIE CUTTERS,14076.34,10405,1114,490,1.6672395369545858,310.0,217.0,-93.0,1.3528438250840942,10258753.040000003,50.09980171048639,5.3549835895664195
22627,MINT KITCHEN SCALES,14016.8,1609,660,322,9.371104387291982,311.0,1556.0,1245.0,8.71149782473586,10272769.840000004,50.16825436724473,5.372257730177924
35400,WOODEN BOX ADVENT CALENDAR,13999.1,1435,419,241,10.473995271867611,312.0,1682.0,1370.0,9.755470383275261,10286768.940000003,50.23662058401499,5.389531870789428
23343,JUMBO BAG VINTAGE CHRISTMAS,13972.710000000001,6078,476,286,2.417366255144033,313.0,439.0,126.0,2.298899308983218,10300741.650000004,50.3048579221816,5.406806011400933
21257,VICTORIAN SEWING BOX MEDIUM,13968.48,1549,532,206,10.49658536585366,314.0,1593.0,1279.0,9.017740477727566,10314710.130000005,50.373074602656146,5.424080152012437
22236,CAKE STAND 3 TIER MAGIC GARDEN,13965.519999999999,1127,421,251,13.37624703087886,315.0,1932.0,1617.0,12.391765749778171,10328675.650000004,50.44127682762984,5.441354292623942
22271,FELTCRAFT DOLL ROSIE,13921.730000000001,4866,787,400,3.2711712846347605,316.0,567.0,251.0,2.8610213727907934,10342597.380000005,50.509265199096376,5.458628433235447
21668,RED STRIPE CERAMIC DRAWER KNOB,13912.17,10357,825,255,1.6418127250900358,317.0,221.0,-96.0,1.3432625277590036,10356509.550000004,50.57720688320213,5.475902573846951
22366,DOORMAT AIRMAIL,13875.59,2089,433,200,9.173718244803695,318.0,1264.0,946.0,6.642216371469603,10370385.140000004,50.644969924665894,5.493176714458456
22295,HEART FILIGREE DOVE LARGE,13873.539999999999,8411,706,381,1.8310082872928175,319.0,288.0,-31.0,1.649451908215432,10384258.680000003,50.7127229547186,5.51045085506996
21888,BINGO SET,13862.17,3525,828,444,4.5841927710843375,320.0,781.0,461.0,3.9325304964539005,10398120.850000003,50.78042045806712,5.5277249956814645
22444,GROW YOUR OWN PLANT IN A CAN,13856.6,10135,456,249,1.5685557986870895,321.0,225.0,-96.0,1.3672027627035028,10411977.450000003,50.84809075967929,5.54499913629297
21259,VICTORIAN SEWING BOX SMALL,13843.92,2293,655,300,6.926051829268292,322.0,1169.0,847.0,6.03747056258177,10425821.370000003,50.91569913705142,5.562273276904474
21669,BLUE STRIPE CERAMIC DRAWER KNOB,13839.18,10578,805,262,1.5683516483516484,323.0,214.0,-109.0,1.308298355076574,10439660.550000003,50.983284366087766,5.579547417515979
79323P,PINK CHERRY LIGHTS,13787.93,2281,265,132,7.28390977443609,324.0,1178.0,854.0,6.044686540990794,10453448.480000002,51.05061930984795,5.596821558127483
22621,TRADITIONAL KNITTING NANCY,13784.32,8726,875,507,1.8153475336322868,325.0,269.0,-56.0,1.5796837038734814,10467232.800000003,51.11793662375747,5.614095698738987
22776,SWEETHEART CAKESTAND 3 TIER,13753.38,1378,526,347,10.917756653992395,326.0,1726.0,1400.0,9.980682148040637,10480986.180000003,51.18510283861441,5.6313698393504925
22109,FULL ENGLISH BREAKFAST PLATE,13750.11,3339,643,205,5.125307692307692,327.0,832.0,505.0,4.118032345013478,10494736.290000003,51.25225308404984,5.648643979961997
23077,DOUGHNUT LIP GLOSS,13695.77,10395,344,217,1.345436046511628,328.0,218.0,-110.0,1.3175343915343916,10508432.060000002,51.3191379538383,5.665918120573502
47556B,TEA TIME TEA TOWELS,13691.02,5201,449,209,3.198761061946903,329.0,520.0,191.0,2.6323822341857337,10522123.080000002,51.385999626454826,5.683192261185006
22191,IVORY DINER WALL CLOCK,13689.85,1659,500,282,8.788469184890657,330.0,1515.0,1185.0,8.251868595539483,10535812.930000002,51.45285558524164,5.70046640179651
21871,SAVE THE PLANET MUG,13654.89,11492,779,299,1.7336513994910943,331.0,190.0,-141.0,1.1882083188304908,10549467.820000002,51.519540812843005,5.717740542408015
48116,DOORMAT MULTICOLOUR STRIPE,13634.35,2351,258,112,9.218139534883722,332.0,1139.0,807.0,5.7993832411739685,10563102.170000002,51.58612573098929,5.73501468301952
21390,FILIGRIS HEART WITH BUTTERFLY,13552.97,10937,588,280,1.4604628099173553,333.0,205.0,-128.0,1.2391853341867056,10576655.140000002,51.652313220535106,5.752288823631025
22636,CHILDS BREAKFAST SET CIRCUS PARADE,13437.03,1619,489,312,8.789838056680162,334.0,1545.0,1211.0,8.299586164298951,10590092.170000002,51.717934503741056,5.769562964242529
C2,CARRIAGE,13426.0,268,267,45,50.21722846441948,335.0,3350.0,3015.0,50.09701492537314,10603518.170000002,51.78350192067198,5.786837104854033
23356,LOVE HOT WATER BOTTLE,13334.32,2359,476,316,6.205617283950618,336.0,1134.0,798.0,5.652530733361594,10616852.490000002,51.84862160776645,5.804111245465538
23207,LUNCH BAG ALPHABET DESIGN,13325.55,7830,740,377,1.9909656084656082,337.0,317.0,-20.0,1.7018582375478926,10630178.040000003,51.91369846555609,5.821385386077043
22207,FRYING PAN UNION FLAG,13298.57,3103,480,189,5.545791666666667,338.0,883.0,545.0,4.285713825330325,10643476.610000003,51.97864356340914,5.838659526688547
23108,SET OF 10 LED DOLLY LIGHTS,13290.519999999999,2219,372,271,6.469919571045577,339.0,1203.0,864.0,5.989418657052726,10656767.130000003,52.04354934816027,5.855933667300052
21673,WHITE SPOT BLUE CERAMIC DRAWER KNOB,13272.39,10051,763,263,1.630585175552666,340.0,227.0,-113.0,1.3205044274201572,10670039.520000003,52.108366592968835,5.873207807911556
23328,SET 6 SCHOOL MILK BOTTLES IN CRATE,13269.49,2841,405,195,4.845672371638142,341.0,947.0,606.0,4.670711017247448,10683309.010000004,52.17316967529347,5.890481948523061
21098,CHRISTMAS TOILET ROLL,13263.93,8537,596,269,1.6363474025974025,342.0,281.0,-61.0,1.5536991917535434,10696572.940000003,52.23794560471791,5.9077560891345655
21704,BAG 250G SWIRLY MARBLES,13235.16,17175,568,287,0.9764982578397212,343.0,97.0,-246.0,0.7706061135371179,10709808.100000003,52.30258103253465,5.92503022974607
21080,SET/20 RED RETROSPOT PAPER NAPKINS,13231.539999999999,15390,1181,493,1.0795594347464672,344.0,119.0,-225.0,0.8597491877842754,10723039.640000002,52.367198781664534,5.942304370357575
22846,BREAD BIN DINER STYLE RED,13213.97,823,344,189,17.592318840579708,345.0,2286.0,1941.0,16.055856622114216,10736253.610000003,52.43173072567636,5.959578510969079
15044A,PINK PAPER PARASOL,13210.85,4964,250,116,3.5974,346.0,556.0,210.0,2.6613315874294923,10749464.460000003,52.496247432808914,5.976852651580584
48187,DOOR MAT NEW ENGLAND,13201.61,2023,464,253,7.542844827586207,347.0,1302.0,955.0,6.525758774097874,10762666.070000002,52.56071901533754,5.994126792192088
22356,CHARLOTTE BAG PINK POLKADOT,13172.0,11222,907,269,1.2303787878787877,348.0,199.0,-149.0,1.173765817144894,10775838.070000002,52.62504599402175,6.011400932803593
75049L,LARGE CIRCULAR MIRROR MOBILE,13153.8,13968,344,106,1.554119318181818,349.0,140.0,-209.0,0.9417096219931271,10788991.870000003,52.68928409091031,6.028675073415098
22580,ADVENT CALENDAR GINGHAM SACK,13141.08,2326,496,275,6.1263581488933605,350.0,1156.0,806.0,5.649647463456578,10802132.950000003,52.75346006821424,6.045949214026603
21935,SUKI SHOULDER BAG,13103.21,7127,921,234,2.310639913232104,351.0,348.0,-3.0,1.8385309386838782,10815236.160000004,52.817451103012644,6.063223354638106
22088,PAPER BUNTING COLOURED LACE,13076.880000000001,4399,619,266,3.5205271565495204,352.0,629.0,277.0,2.972693794044101,10828313.040000005,52.8813135522243,6.080497495249611
22553,PLASTERS IN TIN SKULLS,13013.149999999998,7818,1091,507,1.9000811541929667,353.0,321.0,-32.0,1.6645113839856738,10841326.190000005,52.94486476864279,6.097771635861116
22464,HANGING METAL HEART LANTERN,12985.31,7853,787,397,1.90234335839599,354.0,315.0,-39.0,1.6535476887813574,10854311.500000006,53.00828002521565,6.115045776472621
48129,DOORMAT TOPIARY,12927.53,2087,337,183,8.565,355.0,1267.0,912.0,6.194312410158122,10867239.030000005,53.071413106505446,6.132319917084125
84988,SET OF 72 PINK HEART PAPER DOILIES,12913.24,8305,1019,379,2.097966764418377,356.0,296.0,-60.0,1.5548753762793497,10880152.270000005,53.13447640093484,6.149594057695629
21906,PHARMACIE FIRST AID TIN,12879.460000000001,1786,424,214,8.386713615023474,357.0,1431.0,1074.0,7.211343784994401,10893031.730000006,53.19737472684465,6.166868198307134
22766,PHOTO FRAME CORNICE,12864.25,4367,640,343,3.1835038759689924,358.0,634.0,276.0,2.945786581177009,10905895.980000006,53.26019877296812,6.184142338918639
22655,VINTAGE RED KITCHEN CABINET,12845.0,76,53,45,186.32075471698113,359.0,4281.0,3922.0,169.01315789473685,10918740.980000006,53.322928809500034,6.201416479530144
22838,3 TIER CAKE TIN RED AND CREAM,12837.46,894,263,177,16.882623574144485,360.0,2206.0,1846.0,14.359574944071587,10931578.440000007,53.385622023573774,6.218690620141648
21216,"SET 3 RETROSPOT TEA,COFFEE,SUGAR",12764.91,2384,498,174,7.369304174950297,361.0,1115.0,754.0,5.3544085570469795,10944343.350000007,53.447960931368776,6.235964760753152
22584,PACK OF 6 PANNETONE GIFT BOXES,12739.15,4989,571,408,2.852374350086655,362.0,552.0,190.0,2.55344758468631,10957082.500000007,53.51017403723765,6.253238901364658
22947,WOODEN ADVENT CALENDAR RED,12704.15,1011,209,124,14.754761904761905,363.0,2063.0,1700.0,12.565924826904055,10969786.650000008,53.572216216576464,6.270513041976161
22303,COFFEE MUG APPLES DESIGN,12701.630000000001,5439,540,266,2.72731977818854,364.0,493.0,129.0,2.3352877367163085,10982488.280000009,53.63424608920512,6.287787182587666
22646,CERAMIC STRAWBERRY CAKE MONEY BANK,12654.71,8918,883,404,1.8664022346368716,365.0,261.0,-104.0,1.419007625028033,10995142.99000001,53.69604682261119,6.305061323199171
22365,DOORMAT RESPECTABLE HOUSE,12524.1,1953,323,146,9.087987616099072,366.0,1334.0,968.0,6.4127496159754225,11007667.09000001,53.757209707043216,6.322335463810676
22616,PACK OF 12 LONDON TISSUES,12460.16,39351,826,319,0.42465558194774344,367.0,18.0,-349.0,0.316641508475007,11020127.25000001,53.81806033312291,6.339609604422181
21535,RED RETROSPOT SMALL MILK JUG,12456.39,5058,815,379,2.8212681159420288,368.0,543.0,175.0,2.4627105575326214,11032583.64000001,53.878892547973514,6.356883745033684
62018,SOMBRERO,12450.85,9567,127,70,1.7956692913385826,369.0,246.0,-123.0,1.3014372321521899,11045034.49000001,53.9396977075962,6.374157885645189
22623,BOX OF VINTAGE JIGSAW BLOCKS,12432.28,2313,542,334,5.657463235294117,370.0,1162.0,792.0,5.374958927799395,11057466.770000009,54.00041217848566,6.391432026256694
22804,CANDLEHOLDER PINK HANGING HEART,12411.640000000001,4381,594,325,3.1330198019801982,371.0,632.0,261.0,2.833060944989729,11069878.41000001,54.06102585155854,6.408706166868199
22144,CHRISTMAS CRAFT LITTLE FRIENDS,12382.47,5134,704,392,2.5934078212290506,372.0,528.0,156.0,2.4118562524347484,11082260.88000001,54.12149706957765,6.425980307479703
85014A,BLACK/BLUE DOTS RUFFLED UMBRELLA,12363.970000000001,2967,302,184,6.266611842105263,373.0,913.0,540.0,4.167162116616111,11094624.85000001,54.181877940716596,6.443254448091206
23174,REGENCY SUGAR BOWL GREEN,12342.43,3055,322,190,4.795123456790124,374.0,893.0,519.0,4.040075286415712,11106967.28000001,54.242153618785316,6.4605285887027115
21671,RED SPOT CERAMIC DRAWER KNOB,12339.32,9488,727,265,1.6134520547945204,375.0,248.0,-127.0,1.3005185497470488,11119306.60000001,54.302414108810936,6.477802729314217
21156,RETROSPOT CHILDRENS APRON,12324.05,6631,634,335,2.3205180533751966,376.0,381.0,5.0,1.8585507464937414,11131630.650000012,54.362600026033306,6.495076869925722
22631,CIRCUS PARADE LUNCH BOX,12239.9,6274,663,270,2.4940118870728085,377.0,410.0,33.0,1.9508925725215174,11143870.550000012,54.42237498704125,6.512351010537226
85042,ANTIQUE LILY FAIRY LIGHTS,12234.56,2694,293,142,4.947550335570471,378.0,1006.0,628.0,4.541410541945063,11156105.110000012,54.48212386954433,6.529625151148731
15056P,EDWARDIAN PARASOL PINK,12228.92,2473,344,186,6.234869565217392,379.0,1073.0,694.0,4.94497371613425,11168334.030000012,54.54184520845799,6.546899291760234
22082,RIBBON REEL STRIPES DESIGN,12192.05,7267,957,512,1.8920799180327867,380.0,342.0,-38.0,1.6777280858676207,11180526.080000013,54.60138648848128,6.56417343237174
21080,SET/20 RED SPOTTY PAPER NAPKINS,12185.39,15688,942,481,0.9671593291404612,381.0,114.0,-267.0,0.7767331718510964,11192711.470000014,54.66089524362771,6.581447572983244
22301,COFFEE MUG CAT + BIRD DESIGN,12124.78,5012,646,273,3.162391975308642,382.0,551.0,169.0,2.41915003990423,11204836.250000013,54.7201080028602,6.598721713594749
22192,BLUE DINER WALL CLOCK,12104.8,1426,543,260,8.901544117647058,383.0,1687.0,1304.0,8.488639551192145,11216941.050000014,54.77922318746214,6.615995854206254
21670,BLUE SPOT CERAMIC DRAWER KNOB,12074.4,8847,768,260,1.6361707632600258,384.0,265.0,-119.0,1.3648016276703967,11229015.450000014,54.838189910163656,6.633269994817757
20969,RED FLORAL FELTCRAFT SHOULDER BAG,12066.52,3237,613,285,4.244845528455285,385.0,850.0,465.0,3.7276861291319126,11241081.970000014,54.89711814997784,6.6505441354292625
21937,STRAWBERRY PICNIC BAG,12038.82,4100,657,286,3.6050832072617247,386.0,674.0,288.0,2.9362975609756097,11253120.790000014,54.95591111365252,6.667818276040767
84212,"ASSORTED FLOWER COLOUR ""LEIS""",11961.49,24794,277,140,0.8430935251798561,387.0,51.0,-336.0,0.4824348632733726,11265082.280000014,55.014326427368076,6.685092416652272
84987,SET OF 36 TEATIME PAPER DOILIES,11864.15,8138,812,406,1.8061029411764706,388.0,305.0,-83.0,1.4578704841484393,11276946.430000015,55.072266369985456,6.702366557263777
22729,ALARM CLOCK BAKELIKE ORANGE,11864.0,2999,612,236,4.47391935483871,389.0,905.0,516.0,3.9559853284428144,11288810.430000015,55.13020558006056,6.71964069787528
22488,NATURAL SLATE RECTANGLE CHALKBOARD,11788.06,6905,808,426,1.9600369913686806,390.0,362.0,-28.0,1.7071774076755972,11300598.490000015,55.1877739284016,6.7369148384867845
23300,GARDENERS KNEELING PAD CUP OF TEA,11785.99,6809,758,351,1.9087597911227152,391.0,371.0,-20.0,1.7309428697312381,11312384.480000015,55.24533216765928,6.75418897909829
21428,SET3 BOOK BOX GREEN GINGHAM FLOWER,11762.93,2883,465,228,5.06049356223176,392.0,928.0,536.0,4.080100589663545,11324147.410000015,55.30277779075172,6.771463119709795
20750,RED/WHITE DOT MINI CASES,11748.16,1622,401,246,7.9983168316831685,393.0,1541.0,1148.0,7.243008631319359,11335895.570000015,55.36015128284848,6.7887372603213
22791,T-LIGHT GLASS FLUTED ANTIQUE,11728.69,9458,434,226,1.5024827586206897,394.0,249.0,-145.0,1.240081412560795,11347624.260000015,55.41742969095837,6.806011400932803
22750,FELTCRAFT PRINCESS LOLA DOLL,11697.6,3125,647,362,4.025092024539878,395.0,875.0,480.0,3.7432320000000003,11359321.860000014,55.47455626747343,6.823285541544307
22943,CHRISTMAS LIGHTS 10 VINTAGE BAUBLES,11696.64,2381,356,215,5.995530726256984,396.0,1119.0,723.0,4.912490550188996,11371018.500000015,55.53167815571795,6.840559682155813
47567B,TEA TIME KITCHEN APRON,11683.27,2166,348,179,6.212670454545455,397.0,1223.0,826.0,5.393938134810711,11382701.770000014,55.58873475002797,6.857833822767318
21485,RED SPOT HEART HOT WATER BOTTLE,11670.66,2425,455,282,5.425271149674621,398.0,1098.0,700.0,4.812643298969072,11394372.430000015,55.64572976195103,6.875107963378822
22151,PLACE SETTING WHITE HEART,11609.19,27562,716,361,0.5367527173913044,399.0,38.0,-361.0,0.42120274290690085,11405981.620000014,55.702424578051144,6.892382103990327
21326,AGED GLASS SILVER T-LIGHT HOLDER,11593.86,17770,643,307,0.8101834862385321,400.0,88.0,-312.0,0.6524400675295442,11417575.480000013,55.7590445283311,6.90965624460183
23581,JUMBO BAG PAISLEY PARK,11581.83,5020,338,230,2.256289855072464,401.0,550.0,149.0,2.3071374501992032,11429157.310000014,55.81560572872086,6.9269303852133355
21260,FIRST AID TIN,11564.43,3512,534,303,3.8146654275092935,402.0,787.0,385.0,3.292833143507973,11440721.740000013,55.87208195420712,6.944204525824841
22508,DOORSTOP RETROSPOT HEART,11561.95,2880,697,400,4.388196022727272,403.0,930.0,527.0,4.014565972222223,11452283.690000013,55.9285460683278,6.961478666436345
22468,BABUSHKA LIGHTS STRING OF 10,11542.6,1736,413,196,7.8801694915254235,404.0,1458.0,1054.0,6.648963133640553,11463826.290000012,55.98491568449545,6.97875280704785
48185,DOOR MAT FAIRY CAKE,11532.31,1729,387,182,8.218333333333334,405.0,1461.0,1056.0,6.669930595720069,11475358.600000013,56.04123504826326,6.996026947659353
22637,PIGGY BANK RETROSPOT,11492.82,4480,599,329,3.0113,406.0,616.0,210.0,2.565361607142857,11486851.420000013,56.097361558069004,7.013301088270858
22663,JUMBO BAG DOLLY GIRL DESIGN,11465.29,5764,688,268,2.4382778581765554,407.0,463.0,56.0,1.9891204024982652,11498316.710000012,56.15335362194982,7.030575228882363
22649,STRAWBERRY FAIRY CAKE TEAPOT,11462.58,2292,487,198,5.709635627530364,408.0,1172.0,764.0,5.001125654450262,11509779.290000012,56.20933245123359,7.047849369493868
21172,PARTY METAL SIGN,11382.16,7686,972,420,1.910576923076923,409.0,324.0,-85.0,1.4808951340098881,11521161.450000012,56.264918540187445,7.065123510105373
22367,CHILDRENS APRON SPACEBOY DESIGN,11365.8,5738,849,450,2.3195657276995303,410.0,465.0,55.0,1.980794701986755,11532527.250000013,56.32042473319754,7.082397650716876
21429,RED GINGHAM ROSE JEWELLERY BOX,11342.25,6359,997,418,2.1040532544378694,411.0,394.0,-17.0,1.7836530901085077,11543869.500000013,56.37581591707097,7.099671791328381
22988,SOLDIERS EGG CUP,11238.45,9363,446,207,1.4986474501108646,412.0,253.0,-159.0,1.200304389618712,11555107.950000012,56.430700181692394,7.116945931939886
22844,VINTAGE CREAM DOG FOOD CONTAINER,11199.64,1181,489,221,10.608028455284552,413.0,1884.0,1471.0,9.483183742591024,11566307.590000013,56.485394913210065,7.134220072551391
21922,UNION STRIPE WITH FRINGE HAMMOCK,11199.18,1445,390,204,8.812122762148338,414.0,1675.0,1261.0,7.750297577854671,11577506.770000013,56.54008739826476,7.151494213162896
72351B,SET/6 PINK BUTTERFLY T-LIGHTS,11184.890000000001,5785,499,208,2.362924901185771,415.0,459.0,44.0,1.9334295592048403,11588691.660000013,56.594710096459046,7.1687683537744
22968,ROSE COTTAGE KEEPSAKE BOX,11184.82,1127,306,182,11.719281045751634,416.0,1932.0,1516.0,9.924418811002662,11599876.480000013,56.64933245280027,7.186042494385904
47599A,PINK PARTY BAGS,11180.57,5967,369,202,2.2879892761394105,417.0,447.0,30.0,1.8737338696162225,11611057.050000014,56.703934053777125,7.2033166349974085
22795,SWEETHEART RECIPE BOOK STAND,11175.81,1597,498,227,7.921394422310757,418.0,1562.0,1144.0,6.998002504696306,11622232.860000014,56.7585124087459,7.220590775608914
21868,POTTING SHED TEA MUG,11163.64,9075,881,377,1.6171621621621621,419.0,257.0,-162.0,1.2301531680440771,11633396.500000015,56.81303133011837,7.237864916220419
22417,PACK OF 60 SPACEBOY CAKE CASES,11159.9,21451,1103,521,0.7101066666666667,420.0,64.0,-356.0,0.5202508041583143,11644556.400000015,56.86753198677019,7.255139056831923
21735,TWO DOOR CURIO CABINET,11112.85,853,262,139,15.352824427480916,421.0,2251.0,1830.0,13.027960140679953,11655669.250000015,56.921802869329454,7.272413197443426
47591D,PINK FAIRY CAKE CHILDRENS APRON,11103.119999999999,5952,751,393,2.1309473684210527,422.0,448.0,26.0,1.8654435483870966,11666772.370000014,56.97602623431336,7.289687338054931
23170,REGENCY TEA PLATE ROSES,11097.249999999998,6857,445,224,2.075707865168539,423.0,364.0,-59.0,1.6183826746390546,11677869.620000014,57.030220932476375,7.3069614786664365
22620,4 TRADITIONAL SPINNING TOPS,11073.449999999999,8182,842,449,1.570745920745921,424.0,303.0,-121.0,1.353391591297971,11688943.070000013,57.08429940059895,7.324235619277941
22834,HAND WARMER BABUSHKA DESIGN,11072.83,6792,592,297,2.291513157894737,425.0,373.0,-52.0,1.630275323910483,11700015.900000013,57.138374840880125,7.341509759889446
22768,FAMILY PHOTO FRAME CORNICE,11064.72,1158,354,243,10.684241573033708,426.0,1900.0,1474.0,9.55502590673575,11711080.620000014,57.192410675042495,7.358783900500949
22198,LARGE POPCORN HOLDER,11063.4,6323,554,212,2.061032028469751,427.0,401.0,-26.0,1.7497074173651748,11722144.020000014,57.24644006283286,7.376058041112454
B,ADJUST BAD DEBT,11062.06,1,1,0,11062.06,428.0,5647.0,5219.0,11062.06,11733206.080000015,57.30046290657894,7.3933321817239595
21155,RED RETROSPOT PEG BAG,11060.2,4003,605,247,3.0693126022913257,429.0,686.0,257.0,2.762977766674994,11744266.280000014,57.35447666680085,7.410606322335464
22130,PARTY CONE CHRISTMAS DECORATION,10991.21,9737,424,298,1.8005092592592593,430.0,239.0,-191.0,1.1288086679675464,11755257.490000015,57.40815350641394,7.427880462946969
21844,RED RETROSPOT MUG,10986.43,3893,340,195,3.266140350877193,431.0,706.0,275.0,2.8220986385820703,11766243.920000015,57.46180700234662,7.445154603558472
22694,WICKER STAR,10958.6,4893,858,484,2.4002183908045978,432.0,563.0,131.0,2.239648477416718,11777202.520000014,57.515324587269845,7.462428744169977
21210,SET OF 72 RETRO SPOT PAPER DOILIES,10949.4,7671,554,292,1.7337589928057555,433.0,325.0,-108.0,1.427375831052014,11788151.920000015,57.568797242933734,7.479702884781482
20828,GLITTER BUTTERFLY CLIPS,10940.48,4423,607,261,2.935849358974359,434.0,625.0,191.0,2.4735428442233776,11799092.400000015,57.622226336750536,7.496977025392987
22668,PINK BABY BUNTING,10898.05,3587,579,296,3.9153886010362697,435.0,769.0,334.0,3.0382074156676886,11809990.450000016,57.67544821877676,7.514251166004492
22667,RECIPE BOX RETROSPOT,10891.7,3886,670,338,3.0047275405007365,436.0,709.0,273.0,2.802804940813176,11820882.150000015,57.7286390898468,7.531525306615997
21907,I'M ON HOLIDAY METAL SIGN,10866.220000000001,5163,771,381,2.2837194337194338,437.0,525.0,88.0,2.1046329653302345,11831748.370000016,57.78170552640297,7.5487994472275
22950,36 DOILIES VINTAGE CHRISTMAS,10823.97,7851,342,251,1.5666184971098265,438.0,316.0,-122.0,1.3786740542606037,11842572.340000017,57.83456563021928,7.566073587839004
37370,RETRO COFFEE MUGS ASSORTED,10821.29,7145,492,184,5.550721442885772,439.0,346.0,-93.0,1.514526242127362,11853393.630000016,57.88741264594699,7.5833477284505095
23209,LUNCH BAG VINTAGE DOILY,10797.0,6548,601,319,1.8969934640522876,440.0,386.0,-54.0,1.6489004276114845,11864190.630000016,57.94014103866285,7.600621869062015
21086,SET/6 RED SPOTTY PAPER CUPS,10781.81,16658,843,311,0.8944613583138173,441.0,104.0,-337.0,0.6472451674870933,11874972.440000016,57.99279524926466,7.617896009673519
21210,SET OF 72 RETROSPOT PAPER DOILIES,10777.789999999999,7447,607,313,1.7963382594417077,442.0,336.0,-106.0,1.4472660131596615,11885750.230000015,58.0454298277336,7.635170150285023
22274,FELTCRAFT DOLL EMILY,10770.070000000002,3773,656,344,3.2660060514372162,443.0,728.0,285.0,2.854510999204877,11896520.300000016,58.09802670469361,7.652444290896527
22904,CALENDAR PAPER CUT DESIGN,10755.050000000001,3467,463,269,3.3329550321199144,444.0,797.0,353.0,3.1021199884626482,11907275.350000016,58.15055022975416,7.6697184315080325
21035,SET/2 RED RETROSPOT TEA TOWELS,10684.21,3335,503,191,4.400216962524654,445.0,835.0,390.0,3.203661169415292,11917959.560000017,58.20272779951786,7.686992572119538
21833,CAMOUFLAGE LED TORCH,10681.67,6239,444,210,2.048943820224719,446.0,415.0,-31.0,1.7120804616124379,11928641.230000017,58.2548929648991,7.704266712731042
21624,VINTAGE UNION JACK DOORSTOP,10641.15,1771,403,281,6.616987654320988,447.0,1437.0,990.0,6.0085544889892715,11939282.380000018,58.30686024619468,7.721540853342546
21974,SET OF 36 PAISLEY FLOWER DOILIES,10622.15,7046,808,355,1.989320987654321,448.0,358.0,-90.0,1.5075432869713312,11949904.530000018,58.35873473880251,7.73881499395405
22064,PINK DOUGHNUT TRINKET POT,10592.66,6607,694,213,2.13990099009901,449.0,382.0,-67.0,1.6032480702285454,11960497.190000018,58.41046521359973,7.756089134565555
21524,DOOR MAT SPOTTY HOME SWEET HOME,10563.06,1773,287,170,7.776562500000001,450.0,1436.0,986.0,5.957732656514382,11971060.250000019,58.46205113338867,7.7733632751770605
48111,DOOR MAT 3 SMILEY CATS,10532.27,1830,285,125,7.744666666666666,451.0,1403.0,952.0,5.755338797814208,11981592.520000018,58.51348668666731,7.790637415788565
22179,SET 10 LIGHTS NIGHT OWL,10509.880000000001,1518,396,165,8.223400503778338,452.0,1616.0,1164.0,6.923504611330699,11992102.400000019,58.564812895802866,7.80791155640007
23209,LUNCH BAG DOILEY PATTERN,10502.19,6551,492,290,1.7325754527162975,453.0,385.0,-68.0,1.6031430315982294,12002604.590000018,58.61610154993795,7.825185697011573
22302,COFFEE MUG PEARS DESIGN,10492.45,4926,396,212,2.723233082706767,454.0,558.0,104.0,2.130014210312627,12013097.040000018,58.66734263766153,7.842459837623078
22812,PACK 3 BOXES CHRISTMAS PANNETONE,10485.949999999999,4803,438,266,2.507839643652561,455.0,574.0,119.0,2.1832084114095354,12023582.990000017,58.718551981886655,7.8597339782345825
21121,SET/10 RED POLKADOT PARTY CANDLES,10451.93,8654,485,301,1.349061224489796,456.0,276.0,-180.0,1.2077571065403283,12034034.920000017,58.76959518552458,7.877008118846088
21890,S/6 WOODEN SKITTLES IN COTTON BAG,10451.6,3490,548,335,3.7205405405405405,457.0,791.0,334.0,2.994727793696275,12044486.520000016,58.82063677756951,7.894282259457593
23208,LUNCH BAG VINTAGE LEAF DESIGN,10441.91,6308,668,305,1.9362038404726736,458.0,404.0,-54.0,1.6553440076093848,12054928.430000016,58.87163104738369,7.911556400069096
22418,10 COLOUR SPACEBOY PEN,10397.33,12290,585,331,1.015704584040747,459.0,173.0,-286.0,0.8459991863303499,12065325.760000017,58.92240760563471,7.928830540680601
21982,PACK OF 12 SUKI TISSUES,10395.88,32086,718,335,0.45087431693989066,460.0,26.0,-434.0,0.32400049865985164,12075721.640000017,58.973177082643794,7.9461046812921055
22174,PHOTO CUBE,10374.33,5122,557,178,2.52070796460177,461.0,531.0,70.0,2.0254451386177275,12086095.970000017,59.023841317746495,7.963378821903611
22992,REVOLVER WOODEN RULER,10373.99,5233,348,217,2.2714044943820224,462.0,518.0,56.0,1.9824173514236576,12096469.960000018,59.07450389242005,7.980652962515116
22725,ALARM CLOCK BAKELIKE CHOCOLATE,10324.92,2518,549,217,4.72523381294964,463.0,1060.0,597.0,4.100444797458301,12106794.880000018,59.12492682809847,7.997927103126619
84997B,CHILDRENS CUTLERY RETROSPOT RED,10316.86,2634,262,157,4.4931698113207545,464.0,1024.0,560.0,3.916803340926348,12117111.740000017,59.17531040183881,8.015201243738124
22120,WELCOME WOODEN BLOCK LETTERS,10314.19,1018,367,196,11.28659400544959,465.0,2053.0,1588.0,10.131817288801573,12127425.930000016,59.22568093632672,8.03247538434963
22089,PAPER BUNTING VINTAGE PAISLEY,10303.35,3530,553,290,3.377241992882562,466.0,777.0,311.0,2.9187960339943344,12137729.280000016,59.275998532426456,8.049749524961133
48194,DOOR MAT HEARTS,10298.44,1709,318,188,7.8927499999999995,467.0,1480.0,1013.0,6.026003510825044,12148027.720000016,59.326292149975835,8.067023665572638
22740,POLKADOT PEN,10293.71,12049,275,142,1.1078985507246375,468.0,178.0,-290.0,0.8543206905137355,12158321.430000016,59.37656266802559,8.084297806184141
20724,RED SPOTTY CHARLOTTE BAG,10231.44,11536,781,282,1.0475923566878982,469.0,188.0,-281.0,0.8869140083217754,12168552.870000016,59.42652908336029,8.101571946795646
22380,TOY TIDY SPACEBOY,10217.66,4966,690,300,2.4576734104046243,470.0,555.0,85.0,2.0575231574708015,12178770.530000016,59.476428202478296,8.118846087407151
23582,VINTAGE DOILY JUMBO BAG RED,10206.41,4802,259,186,2.2147709923664123,471.0,575.0,104.0,2.1254498125780925,12188976.940000016,59.526272380925924,8.136120228018656
22748,POPPY'S PLAYHOUSE KITCHEN,10161.4,4142,742,410,2.4121276595744683,472.0,668.0,196.0,2.453259295026557,12199138.340000017,59.57589674785591,8.153394368630162
21892,TRADITIONAL WOODEN CATCH CUP GAME,10151.28,7826,818,447,1.570631704410012,473.0,319.0,-154.0,1.2971224124712497,12209289.620000016,59.625471692600605,8.170668509241667
84997C,CHILDRENS CUTLERY POLKADOT BLUE,10150.76,2582,233,150,4.406824034334764,474.0,1038.0,564.0,3.93135553834237,12219440.380000016,59.67504409786544,8.18794264985317
22970,LONDON BUS COFFEE MUG,10140.6,4334,317,180,2.730219435736677,475.0,642.0,167.0,2.339778495616059,12229580.980000015,59.7245668856004,8.205216790464673
21033,JUMBO BAG CHARLIE AND LOLA TOYS,10132.11,4590,573,163,3.3389703315881327,476.0,606.0,130.0,2.2074313725490198,12239713.090000015,59.77404821144279,8.222490931076178
22966,GINGERBREAD MAN COOKIE CUTTER,10131.26,8219,732,422,1.440776439089692,477.0,301.0,-176.0,1.232663341039056,12249844.350000015,59.8235253862123,8.239765071687684
21781,MA CAMPAGNE CUTLERY BOX,10125.72,655,363,150,16.549700272479562,478.0,2531.0,2053.0,15.459114503816792,12259970.070000015,59.87297550575392,8.257039212299189
84792,ENCHANTED BIRD COATHANGER 5 HOOK,10119.51,2297,519,248,5.2575623800383875,479.0,1166.0,687.0,4.405533304309969,12270089.580000015,59.922395298045494,8.274313352910692
22771,CLEAR DRAWER KNOB ACRYLIC EDWARDIAN,10117.08,7465,511,201,1.5409441233140655,480.0,335.0,-145.0,1.3552685867381111,12280206.660000015,59.97180322315225,8.291587493522197
22381,TOY TIDY PINK POLKADOT,10090.01,4712,589,177,2.941208053691275,481.0,593.0,112.0,2.14134337860781,12290296.670000015,60.021078948797054,8.308861634133702
23171,REGENCY TEA PLATE GREEN,10051.99,6247,381,195,2.128433420365535,482.0,412.0,-70.0,1.609090763566512,12300348.660000015,60.07016899939407,8.326135774745207
21558,SKULL LUNCH BOX WITH CUTLERY,10014.54,3909,703,253,3.2565963431786216,483.0,704.0,221.0,2.5619186492709134,12310363.200000014,60.1190761586039,8.34340991535671
21756,BATH BUILDING BLOCK WORD,9944.65,1612,581,327,6.565616438356165,484.0,1553.0,1069.0,6.169137717121588,12320307.850000015,60.16764200195129,8.360684055968214
22327,ROUND SNACK BOXES SET OF 4 SKULLS,9943.550000000001,3074,651,256,3.7727218045112783,485.0,889.0,404.0,3.2347267404033837,12330251.400000015,60.21620247332202,8.37795819657972
23076,ICE CREAM SUNDAE LIP GLOSS,9935.76,8076,277,202,1.35028880866426,486.0,308.0,-178.0,1.2302823179791977,12340187.160000015,60.26472490133078,8.395232337191224
22131,FOOD CONTAINER SET 3 LOVE HEART,9914.89,5243,692,276,2.551026722925457,487.0,517.0,30.0,1.891071905397673,12350102.050000016,60.31314540829147,8.41250647780273
84880,WHITE WIRE EGG HOLDER,9894.99,1729,375,185,6.7271618037135275,488.0,1461.0,973.0,5.722955465587044,12359997.040000016,60.36146873131079,8.429780618414235
22300,COFFEE MUG DOG + BALL DESIGN,9891.4,4117,527,254,3.0054613935969865,489.0,670.0,181.0,2.402574690308477,12369888.440000016,60.40977452215173,8.44705475902574
85232B,SET/3 RUSSIAN DOLL STACKING TINS,9867.14,1968,371,154,5.845614973262033,490.0,1328.0,838.0,5.013790650406504,12379755.580000017,60.45796183648926,8.464328899637243
22429,ENAMEL MEASURING JUG CREAM,9844.039999999999,2288,628,364,4.799809825673534,491.0,1174.0,683.0,4.302465034965034,12389599.620000016,60.50603633931695,8.481603040248748
20829,GLITTER HANGING BUTTERFLY STRING,9825.02,4820,481,207,2.4219755600814663,492.0,572.0,80.0,2.0383858921161826,12399424.640000015,60.55401795578459,8.498877180860251
48184,DOOR MAT ENGLISH ROSE,9816.33,1482,326,184,7.739815950920245,493.0,1643.0,1150.0,6.623704453441295,12409240.970000016,60.60195713363663,8.516151321471757
21488,RED WHITE SCARF HOT WATER BOTTLE,9784.58,2384,359,216,4.569120879120879,494.0,1115.0,621.0,4.104270134228188,12419025.550000016,60.649741256707834,8.533425462083262
22645,CERAMIC HEART FAIRY CAKE MONEY BANK,9765.529999999999,5441,737,338,2.020107671601615,495.0,492.0,-3.0,1.794804263922073,12428791.080000015,60.69743234691052,8.550699602694765
22745,POPPY'S PLAYHOUSE BEDROOM,9764.64,3976,703,377,2.482682584269663,496.0,694.0,198.0,2.4558953722334,12438555.720000016,60.745119090695745,8.56797374330627
79000,MOROCCAN TEA GLASS,9759.91,11973,436,195,1.3779587155963302,497.0,180.0,-317.0,0.8151599432055457,12448315.630000016,60.79278273498132,8.585247883917775
23240,SET OF 4 KNICK KNACK TINS DOILY,9726.48,2352,353,230,4.541388888888889,498.0,1138.0,640.0,4.135408163265306,12458042.110000016,60.84028312001263,8.60252202452928
22549,PICTURE DOMINOES,9718.41,6521,711,403,1.8593767313019391,499.0,389.0,-110.0,1.4903251035117313,12467760.520000016,60.8877440942697,8.619796165140786
47570B,TEA TIME TABLE CLOTH,9622.27,973,224,129,11.808805309734513,500.0,2110.0,1610.0,9.88928057553957,12477382.790000016,60.934735557766786,8.637070305752289
84997D,PINK 3 PIECE POLKADOT CUTLERY SET,9621.970000000001,2634,280,172,4.037937062937063,501.0,1024.0,523.0,3.652987851176918,12487004.760000017,60.981725556179335,8.654344446363794
22840,ROUND CAKE TIN VINTAGE RED,9602.6,1264,392,273,8.261479591836734,502.0,1803.0,1301.0,7.596993670886076,12496607.360000016,61.02862095896652,8.671618586975297
22665,RECIPE BOX BLUE SKETCHBOOK DESIGN,9589.84,2964,709,326,3.739410939691445,503.0,914.0,411.0,3.2354385964912282,12506197.200000016,61.07545404682446,8.688892727586802
23175,REGENCY MILK JUG PINK,9587.15,3160,329,206,3.8787915407854987,504.0,866.0,362.0,3.033908227848101,12515784.350000016,61.12227399775768,8.706166868198308
22978,PANTRY ROLLING PIN,9564.98,2464,238,153,4.3442436974789915,505.0,1080.0,575.0,3.8818912337662335,12525349.330000017,61.16898567894313,8.72344100880981
85099B,RED RETROSPOT JUMBO BAG,9563.89,5417,210,157,2.143490566037736,506.0,496.0,-10.0,1.7655325826103008,12534913.220000017,61.21569203698808,8.740715149421316
22381,TOY TIDY PINK RETROSPOT,9529.53,4553,511,241,2.4802912621359225,507.0,610.0,103.0,2.093022183175928,12544442.750000017,61.26223059401666,8.757989290032821
82552,WASHROOM METAL SIGN,9527.16,6955,794,346,1.5468875,508.0,361.0,-147.0,1.3698289000718906,12553969.910000017,61.30875757687734,8.775263430644326
35961,FOLKART ZINC HEART CHRISTMAS DEC,9514.78,11430,637,262,1.1431424148606812,509.0,193.0,-316.0,0.8324391951006125,12563484.690000016,61.355224100582525,8.79253757125583
16014,SMALL CHINESE STYLE SCISSOR,9513.1,29355,93,46,0.39526881720430107,510.0,32.0,-478.0,0.3240708567535343,12572997.790000016,61.40168241981427,8.809811711867335
22767,TRIPLE PHOTO FRAME CORNICE,9478.23,1004,295,197,10.317710437710437,511.0,2075.0,1564.0,9.440468127490039,12582476.020000016,61.44797044738595,8.827085852478838
22942,CHRISTMAS LIGHTS 10 SANTAS,9466.41,1221,246,176,8.545263157894736,512.0,1847.0,1335.0,7.752997542997543,12591942.430000016,61.49420075062659,8.844359993090343
82001S,VINYL RECORD FRAME SILVER,9463.64,2639,204,83,4.134126213592233,513.0,1022.0,509.0,3.5860704812428947,12601406.070000017,61.5404175262533,8.861634133701848
85014A,BLACK/BLUE POLKADOT UMBRELLA,9433.61,1656,382,238,6.3690575916230365,514.0,1517.0,1003.0,5.696624396135266,12610839.680000016,61.586487646917206,8.878908274313353
21539,RED RETROSPOT BUTTER DISH,9408.77,1861,539,235,5.802058823529412,515.0,1378.0,863.0,5.055760343901128,12620248.450000016,61.63243645858093,8.896182414924859
21716,BOYS VINTAGE TIN SEASIDE BUCKET,9397.07,3709,496,241,3.3368737474949897,516.0,745.0,229.0,2.53358587220275,12629645.520000016,61.67832813194746,8.913456555536362
20970,PINK FLORAL FELTCRAFT SHOULDER BAG,9387.29,2490,574,278,4.142339688041595,517.0,1068.0,551.0,3.7699959839357433,12639032.810000015,61.72417204355787,8.930730696147867
21385,IVORY HANGING DECORATION HEART,9358.94,10832,690,320,1.0488716502115656,518.0,207.0,-311.0,0.8640084933530281,12648391.750000015,61.76987750467893,8.94800483675937
22357,KINGS CHOICE BISCUIT TIN,9352.41,2089,467,259,5.068800856531049,519.0,1264.0,745.0,4.476979415988511,12657744.160000015,61.81555107579311,8.965278977370875
84692,BOX OF 24 COCKTAIL PARASOLS,9336.68,19110,1129,348,0.6253571428571428,520.0,78.0,-442.0,0.48857561486132917,12667080.840000015,61.86114782764105,8.98255311798238
22656,VINTAGE BLUE KITCHEN CABINET,9290.0,45,37,30,214.86486486486487,521.0,4605.0,4084.0,206.44444444444446,12676370.840000015,61.90651661233405,8.999827258593884
21658,GLASS BEURRE DISH,9271.89,2225,519,166,5.327878787878788,522.0,1198.0,676.0,4.167141573033708,12685642.730000015,61.95179695475679,9.017101399205389
22219,LOVEBIRD HANGING DECORATION WHITE,9270.48,9771,1149,384,1.1349401709401707,523.0,238.0,-285.0,0.9487749462695731,12694913.210000016,61.99707041128216,9.034375539816894
20747,PICCADILLY TEA SET,9224.92,683,108,48,15.723703703703702,524.0,2483.0,1959.0,13.506471449487554,12704138.130000016,62.04212137030156,9.0516496804284
23319,BOX OF 6 MINI 50'S CRACKERS,9219.53,3720,403,300,2.651167883211679,525.0,740.0,215.0,2.4783682795698927,12713357.660000015,62.08714600663532,9.068923821039904
21745,GAOLERS KEYS DECORATIVE GARDEN,9201.49,2699,486,236,3.953394308943089,526.0,1003.0,477.0,3.409221934049648,12722559.150000015,62.13208254255187,9.086197961651408
22741,FUNKY DIVA PEN,9173.029999999999,10652,292,132,1.0997610921501706,527.0,210.0,-317.0,0.8611556515208411,12731732.180000015,62.1768800907814,9.103472102262913
22121,NOEL WOODEN BLOCK LETTERS,9167.61,1482,439,303,6.627573033707865,528.0,1643.0,1115.0,6.185971659919029,12740899.790000014,62.22165116981686,9.120746242874416
23318,BOX OF 6 MINI VINTAGE CRACKERS,9162.41,3809,376,270,2.7416492146596863,529.0,724.0,195.0,2.4054633762142292,12750062.200000014,62.26639685405356,9.138020383485921
23080,RED METAL BOX TOP SECRET,9117.62,1074,257,148,9.339272030651342,530.0,1999.0,1469.0,8.489404096834265,12759179.820000013,62.31092380116794,9.155294524097426
21933,PINK VINTAGE PAISLEY PICNIC BAG,9087.63,4116,625,294,2.4375316455696203,531.0,672.0,141.0,2.2078790087463553,12768267.450000014,62.355304288664136,9.172568664708932
21777,RECIPE BOX WITH METAL HEART,9075.51,1126,367,169,9.097527173913043,532.0,1937.0,1405.0,8.059955595026643,12777342.960000014,62.399625586744776,9.189842805320435
84030E,ENGLISH ROSE HOT WATER BOTTLE,9042.15,2122,485,254,4.866748466257669,533.0,1246.0,713.0,4.261145146088595,12786385.110000014,62.4437839674242,9.20711694593194
22195,LARGE HEART MEASURING SPOONS,9005.64,5043,806,321,2.2512576312576313,534.0,545.0,11.0,1.7857703747769185,12795390.750000015,62.4877640473147,9.224391086543445
22989,SET 2 PANTRY DESIGN TEA TOWELS,8999.27,2811,372,241,3.6862698412698416,535.0,956.0,421.0,3.2014478833155464,12804390.020000014,62.53171301857672,9.24166522715495
21715,GIRLS VINTAGE TIN SEASIDE BUCKET,8987.24,3553,487,255,3.257576374745417,536.0,775.0,239.0,2.529479313256403,12813377.260000015,62.57560323994855,9.258939367766454
21985,PACK OF 12 HEARTS DESIGN TISSUES,8972.11,25523,919,493,0.4081974248927039,537.0,48.0,-489.0,0.35153038435920547,12822349.370000014,62.619419572223244,9.276213508377957
22371,AIRLINE BAG VINTAGE TOKYO 78,8936.8,1840,690,285,5.316320346320347,538.0,1395.0,857.0,4.85695652173913,12831286.170000015,62.663063464047184,9.293487648989462
22141,CHRISTMAS CRAFT TREE TOP ANGEL,8895.210000000001,3663,572,313,2.595549828178694,539.0,757.0,218.0,2.4283947583947585,12840181.380000016,62.706504246317266,9.310761789600967
23322,LARGE WHITE HEART OF WICKER,8878.210000000001,3069,562,350,3.1351398601398603,540.0,890.0,350.0,2.892867383512545,12849059.590000017,62.7498620071299,9.328035930212472
22333,RETROSPOT PARTY BAG + STICKER SET,8857.32,5648,409,210,1.8650121065375302,541.0,476.0,-65.0,1.5682223796033994,12857916.910000017,62.79311774922214,9.345310070823977
23439,HAND WARMER RED LOVE HEART,8855.51,3986,397,268,2.2266262135922332,542.0,690.0,148.0,2.2216532865027596,12866772.420000017,62.836364651970975,9.36258421143548
84997B,RED 3 PIECE RETROSPOT CUTLERY SET,8846.86,2418,264,169,3.9800000000000004,543.0,1100.0,557.0,3.6587510339123246,12875619.280000016,62.87956931144881,9.379858352046986
22215,CAKE STAND WHITE TWO TIER LACE,8809.93,1085,359,245,9.028802228412257,544.0,1986.0,1442.0,8.119751152073732,12884429.210000016,62.92259361901936,9.397132492658491
22839,3 TIER CAKE TIN GREEN AND CREAM,8794.42,566,256,138,18.081206225680933,545.0,2655.0,2110.0,15.537844522968198,12893223.630000016,62.96554218171902,9.414406633269994
20718,RED SPOTTY SHOPPER BAG,8763.09,7058,517,237,1.5206551059730251,546.0,355.0,-191.0,1.2415826013034854,12901986.720000016,63.00833774075619,9.4316807738815
84839,SWEETHEART KEY CABINET,8747.05,1523,393,219,7.216472081218274,547.0,1609.0,1062.0,5.7433026920551535,12910733.770000016,63.05105496660646,9.448954914493005
20718,RED RETROSPOT SHOPPER BAG,8694.26,6295,696,280,1.7553934191702432,548.0,408.0,-140.0,1.3811374106433678,12919428.030000016,63.09351438641324,9.466229055104508
20974,12 PENCILS SMALL TUBE SKULL,8686.54,13267,823,370,0.74572267920094,549.0,152.0,-397.0,0.6547478706565162,12928114.570000015,63.135936104711085,9.483503195716013
22895,SET OF 2 TEA TOWELS APPLE AND PEARS,8648.49,2847,411,232,3.46310843373494,550.0,945.0,395.0,3.037755532139094,12936763.060000015,63.1781720014527,9.500777336327518
22212,FOUR HOOK WHITE LOVEBIRDS,8642.300000000001,4024,828,323,2.6206428571428573,551.0,682.0,131.0,2.147688866799205,12945405.360000016,63.22037766861658,9.518051476939023
84032A,CHARLIE+LOLA PINK HOT WATER BOTTLE,8624.1,3234,662,227,3.3137987987987993,552.0,852.0,300.0,2.66669758812616,12954029.460000016,63.26249445398481,9.535325617550527
21381,MINI WOODEN HAPPY BIRTHDAY GARLAND,8568.0,5104,532,234,2.192467771639042,553.0,534.0,-19.0,1.6786833855799372,12962597.460000016,63.304337268543435,9.552599758162032
21135,VICTORIAN METAL POSTCARD SPRING,8567.24,5985,405,251,2.0081490384615384,554.0,444.0,-110.0,1.4314519632414369,12971164.700000016,63.34617637155455,9.569873898773535
22110,BIRD HOUSE HOT WATER BOTTLE,8563.76,2609,512,217,3.8439885496183206,555.0,1030.0,475.0,3.2823917209658875,12979728.460000016,63.387998479584965,9.58714803938504
23082,SET 6 PAPER TABLE LANTERN HEARTS,8558.76,2328,297,205,4.093564356435643,556.0,1154.0,598.0,3.676443298969072,12988287.220000016,63.42979616953964,9.604422179996545
23078,ICE CREAM PEN LIP GLOSS,8553.34,6831,257,159,1.4267315175097277,557.0,368.0,-189.0,1.2521358512662861,12996840.560000015,63.47156739030025,9.62169632060805
22283,6 EGG HOUSE PAINTED WOOD,8533.09,1032,382,196,9.60413612565445,558.0,2041.0,1483.0,8.268498062015505,13005373.650000015,63.51323971785418,9.638970461219554
21186,WHITE DOVE HONEYCOMB PAPER GARLAND,8532.17,5272,369,187,2.0303733333333334,559.0,510.0,-49.0,1.6183933990895296,13013905.820000015,63.55490755248218,9.656244601831059
23256,CHILDRENS CUTLERY SPACEBOY,8517.67,2077,360,225,4.469945054945056,560.0,1272.0,712.0,4.100948483389504,13022423.490000015,63.59650457469057,9.673518742442564
21932,SCANDINAVIAN PAISLEY PICNIC BAG,8498.61,3871,649,315,2.427794793261868,561.0,711.0,150.0,2.1954559545337125,13030922.100000015,63.63800851519431,9.690792883054069
23493,VINTAGE DOILY TRAVEL SEWING KIT,8497.98,3964,415,282,2.156320754716981,562.0,697.0,135.0,2.143789101917255,13039420.080000015,63.679509379020516,9.708067023665572
72807C,SET/3 VANILLA SCENTED CANDLE IN BOX,8489.17,1983,345,164,5.3535057471264365,563.0,1324.0,761.0,4.280973272818962,13047909.250000015,63.72096721819729,9.725341164277078
79323LP,LIGHT PINK CHERRY LIGHTS,8481.19,1433,170,107,6.871764705882353,564.0,1684.0,1120.0,5.918485694347523,13056390.440000014,63.76238608612521,9.74261530488858
22079,RIBBON REEL HEARTS DESIGN,8457.84,5028,684,397,1.9348115942028985,565.0,548.0,-17.0,1.682147971360382,13064848.280000014,63.803690921639514,9.759889445500086
85049E,SCANDINAVIAN REDS RIBBONS,8453.47,6316,830,434,1.4771108490566036,566.0,402.0,-164.0,1.338421469284357,13073301.750000015,63.84497441575564,9.777163586111591
22078,RIBBON REEL LACE DESIGN,8449.94,3984,480,246,2.4969199178644765,567.0,691.0,124.0,2.120968875502008,13081751.690000014,63.88624067071029,9.794437726723096
22751,FELTCRAFT PRINCESS OLIVIA DOLL,8445.97,2264,466,269,4.140936170212766,568.0,1184.0,616.0,3.7305521201413425,13090197.660000015,63.92748753771282,9.811711867334601
23321,SMALL WHITE HEART OF WICKER,8438.539999999999,4716,629,378,1.7480124223602485,569.0,592.0,23.0,1.7893426632739609,13098636.200000014,63.968698119454835,9.828986007946105
48188,DOOR MAT WELCOME PUPPIES,8429.7,1459,271,147,8.004132841328413,570.0,1660.0,1090.0,5.777724468814257,13107065.900000013,64.00986553003895,9.84626014855761
21533,RETRO SPOT LARGE MILK JUG,8420.28,1701,519,263,5.472933333333334,571.0,1485.0,914.0,4.950194003527337,13115486.180000013,64.05098693696843,9.863534289169113
22358,KINGS CHOICE TEA CADDY,8393.61,2651,605,295,3.872950819672131,572.0,1017.0,445.0,3.166205205582799,13123879.790000012,64.09197809788199,9.880808429780618
51008,AFGHAN SLIPPER SOCK PAIR,8378.8,2604,80,44,3.4,573.0,1032.0,459.0,3.217665130568356,13132258.590000013,64.13289693245527,9.898082570392123
22329,ROUND CONTAINER SET OF 5 RETROSPOT,8371.05,5123,607,259,2.0815901639344263,574.0,530.0,-44.0,1.6340132734725745,13140629.640000014,64.17377791901117,9.915356711003627
22628,PICNIC BOXES SET OF 3 RETROSPOT,8367.8,1744,350,172,5.627806267806268,575.0,1454.0,879.0,4.798050458715596,13148997.440000014,64.21464303381785,9.932630851615132
22689,DOORMAT MERRY CHRISTMAS RED,8366.72,1095,265,182,9.342255639097743,576.0,1970.0,1394.0,7.640840182648401,13157364.160000015,64.25550287432019,9.949904992226637
21411,GINGHAM HEART DOORSTOP RED,8352.94,2090,624,358,4.870365659777424,577.0,1263.0,686.0,3.996622009569378,13165717.100000015,64.29629541860582,9.967179132838142
21787,RAIN PONCHO RETROSPOT,8333.11,10408,308,150,1.0369426751592357,578.0,216.0,-362.0,0.8006446963873943,13174050.210000014,64.33699112080313,9.984453273449647
21934,SKULL SHOULDER BAG,8275.22,4597,725,164,2.1966574965612105,579.0,605.0,26.0,1.8001348705677613,13182325.430000015,64.37740411051975,10.00172741406115
21523,DOOR MAT FANCY FONT HOME SWEET HOME,8238.8,1194,248,123,8.449798387096775,580.0,1872.0,1292.0,6.900167504187604,13190564.230000015,64.41763923897278,10.019001554672654
21874,GIN AND TONIC MUG,8209.17,6332,617,211,1.814602917341977,581.0,399.0,-182.0,1.2964576753000632,13198773.400000015,64.45772966590908,10.036275695284159
85067,CREAM SWEETHEART WALL CABINET,8201.99,496,175,110,20.3275,582.0,2774.0,2192.0,16.53627016129032,13206975.390000015,64.49778502848864,10.053549835895664
21533,RETROSPOT LARGE MILK JUG,8194.59,1656,438,251,5.393,583.0,1517.0,934.0,4.948423913043478,13215169.980000015,64.53780425231614,10.07082397650717
22055,MINI CAKE STAND HANGING STRAWBERY,8179.19,4930,724,252,2.1599866310160425,584.0,557.0,-27.0,1.6590649087221094,13223349.170000015,64.57774826847039,10.088098117118674
84997C,BLUE 3 PIECE POLKADOT CUTLERY SET,8150.63,2246,242,160,3.90625,585.0,1189.0,604.0,3.628953695458593,13231499.800000016,64.61755280857614,10.105372257730178
85049A,TRADITIONAL CHRISTMAS RIBBONS,8114.78,6151,667,387,1.4529264705882352,586.0,428.0,-158.0,1.3192619086327426,13239614.580000015,64.65718227107894,10.122646398341683
82551,LAUNDRY 15C METAL SIGN,8081.139999999999,5641,751,306,1.6683046357615894,587.0,478.0,-109.0,1.4325722389647224,13247695.720000016,64.69664744876829,10.139920538953188
22796,PHOTO FRAME 3 CLASSIC HANGING,8020.45,806,316,201,10.424025157232704,588.0,2308.0,1720.0,9.950930521091811,13255716.170000015,64.7358162398545,10.157194679564691
22738,RIBBON REEL SNOWY VILLAGE,8012.57,4447,498,274,2.1882599999999996,589.0,621.0,32.0,1.8017922194738025,13263728.740000015,64.77494654805338,10.174468820176196
21121,SET/10 RED SPOTTY PARTY CANDLES,7990.77,6561,388,249,1.3632142857142857,590.0,384.0,-206.0,1.2179195244627343,13271719.510000015,64.8139703934421,10.1917429607877
22504,CABIN BAG VINTAGE RETROSPOT,7985.03,366,115,55,25.72113043478261,591.0,3057.0,2466.0,21.817021857923496,13279704.540000014,64.8529662068799,10.209017101399205
21122,SET/10 PINK POLKADOT PARTY CANDLES,7962.62,6543,420,261,1.3621779859484777,592.0,387.0,-205.0,1.2169677517958124,13287667.160000013,64.89185257850231,10.22629124201071
21035,SET/2 RED SPOTTY TEA TOWELS,7960.570000000001,2659,426,192,3.611655011655012,593.0,1014.0,421.0,2.993820985332832,13295627.730000013,64.93072893871367,10.243565382622215
22592,CARDHOLDER HOLLY WREATH METAL,7956.84,1980,304,207,4.434281045751634,594.0,1326.0,732.0,4.018606060606061,13303584.570000013,64.96958708304055,10.26083952323372
21115,ROSE CARAVAN DOORSTOP,7955.84,1247,431,266,7.740046189376444,595.0,1827.0,1232.0,6.379983961507619,13311540.410000013,65.00844034375227,10.278113663845224
21769,VINTAGE POST OFFICE CABINET,7954.87,123,48,42,77.62666666666667,596.0,3920.0,3324.0,64.67373983739837,13319495.280000012,65.0472888673573,10.295387804456729
21527,RETRO SPOT TRADITIONAL TEAPOT,7937.910000000001,1008,261,150,9.134448669201522,597.0,2069.0,1472.0,7.874910714285715,13327433.190000013,65.08605456484949,10.312661945068232
21154,RED RETROSPOT OVEN GLOVE,7916.58,5279,564,221,1.8798606271777003,598.0,508.0,-90.0,1.4996362947527941,13335349.770000013,65.12471609483065,10.329936085679737
21116,OWL DOORSTOP,7900.01,1382,548,164,6.6002003642987255,599.0,1723.0,1124.0,5.716360347322721,13343249.780000012,65.16329670330884,10.347210226291242
21875,KINGS CHOICE MUG,7882.08,6818,414,218,1.7020432692307692,600.0,370.0,-230.0,1.1560692285127603,13351131.860000012,65.20178974856752,10.364484366902747
22466,FAIRY TALE COTTAGE NIGHTLIGHT,7877.839999999999,4336,279,146,2.2937722419928823,601.0,641.0,40.0,1.8168450184501843,13359009.700000012,65.24026208729798,10.38175850751425
22275,WEEKEND BAG VINTAGE ROSE PAISLEY,7875.33,946,313,168,8.88564263322884,602.0,2142.0,1540.0,8.324873150105708,13366885.030000012,65.27872216815442,10.399032648125756
22890,NOVELTY BISCUITS CAKE STAND 3 TIER,7821.96,800,260,148,11.051226053639846,603.0,2314.0,1711.0,9.77745,13374706.990000013,65.31692161047059,10.416306788737261
21976,PACK OF 60 MUSHROOM CAKE CASES,7792.37,14570,950,404,0.7703626943005181,604.0,130.0,-474.0,0.5348229238160603,13382499.360000012,65.35497654661462,10.433580929348766
21531,RED RETROSPOT SUGAR JAM BOWL,7791.88,3158,583,267,2.9553650254668926,605.0,868.0,263.0,2.4673464217859404,13390291.240000013,65.39302908978726,10.45085506996027
84568,GIRLS ALPHABET IRON ON PATCHES,7788.67,37066,310,49,0.37338709677419357,606.0,19.0,-587.0,0.21012976852101656,13398079.910000013,65.43106595655527,10.468129210571773
23238,SET OF 4 KNICK KNACK TINS LONDON,7771.61,1849,274,150,4.752158273381295,607.0,1389.0,782.0,4.203142239048134,13405851.520000013,65.46901950884892,10.485403351183278
20717,STRAWBERRY SHOPPER BAG,7767.48,6296,757,283,1.5932549019607842,608.0,407.0,-201.0,1.2337166454891995,13413619.000000013,65.506952891812,10.502677491794783
20685,DOORMAT RED SPOT,7765.42,1087,206,159,8.001682692307693,609.0,1983.0,1374.0,7.143900643974241,13421384.420000013,65.54487621452792,10.519951632406288
23204,CHARLOTTE BAG APPLES DESIGN,7741.94,7976,583,199,1.1219453924914675,610.0,311.0,-299.0,0.9706544633901705,13429126.360000012,65.58268486996022,10.537225773017793
23007,SPACEBOY BABY GIFT SET,7741.749999999999,498,184,110,15.913423913043477,611.0,2767.0,2156.0,15.545682730923692,13436868.110000012,65.62049259750565,10.554499913629297
21110,LARGE CAKE TOWEL PINK SPOTS,7729.37,1640,329,173,7.420120120120121,612.0,1526.0,914.0,4.713030487804878,13444597.480000012,65.65823986589558,10.571774054240802
22784,LANTERN CREAM GAZEBO,7727.14,1551,369,234,5.620080428954424,613.0,1592.0,979.0,4.982037395228885,13452324.620000012,65.69597624382375,10.589048194852307
84032B,CHARLIE + LOLA RED HOT WATER BOTTLE,7699.25,3285,601,288,3.087963576158941,614.0,840.0,226.0,2.343759512937595,13460023.870000012,65.73357641772553,10.60632233546381
22165,"DIAMANTE HEART SHAPED WALL MIRROR,",7673.7300000000005,976,272,82,12.870218181818181,615.0,2103.0,1488.0,7.862428278688525,13467697.600000013,65.77105196176883,10.623596476075315
22550,HOLIDAY FUN LUDO,7669.64,2061,428,275,4.3342890442890445,616.0,1283.0,667.0,3.7213197476952935,13475367.240000013,65.8085075318262,10.640870616686819
22809,SET OF 6 T-LIGHTS SANTA,7664.720000000001,2568,379,259,3.3670680628272254,617.0,1039.0,422.0,2.9847040498442374,13483031.960000014,65.84593907449704,10.658144757298324
21870,I CAN ONLY PLEASE ONE PERSON MUG,7627.49,6083,630,243,1.5364826498422712,618.0,438.0,-180.0,1.2539026795988821,13490659.450000014,65.88318880017606,10.675418897909829
22528,GARDENERS KNEELING PAD,7623.41,5824,554,284,1.4907692307692308,619.0,456.0,-163.0,1.3089646291208792,13498282.860000014,65.92041860070526,10.692693038521334
22669,RED BABY BUNTING,7613.9400000000005,2386,438,263,3.627551020408163,620.0,1113.0,493.0,3.1910896898575025,13505896.800000014,65.95760215339907,10.709967179132839
22493,PAINT YOUR OWN CANVAS SET,7608.119999999999,4738,418,244,1.8342227378190255,621.0,585.0,-36.0,1.6057661460531867,13513504.920000013,65.99475728345271,10.727241319744344
22991,GIRAFFE WOODEN RULER,7604.889999999999,3887,274,185,2.273655913978495,622.0,708.0,86.0,1.956493439670697,13521109.810000014,66.03189663942948,10.744515460355847
20685,RED SPOTTY COIR DOORMAT,7563.34,1174,208,132,7.999951923076923,623.0,1889.0,1266.0,6.44236797274276,13528673.150000013,66.06883308119696,10.76178960096735
22588,CARD HOLDER GINGHAM HEART,7559.94,2747,481,318,3.1043032786885245,624.0,982.0,358.0,2.752071350564252,13536233.090000013,66.10575291867295,10.779063741578856
22489,PACK OF 12 TRADITIONAL CRAYONS,7548.67,17926,786,417,0.5112939698492462,625.0,85.0,-540.0,0.4211017516456544,13543781.760000013,66.14261771780626,10.796337882190361
22349,DOG BOWL CHASING BALL DESIGN,7537.37,1821,232,144,4.102905982905983,626.0,1408.0,782.0,4.139137836353652,13551319.130000012,66.17942733208845,10.813612022801866
22360,GLASS JAR ENGLISH CONFECTIONERY,7529.6,2507,429,208,3.7358700696055687,627.0,1061.0,434.0,3.003430394894296,13558848.730000012,66.21619900068096,10.83088616341337
22224,WHITE LOVEBIRD LANTERN,7527.9400000000005,2373,401,234,3.6157920792079206,628.0,1125.0,497.0,3.1723303834808263,13566376.670000011,66.25296256247232,10.848160304024875
85065,CREAM SWEETHEART TRAYS,7524.44,620,256,162,13.5696875,629.0,2577.0,1948.0,12.136193548387096,13573901.11000001,66.28970903161068,10.86543444463638
85064,CREAM SWEETHEART LETTER RACK,7493.06,1596,280,172,6.142785714285714,630.0,1563.0,933.0,4.694899749373434,13581394.170000011,66.3263022529058,10.882708585247885
21463,MIRRORED DISCO BALL,7484.81,1349,302,169,6.5647350993377485,631.0,1743.0,1112.0,5.548413639733136,13588878.980000012,66.362855184376,10.899982725859388
82580,BATHROOM METAL SIGN,7458.52,13249,1336,443,0.7649147516679022,632.0,153.0,-479.0,0.562949656577855,13596337.500000011,66.39927972560403,10.917256866470893
20676,RED RETROSPOT BOWL,7445.51,5846,544,227,1.6147176684881603,633.0,454.0,-179.0,1.273607594936709,13603783.010000011,66.43564073099904,10.934531007082397
11001,ASSTD DESIGN RACING CAR PEN,7408.65,4829,251,118,1.8730078125,634.0,571.0,-63.0,1.534199627252019,13611191.660000011,66.47182172633981,10.951805147693902
21216,"SET 3 RED SPOT TIN TEA,COFFEE,SUGAR",7404.09,1500,304,127,6.161862745098039,635.0,1627.0,992.0,4.93606,13618595.750000011,66.50798045239551,10.969079288305407
72351A,SET/6 TURQUOISE BUTTERFLY T-LIGHTS,7368.68,3728,399,174,2.299032258064516,636.0,739.0,103.0,1.9765772532188841,13625964.43000001,66.54396624963897,10.986353428916912
22945,CHRISTMAS METAL TAGS ASSORTED,7365.7,7641,338,244,2.2110693641618497,637.0,328.0,-309.0,0.9639706844653841,13633330.13000001,66.57993749370928,11.003627569528417
21737,SET 3 WICKER LOG BASKETS,7362.66,398,164,118,19.868048780487804,638.0,2982.0,2344.0,18.499145728643217,13640692.79000001,66.61589389158955,11.02090171013992
21361,LOVE LARGE WOOD LETTERS,7361.74,556,286,181,14.29027777777778,639.0,2673.0,2034.0,13.240539568345323,13648054.53000001,66.6518457965439,11.038175850751426
23382,BOX OF 6 CHRISTMAS CAKE DECORATIONS,7356.18,1875,220,136,4.660950226244344,640.0,1371.0,731.0,3.923296,13655410.71000001,66.68777054859804,11.055449991362929
21876,POTTERING MUG,7351.25,5663,623,239,1.9827884615384614,641.0,474.0,-167.0,1.2981193713579375,13662761.96000001,66.72367122442951,11.072724131974434
22798,ANTIQUE GLASS DRESSING TABLE POT,7336.09,2367,356,173,3.730337078651685,642.0,1129.0,487.0,3.0993198141106886,13670098.05000001,66.75949786465539,11.08999827258594
21114,LAVENDER SCENTED FABRIC HEART,7306.14,5666,494,359,1.8057029702970298,643.0,472.0,-171.0,1.2894705259442287,13677404.19000001,66.7951782406077,11.107272413197443
22282,12 EGG HOUSE PAINTED WOOD,7304.69,561,216,92,16.838657407407407,644.0,2662.0,2018.0,13.020837789661318,13684708.88000001,66.83085153531805,11.124546553808948
22465,HANGING METAL STAR LANTERN,7284.24,4522,464,270,1.8498953974895398,645.0,615.0,-30.0,1.610844758956214,13691993.12000001,66.8664249600987,11.141820694420453
22907,PACK OF 20 NAPKINS PANTRY DESIGN,7279.03,8686,829,445,0.9729777256740914,646.0,272.0,-374.0,0.8380186507022795,13699272.15000001,66.90197294124442,11.159094835031958
23240,SET OF 4 KNICK KNACK TINS DOILEY,7273.69,1825,183,143,4.2598924731182795,647.0,1406.0,759.0,3.9855835616438355,13706545.84000001,66.93749484388528,11.176368975643463
23083,SET 6 PAPER TABLE LANTERN STARS,7250.900000000001,1932,246,161,4.236586345381526,648.0,1343.0,695.0,3.7530538302277434,13713796.74000001,66.972905448937,11.193643116254966
22813,PACK 3 BOXES BIRD PANNETONE,7211.99,3741,342,216,2.3573198847262247,649.0,733.0,84.0,1.9278241112002137,13721008.73000001,67.00812603252345,11.21091725686647
85174,S/4 CACTI CANDLES,7193.46,1459,357,126,6.645643835616438,650.0,1660.0,1010.0,4.930404386566141,13728202.19000001,67.04325612272127,11.228191397477975
22626,BLACK KITCHEN SCALES,7167.4800000000005,843,343,200,9.117871720116618,651.0,2264.0,1613.0,8.502348754448398,13735369.670000011,67.07825933659764,11.24546553808948
21981,PACK OF 12 WOODLAND TISSUES,7129.46,26204,553,282,0.4652304964539007,652.0,45.0,-607.0,0.27207525568615476,13742499.130000012,67.1130768754262,11.262739678700985
22577,WOODEN HEART CHRISTMAS SCANDINAVIAN,7123.929999999999,13987,831,516,0.650046565774156,653.0,139.0,-514.0,0.5093250875813254,13749623.060000012,67.14786740786302,11.280013819312488
48173C,DOOR MAT BLACK FLOCK,7100.21,1234,181,109,7.327237569060774,654.0,1839.0,1185.0,5.753816855753647,13756723.270000013,67.18254210094861,11.297287959923993
48116,DOOR MAT MULTICOLOUR STRIPE,7078.28,1102,239,114,8.278953974895398,655.0,1960.0,1305.0,6.423121597096189,13763801.550000012,67.21710969635406,11.314562100535499
22644,CERAMIC CHERRY CAKE MONEY BANK,7069.88,4858,611,304,1.9638211382113822,656.0,569.0,-87.0,1.4553067105804858,13770871.430000013,67.2516362693923,11.331836241147004
22781,GUMBALL MAGAZINE RACK,7060.58,867,307,160,9.49896103896104,657.0,2235.0,1578.0,8.143690888119954,13777932.010000013,67.28611742480972,11.349110381758507
23320,GIANT 50'S CHRISTMAS CRACKER,7053.57,2661,333,260,2.805680473372781,658.0,1013.0,355.0,2.6507215332581735,13784985.580000013,67.32056434608496,11.366384522370012
23215,JINGLE BELL HEART ANTIQUE SILVER,7038.400000000001,3564,210,162,2.2615962441314554,659.0,773.0,114.0,1.9748597081930417,13792023.980000013,67.35493718291848,11.383658662981516
21625,VINTAGE UNION JACK APRON,7037.62,984,334,186,8.184553571428571,660.0,2095.0,1435.0,7.1520528455284555,13799061.600000013,67.38930621053215,11.40093280359302
21700,BIG DOUGHNUT FRIDGE MAGNETS,7028.51,6335,525,186,3.2401704545454546,661.0,398.0,-263.0,1.1094727703235991,13806090.110000012,67.42363074841187,11.418206944204526
21984,PACK OF 12 PINK PAISLEY TISSUES,7023.95,25351,432,256,0.4113439635535307,662.0,49.0,-613.0,0.2770679657607195,13813114.060000012,67.45793301700652,11.43548108481603
37450,CERAMIC CAKE BOWL + HANGING CAKES,7023.14,2444,391,138,3.4510804020100503,663.0,1092.0,429.0,2.8736252045826514,13820137.200000012,67.49223132987292,11.452755225427536
23293,SET OF 12 FAIRY CAKE BAKING CASES,6989.54,8471,552,323,1.0651805054151624,664.0,286.0,-378.0,0.8251139180734269,13827126.740000011,67.52636555327045,11.47002936603904
22618,COOKING SET RETROSPOT,6984.349999999999,718,242,180,10.469341563786006,665.0,2425.0,1760.0,9.7275069637883,13834111.090000011,67.56047443070538,11.487303506650544
21497,FANCY FONTS BIRTHDAY WRAP,6978.0,17500,485,330,0.4176907216494845,666.0,93.0,-573.0,0.3987428571428571,13841089.090000011,67.59455229718415,11.50457764726205
22567,20 DOLLY PEGS RETROSPOT,6955.83,5561,506,287,1.4558431372549019,667.0,483.0,-184.0,1.2508235928789786,13848044.920000011,67.62852189391518,11.521851787873553
22243,5 HOOK HANGER RED MAGIC TOADSTOOL,6951.45,4526,213,111,1.8835779816513762,668.0,614.0,-54.0,1.5358926204153778,13854996.37000001,67.66247010041184,11.539125928485058
84997A,GREEN 3 PIECE MINI DOTS CUTLERY SET,6948.650000000001,1918,238,154,3.8622500000000004,669.0,1351.0,682.0,3.622862356621481,13861945.02000001,67.69640463278613,11.556400069096561
10002,INFLATABLE POLITICAL GLOBE,6942.26,8671,362,164,0.9791553133514985,670.0,274.0,-396.0,0.8006296851574213,13868887.28000001,67.73030795885963,11.573674209708066
22498,WOODEN REGATTA BUNTING,6933.740000000001,1147,382,211,6.827265625,671.0,1912.0,1241.0,6.04510897994769,13875821.02000001,67.76416967653209,11.590948350319572
22029,SPACEBOY BIRTHDAY CARD,6931.64,16779,1034,405,0.5082160077145612,672.0,101.0,-571.0,0.41311401156207167,13882752.660000011,67.79802113861277,11.608222490931077
22563,HAPPY STENCIL CRAFT,6923.85,5942,533,293,1.317904411764706,673.0,449.0,-224.0,1.1652389767754965,13889676.510000011,67.83183455733145,11.625496631542582
22377,BOTTLE BAG RETROSPOT,6920.11,3618,435,200,2.4734174311926607,674.0,762.0,88.0,1.9126893311221669,13896596.62000001,67.8656297113295,11.642770772154085
21903,MAN FLU METAL SIGN,6908.870000000001,3436,407,230,2.436167076167076,675.0,811.0,136.0,2.0107305005820724,13903505.49000001,67.89936997349332,11.66004491276559
22938,CUPCAKE LACE PAPER SET 6,6891.249999999999,3687,273,237,2.076981818181818,676.0,751.0,75.0,1.8690669921345264,13910396.74000001,67.9330241863583,11.677319053377094
22220,CAKE STAND LOVEBIRD 2 TIER WHITE,6885.44,745,270,190,10.384074074074073,677.0,2388.0,1711.0,9.242201342281879,13917282.180000009,67.96665002541927,11.694593193988599
22085,PAPER CHAIN KIT SKULLS,6883.87,2538,230,141,3.188311688311688,678.0,1051.0,373.0,2.7123207249802994,13924166.050000008,68.00026819720448,11.711867334600104
21122,SET/10 PINK SPOTTY PARTY CANDLES,6882.16,5666,387,262,1.3205102040816326,679.0,472.0,-207.0,1.2146417225555948,13931048.210000008,68.0338780180078,11.729141475211609
21563,RED HEART SHAPE LOVE BUCKET,6875.71,2786,362,180,3.315123287671233,680.0,964.0,284.0,2.467950466618808,13937923.92000001,68.06745633949343,11.746415615823112
85220,SMALL FAIRY CAKE FRIDGE MAGNETS,6875.0,12236,5,4,1.3,681.0,174.0,-507.0,0.5618666230794377,13944798.92000001,68.1010311936123,11.763689756434617
84997A,CHILDRENS CUTLERY POLKADOT GREEN,6864.42,1728,186,114,4.607849462365592,682.0,1463.0,781.0,3.972465277777778,13951663.34000001,68.13455437908296,11.780963897046123
47502,POLKADOT CUTLERY 24 PCS IN TRAY,6855.75,640,79,40,14.809113924050632,683.0,2552.0,1869.0,10.712109375,13958519.09000001,68.1680352236103,11.798238037657626
37448,CERAMIC CAKE DESIGN SPOTTED MUG,6827.21,4549,528,198,1.8049816176470588,684.0,612.0,-72.0,1.500815563860189,13965346.30000001,68.20137668976143,11.815512178269131
22378,WALL TIDY RETROSPOT,6826.51,3749,546,167,2.864021937842779,685.0,732.0,47.0,1.8208882368631636,13972172.81000001,68.23471473738194,11.832786318880634
22187,GREEN CHRISTMAS TREE CARD HOLDER,6820.7,2104,364,230,4.355464480874317,686.0,1256.0,570.0,3.2417775665399238,13978993.51000001,68.26802441119847,11.85006045949214
35004B,SET OF 3 BLACK FLYING DUCKS,6809.65,1474,275,64,6.741594202898551,687.0,1651.0,964.0,4.619843962008141,13985803.16000001,68.30128012106765,11.867334600103645
23297,SET 40 HEART SHAPE PETIT FOUR CASES,6792.23,4303,161,123,1.8389570552147239,688.0,646.0,-42.0,1.5784871020218452,13992595.39000001,68.33445075836102,11.88460874071515
21989,PACK OF 20 SKULL PAPER NAPKINS,6790.7,8552,654,264,1.0801963746223564,689.0,279.0,-410.0,0.7940481758652946,13999386.09000001,68.3676139237232,11.901882881326655
37500,TEA TIME TEAPOT IN GIFT BOX,6787.46,881,263,147,9.145227272727272,690.0,2217.0,1527.0,7.704267877412032,14006173.55000001,68.40076126617232,11.919157021938158
20973,12 PENCIL SMALL TUBE WOODLAND,6773.95,9863,658,309,0.7815611192930781,691.0,233.0,-458.0,0.6868042177836358,14012947.50000001,68.43384263098085,11.936431162549663
22431,WATERING CAN BLUE ELEPHANT,6771.5199999999995,3375,627,269,2.3333650793650795,692.0,823.0,131.0,2.0063762962962963,14019719.020000009,68.46691212860456,11.953705303161168
23541,WALL ART CLASSIC PUDDINGS,6762.71,864,150,95,9.736866666666666,693.0,2242.0,1549.0,7.8272106481481485,14026481.73000001,68.49993860157886,11.970979443772672
22430,ENAMEL WATERING CAN CREAM,6761.38,1406,362,230,5.507005494505495,694.0,1702.0,1008.0,4.808947368421053,14033243.11000001,68.53295857934502,11.988253584384177
21768,WALL MOUNTED VINTAGE ORGANISER,6756.09,497,163,95,18.043353658536585,695.0,2770.0,2075.0,13.593742454728371,14039999.20000001,68.56595272278705,12.005527724995682
22311,OFFICE MUG WARMER BLACK+SILVER,6755.56,2116,300,120,4.553046357615894,696.0,1250.0,554.0,3.192608695652174,14046754.760000011,68.59894427791306,12.022801865607185
23254,CHILDRENS CUTLERY DOLLY GIRL,6753.71,1667,291,197,4.270341296928327,697.0,1508.0,811.0,4.051415716856629,14053508.470000012,68.63192679835106,12.04007600621869
21992,VINTAGE PAISLEY STATIONERY SET,6744.8,3320,656,242,2.4166012084592143,698.0,838.0,140.0,2.031566265060241,14060253.270000013,68.66486580577812,12.057350146830196
22354,RETROSPOT PADDED SEAT CUSHION,6735.63,1753,224,125,4.323688888888889,699.0,1450.0,751.0,3.842344552196235,14066988.900000013,68.6977600304543,12.0746242874417
22810,SET OF 6 T-LIGHTS SNOWMEN,6729.130000000001,2199,328,213,3.41,700.0,1211.0,511.0,3.0600864029104144,14073718.030000014,68.73062251163205,12.091898428053206
23008,DOLLY GIRL BABY GIFT SET,6719.61,433,133,99,16.12609022556391,701.0,2898.0,2197.0,15.518729792147806,14080437.640000014,68.76343850079361,12.10917256866471
23480,MINI LIGHTS WOODLAND MUSHROOMS,6719.14,1799,215,143,4.408538812785388,702.0,1423.0,721.0,3.7349305169538636,14087156.780000014,68.79625219465606,12.126446709276212
22221,CAKE STAND LOVEBIRD 2 TIER PINK,6702.33,905,156,108,10.578535031847133,703.0,2193.0,1490.0,7.405889502762431,14093859.110000014,68.82898379494793,12.143720849887718
22575,METAL MERRY CHRISTMAS WREATH,6699.71,3113,330,207,2.092623906705539,704.0,880.0,176.0,2.1521715387086413,14100558.820000015,68.86170260016812,12.160994990499223
22746,POPPY'S PLAYHOUSE LIVINGROOM,6699.25,2910,564,319,2.4317162872154117,705.0,922.0,217.0,2.302147766323024,14107258.070000015,68.89441915892533,12.178269131110728
22526,WHEELBARROW FOR CHILDREN,6689.67,546,209,153,13.470619047619047,706.0,2697.0,1991.0,12.252142857142857,14113947.740000015,68.92708893264947,12.195543271722231
48129,DOOR MAT TOPIARY,6681.38,1043,207,114,7.605406698564593,707.0,2035.0,1328.0,6.405925215723873,14120629.120000016,68.95971822120407,12.212817412333736
23247,BISCUIT TIN 50'S CHRISTMAS,6681.25,2194,309,231,3.2880906148867313,708.0,1213.0,505.0,3.045237010027347,14127310.370000016,68.99234687488868,12.230091552945241
85014D,PINK/BROWN DOTS RUFFLED UMBRELLA,6664.45,1918,90,73,6.064444444444446,709.0,1351.0,642.0,3.4746871741397287,14133974.820000015,69.02489348383887,12.247365693556747
85047,WHITE BEADED GARLAND STRING 20LIGHT,6664.329999999999,1051,236,137,7.060333333333333,710.0,2026.0,1316.0,6.340941960038058,14140639.150000015,69.05743950675524,12.26463983416825
47599B,BLUE PARTY BAGS,6662.54,3492,286,170,2.2239100346020764,711.0,789.0,78.0,1.9079438717067583,14147301.690000014,69.08997678800051,12.281913974779755
85068,CREAM SWEETHEART SHELF + HOOKS,6647.24,960,197,130,8.65251256281407,712.0,2124.0,1412.0,6.9242083333333335,14153948.930000015,69.12243934993406,12.299188115391258
22432,WATERING CAN PINK BUNNY,6636.82,3489,515,261,2.2601353965183755,713.0,792.0,79.0,1.902212668386357,14160585.750000015,69.1548510245978,12.316462256002763
22779,WOODEN OWLS LIGHT GARLAND,6631.35,1735,193,112,4.198775510204082,714.0,1459.0,745.0,3.8221037463976946,14167217.100000015,69.1872359858867,12.333736396614269
21107,CREAM SLICE FLANNEL PINK SPOT,6624.77,2302,313,167,3.6443492063492062,715.0,1164.0,449.0,2.877832319721981,14173841.870000014,69.21958881298795,12.351010537225774
22661,CHARLOTTE BAG DOLLY GIRL DESIGN,6620.45,8199,631,246,0.9583385579937304,716.0,302.0,-414.0,0.8074704232223442,14180462.320000013,69.25192054287179,12.368284677837279
85175,CACTI T-LIGHT CANDLES,6606.26,15566,442,199,1.0437387387387387,717.0,116.0,-601.0,0.4244031864319671,14187068.580000013,69.28418297425671,12.385558818448782
20975,12 PENCILS SMALL TUBE RED RETROSPOT,6570.68,9880,535,317,0.7308241758241759,718.0,231.0,-487.0,0.6650485829959515,14193639.260000013,69.3162716466148,12.402832959060287
ADJUST,ADJUSTMENT BY JOHN ON 26/01/2010 17,6563.5,16,16,11,410.21875,719.0,5076.0,4357.0,410.21875,14200202.760000013,69.34832525461614,12.42010709967179
16156S,WRAP PINK FAIRY CAKES,6558.62,16661,419,271,0.41532219570405726,720.0,103.0,-617.0,0.39365104135406037,14206761.380000012,69.38035503057559,12.437381240283296
23229,VINTAGE DONKEY TAIL GAME,6550.17,1815,252,182,4.252261904761904,721.0,1415.0,694.0,3.608909090909091,14213311.550000012,69.41234353998705,12.4546553808948
22332,SKULLS PARTY BAG + STICKER SET,6520.549999999999,4158,381,233,1.8224675324675323,722.0,665.0,-57.0,1.568193843193843,14219832.100000013,69.44418739671794,12.471929521506304
21201,TROPICAL HONEYCOMB PAPER GARLAND,6517.16,2741,235,109,2.9802066115702477,723.0,985.0,262.0,2.3776577891280555,14226349.260000013,69.47601469799348,12.48920366211781
22364,GLASS JAR DIGESTIVE BISCUITS,6498.610000000001,2061,346,164,3.85433908045977,724.0,1283.0,559.0,3.1531344007763225,14232847.870000012,69.5077514082081,12.506477802729316
23311,VINTAGE CHRISTMAS STOCKING,6488.2,2390,344,246,2.9656772334293944,725.0,1111.0,386.0,2.7147280334728032,14239336.070000011,69.53943727998904,12.52375194334082
22845,VINTAGE CREAM CAT FOOD CONTAINER,6482.96,956,387,185,7.823444730077121,726.0,2131.0,1405.0,6.781338912133891,14245819.030000012,69.57109756162666,12.541026083952323
22148,EASTER CRAFT 4 CHICKS,6480.29,3237,299,209,2.3137377049180325,727.0,850.0,123.0,2.0019431572443622,14252299.320000011,69.60274480401182,12.558300224563828
22596,CHRISTMAS STAR WISH LIST CHALKBOARD,6471.2,6331,438,309,1.123573033707865,728.0,400.0,-328.0,1.0221450007897646,14258770.52000001,69.63434765433531,12.575574365175331
23103,JINGLE BELL HEART DECORATION,6459.159999999999,3820,356,223,1.8494550408719346,729.0,721.0,-8.0,1.6908795811518322,14265229.68000001,69.66589170593248,12.592848505786838
82486,3 DRAWER ANTIQUE WHITE WOOD CABINET,6457.94,734,202,129,9.293529411764705,730.0,2404.0,1674.0,8.798283378746593,14271687.62000001,69.69742979951916,12.610122646398342
21494,ROTATING LEAVES T-LIGHT HOLDER,6449.0,3833,501,147,2.5810453648915184,731.0,718.0,-13.0,1.6824941299243412,14278136.62000001,69.72892423358647,12.627396787009845
22142,CHRISTMAS CRAFT WHITE FAIRY,6445.389999999999,4312,504,336,1.7227713178294572,732.0,644.0,-88.0,1.4947564935064934,14284582.010000011,69.76040103780309,12.644670927621352
15060B,FAIRY CAKE DESIGN UMBRELLA,6444.9800000000005,1414,449,174,5.541804008908686,733.0,1695.0,962.0,4.557977369165489,14291026.990000011,69.7918758397375,12.661945068232855
23553,LANDMARK FRAME CAMDEN TOWN,6444.65,568,68,50,13.30220588235294,734.0,2652.0,1918.0,11.346214788732393,14297471.640000012,69.82334903007892,12.679219208844362
23134,LARGE ZINC HEART WALL ORGANISER,6431.110000000001,1065,38,29,7.9068421052631574,735.0,2009.0,1274.0,6.038600938967137,14303902.750000011,69.85475609627127,12.696493349455865
22414,DOORMAT NEIGHBOURHOOD WITCH,6419.7,1096,173,74,9.262196531791908,736.0,1968.0,1232.0,5.857390510948905,14310322.45000001,69.88610744041482,12.713767490067369
23571,TRADITIONAL NAUGHTS & CROSSES,6406.91,2841,257,195,1.8921374045801527,737.0,947.0,210.0,2.255160154875044,14316729.36000001,69.91739632312068,12.731041630678874
21242,RED RETROSPOT PLATE,6394.53,3735,368,179,2.086287262872629,738.0,737.0,-1.0,1.7120562248995983,14323123.89000001,69.94862474667104,12.748315771290377
22979,PANTRY WASHING UP BRUSH,6391.82,4090,381,225,1.8184334203655352,739.0,676.0,-63.0,1.5627921760391197,14329515.71000001,69.97983993562438,12.765589911901884
79067,CORONA MEXICAN TRAY,6380.2,1616,397,160,4.926140350877193,740.0,1549.0,809.0,3.9481435643564353,14335895.91000001,70.01099837696972,12.782864052513387
23307,SET OF 60 PANTRY DESIGN CAKE CASES,6371.889999999999,12049,629,366,0.6839469578783152,741.0,178.0,-563.0,0.5288314382936343,14342267.80000001,70.04211623547322,12.80013819312489
22072,RED RETROSPOT TEA CUP AND SAUCER,6364.67,1706,375,167,4.348966408268733,742.0,1482.0,740.0,3.7307561547479486,14348632.47000001,70.07319883427537,12.817412333736398
85062,PEARL CRYSTAL PUMPKIN T-LIGHT HLDR,6363.28,3886,342,172,1.7979190751445084,743.0,709.0,-34.0,1.6374884199691198,14354995.75000001,70.10427464485247,12.834686474347901
22578,WOODEN STAR CHRISTMAS SCANDINAVIAN,6358.04,13230,766,482,0.6213483146067416,744.0,154.0,-590.0,0.48057747543461826,14361353.790000008,70.13532486528621,12.851960614959406
22063,CERAMIC BOWL WITH STRAWBERRY DESIGN,6356.06,2303,356,142,3.645095890410959,745.0,1163.0,418.0,2.759904472427269,14367709.850000009,70.16636541616197,12.86923475557091
21746,SMALL RED RETROSPOT WINDMILL,6351.9,5113,412,203,1.4903349282296652,746.0,533.0,-213.0,1.242303931155877,14374061.75000001,70.19738565119873,12.886508896182413
23172,REGENCY TEA PLATE PINK,6344.409999999999,3861,305,160,2.06783606557377,747.0,714.0,-33.0,1.643203833203833,14380406.16000001,70.22836930795805,12.90378303679392
47591D,PINK FAIRY CAKE CHILD'S APRON,6339.17,3438,389,232,2.085051282051282,748.0,810.0,62.0,1.8438539848749274,14386745.33000001,70.25932737457403,12.921057177405423
22582,PACK OF 6 SWEETIE GIFT BOXES,6324.77,2522,295,225,2.8735430463576157,749.0,1057.0,308.0,2.50783901665345,14393070.100000009,70.29021511713191,12.93833131801693
84520B,PACK 20 ENGLISH ROSE PAPER NAPKINS,6321.62,7390,722,327,1.040450204638472,750.0,338.0,-412.0,0.8554289580514208,14399391.720000008,70.32108747630208,12.955605458628433
22783,SET 3 WICKER OVAL BASKETS W LIDS,6316.3,482,45,38,15.91088888888889,751.0,2798.0,2047.0,13.10435684647303,14405708.020000009,70.3519338546397,12.972879599239937
47559B,TEA TIME OVEN GLOVE,6311.69,5116,701,303,1.4079184247538679,752.0,532.0,-220.0,1.233715793588741,14412019.710000008,70.38275771951147,12.990153739851444
22460,EMBOSSED GLASS TEALIGHT HOLDER,6283.87,4771,376,206,1.5209523809523808,753.0,580.0,-173.0,1.3170970446447285,14418303.580000008,70.41344572220994,13.007427880462947
22065,CHRISTMAS PUDDING TRINKET POT,6273.84,8653,458,249,1.4177330508474575,754.0,277.0,-477.0,0.7250479602450017,14424577.420000007,70.44408474224852,13.024702021074452
20754,RETRO RED SPOTTY WASHING UP GLOVES,6257.39,3139,420,212,2.476270783847981,755.0,873.0,118.0,1.9934342147180633,14430834.810000008,70.47464342681796,13.041976161685955
84884A,ANT WHITE WIRE HEART SPIRAL,6248.28,1708,312,195,4.5332371794871795,756.0,1481.0,725.0,3.6582435597189695,14437083.090000007,70.50515762165344,13.059250302297462
22739,RIBBON REEL CHRISTMAS SOCK BAUBLE,6226.44,3321,555,296,2.2521568627450983,757.0,837.0,80.0,1.8748690153568202,14443309.530000007,70.53556515833415,13.076524442908966
22185,SLATE TILE NATURAL HANGING,6224.719999999999,3896,462,298,1.9247854077253217,758.0,705.0,-53.0,1.5977207392197124,14449534.250000007,70.56596429519682,13.093798583520469
22906,12 MESSAGE CARDS WITH ENVELOPES,6214.83,3370,445,274,1.993505376344086,759.0,825.0,66.0,1.8441632047477745,14455749.080000008,70.59631513310572,13.111072724131976
22826,LOVE SEAT ANTIQUE WHITE METAL,6210.0,58,41,33,114.02439024390245,760.0,4446.0,3686.0,107.06896551724138,14461959.080000008,70.62664238315347,13.12834686474348
21124,SET/10 BLUE POLKADOT PARTY CANDLES,6205.84,5128,308,227,1.2908653846153846,761.0,529.0,-232.0,1.2101872074882996,14468164.920000007,70.6569493173622,13.145621005354984
22435,SET OF 9 HEART SHAPED BALLOONS,6185.22,4915,537,303,1.4271297989031078,762.0,559.0,-203.0,1.258437436419125,14474350.140000008,70.68715555142667,13.162895145966488
23169,CLASSIC GLASS COOKIE JAR,6183.389999999999,1443,301,191,4.737715231788079,763.0,1676.0,913.0,4.285093555093555,14480533.530000009,70.71735284847541,13.180169286577993
21714,CITRONELLA CANDLE GARDEN POT,6182.39,4283,522,230,1.7584600760456273,764.0,648.0,-116.0,1.4434718655148262,14486715.92000001,70.74754526190901,13.197443427189498
21078,SET/20 STRAWBERRY PAPER NAPKINS,6181.25,7211,741,342,1.1088741721854303,765.0,343.0,-422.0,0.8571973374011926,14492897.17000001,70.77773210802137,13.214717567801001
22780,LIGHT GARLAND BUTTERFILES PINK,6167.59,1623,179,110,4.196629834254144,766.0,1540.0,774.0,3.800117067159581,14499064.76000001,70.80785224395082,13.231991708412508
22222,CAKE PLATE LOVEBIRD WHITE,6160.84,1489,403,203,5.630868486352358,767.0,1635.0,868.0,4.137568838146407,14505225.600000009,70.83793941547806,13.249265849024011
84832,ZINC WILLIE WINKIE CANDLE STICK,6134.7,6805,634,281,1.07631007751938,768.0,372.0,-396.0,0.9014988978692138,14511360.300000008,70.86789892930541,13.266539989635515
22196,SMALL HEART MEASURING SPOONS,6130.99,6574,980,303,1.1788756218905472,769.0,383.0,-386.0,0.9326118040766657,14517491.290000008,70.89784032492058,13.283814130247022
21667,GLASS CAKE COVER AND PLATE,6126.25,354,163,119,18.958098159509202,770.0,3090.0,2320.0,17.305790960451976,14523617.540000008,70.92775857219996,13.301088270858525
23192,BUNDLE OF 3 ALPHABET EXERCISE BOOKS,6114.24,3516,345,224,1.7743304843304841,771.0,785.0,14.0,1.738976109215017,14529731.780000009,70.95761816726146,13.31836241147003
23118,PARISIENNE JEWELLERY DRAWER,6102.18,813,258,154,8.39046511627907,772.0,2298.0,1526.0,7.505756457564576,14535833.960000008,70.98741886592433,13.335636552081533
22849,BREAD BIN DINER STYLE MINT,6091.38,390,158,98,16.822151898734177,773.0,2995.0,2222.0,15.618923076923076,14541925.34000001,71.01716682154363,13.352910692693037
22898,CHILDRENS APRON APPLES DESIGN,6079.45,2877,445,249,2.4870246085011187,774.0,932.0,158.0,2.1131213069169275,14548004.790000008,71.04685651563423,13.370184833304544
72802C,VANILLA SCENT CANDLE JEWELLED BOX,6047.5599999999995,2184,269,143,4.5729520295202954,775.0,1215.0,440.0,2.7690293040293037,14554052.350000009,71.0763904712379,13.387458973916047
22361,GLASS JAR DAISY FRESH COTTON WOOL,6036.26,1854,501,189,4.225546719681909,776.0,1383.0,607.0,3.2558036677454156,14560088.610000009,71.10586924199042,13.404733114527554
23534,WALL ART STOP FOR TEA,6036.2,869,219,131,7.867545454545455,777.0,2230.0,1453.0,6.94614499424626,14566124.810000008,71.13534771972604,13.422007255139057
85178,VICTORIAN SEWING KIT,6024.52,5478,313,177,1.363103448275862,778.0,488.0,-290.0,1.0997663380795912,14572149.330000008,71.16476915683675,13.43928139575056
20751,FUNKY WASHING UP GLOVES ASSORTED,6023.26,2839,471,264,2.3205465587044536,779.0,949.0,170.0,2.1216132441000353,14578172.590000007,71.19418444059241,13.456555536362066
20979,36 PENCILS TUBE RED RETROSPOT,6019.7,4761,434,214,1.57,780.0,582.0,-198.0,1.264377231674018,14584192.290000007,71.22358233867814,13.473829676973569
21586,KINGS CHOICE GIANT TUBE MATCHES,6018.75,2583,238,172,2.5149590163934423,781.0,1037.0,256.0,2.3301393728222997,14590211.040000007,71.25297559732948,13.491103817585076
21918,SET 12 KIDS COLOUR CHALK STICKS,6013.14,14598,788,369,0.5222893081761006,782.0,128.0,-654.0,0.41191533086724214,14596224.180000007,71.28234145889986,13.50837795819658
22331,WOODLAND PARTY BAG + STICKER SET,6011.57,3661,438,225,1.9726923076923075,783.0,758.0,-25.0,1.6420568150778474,14602235.750000007,71.31169965319447,13.525652098808083
21591,COSY HOUR CIGAR BOX MATCHES,6003.08,3978,365,264,1.262421052631579,784.0,692.0,-92.0,1.509069884364002,14608238.830000008,71.3410163855965,13.54292623941959
22848,BREAD BIN DINER STYLE PINK,6001.0,373,148,74,18.048581081081082,785.0,3040.0,2255.0,16.08847184986595,14614239.830000008,71.37032296007904,13.560200380031093
23296,SET OF 6 TEA TIME BAKING CASES,5985.55,4979,378,243,1.524240837696335,786.0,553.0,-233.0,1.202159068085961,14620225.380000008,71.39955408270758,13.5774745206426
21980,PACK OF 12 RED SPOTTY TISSUES,5981.8099999999995,22721,271,186,0.37857142857142856,787.0,57.0,-730.0,0.26327230315567096,14626207.190000009,71.42876694061549,13.594748661254103
22855,FINE WICKER HEART,5979.24,4795,427,271,1.468498845265589,788.0,578.0,-210.0,1.2469739311783108,14632186.430000009,71.45796724763247,13.612022801865606
21124,SET/10 BLUE SPOTTY PARTY CANDLES,5966.95,4901,321,242,1.3044984802431612,789.0,562.0,-227.0,1.217496429300143,14638153.380000008,71.48710753501932,13.629296942477112
23312,VINTAGE CHRISTMAS GIFT SACK,5964.150000000001,1423,214,168,4.452293577981651,790.0,1688.0,898.0,4.191250878425861,14644117.530000009,71.51623414828379,13.646571083088615
22278,OVERNIGHT BAG VINTAGE ROSE PAISLEY,5959.53,1016,383,164,6.753556701030928,791.0,2055.0,1264.0,5.865679133858268,14650077.060000008,71.54533819924626,13.663845223700122
23535,WALL ART BICYCLE SAFETY,5954.15,845,173,102,7.849252873563218,792.0,2263.0,1471.0,7.046331360946745,14656031.210000008,71.57441597635928,13.681119364311625
22491,PACK OF 12 COLOURED PENCILS,5950.0,7423,390,264,0.8962025316455696,793.0,337.0,-456.0,0.8015627104944093,14661981.210000008,71.60347348646943,13.698393504923132
23052,RECYCLED ACAPULCO MAT TURQUOISE,5949.34,654,278,147,9.784460431654676,794.0,2533.0,1739.0,9.0968501529052,14667930.550000008,71.63252777339359,13.715667645534635
22348,TEA BAG PLATE RED SPOTTY,5934.19,7126,465,214,1.0631063829787233,795.0,349.0,-446.0,0.8327518944709514,14673864.740000008,71.6615080735483,13.732941786146139
22827,RUSTIC SEVENTEEN DRAWER SIDEBOARD,5910.0,38,29,24,158.79310344827587,796.0,4694.0,3898.0,155.52631578947367,14679774.740000008,71.69037023905268,13.750215926757644
22772,PINK DRAWER KNOB ACRYLIC EDWARDIAN,5884.92,4353,313,105,1.6559682539682539,797.0,636.0,-161.0,1.351922811853894,14685659.660000008,71.71910992348923,13.767490067369149
21407,BROWN CHECK CAT DOORSTOP,5883.33,1294,453,231,5.250021978021978,798.0,1780.0,982.0,4.5466228748068005,14691542.990000008,71.74784184297769,13.784764207980654
21561,DINOSAUR LUNCH BOX WITH CUTLERY,5874.01,2400,410,208,2.9101694915254233,799.0,1108.0,309.0,2.4475041666666666,14697417.000000007,71.776528247173,13.802038348592157
23113,PANTRY CHOPPING BOARD,5868.5,1154,57,39,6.361754385964912,800.0,1903.0,1103.0,5.085355285961872,14703285.500000007,71.8051877426489,13.81931248920366
22971,QUEENS GUARD COFFEE MUG,5849.29,2431,272,164,2.7821167883211677,801.0,1096.0,295.0,2.406125051419169,14709134.790000007,71.83375342387784,13.836586629815168
23485,BOTANICAL GARDENS WALL CLOCK,5843.92,262,83,70,24.791807228915662,802.0,3371.0,2569.0,22.305038167938932,14714978.710000006,71.86229288009345,13.853860770426671
23154,SET OF 4 JAM JAR MAGNETS,5842.88,2701,235,141,2.2075000000000005,803.0,1002.0,199.0,2.1632284339133654,14720821.590000007,71.89082725734932,13.871134911038178
22737,RIBBON REEL CHRISTMAS PRESENT,5840.43,3266,493,300,2.1432803180914513,804.0,845.0,41.0,1.7882516840171465,14726662.020000007,71.91934966974809,13.888409051649681
22660,DOORMAT I LOVE LONDON,5839.41,881,194,96,9.09840206185567,805.0,2217.0,1412.0,6.628161180476731,14732501.430000007,71.94786710085941,13.905683192261185
21832,CHOCOLATE CALCULATOR,5836.759999999999,3338,459,204,2.2659482758620686,806.0,834.0,28.0,1.7485799880167763,14738338.190000007,71.97637159039058,13.92295733287269
21988,PACK OF 6 SKULL PAPER PLATES,5820.099999999999,7829,416,209,0.9512735849056603,807.0,318.0,-489.0,0.7434027334270021,14744158.290000007,72.00479471889348,13.940231473484193
85132C,CHARLIE AND LOLA FIGURES TINS,5818.94,2062,302,144,4.964092409240924,808.0,1282.0,474.0,2.8219883608147427,14749977.230000006,72.03321218240278,13.9575056140957
22841,ROUND CAKE TIN VINTAGE GREEN,5811.87,746,303,215,8.394389438943895,809.0,2385.0,1576.0,7.790710455764075,14755789.100000005,72.061595118753,13.974779754707203
85038,6 CHOCOLATE LOVE HEART T-LIGHTS,5803.58,2778,382,191,2.492030456852792,810.0,966.0,156.0,2.089121670266379,14761592.680000005,72.0899375699337,13.992053895318707
22687,DOORMAT CHRISTMAS VILLAGE,5784.67,895,149,97,9.817046979865772,811.0,2204.0,1393.0,6.46331843575419,14767377.350000005,72.118187671952,14.009328035930213
21313,GLASS HEART T-LIGHT HOLDER,5771.11,6711,415,173,1.1320383693045564,812.0,377.0,-435.0,0.8599478468186559,14773148.460000005,72.14637155214895,14.026602176541717
22964,3 PIECE SPACEBOY COOKIE CUTTER SET,5768.830000000001,2761,408,228,2.513543689320388,813.0,977.0,164.0,2.0893987685621154,14778917.290000005,72.17454429770336,14.043876317153222
22200,FRYING PAN PINK POLKADOT,5750.95,1291,356,119,5.596106442577031,814.0,1782.0,968.0,4.454647560030984,14784668.240000004,72.20262972421898,14.061150457764725
21498,RED RETROSPOT WRAP,5736.42,14051,440,300,0.41777272727272724,815.0,138.0,-677.0,0.40825706355419544,14790404.660000004,72.23064419180658,14.07842459837623
37495,FAIRY CAKE BIRTHDAY CANDLE SET,5732.6,1560,330,206,4.146737160120845,816.0,1586.0,770.0,3.67474358974359,14796137.260000004,72.25864000398428,14.095698738987736
21452,TOADSTOOL MONEY BOX,5731.330000000001,1876,409,228,3.4547732696897375,817.0,1370.0,553.0,3.055079957356077,14801868.590000004,72.28662961397079,14.112972879599239
22441,GROW YOUR OWN BASIL IN ENAMEL MUG,5729.570000000001,2645,473,295,2.4235010482180295,818.0,1019.0,201.0,2.1661890359168243,14807598.160000004,72.31461062879463,14.130247020210746
22241,GARLAND WOODEN HAPPY EASTER,5728.53,4244,463,234,1.5886111111111112,819.0,654.0,-165.0,1.3497950047125353,14813326.690000003,72.34258656465872,14.147521160822249
21577,SAVE THE PLANET COTTON TOTE BAG,5716.5199999999995,2556,464,241,2.713261802575107,820.0,1043.0,223.0,2.2365101721439746,14819043.210000003,72.3705038483049,14.164795301433752
22341,LOVE GARLAND PAINTED ZINC,5698.889999999999,3467,240,128,2.3590495867768593,821.0,797.0,-24.0,1.6437525237957886,14824742.100000003,72.39833503381612,14.18206944204526
22115,METAL SIGN EMPIRE TEA,5695.1,2889,500,244,3.2748111332007954,822.0,927.0,105.0,1.971304949809623,14830437.200000003,72.42614771042592,14.199343582656763
22060,LARGE CAKE STAND HANGING HEARTS,5691.41,733,158,112,9.86751552795031,823.0,2406.0,1583.0,7.764542974079126,14836128.610000003,72.45394236649585,14.216617723268268
21528,DAIRY MAID TRADITIONAL TEAPOT,5680.15,899,257,145,7.654163424124514,824.0,2198.0,1374.0,6.31829810901001,14841808.760000004,72.48168203305924,14.233891863879771
20676,RED SPOTTY BOWL,5660.1900000000005,4630,423,212,1.463561320754717,825.0,600.0,-225.0,1.2225032397408209,14847468.950000003,72.50932422266435,14.251166004491274
22045,SPACEBOY GIFT WRAP,5656.14,13767,446,279,0.41883408071748873,826.0,142.0,-684.0,0.4108476792329484,14853125.090000004,72.53694663362813,14.268440145102781
21703,BAG 125G SWIRLY MARBLES,5646.47,14577,561,293,0.49681109185441935,827.0,129.0,-698.0,0.3873547369143171,14858771.560000004,72.56452182003346,14.285714285714285
22335,HEART DECORATION PAINTED ZINC,5644.77,8666,510,242,0.8489312977099237,828.0,275.0,-553.0,0.6513697207477499,14864416.330000004,72.59208870429305,14.302988426325792
22854,CREAM SWEETHEART EGG HOLDER,5624.5,1160,244,169,5.4540650406504065,829.0,1898.0,1069.0,4.848706896551724,14870040.830000004,72.61955659767364,14.320262566937295
22653,BUTTON BOX,5618.21,3031,381,156,2.042291666666667,830.0,899.0,69.0,1.8535829759155393,14875659.040000005,72.64699377311499,14.3375367075488
84968B,S/16 VINTAGE IVORY CUTLERY,5617.66,423,130,49,14.94753846153846,831.0,2923.0,2092.0,13.280520094562647,14881276.700000005,72.674428262568,14.354810848160305
22073,RED RETROSPOT STORAGE JAR,5604.6,1400,322,173,4.57924924924925,832.0,1708.0,876.0,4.003285714285714,14886881.300000004,72.70179897200723,14.372084988771809
21207,SKULL AND CROSSBONES GARLAND,5597.419999999999,3601,282,167,1.7603886925795054,833.0,767.0,-66.0,1.5544071091363507,14892478.720000004,72.72913461708971,14.389359129383314
84997A,GREEN 3 PIECE POLKADOT CUTLERY SET,5587.63,1539,165,107,4.002814371257485,834.0,1598.0,764.0,3.6306887589343733,14898066.350000005,72.75642245157992,14.406633269994817
21749,LARGE RED SPOT WINDMILL,5554.92,2945,52,30,2.7224999999999997,835.0,916.0,81.0,1.886220713073005,14903621.270000005,72.78355054301878,14.423907410606324
22119,PEACE WOODEN BLOCK LETTERS,5543.87,896,340,244,6.8107204610951015,836.0,2200.0,1364.0,6.187354910714285,14909165.140000004,72.81062467051026,14.441181551217827
22899,CHILDREN'S APRON DOLLY GIRL,5542.95,2667,405,236,2.413970588235294,837.0,1011.0,174.0,2.0783464566929135,14914708.090000004,72.83769430507581,14.45845569182933
23531,WALL ART BIG LOVE,5538.26,976,112,77,7.661681415929204,838.0,2103.0,1265.0,5.674446721311476,14920246.350000003,72.86474103548636,14.475729832440837
22156,HEART DECORATION WITH PEARLS,5537.57,6156,581,259,1.0765151515151514,839.0,425.0,-414.0,0.899540285899935,14925783.920000004,72.89178439620244,14.49300397305234
21730,GLASS STAR FROSTED T-LIGHT HOLDER,5534.17,1115,293,155,5.4511111111111115,840.0,1947.0,1107.0,4.963381165919283,14931318.090000004,72.91881115262703,14.510278113663846
21900,"KEY FOB , SHED",5529.14,8325,837,361,0.8629729729729729,841.0,293.0,-548.0,0.664160960960961,14936847.230000004,72.94581334446745,14.52755225427535
23133,LARGE IVORY HEART WALL ORGANISER,5525.4,782,155,94,9.162451612903226,842.0,2337.0,1495.0,7.065728900255754,14942372.630000005,72.97279727158723,14.544826394886853
21242,RED SPOTTY PLATE,5523.2,3350,289,160,1.876539792387543,843.0,828.0,-15.0,1.6487164179104477,14947895.830000004,72.99977045475367,14.56210053549836
23177,TREASURE ISLAND BOOK BOX,5521.29,2532,267,174,2.702074074074074,844.0,1056.0,212.0,2.1806042654028435,14953417.120000003,73.0267343102152,14.579374676109863
23158,SET OF 5 LUCKY CAT MAGNETS,5513.83,2633,255,96,2.674823529411765,845.0,1026.0,181.0,2.0941245727307254,14958930.950000003,73.05366173390775,14.59664881672137
22670,FRENCH WC SIGN BLUE METAL,5510.57,4432,425,218,1.5685416666666667,846.0,624.0,-222.0,1.2433596570397112,14964441.520000003,73.08057323701493,14.613922957332873
21955,DOOR MAT UNION JACK GUNS AND ROSES,5510.39,809,230,114,8.802887931034483,847.0,2305.0,1458.0,6.811359703337454,14969951.910000004,73.10748386107139,14.631197097944376
23583,LUNCH BAG PAISLEY PARK,5497.33,3385,325,233,1.8020481927710843,848.0,822.0,-26.0,1.62402658788774,14975449.240000004,73.13433070511405,14.648471238555882
84971S,SMALL HEART FLOWERS HOOK,5493.3099999999995,6489,459,180,1.077489270386266,849.0,390.0,-459.0,0.8465572507320079,14980942.550000004,73.16115791702384,14.665745379167387
40016,CHINESE DRAGON PAPER LANTERNS,5487.3099999999995,15435,244,133,1.9042857142857144,850.0,118.0,-732.0,0.3555108519598315,14986429.860000005,73.18795582724277,14.683019519778892
82599,FANNY'S REST STOPMETAL SIGN,5479.4400000000005,2505,506,185,2.7062035225048926,851.0,1063.0,212.0,2.1874011976047907,14991909.300000004,73.2147153034105,14.700293660390395
79029,GLASS HONEYPOT WASP CATCHER,5473.82,2944,343,201,2.2632378223495704,852.0,918.0,66.0,1.8593138586956521,14997383.120000005,73.24144733366111,14.717567801001898
22203,MILK PAN RED RETROSPOT,5469.51,1404,394,166,4.614570707070707,853.0,1706.0,853.0,3.8956623931623935,15002852.630000005,73.26815831553046,14.734841941613405
85232B,SET OF 3 BABUSHKA STACKING TINS,5465.39,1093,168,94,5.612958579881657,854.0,1974.0,1120.0,5.000356816102471,15008318.020000005,73.2948491769054,14.752116082224909
72756,FAIRY CAKE CANDLES,5459.48,4012,129,114,1.46953488372093,855.0,683.0,-172.0,1.3607876370887337,15013777.500000006,73.32151117611485,14.769390222836416
22437,SET OF 9 BLACK SKULL BALLOONS,5457.97,6536,445,258,0.9758278145695365,856.0,388.0,-468.0,0.8350627294981641,15019235.470000006,73.34816580106543,14.786664363447919
85061W,WHITE JEWELLED HEART DECORATION,5451.49,6306,469,201,1.0804968944099378,857.0,405.0,-452.0,0.8644925467808436,15024686.960000006,73.37478878018987,14.803938504059422
22168,ORGANISER WOOD ANTIQUE WHITE,5450.43,657,311,249,8.4775884244373,858.0,2527.0,1669.0,8.29593607305936,15030137.390000006,73.40140658268226,14.821212644670927
20677,PINK POLKADOT BOWL,5449.13,4208,412,163,1.64052757793765,859.0,661.0,-198.0,1.2949453422053232,15035586.520000007,73.42801803647497,14.83848678528243
84509A,SET OF 4 ENGLISH ROSE PLACEMATS,5442.61,1406,372,167,4.56997311827957,860.0,1702.0,842.0,3.8709886201991464,15041029.130000006,73.45459764909691,14.855760925893938
22483,RED GINGHAM TEDDY BEAR,5440.51,1883,351,223,3.2956980056980054,861.0,1365.0,504.0,2.889277748274031,15046469.640000006,73.48116700612707,14.873035066505441
20978,36 PENCILS TUBE SKULLS,5438.57,4117,557,253,1.586796460176991,862.0,670.0,-192.0,1.3210031576390575,15051908.210000006,73.50772688894384,14.890309207116944
21432,SET OF 3 CASES WOODLAND DESIGN,5435.91,942,237,152,6.09857740585774,863.0,2147.0,1284.0,5.770605095541401,15057344.120000007,73.53427378134433,14.907583347728451
16161P,WRAP ENGLISH ROSE,5435.4,13198,440,289,0.41895454545454547,864.0,155.0,-709.0,0.41183512653432336,15062779.520000007,73.56081818310109,14.924857488339955
22186,RED STAR CARD HOLDER,5431.400000000001,2004,345,234,3.2433526011560696,865.0,1312.0,447.0,2.710279441117765,15068210.920000007,73.58734305039728,14.942131628951461
22763,KEY CABINET MA CAMPAGNE,5430.59,662,135,95,11.09311111111111,866.0,2519.0,1653.0,8.203308157099698,15073641.510000007,73.6138639619652,14.959405769562965
22595,CHRISTMAS GINGHAM HEART,5429.91,6396,383,262,0.9934455958549222,867.0,392.0,-475.0,0.8489540337711069,15079071.420000007,73.64038155267481,14.97667991017447
85063,CREAM SWEETHEART MAGAZINE RACK,5426.74,308,180,104,18.89911111111111,868.0,3220.0,2352.0,17.619285714285713,15084498.160000008,73.66688366232444,14.993954050785973
21749,LARGE RED RETROSPOT WINDMILL,5426.06,2712,234,133,2.503675213675214,869.0,997.0,128.0,2.000759587020649,15089924.220000008,73.69338245111574,15.011228191397477
23135,SMALL ZINC HEART WALL ORGANISER,5416.18,1541,45,31,5.675777777777777,870.0,1597.0,727.0,3.5147177157689815,15095340.400000008,73.71983298978942,15.028502332008983
23205,CHARLOTTE BAG VINTAGE ALPHABET,5405.88,5457,445,192,1.164375,871.0,490.0,-381.0,0.9906322155030236,15100746.280000009,73.74623322722714,15.045776472620487
21069,VINTAGE BILLBOARD TEA MUG,5404.360000000001,5099,279,110,1.6897517730496454,872.0,536.0,-336.0,1.059886252206315,15106150.640000008,73.7726260415698,15.063050613231994
84937,KASHMIR FOLKART TUMBLERS,5394.54,2542,124,50,4.990161290322581,873.0,1048.0,175.0,2.1221636506687647,15111545.180000007,73.79897089881176,15.080324753843497
22534,MAGIC DRAWING SLATE SPACEBOY,5393.83,12666,579,349,0.4942114093959732,874.0,169.0,-705.0,0.4258510974261803,15116939.010000007,73.82531228868696,15.097598894455
22443,GROW YOUR OWN HERBS SET OF 3,5393.43,683,264,193,8.465509433962264,875.0,2483.0,1608.0,7.896676427525622,15122332.440000007,73.8516517251161,15.114873035066505
20682,RED RETROSPOT CHILDRENS UMBRELLA,5380.2699999999995,1591,346,190,3.9289655172413793,876.0,1570.0,694.0,3.3816907605279694,15127712.710000006,73.87792689316994,15.132147175678009
22333,RETRO SPORT PARTY BAG + STICKER SET,5370.08,3444,254,159,1.8630196078431371,877.0,807.0,-70.0,1.5592566782810684,15133082.790000007,73.90415229718546,15.149421316289516
21491,SET OF THREE VINTAGE GIFT WRAPS,5367.009999999999,2878,248,184,2.124,878.0,931.0,53.0,1.8648401667824877,15138449.800000006,73.93036270850249,15.166695456901019
22218,CAKE STAND LACE WHITE,5365.66,1234,265,143,5.378188679245283,879.0,1839.0,960.0,4.348184764991896,15143815.460000006,73.95656652693907,15.183969597512522
22350,ILLUSTRATED CAT BOWL,5362.2,1897,213,107,3.088325581395349,880.0,1362.0,482.0,2.8266736953083815,15149177.660000006,73.98275344806726,15.20124373812403
23494,VINTAGE DOILY DELUXE SEWING KIT,5354.01,809,205,145,6.812864077669903,881.0,2305.0,1424.0,6.618059332509271,15154531.670000006,74.0089003723874,15.218517878735533
35832,WOOLLY HAT SOCK GLOVE ADVENT STRING,5341.85,1737,188,132,3.7067368421052636,882.0,1457.0,575.0,3.0753310305123778,15159873.520000005,74.03498791194738,15.235792019347038
21041,RED RETROSPOT OVEN GLOVE DOUBLE,5334.06,1382,352,141,4.283785310734463,883.0,1723.0,840.0,3.8596671490593346,15165207.580000006,74.06103740814541,15.253066159958543
37446,MINI CAKE STAND WITH HANGING CAKES,5332.25,3691,410,168,1.8811084337349397,884.0,750.0,-134.0,1.4446626930371174,15170539.830000006,74.087078065,15.270340300570046
22951,60 CAKE CASES DOLLY GIRL DESIGN,5314.12,10050,609,328,0.6774595469255663,885.0,228.0,-657.0,0.5287681592039801,15175853.950000005,74.11303018191204,15.287614441181551
21363,HOME SMALL WOOD LETTERS,5296.4800000000005,984,401,224,5.966068796068797,886.0,2095.0,1209.0,5.38260162601626,15181150.430000005,74.1388961518529,15.304888581793055
21155,RED SPOTTY PEG BAG,5282.89,2662,364,179,2.4614246575342467,887.0,1012.0,125.0,1.9845567242674682,15186433.320000006,74.16469575346399,15.322162722404562
20975,12 PENCILS SMALL TUBE RED SPOTTY,5278.03,8267,368,220,0.7499739583333334,888.0,299.0,-589.0,0.6384456271924519,15191711.350000005,74.19047162070544,15.339436863016065
22801,ANTIQUE GLASS PEDESTAL BOWL,5277.95,1300,299,173,4.593202614379085,889.0,1774.0,885.0,4.059961538461538,15196989.300000004,74.21624709725768,15.356711003627568
22998,TRAVEL CARD WALLET KEEP CALM,5262.82,12366,534,217,0.49730483271375464,890.0,172.0,-718.0,0.42558790231279314,15202252.120000005,74.2419486847128,15.373985144239075
21718,RED METAL BEACH SPADE,5250.3,4030,467,223,1.6677659574468087,891.0,680.0,-211.0,1.3028039702233252,15207502.420000006,74.26758912930632,15.391259284850578
22564,ALPHABET STENCIL CRAFT,5221.4,4570,343,208,1.3229360465116278,892.0,608.0,-284.0,1.1425382932166301,15212723.820000006,74.29308843742214,15.408533425462084
22476,EMPIRE UNION JACK TV DINNER TRAY,5218.61,1333,270,145,6.568523985239852,893.0,1754.0,861.0,3.9149362340585143,15217942.430000005,74.31857412025171,15.425807566073587
21993,FLORAL FOLK STATIONERY SET,5216.88,2849,577,208,2.2613275862068964,894.0,940.0,46.0,1.831126711126711,15223159.310000006,74.3440513544271,15.443081706685092
22117,METAL SIGN HER DINNER IS SERVED,5207.7300000000005,1765,230,142,3.060434782608696,895.0,1442.0,547.0,2.9505552407932014,15228367.040000007,74.36948390352389,15.460355847296597
22691,DOORMAT WELCOME SUNRISE,5198.6,759,219,124,8.87840182648402,896.0,2361.0,1465.0,6.849275362318841,15233565.640000006,74.39487186521441,15.4776299879081
22030,SWALLOWS GREETING CARD,5197.84,12735,685,353,0.4647330447330447,897.0,165.0,-732.0,0.40815390655673345,15238763.480000006,74.42025611535745,15.494904128519607
21587,COSY HOUR GIANT TUBE MATCHES,5173.05,2071,260,207,2.5416974169741695,898.0,1277.0,379.0,2.4978512795750847,15243936.530000007,74.44551930068103,15.51217826913111
22180,RETRO SPOT LAMP,5164.42,511,196,127,10.975306122448979,899.0,2747.0,1848.0,10.106497064579257,15249100.950000007,74.47074034040591,15.529452409742614
21872,GLAMOROUS MUG,5163.8,5092,330,169,1.54105421686747,900.0,538.0,-362.0,1.0141005498821682,15254264.750000007,74.49595835228942,15.546726550354121
22894,TABLECLOTH RED APPLES DESIGN,5160.78,561,192,125,9.770309278350515,901.0,2662.0,1761.0,9.199251336898396,15259425.530000007,74.52116161565519,15.564000690965624
22775,PURPLE DRAWERKNOB ACRYLIC EDWARDIAN,5160.03,3609,283,98,1.701896551724138,902.0,765.0,-137.0,1.4297672485453032,15264585.560000006,74.54636121630959,15.58127483157713
85132A,CHARLIE + LOLA BISCUITS TINS,5152.07,1348,250,98,6.6097600000000005,903.0,1745.0,842.0,3.8220103857566765,15269737.630000006,74.57152194338744,15.598548972188633
23263,SET OF 3 WOODEN HEART DECORATIONS,5147.19,3863,445,269,1.4479957805907173,904.0,713.0,-191.0,1.3324333419622054,15274884.820000006,74.59665883842338,15.61582311280014
21713,CITRONELLA CANDLE FLOWERPOT,5145.4400000000005,2733,391,232,2.3839393939393942,905.0,988.0,83.0,1.882707647274058,15280030.260000005,74.62178718713282,15.633097253411643
23162,REGENCY TEA STRAINER,5143.6900000000005,1412,176,96,4.422272727272728,906.0,1701.0,795.0,3.6428399433427767,15285173.950000005,74.64690698951577,15.650371394023146
23157,SET OF 6 NATIVITY MAGNETS,5143.06,2797,164,111,2.3477058823529413,907.0,959.0,52.0,1.8387772613514481,15290317.010000005,74.67202371522117,15.667645534634653
23165,LARGE CERAMIC TOP STORAGE JAR,5141.0599999999995,3114,280,167,1.9777738515901062,908.0,879.0,-29.0,1.650950545921644,15295458.070000006,74.6971306736963,15.684919675246157
22412,METAL SIGN NEIGHBOURHOOD WITCH,5140.820000000001,2401,402,166,2.5712315270935964,909.0,1107.0,198.0,2.1411162015826743,15300598.890000006,74.72223646010376,15.702193815857662
23132,SMALL IVORY HEART WALL ORGANISER,5138.6,1020,152,115,6.2221710526315785,910.0,2050.0,1140.0,5.037843137254902,15305737.490000006,74.74733140488561,15.719467956469165
22571,ROCKING HORSE RED CHRISTMAS,5135.24,5780,511,294,1.044126679462572,911.0,460.0,-451.0,0.8884498269896194,15310872.730000006,74.77240994072059,15.736742097080668
22426,ENAMEL WASH BOWL CREAM,5133.3,1361,379,182,4.626394736842105,912.0,1732.0,820.0,3.7717119764878766,15316006.030000007,74.79747900234219,15.754016237692175
22472,TV DINNER TRAY DOLLY GIRL,5130.62,1103,251,130,5.822709163346613,913.0,1958.0,1045.0,4.651514052583862,15321136.650000006,74.82253497587519,15.771290378303679
22509,SEWING BOX RETROSPOT DESIGN,5130.36,387,187,142,15.858031914893617,914.0,3004.0,2090.0,13.256744186046511,15326267.010000005,74.84758967966825,15.788564518915186
22244,3 HOOK HANGER MAGIC GARDEN,5122.759999999999,2732,223,89,2.7399999999999998,915.0,989.0,74.0,1.8750951683748167,15331389.770000005,74.87260726798621,15.805838659526689
21498,RED SPOTS WRAP,5115.5,12700,363,263,0.41597796143250687,916.0,166.0,-750.0,0.40279527559055117,15336505.270000005,74.89758940125823,15.823112800138192
22595,GINGHAM HEART DECORATION,5114.41,6139,413,251,1.0084761904761905,917.0,431.0,-486.0,0.8331014823261117,15341619.680000005,74.92256621138974,15.840386940749699
22610,PENS ASSORTED FUNNY FACE,5107.54,12680,287,157,0.5563194444444445,918.0,167.0,-751.0,0.4028028391167192,15346727.220000004,74.94750947108521,15.857661081361202
22374,AIRLINE BAG VINTAGE JET SET RED,5099.84,1029,433,226,5.293149425287356,919.0,2042.0,1123.0,4.956112730806608,15351827.060000004,74.97241512694406,15.874935221972708
23397,FOOT STOOL HOME SWEET HOME,5097.65,489,217,139,11.573870967741934,920.0,2786.0,1866.0,10.424642126789365,15356924.710000005,74.99731008768575,15.892209362584211
21471,STRAWBERRY RAFFIA FOOD COVER,5095.63,1406,319,165,3.9207523510971787,921.0,1702.0,781.0,3.624203413940256,15362020.340000005,75.02219518352484,15.909483503195714
22433,WATERING CAN GREEN DINOSAUR,5080.98,2724,417,207,2.2687142857142857,922.0,991.0,69.0,1.8652643171806165,15367101.320000006,75.04700873440207,15.926757643807221
23234,BISCUIT TIN VINTAGE CHRISTMAS,5079.78,1938,278,201,3.3670967741935485,923.0,1341.0,418.0,2.621145510835913,15372181.100000005,75.07181642494113,15.944031784418724
22842,BISCUIT TIN VINTAGE RED,5078.03,782,231,177,7.064612068965517,924.0,2337.0,1413.0,6.493644501278772,15377259.130000005,75.09661556915367,15.961305925030231
23295,SET OF 12 MINI LOAF BAKING CASES,5073.45,6134,444,250,1.1117555555555554,925.0,434.0,-491.0,0.8271030322791001,15382332.580000004,75.12139234640885,15.978580065641735
20977,36 PENCILS TUBE WOODLAND,5069.99,3792,485,242,1.5680981595092023,926.0,725.0,-201.0,1.3370226793248945,15387402.570000004,75.14615222635564,15.995854206253238
21578,WOODLAND DESIGN COTTON TOTE BAG,5062.86,2205,380,184,2.6083854166666667,927.0,1207.0,280.0,2.296081632653061,15392465.430000003,75.17087728612644,16.013128346864743
23198,PANTRY MAGNETIC SHOPPING LIST,5062.599999999999,3342,475,259,1.7995876288659793,928.0,831.0,-97.0,1.5148414123279472,15397528.030000003,75.19560107615732,16.03040248747625
23126,FELTCRAFT GIRL AMELIE KIT,5059.14,1007,275,187,5.402599277978339,929.0,2071.0,1142.0,5.023972194637538,15402587.170000004,75.2203079688798,16.047676628087753
21544,SKULLS WATER TRANSFER TATTOOS,5052.21,6064,503,229,1.0451968503937008,930.0,440.0,-490.0,0.8331480870712401,15407639.380000005,75.24498101814932,16.06495076869926
48189,DOORMAT FRIENDSHIP,5050.04,854,96,52,10.611979166666666,931.0,2249.0,1318.0,5.913395784543326,15412689.420000004,75.26964346997397,16.08222490931076
22175,PINK OWL SOFT TOY,5033.51,1728,362,160,3.4206318681318684,932.0,1463.0,531.0,2.9129108796296297,15417722.930000003,75.29422519564028,16.099499049922265
46000S,POLYESTER FILLER PAD 40X40CM,5032.95,5261,390,240,1.412820512820513,933.0,512.0,-421.0,0.9566527276183234,15422755.880000003,75.3188041864821,16.11677319053377
22957,SET 3 PAPER VINTAGE CHICK PAPER EGG,5014.650000000001,1775,214,179,3.115555555555556,934.0,1434.0,500.0,2.825154929577465,15427770.530000003,75.3432938071668,16.134047331145275
23314,VINTAGE CHRISTMAS TABLECLOTH,5012.96,407,117,87,13.607881355932204,935.0,2965.0,2030.0,12.316855036855037,15432783.490000004,75.36777517454189,16.15132147175678
23109,PACK OF SIX LED TEA LIGHTS,5008.26,1752,203,132,3.2622815533980583,936.0,1451.0,515.0,2.858595890410959,15437791.750000004,75.3922335889258,16.168595612368282
84796B,BLUE SAVANNAH PICNIC HAMPER FOR 2,4999.79,600,180,28,9.24565934065934,937.0,2599.0,1662.0,8.332983333333333,15442791.540000003,75.41665063908944,16.18586975297979
21071,VINTAGE BILLBOARD DRINK ME MUG,4998.32,4269,472,163,1.631194968553459,938.0,651.0,-287.0,1.1708409463574607,15447789.860000003,75.44106051033881,16.203143893591292
23310,BUBBLEGUM RING ASSORTED,4997.28,12050,245,146,0.47804878048780486,939.0,177.0,-762.0,0.4147120331950207,15452787.140000002,75.46546530262844,16.2204180342028
23543,WALL ART KEEP CALM,4994.790000000001,967,83,64,8.668470588235293,940.0,2119.0,1179.0,5.165243019648398,15457781.930000002,75.48985793471635,16.237692174814303
22318,FIVE HEART HANGING DECORATION,4983.9800000000005,1583,389,204,3.6787786259541986,941.0,1578.0,637.0,3.148439671509792,15462765.910000002,75.51419777492457,16.254966315425808
47568,ENGLISH ROSE DESIGN PEG BAG,4983.02,2384,410,179,2.543430656934307,942.0,1115.0,173.0,2.0901929530201344,15467748.930000002,75.53853292686223,16.272240456037313
21056,DOCTOR'S BAG SOFT TOY,4961.33,545,195,119,9.701076923076922,943.0,2699.0,1756.0,9.103357798165138,15472710.260000002,75.5627621531874,16.289514596648814
22583,PACK OF 6 HANDBAG GIFT BOXES,4955.75,1873,349,250,2.978753462603878,944.0,1372.0,428.0,2.6458889482114256,15477666.010000002,75.58696412894008,16.306788737260323
21896,POTTING SHED TWINE,4944.04,2387,290,187,2.4898293515358363,945.0,1112.0,167.0,2.0712358609132804,15482610.05,75.6111089175594,16.324062877871825
22180,RETROSPOT LAMP,4938.96,464,214,122,11.550934579439252,946.0,2836.0,1890.0,10.644310344827586,15487549.010000002,75.63522889741381,16.341337018483333
23556,LANDMARK FRAME COVENT GARDEN,4937.01,436,53,46,12.61811320754717,947.0,2891.0,1944.0,11.323417431192661,15492486.020000001,75.65933935421867,16.358611159094835
23570,TRADITIONAL PICK UP STICKS GAME,4931.87,2772,276,203,1.431118881118881,948.0,968.0,20.0,1.7791738816738816,15497417.89,75.68342470924169,16.37588529970634
22604,SET OF 4 NAPKIN CHARMS CUTLERY,4911.72,1999,244,159,2.7537499999999997,949.0,1317.0,368.0,2.4570885442721364,15502329.610000001,75.70741165941955,16.393159440317845
22243,"HOOK, 5 HANGER ,MAGIC TOADSTOOL RED",4908.799999999999,3152,175,98,1.9305649717514124,950.0,870.0,-80.0,1.5573604060913704,15507238.410000002,75.73138434944119,16.410433580929347
22199,FRYING PAN RED POLKADOT,4890.14,1211,189,90,5.052894736842106,951.0,1854.0,903.0,4.0381007431874485,15512128.550000003,75.75526591120423,16.427707721540855
22276,WASH BAG VINTAGE ROSE PAISLEY,4884.860000000001,1889,373,213,3.0158556149732623,952.0,1364.0,412.0,2.5859502382212813,15517013.410000002,75.7791216874793,16.444981862152357
23010,CIRCUS PARADE BABY GIFT SET,4879.599999999999,315,111,73,16.296576576576577,953.0,3193.0,2240.0,15.490793650793648,15521893.010000002,75.80295177593872,16.462256002763862
22956,36 FOIL HEART CAKE CASES,4878.900000000001,2494,256,189,2.200530303030303,954.0,1067.0,113.0,1.9562550120288695,15526771.910000002,75.82677844586753,16.479530143375367
22632,HAND WARMER RED POLKA DOT,4876.2,2592,46,28,1.9858695652173914,955.0,1035.0,80.0,1.8812499999999999,15531648.110000001,75.85059193003545,16.496804283986872
23351,ROLL WRAP 50'S CHRISTMAS,4875.65,3535,354,242,1.5103072625698326,956.0,776.0,-180.0,1.379250353606789,15536523.760000002,75.87440272821505,16.514078424598377
23503,PLAYING CARDS KEEP CALM & CARRY ON,4860.55,3643,335,284,1.279298245614035,957.0,761.0,-196.0,1.3342163052429317,15541384.310000002,75.89813978380596,16.531352565209882
22107,PIZZA PLATE IN BOX,4840.59,1240,369,118,4.6385522788203755,958.0,1835.0,877.0,3.903701612903226,15546224.900000002,75.92177936243858,16.548626705821384
84270,ASSTD DESIGN BUBBLE GUM RING,4824.3,22936,476,249,0.2478361344537815,959.0,56.0,-903.0,0.2103374607603767,15551049.200000003,75.9453393869805,16.56590084643289
22593,CHRISTMAS GINGHAM STAR,4823.9,5420,415,247,1.0660671462829736,960.0,495.0,-465.0,0.8900184501845018,15555873.100000003,75.96889745807638,16.583174987044394
22027,TEA PARTY BIRTHDAY CARD,4806.49,11297,845,335,0.5224793388429751,961.0,197.0,-764.0,0.42546605293440737,15560679.590000004,75.99237050543258,16.6004491276559
23554,LANDMARK FRAME OXFORD STREET,4805.53,422,57,49,13.047017543859647,962.0,2926.0,1964.0,11.387511848341232,15565485.120000003,76.01583886451823,16.617723268267405
22242,"HOOK, 5 HANGER , MAGIC TOADSTOOL",4795.95,2982,258,141,1.9434230769230767,963.0,910.0,-53.0,1.6082997987927565,15570281.070000002,76.03926043857079,16.634997408878906
20682,RED SPOTTY CHILDS UMBRELLA,4791.04,1483,247,153,3.6955823293172694,964.0,1641.0,677.0,3.2306405933917732,15575072.110000001,76.062658034073,16.652271549490415
23555,LANDMARK FRAME NOTTING HILL,4780.57,421,50,45,12.897450980392156,965.0,2933.0,1968.0,11.355273159144893,15579852.680000002,76.08600449812465,16.669545690101916
21534,DAIRY MAID LARGE MILK JUG,4768.64,939,343,199,5.368121387283237,966.0,2153.0,1187.0,5.078423855165069,15584621.320000002,76.10929270064763,16.68681983071342
22442,GROW YOUR OWN FLOWERS SET OF 3,4765.32,866,172,140,7.467803468208093,967.0,2237.0,1270.0,5.502678983833718,15589386.640000002,76.13256468956831,16.704093971324927
23184,BULL DOG BOTTLE OPENER,4764.5,874,264,129,6.4533082706766915,968.0,2227.0,1259.0,5.451372997711671,15594151.140000002,76.15583267392459,16.721368111936428
22128,PARTY CONES CANDY ASSORTED,4759.59,3923,195,143,1.5353299492385786,969.0,700.0,-269.0,1.2132526127963295,15598910.730000002,76.1790766797305,16.738642252547937
22688,DOORMAT PEACE ON EARTH BLUE,4756.7,865,93,77,8.462688172043011,970.0,2240.0,1270.0,5.49907514450867,15603667.430000002,76.20230657188866,16.75591639315944
21249,WOODLAND HEIGHT CHART STICKERS,4752.83,1655,258,155,3.6678294573643413,971.0,1519.0,548.0,2.871800604229607,15608420.260000002,76.2255175644562,16.773190533770947
21916,SET 12 RETRO WHITE CHALK STICKS,4751.06,11011,713,304,0.5174068965517241,972.0,202.0,-770.0,0.43148306239215334,15613171.320000002,76.24871991302493,16.79046467438245
23286,BLUE VINTAGE SPOT BEAKER,4747.62,5048,222,125,1.03009009009009,973.0,544.0,-429.0,0.9404952456418383,15617918.940000001,76.27190546195756,16.807738814993954
22672,FRENCH BATHROOM SIGN BLUE METAL,4736.11,2850,370,227,1.946595744680851,974.0,939.0,-35.0,1.6617929824561402,15622655.05,76.29503480047988,16.82501295560546
22399,MAGNETS PACK OF 4 CHILDHOOD MEMORY,4734.6,4042,278,180,1.301111111111111,975.0,679.0,-296.0,1.1713508164275113,15627389.65,76.31815676474332,16.842287096216964
22434,BALLOON PUMP WITH 10 BALLOONS,4733.49,2547,281,203,2.0394076655052262,976.0,1045.0,69.0,1.858457008244994,15632123.14,76.34127330819396,16.85956123682847
84508A,CAMOUFLAGE DESIGN TEDDY,4722.56,2223,64,28,2.49078125,977.0,1200.0,223.0,2.1244084570400363,15636845.700000001,76.36433647373109,16.87683537743997
85049G,CHOCOLATE BOX RIBBONS,4718.62,3829,510,288,1.3707633587786259,978.0,719.0,-259.0,1.2323374249151213,15641564.32,76.38738039782453,16.89410951805148
23569,TRADTIONAL ALPHABET STAMP SET,4717.66,954,192,152,5.3034693877551025,979.0,2135.0,1156.0,4.945136268343815,15646281.98,76.41041963364744,16.91138365866298
22474,SPACEBOY TV DINNER TRAY,4716.83,968,255,143,6.18237354085603,980.0,2117.0,1137.0,4.87275826446281,15650998.81,76.43345481606977,16.928657799274486
21588,RETROSPOT GIANT TUBE MATCHES,4713.6,2056,182,127,2.523243243243243,981.0,1288.0,307.0,2.292607003891051,15655712.41,76.45647422441519,16.94593193988599
23159,SET OF 5 PANCAKE DAY MAGNETS,4713.52,2293,223,121,2.3199107142857143,982.0,1169.0,187.0,2.0556127344090713,15660425.93,76.47949324207138,16.963206080497496
22305,COFFEE MUG PINK PAISLEY DESIGN,4711.53,2267,144,87,2.7977083333333335,983.0,1183.0,200.0,2.0783105425672694,15665137.459999999,76.50250254133346,16.980480221109
23558,LANDMARK FRAME LONDON BRIDGE,4703.87,415,52,43,13.125384615384615,984.0,2947.0,1963.0,11.334626506024096,15669841.329999998,76.52547443210351,16.997754361720503
23389,SPACEBOY MINI BACKPACK,4697.54,1102,233,157,4.537829787234043,985.0,1960.0,975.0,4.2627404718693285,15674538.869999997,76.5484154095897,17.015028502332008
23176,ABC TREASURE BOOK BOX,4693.08,2165,226,159,2.663215859030837,986.0,1225.0,239.0,2.1677043879907623,15679231.949999997,76.57133460615235,17.032302642943513
48197,DOOR MAT BIRD ON THE WIRE,4691.77,673,204,70,9.546029411764707,987.0,2503.0,1516.0,6.971426448736999,15683923.719999997,76.59424740517916,17.04957678355502
22304,COFFEE MUG BLUE PAISLEY DESIGN,4689.56,2380,167,98,2.8558682634730537,988.0,1121.0,133.0,1.970403361344538,15688613.279999997,76.61714941141649,17.066850924166523
20961,STRAWBERRY BATH SPONGE,4687.65,3530,514,177,1.7074903474903476,989.0,777.0,-212.0,1.3279461756373936,15693300.929999998,76.64004208994892,17.08412506477803
22562,MONSTERS STENCIL CRAFT,4682.3,3978,393,251,1.3233585858585857,990.0,692.0,-298.0,1.1770487682252389,15697983.229999999,76.66290864114032,17.10139920538953
21156,RED SPOTTY CHILDS APRON,4678.23,2506,296,208,2.070704697986577,991.0,1062.0,71.0,1.8668116520351155,15702661.459999999,76.68575531601806,17.11867334600104
20963,APPLE BATH SPONGE,4676.15,3459,509,168,1.7628349514563106,992.0,800.0,-192.0,1.3518791558253829,15707337.61,76.70859183297632,17.13594748661254
22721,SET OF 3 CAKE TINS SKETCHBOOK,4671.81,1020,297,183,5.396275167785235,993.0,2050.0,1057.0,4.580205882352941,15712009.42,76.73140715504485,17.153221627224045
23241,TREASURE TIN GYMKHANA DESIGN,4669.55,2165,363,183,2.4851092896174864,994.0,1225.0,231.0,2.156836027713626,15716678.97,76.75421144014317,17.17049576783555
22075,6 RIBBONS ELEGANT CHRISTMAS,4660.69,3079,358,201,1.8114325068870523,995.0,887.0,-108.0,1.5137025008119518,15721339.66,76.77697245641127,17.187769908447052
82581,TOILET METAL SIGN,4649.0,8399,913,371,0.6903583061889251,996.0,290.0,-706.0,0.5535182759852363,15725988.66,76.79967638321835,17.20504404905856
22348,TEA BAG PLATE RED RETROSPOT,4648.93,5327,496,196,1.0783632734530937,997.0,504.0,-493.0,0.8727107189787874,15730637.59,76.82237996817237,17.222318189670062
72807B,SET/3 OCEAN SCENT CANDLE JEWEL BOX,4645.87,1059,225,112,5.263973799126638,998.0,2014.0,1016.0,4.3870349386213405,15735283.459999999,76.84506860926403,17.23959233028157
21243,PINK SPOTTY PLATE,4645.09,2872,240,128,1.8881249999999998,999.0,933.0,-66.0,1.6173711699164346,15739928.549999999,76.8677534411359,17.256866470893073
15044B,BLUE PAPER PARASOL,4644.13,1670,189,97,3.5482539682539684,1000.0,1505.0,505.0,2.7809161676646705,15744572.68,76.89043358473722,17.274140611504578
21243,PINK POLKADOT PLATE,4642.61,2772,264,124,2.1165283018867926,1001.0,968.0,-33.0,1.6748232323232322,15749215.29,76.91310630524353,17.291414752116083
21042,RED SPOTTY APRON,4638.110000000001,794,204,120,6.717843137254902,1002.0,2324.0,1322.0,5.841448362720404,15753853.399999999,76.93575704948168,17.308688892727588
22574,HEART WOODEN CHRISTMAS DECORATION,4629.17,5074,415,253,1.0663095238095237,1003.0,542.0,-461.0,0.9123314938904218,15758482.569999998,76.95836413420044,17.325963033339093
21328,BALLOONS WRITING SET,4612.63,2441,643,257,2.262357473035439,1004.0,1093.0,89.0,1.8896476853748465,15763095.2,76.98089044392472,17.343237173950595
20675,BLUE POLKADOT BOWL,4611.89,3616,385,180,1.56426735218509,1005.0,763.0,-242.0,1.275412057522124,15767707.09,77.00341313977378,17.3605113145621
21878,PACK OF 6 SANDCASTLE FLAGS ASSORTED,4586.48,5586,403,225,1.0591707317073171,1006.0,482.0,-524.0,0.8210669530970282,15772293.57,77.02581174296202,17.377785455173605
22800,ANTIQUE TALL SWIRLGLASS TRINKET POT,4586.4,1127,268,149,4.836455223880598,1007.0,1932.0,925.0,4.069565217391304,15776879.97,77.04820995546106,17.39505959578511
23285,PINK VINTAGE SPOT BEAKER,4572.41,4807,191,108,1.06703125,1008.0,573.0,-435.0,0.951198252548367,15781452.38,77.07053984618422,17.412333736396615
10135,COLOURING PENCILS BROWN TUBE,4566.21,4226,324,178,1.3985626911314983,1009.0,656.0,-353.0,1.0805040227165168,15786018.590000002,77.09283945849347,17.42960787700812
23404,HOME SWEET HOME BLACKBOARD,4561.76,1011,169,104,6.0208875739644965,1010.0,2063.0,1053.0,4.512126607319486,15790580.350000001,77.11511733871535,17.44688201761962
15044D,RED PAPER PARASOL,4559.650000000001,1596,227,105,3.438471615720524,1011.0,1563.0,552.0,2.8569235588972433,15795140.000000002,77.13738491450925,17.464156158231127
51014A,"FEATHER PEN,HOT PINK",4556.5,6681,377,161,0.8222015915119363,1012.0,378.0,-634.0,0.6820086813351295,15799696.500000002,77.15963710691545,17.481430298842632
22601,CHRISTMAS RETROSPOT ANGEL WOOD,4547.19,5250,417,257,1.0235071090047392,1013.0,515.0,-498.0,0.8661314285714284,15804243.690000001,77.18184383286467,17.498704439454137
85184D,S/4 BLUE ROUND DECOUPAGE BOXES,4546.78,8311,66,48,3.496818181818182,1014.0,295.0,-719.0,0.5470797737937673,15808790.47,77.20404855653167,17.515978580065642
22743,MAKE YOUR OWN FLOWERPOWER CARD KIT,4542.500000000001,1502,351,199,3.5751396648044693,1015.0,1626.0,611.0,3.0243009320905467,15813332.97,77.22623237832586,17.533252720677147
37447,CERAMIC CAKE DESIGN SPOTTED PLATE,4540.849999999999,2891,364,141,1.988224043715847,1016.0,925.0,-91.0,1.5706848841231407,15817873.82,77.24840814215504,17.550526861288652
21614,SET OF 12 ROSE BOTANICAL T-LIGHTS,4538.17,1627,194,123,3.0643147208121833,1017.0,1537.0,520.0,2.789287031346036,15822411.99,77.27057081789565,17.567801001900154
21506,"FANCY FONT BIRTHDAY CARD,",4534.49,10878,665,310,0.4894152923538231,1018.0,206.0,-812.0,0.41684960470674753,15826946.48,77.29271552193252,17.58507514251166
21990,MODERN FLORAL STATIONERY SET,4530.54,2453,497,170,2.26582,1019.0,1084.0,65.0,1.846938442723196,15831477.02,77.31484093568956,17.602349283123164
21564,PINK HEART SHAPE LOVE BUCKET,4524.5,1951,294,134,3.22935593220339,1020.0,1337.0,317.0,2.3190671450538187,15836001.52,77.33693685241116,17.61962342373467
22908,PACK OF 20 NAPKINS RED APPLES,4524.0,5610,485,266,0.955668016194332,1021.0,480.0,-541.0,0.8064171122994652,15840525.52,77.35903032732516,17.636897564346175
23275,SET OF 3 HANGING OWLS OLLIE BEAK,4521.72,3720,325,171,1.4738323353293412,1022.0,740.0,-282.0,1.215516129032258,15845047.24,77.38111266759664,17.654171704957676
23163,REGENCY SUGAR TONGS,4515.22,1832,209,95,3.329234449760766,1023.0,1400.0,377.0,2.4646397379912663,15849562.46,77.40316326436968,17.671445845569185
23112,PARISIENNE CURIO CABINET,4507.08,546,241,134,9.16721991701245,1024.0,2697.0,1673.0,8.254725274725274,15854069.540000001,77.42517410851545,17.688719986180686
22760,"TRAY, BREAKFAST IN BED",4506.889999999999,356,120,82,14.2095,1025.0,3081.0,2056.0,12.659803370786515,15858576.430000002,77.44718402477433,17.705994126792195
23309,SET OF 60 I LOVE LONDON CAKE CASES,4495.849999999999,8275,407,178,0.7424170616113744,1026.0,298.0,-728.0,0.5433051359516615,15863072.280000001,77.46914002592202,17.723268267403697
22747,POPPY'S PLAYHOUSE BATHROOM,4487.2,2035,402,241,2.4089655172413793,1027.0,1294.0,267.0,2.205012285012285,15867559.48,77.4910537837987,17.7405424080152
84279P,CHERRY BLOSSOM DECORATIVE FLASK,4476.67,1145,299,169,4.604666666666667,1028.0,1915.0,887.0,3.909755458515284,15872036.15,77.51291611720792,17.757816548626707
23167,SMALL CERAMIC TOP STORAGE JAR,4476.01,5847,231,129,1.0025210084033613,1029.0,453.0,-576.0,0.7655224901658971,15876512.16,77.53477522743114,17.77509068923821
22070,SMALL RED RETROSPOT MUG IN BOX,4462.95,1511,236,156,4.056386554621849,1030.0,1623.0,593.0,2.953639973527465,15880975.11,77.55657055764055,17.792364829849717
84968C,SET OF 16 VINTAGE PISTACHIO CUTLERY,4451.95,375,133,50,15.193507462686568,1031.0,3035.0,2004.0,11.871866666666666,15885427.059999999,77.57831216808341,17.80963897046122
23288,GREEN VINTAGE SPOT BEAKER,4444.2300000000005,4625,185,107,1.0418817204301074,1032.0,602.0,-430.0,0.9609145945945947,15889871.29,77.60001607701733,17.826913111072724
22736,RIBBON REEL MAKING SNOWMEN,4439.28,2467,403,228,2.2283863080684596,1033.0,1077.0,44.0,1.7994649371706526,15894310.569999998,77.62169581205629,17.84418725168423
21064,BOOM BOX SPEAKER BOYS,4432.92,884,171,75,5.502183908045977,1034.0,2211.0,1177.0,5.014615384615385,15898743.489999998,77.64334448730293,17.861461392295734
21864,UNION JACK FLAG PASSPORT COVER,4431.54,1853,411,166,2.754820143884892,1035.0,1384.0,349.0,2.391548839719374,15903175.029999997,77.66498642316067,17.87873553290724
22299,PIG KEYRING WITH LIGHT & SOUND,4430.82,3912,202,103,1.629207920792079,1036.0,703.0,-333.0,1.132622699386503,15907605.849999998,77.6866248428155,17.89600967351874
79341,WILLOW BRANCH LIGHTS.,4423.69,725,79,49,8.0465,1037.0,2415.0,1378.0,6.101641379310344,15912029.539999997,77.70822844229436,17.913283814130246
21244,BLUE POLKADOT PLATE,4419.44,2641,241,128,2.033868312757202,1038.0,1020.0,-18.0,1.6733964407421429,15916448.979999997,77.72981128640885,17.93055795474175
22367,CHILDS APRON SPACEBOY DESIGN,4412.87,2325,310,231,2.046121794871795,1039.0,1157.0,118.0,1.8980086021505376,15920861.849999996,77.75136204517183,17.947832095353256
23530,WALL ART ONLY ONE PERSON,4406.57,1050,86,59,5.584883720930232,1040.0,2028.0,988.0,4.196733333333333,15925268.419999996,77.77288203715942,17.96510623596476
22548,HEADS AND TAILS SPORTING FUN,4404.31,3526,428,293,1.3872499999999999,1041.0,780.0,-261.0,1.249095292115712,15929672.729999997,77.79439099217677,17.982380376576266
84031A,CHARLIE+LOLA RED HOT WATER BOTTLE,4404.0199999999995,1098,314,95,4.696772151898735,1042.0,1966.0,924.0,4.010947176684881,15934076.749999996,77.81589853094573,17.999654517187768
22573,STAR WOODEN CHRISTMAS DECORATION,4403.83,4907,405,235,1.0914669926650367,1043.0,561.0,-482.0,0.8974587324230691,15938480.579999996,77.83740514182782,18.016928657799276
21967,PACK OF 12 SKULL TISSUES,4401.44,15652,479,250,0.41983471074380163,1044.0,115.0,-929.0,0.28120623562484026,15942882.019999996,77.8589000808697,18.034202798410778
21535,RETRO SPOT SMALL MILK JUG,4380.61,1719,297,171,2.9730392156862746,1045.0,1470.0,425.0,2.5483478766724836,15947262.629999995,77.88029329420813,18.051476939022283
21523,FANCY FONT HOME SWEET HOME DOORMAT,4378.65,663,164,76,7.976829268292684,1046.0,2517.0,1471.0,6.604298642533936,15951641.279999996,77.90167693566087,18.06875107963379
22594,CHRISTMAS GINGHAM TREE,4377.33,4791,412,232,1.1050847457627118,1047.0,579.0,-468.0,0.9136568566061365,15956018.609999996,77.92305413074165,18.08602522024529
21810,CHRISTMAS HANGING STAR WITH BELL,4374.41,6959,344,171,0.9649166666666666,1048.0,360.0,-688.0,0.628597499640753,15960393.019999996,77.94441706566617,18.1032993608568
85053,FRENCH ENAMEL CANDLEHOLDER,4363.28,2032,378,185,2.618046875,1049.0,1296.0,247.0,2.147283464566929,15964756.299999995,77.96572564595414,18.1205735014683
79320,FLAMINGO LIGHTS,4357.38,928,151,67,5.845099337748344,1050.0,2168.0,1118.0,4.695452586206897,15969113.679999996,77.98700541291277,18.13784764207981
22896,PEG BAG APPLES DESIGN,4356.2,1689,338,171,3.1665588235294115,1051.0,1492.0,441.0,2.5791592658377738,15973469.879999995,78.0082794172055,18.15512178269131
84598,BOYS ALPHABET IRON ON PATCHES,4350.14,20775,217,30,0.37119815668202766,1052.0,68.0,-984.0,0.2093930204572804,15977820.019999996,78.0295238267905,18.172395923302815
20677,PINK SPOTTY BOWL,4348.93,3567,349,161,1.5096883852691216,1053.0,770.0,-283.0,1.2192122231567144,15982168.949999996,78.05076232720114,18.18967006391432
85184C,S/4 VALENTINE DECOUPAGE HEART BOX,4345.96,2106,283,159,3.221578947368421,1054.0,1253.0,199.0,2.0636087369420704,15986514.909999996,78.07198632327481,18.206944204525826
15039,SANDALWOOD FAN,4345.62,5101,306,127,1.1448376623376624,1055.0,535.0,-520.0,0.8519153107233876,15990860.529999996,78.09320865891932,18.22421834513733
21844,RETRO SPOT MUG,4343.01,1481,154,102,3.400844155844156,1056.0,1645.0,589.0,2.932484807562458,15995203.539999995,78.11441824832832,18.241492485748832
23349,ROLL WRAP VINTAGE CHRISTMAS,4342.6,3221,337,214,1.5426530612244898,1057.0,854.0,-203.0,1.3482148401117666,15999546.139999995,78.1356258354551,18.25876662636034
22611,VINTAGE UNION JACK SHOPPING BAG,4338.63,907,195,135,5.167050000000001,1058.0,2190.0,1132.0,4.783495038588755,16003884.769999996,78.15681403462976,18.276040766971843
22353,LUNCH BOX WITH CUTLERY FAIRY CAKES,4320.21,1589,298,142,3.2085382059800662,1059.0,1571.0,512.0,2.718823159219635,16008204.979999997,78.17791227761346,18.293314907583348
23168,CLASSIC CAFE SUGAR DISPENSER,4311.35,3075,325,132,1.7985757575757575,1060.0,888.0,-172.0,1.4020650406504067,16012516.329999996,78.19896725176699,18.310589048194853
21913,VINTAGE SEASIDE JIGSAW PUZZLES,4302.48,1129,298,170,4.348595317725753,1061.0,1928.0,867.0,3.810876882196634,16016818.809999997,78.21997890825416,18.327863188806358
47580,TEA TIME DES TEA COSY,4298.6,1662,344,158,3.132997118155619,1062.0,1512.0,450.0,2.5864019253910953,16021117.409999996,78.2409716163146,18.345137329417863
21153,RED SPOTTY TABLECLOTH,4294.6900000000005,393,139,91,11.799856115107914,1063.0,2992.0,1929.0,10.927964376590332,16025412.099999996,78.26194522943979,18.362411470029365
21012,ANTIQUE ALL GLASS CANDLESTICK,4293.7,2297,299,112,2.332857142857143,1064.0,1166.0,102.0,1.8692642577274705,16029705.799999995,78.28291400778599,18.37968561064087
23050,RECYCLED ACAPULCO MAT GREEN,4286.55,497,205,116,9.223268292682926,1065.0,2770.0,1705.0,8.624849094567406,16033992.349999996,78.30384786828394,18.396959751252375
20966,SANDWICH BATH SPONGE,4265.24,3007,420,137,1.7994339622641509,1066.0,902.0,-164.0,1.4184369803791153,16038257.589999996,78.32467765894314,18.41423389186388
22723,SET OF 6 HERB TINS SKETCHBOOK,4262.820000000001,1164,295,170,4.301208053691275,1067.0,1896.0,829.0,3.6622164948453615,16042520.409999996,78.3454956312537,18.431508032475385
72802B,OCEAN SCENT CANDLE IN JEWELLED BOX,4258.97,1559,212,119,4.411596244131455,1068.0,1587.0,519.0,2.731860166773573,16046779.379999997,78.36629480164594,18.44878217308689
22312,OFFICE MUG WARMER POLKADOT,4254.05,1233,269,104,4.289963235294118,1069.0,1841.0,772.0,3.450162206001622,16051033.429999998,78.38706994465167,18.46605631369839
20979,36 PENCILS TUBE RED SPOTTY,4252.11,3395,275,144,1.5688086642599277,1070.0,819.0,-251.0,1.252462444771723,16055285.539999997,78.40783561344402,18.4833304543099
22744,MAKE YOUR OWN MONSOON CARD KIT,4245.17,1515,300,196,3.216754098360656,1071.0,1620.0,549.0,2.8020924092409243,16059530.709999997,78.42856738994726,18.500604594921402
21556,CERAMIC STRAWBERRY MONEY BOX,4244.41,1611,295,132,3.2295986622073576,1072.0,1554.0,482.0,2.634643078833023,16063775.119999997,78.44929545490301,18.517878735532907
20982,12 PENCILS TALL TUBE SKULLS,4243.8,4851,576,316,0.9613333333333334,1073.0,570.0,-503.0,0.8748299319727891,16068018.919999998,78.47002054085351,18.535152876144412
22497,SET OF 2 TINS VINTAGE BATHROOM,4239.07,929,279,160,5.253928571428571,1074.0,2166.0,1092.0,4.563046286329386,16072257.989999998,78.49072252730438,18.552427016755914
21068,VINTAGE BILLBOARD LOVE/HATE MUG,4224.63,4066,373,149,1.5829521276595744,1075.0,678.0,-397.0,1.0390137727496311,16076482.62,78.51135399435258,18.569701157367422
21355,TOAST ITS - I LOVE YOU,4218.05,3452,341,213,1.455664739884393,1076.0,804.0,-272.0,1.2219148319814601,16080700.67,78.5319533272131,18.586975297978924
23089,GLASS BON BON JAR,4215.78,2354,225,101,2.380175438596491,1077.0,1136.0,59.0,1.7909005947323704,16084916.45,78.55254157426724,18.604249438590433
72807A,SET/3 ROSE CANDLE IN JEWELLED BOX,4213.54,924,216,95,5.681651376146789,1078.0,2174.0,1096.0,4.560108225108225,16089129.989999998,78.57311888202348,18.621523579201934
22600,CHRISTMAS RETROSPOT STAR WOOD,4209.9,4860,429,278,1.0088532110091741,1079.0,568.0,-511.0,0.8662345679012345,16093339.889999999,78.59367841342058,18.63879771981344
22797,CHEST OF DRAWERS GINGHAM HEART,4205.5599999999995,242,140,98,18.55292857142857,1080.0,3439.0,2359.0,17.378347107438014,16097545.45,78.61421674992795,18.656071860424944
84950,ASSORTED COLOUR T-LIGHT HOLDER,4199.27,6041,274,156,0.9113818181818182,1081.0,441.0,-640.0,0.695128290018209,16101744.719999999,78.63472436849605,18.673346001036446
23144,ZINC T-LIGHT HOLDER STARS SMALL,4197.83,5089,274,180,0.9436727272727272,1082.0,539.0,-543.0,0.8248830811554333,16105942.549999999,78.65522495465837,18.690620141647955
23012,GLASS APOTHECARY BOTTLE PERFUME,4197.110000000001,1071,246,151,4.62991935483871,1083.0,2003.0,920.0,3.9188702147525682,16110139.659999998,78.67572202461777,18.707894282259456
22851,SET 20 NAPKINS FAIRY CAKES DESIGN,4193.679999999999,5167,523,306,0.9530827067669172,1084.0,524.0,-560.0,0.8116276369266497,16114333.339999998,78.69620234377722,18.72516842287096
21470,FLOWER VINE RAFFIA FOOD COVER,4190.93,1102,319,160,4.200248447204969,1085.0,1960.0,875.0,3.8030217785843923,16118524.269999998,78.71666923299502,18.742442563482467
21474,SWEETHEART CREAM STEEL FOLDIN BENCH,4189.5,210,94,69,19.95,1086.0,3557.0,2471.0,19.95,16122713.769999998,78.73712913864317,18.75971670409397
20754,RETROSPOT RED WASHING UP GLOVES,4187.43,1955,432,208,2.500434782608696,1087.0,1333.0,246.0,2.141907928388747,16126901.199999997,78.75757893520797,18.776990844705477
21609,SET 12 LAVENDER BOTANICAL T-LIGHTS,4186.29,1499,218,142,3.033287671232877,1088.0,1629.0,541.0,2.792721814543029,16131087.489999996,78.77802316445151,18.794264985316982
22530,MAGIC DRAWING SLATE DOLLY GIRL,4176.45,9873,464,281,0.4951914893617021,1089.0,232.0,-857.0,0.4230173199635369,16135263.939999996,78.79841933892202,18.811539125928487
21238,RED RETROSPOT CUP,4164.55,4731,469,186,1.0648734177215189,1090.0,587.0,-503.0,0.8802684421898119,16139428.489999996,78.81875739837231,18.82881326653999
22833,HALL CABINET WITH 3 DRAWERS,4163.54,120,13,9,48.14846153846155,1091.0,3935.0,2844.0,34.69616666666666,16143592.029999996,78.83909052537132,18.846087407151494
22127,PARTY CONES CARNIVAL ASSORTED,4153.11,3468,155,128,1.8159119496855347,1092.0,796.0,-296.0,1.1975519031141868,16147745.139999995,78.85937271626435,18.863361547763
22926,IVORY GIANT GARDEN THERMOMETER,4150.31,680,216,152,6.306635944700461,1093.0,2488.0,1395.0,6.10339705882353,16151895.449999996,78.87964123303497,18.880635688374504
21143,ANTIQUE GLASS HEART DECORATION,4149.15,2100,182,128,2.2731382978723405,1094.0,1259.0,165.0,1.975785714285714,16156044.599999996,78.89990408481205,18.89790982898601
23110,PARISIENNE KEY CABINET,4147.18,700,255,157,6.66234375,1095.0,2455.0,1360.0,5.924542857142858,16160191.779999996,78.92015731586729,18.915183969597514
23486,ANTIQUE HEART SHELF UNIT,4145.47,275,74,64,17.8127027027027,1096.0,3324.0,2228.0,15.074436363636364,16164337.249999996,78.94040219594064,18.932458110209016
21539,RETRO SPOTS BUTTER DISH,4142.87,868,174,111,5.61864406779661,1097.0,2232.0,1135.0,4.772891705069124,16168480.119999995,78.96063437861459,18.94973225082052
21590,KINGS CHOICE CIGAR BOX MATCHES,4141.28,3448,286,203,1.246135593220339,1098.0,805.0,-293.0,1.2010672853828306,16172621.399999995,78.98085879634046,18.967006391432026
70006,LOVE HEART POCKET WARMER,4139.5599999999995,4438,290,141,1.9677364864864864,1099.0,622.0,-477.0,0.932753492564218,16176760.959999995,79.0010748142483,18.98428053204353
23283,DOORMAT VINTAGE LEAF,4122.2,564,142,100,9.177535211267607,1100.0,2658.0,1558.0,7.30886524822695,16180883.159999995,79.02120605259722,19.001554672655036
23255,CHILDRENS CUTLERY CIRCUS PARADE,4097.22,1014,158,116,4.346962025316456,1101.0,2057.0,956.0,4.040650887573965,16184980.379999995,79.04121529823982,19.018828813266538
22125,UNION JACK HOT WATER BOTTLE,4089.09,653,183,117,6.847883597883598,1102.0,2535.0,1433.0,6.262006125574273,16189069.469999995,79.0611848400913,19.036102953878046
22807,SET OF 6 T-LIGHTS TOADSTOOLS,4086.5600000000004,1375,294,125,3.702675585284281,1103.0,1729.0,626.0,2.9720436363636367,16193156.029999996,79.08114202639648,19.053377094489548
23009,I LOVE LONDON BABY GIFT SET,4082.5199999999995,263,103,48,15.988252427184465,1104.0,3364.0,2260.0,15.522889733840302,16197238.549999995,79.10107948289647,19.070651235101053
21911,GARDEN METAL SIGN,4080.8499999999995,2546,344,200,2.044550724637681,1105.0,1046.0,-59.0,1.6028476040848387,16201319.399999995,79.12100878375917,19.087925375712558
23193,BUFFALO BILL TREASURE BOOK BOX,4079.28,1922,175,109,2.730571428571429,1106.0,1350.0,244.0,2.1224141519250783,16205398.679999994,79.14093041734607,19.105199516324063
21042,RED RETROSPOT APRON,4079.2000000000003,679,195,109,7.108040201005025,1107.0,2489.0,1382.0,6.007658321060383,16209477.879999993,79.16085166024376,19.12247365693557
21472,LADYBIRD + BEE RAFFIA FOOD COVER,4077.82,1056,285,161,4.3950174216027875,1108.0,2020.0,912.0,3.86157196969697,16213555.699999994,79.18076616375258,19.13974779754707
84596B,SMALL DOLLY MIX DESIGN ORANGE BOWL,4074.67,6221,725,256,0.8488524590163935,1109.0,416.0,-693.0,0.6549863366018325,16217630.369999994,79.20066528387369,19.15702193815858
20981,12 PENCILS TALL TUBE WOODLAND,4069.16,4718,513,290,0.9629126213592233,1110.0,591.0,-519.0,0.8624756252649427,16221699.529999994,79.22053749527534,19.17429607877008
21901,"KEY FOB , BACK DOOR",4061.51,6159,689,315,0.8083474576271187,1111.0,424.0,-687.0,0.6594430914109434,16225761.039999994,79.24037234702114,19.191570219381585
84580,MOUSE TOY WITH PINK T-SHIRT,4051.94,1057,442,197,3.876792873051225,1112.0,2018.0,906.0,3.833434247871334,16229812.979999993,79.26016046257,19.20884435999309
72349B,SET/6 PURPLE BUTTERFLY T-LIGHTS,4049.9900000000002,1990,287,123,2.432474226804124,1113.0,1321.0,208.0,2.0351708542713567,16233862.969999993,79.27993905506932,19.226118500604596
35924,HANGING FAIRY CAKE DECORATION,4049.4,2164,188,65,2.7565104166666665,1114.0,1227.0,113.0,1.8712569316081331,16237912.369999994,79.29971476623572,19.2433926412161
21717,EASTER TIN BUCKET,4039.63,1554,176,122,2.927272727272727,1115.0,1591.0,476.0,2.5995045045045044,16241951.999999994,79.31944276448216,19.260666781827602
21679,SKULLS STICKERS,4034.5099999999998,4871,370,181,1.0574932614555255,1116.0,565.0,-551.0,0.8282714021761445,16245986.509999994,79.33914575861905,19.277940922439107
23340,VINTAGE CHRISTMAS CAKE FRILL,4034.08,2500,151,112,1.9589473684210525,1117.0,1065.0,-52.0,1.613632,16250020.589999994,79.35884665280145,19.295215063050613
84968A,SET OF 16 VINTAGE ROSE CUTLERY,4026.8399999999997,339,119,44,13.738,1118.0,3127.0,2009.0,11.878584070796459,16254047.429999994,79.37851218961018,19.312489203662118
22639,SET OF 4 NAPKIN CHARMS HEARTS,4021.12,1651,275,192,2.7065124555160143,1119.0,1522.0,403.0,2.435566323440339,16258068.549999993,79.39814979214029,19.329763344273623
22053,EMPIRE DESIGN ROSETTE,4020.8899999999994,4551,87,61,1.508390804597701,1120.0,611.0,-509.0,0.8835179081520543,16262089.439999994,79.41778627143891,19.347037484885128
22284,HEN HOUSE DECORATION,4017.74,2465,300,157,1.9993770491803278,1121.0,1078.0,-43.0,1.6299148073022312,16266107.179999994,79.43740736734983,19.36431162549663
22057,CERAMIC PLATE STRAWBERRY DESIGN,4011.73,3060,260,113,2.046153846153846,1122.0,892.0,-230.0,1.3110228758169935,16270118.909999995,79.45699911273374,19.381585766108138
21349,IVY HEART WREATH,4010.73,553,171,113,8.393837209302326,1123.0,2681.0,1558.0,7.252676311030742,16274129.639999995,79.4765859745025,19.39885990671964
23129,HEART SHAPED HOLLY WREATH,3999.5,950,172,138,4.576279069767442,1124.0,2137.0,1013.0,4.21,16278129.139999995,79.49611799327319,19.416134047331145
21238,RED SPOTTY CUP,3999.45,4746,434,201,0.9722323462414578,1125.0,584.0,-541.0,0.8426991150442478,16282128.589999994,79.51564976786311,19.43340818794265
20967,GREY FLORAL FELTCRAFT SHOULDER BAG,3997.34,1055,296,187,3.9911999999999996,1126.0,2021.0,895.0,3.788947867298578,16286125.929999994,79.53517123802509,19.450682328554155
22245,"HOOK, 1 HANGER ,MAGIC GARDEN",3988.85,4633,413,166,1.1102870813397128,1127.0,599.0,-528.0,0.8609648176127779,16290114.779999994,79.55465124629447,19.46795646916566
21987,PACK OF 6 SKULL PAPER CUPS,3988.06,6417,385,209,0.7309923664122138,1128.0,391.0,-737.0,0.621483559295621,16294102.839999994,79.5741273965079,19.48523060977716
21955,UNION JACK GUNS & ROSES DOORMAT,3987.11,765,102,49,7.410294117647059,1129.0,2356.0,1227.0,5.211908496732026,16298089.949999994,79.59359890728695,19.50250475038867
22612,TEA COSY VINTAGE UNION JACK,3984.99,1001,109,83,4.2005405405405405,1130.0,2078.0,948.0,3.981008991008991,16302074.939999994,79.61306006480187,19.519778891000172
23306,SET OF 36 DOILIES PANTRY DESIGN,3983.6,2741,244,172,1.7355510204081632,1131.0,985.0,-146.0,1.4533381977380517,16306058.539999994,79.63251443409176,19.537053031611677
85206A,CREAM FELT EASTER EGG BASKET,3982.91,2327,318,234,1.8081055900621115,1132.0,1155.0,23.0,1.7116072195960463,16310041.449999994,79.6519654336872,19.554327172223182
22244,"HOOK, 3 HANGER ,MAGIC GARDEN",3979.2,2028,208,106,2.638894230769231,1133.0,1298.0,165.0,1.9621301775147928,16314020.649999993,79.67139831507043,19.571601312834687
21524,SPOTTY HOME SWEET HOME DOORMAT,3978.34,666,120,86,7.139504132231405,1134.0,2513.0,1379.0,5.973483483483483,16317998.989999993,79.69082699654467,19.588875453446192
22959,WRAP CHRISTMAS VILLAGE,3971.46,9713,283,251,0.41809859154929574,1135.0,241.0,-894.0,0.40888088129311234,16321970.449999994,79.71022207874671,19.606149594057694
22356,CHARLOTTE BAG PINK WITH WHITE SPOTS,3959.52,4345,321,172,1.0377570093457944,1136.0,640.0,-496.0,0.9112819332566168,16325929.969999993,79.7295588505839,19.623423734669203
21648,ASSORTED TUTTI FRUTTI SMALL PURSE,3956.48,2940,231,96,1.8345493562231758,1137.0,919.0,-218.0,1.3457414965986394,16329886.449999994,79.74888077623106,19.640697875280704
22788,BROCANTE COAT RACK,3942.62,476,84,51,11.650238095238095,1138.0,2813.0,1675.0,8.28281512605042,16333829.069999993,79.76813501497233,19.65797201589221
23526,WALL ART DOG LICENCE,3939.76,604,114,57,8.880260869565218,1139.0,2598.0,1459.0,6.522781456953643,16337768.829999993,79.78737528657427,19.675246156503714
23557,LANDMARK FRAME BAKER STREET,3930.27,350,32,25,13.181875,1140.0,3098.0,1958.0,11.229342857142857,16341699.099999992,79.80656921266849,19.69252029711522
22359,GLASS JAR KINGS CHOICE,3928.28,1242,199,111,3.560402010050251,1141.0,1834.0,693.0,3.162866344605475,16345627.379999992,79.82575342036859,19.709794437726725
18097C,WHITE TALL PORCELAIN T-LIGHT HOLDER,3924.92,1763,211,110,2.8269339622641505,1142.0,1444.0,302.0,2.226273397617697,16349552.299999991,79.84492121912179,19.727068578338226
21812,GARLAND WITH HEARTS AND BELLS,3917.4900000000002,805,205,103,5.597766990291262,1143.0,2311.0,1168.0,4.866447204968944,16353469.789999992,79.86405273261447,19.74434271894973
22980,PANTRY SCRUBBING BRUSH,3910.0099999999998,2363,291,198,1.9236734693877549,1144.0,1132.0,-12.0,1.6546804909013964,16357379.799999991,79.88314771666586,19.761616859561236
22179,SET 10 NIGHT OWL LIGHTS,3908.73,505,170,59,8.948604651162789,1145.0,2757.0,1612.0,7.7400594059405945,16361288.529999992,79.90223644968988,19.77889100017274
23081,GREEN METAL BOX ARMY SUPPLIES,3906.25,467,135,78,9.44148148148148,1146.0,2833.0,1687.0,8.36456102783726,16365194.779999992,79.92131307134834,19.796165140784247
46000M,POLYESTER FILLER PAD 45X45CM,3901.3500000000004,4205,365,206,1.4991803278688527,1147.0,662.0,-485.0,0.9277883472057076,16369096.129999992,79.94036576329258,19.813439281395752
23049,RECYCLED ACAPULCO MAT RED,3896.84,456,186,103,8.921505376344086,1148.0,2855.0,1707.0,8.545701754385965,16372992.969999991,79.95939643013251,19.830713422007253
22314,OFFICE MUG WARMER CHOC+BLUE,3888.4800000000005,1110,249,101,4.341181102362205,1149.0,1950.0,801.0,3.5031351351351354,16376881.449999992,79.97838626994985,19.84798756261876
21192,WHITE BELL HONEYCOMB PAPER,3885.64,2167,216,96,2.3542792792792793,1150.0,1222.0,72.0,1.7930964467005075,16380767.089999992,79.99736224030018,19.865261703230264
22790,"MIRROR, ARCHED GEORGIAN",3884.000000000001,200,1,1,19.42,1151.0,3596.0,2445.0,19.420000000000005,16384651.089999992,80.01633020152167,19.88253584384177
23552,BICYCLE PUNCTURE REPAIR KIT,3881.91,1863,116,93,2.2640650406504066,1152.0,1376.0,224.0,2.0836876006441223,16388532.999999993,80.0352879559875,19.899809984453274
37340,MULTICOLOUR SPRING FLOWER MUG,3881.33,13665,204,79,3.3486341463414635,1153.0,146.0,-1007.0,0.28403439443834616,16392414.329999993,80.05424287795655,19.917084125064775
21244,BLUE SPOTTY PLATE,3859.6299999999997,2404,204,120,1.8492718446601941,1154.0,1104.0,-50.0,1.6055033277870214,16396273.959999993,80.07309182547698,19.934358265676284
22475,SKULL DESIGN TV DINNER TRAY,3856.8,777,258,115,5.9575478927203065,1155.0,2345.0,1190.0,4.963706563706564,16400130.759999994,80.09192695236652,19.951632406287786
22591,CARDHOLDER GINGHAM CHRISTMAS TREE,3854.15,1347,208,148,3.4746411483253583,1156.0,1746.0,590.0,2.861284335560505,16403984.909999995,80.11074913767595,19.968906546899294
22843,BISCUIT TIN VINTAGE GREEN,3851.76,596,178,134,7.101444444444445,1157.0,2606.0,1449.0,6.46268456375839,16407836.669999994,80.12955965114517,19.986180687510796
22478,BIRDHOUSE GARDEN MARKER,3848.41,2772,317,176,1.6139747634069401,1158.0,968.0,-190.0,1.3883152958152958,16411685.079999994,80.14835380450367,20.0034548281223
22272,FELTCRAFT DOLL MARIA,3848.34,1371,300,207,3.1599342105263157,1159.0,1730.0,571.0,2.8069584245076586,16415533.419999994,80.16714761600909,20.020728968733806
22445,PENCIL CASE LIFE IS BEAUTIFUL,3842.6600000000003,1251,271,144,3.474483985765125,1160.0,1822.0,662.0,3.071670663469225,16419376.079999994,80.18591368858051,20.038003109345308
21447,12 IVORY ROSE PEG PLACE SETTINGS,3842.63,2776,336,149,1.6250146627565982,1161.0,967.0,-194.0,1.3842327089337176,16423218.709999995,80.20467961464347,20.055277249956816
22118,JOY WOODEN BLOCK LETTERS,3842.07,799,271,195,5.403333333333333,1162.0,2316.0,1154.0,4.808598247809762,16427060.779999996,80.22344280588194,20.072551390568318
23111,PARISIENNE SEWING BOX,3839.2400000000002,312,138,80,13.468920863309354,1163.0,3204.0,2041.0,12.30525641025641,16430900.019999996,80.24219217648957,20.089825531179827
21055,TOOL BOX SOFT TOY,3839.0899999999997,386,222,122,10.465964125560538,1164.0,3006.0,1842.0,9.94582901554404,16434739.109999996,80.2609408145549,20.107099671791328
22892,SET OF SALT AND PEPPER TOADSTOOLS,3835.71,3123,265,145,1.3115471698113208,1165.0,877.0,-288.0,1.22821325648415,16438574.819999997,80.27967294600107,20.124373812402833
21067,VINTAGE RED TEATIME MUG,3830.67,4763,266,130,1.505805243445693,1166.0,581.0,-585.0,0.8042557211841277,16442405.489999996,80.29838046402689,20.14164795301434
22778,GLASS CLOCHE SMALL,3828.66,970,194,106,4.895024875621891,1167.0,2113.0,946.0,3.9470721649484535,16446234.149999997,80.31707816598627,20.15892209362584
22777,GLASS CLOCHE LARGE,3821.82,453,99,66,10.184545454545454,1168.0,2860.0,1692.0,8.436688741721854,16450055.969999997,80.33574246401808,20.17619623423735
23194,GYMKHANA TREASURE BOOK BOX,3815.5299999999997,1715,200,128,2.7494581280788175,1169.0,1473.0,304.0,2.224798833819242,16453871.499999996,80.35437604411062,20.19347037484885
85040B,SET/4 BLUE FLOWER CANDLES IN BOWL,3813.7799999999997,2451,252,132,1.7399999999999998,1170.0,1085.0,-85.0,1.5560097919216644,16457685.279999996,80.37300107787665,20.210744515460355
21846,PINK DIAMANTE PEN IN GIFT BOX,3803.4,1601,264,51,3.9122641509433964,1171.0,1560.0,389.0,2.375640224859463,16461488.679999996,80.39157541971748,20.22801865607186
21034,REX CASH+CARRY JUMBO SHOPPER,3801.8999999999996,4004,1903,800,0.9495242864296444,1172.0,685.0,-487.0,0.9495254745254744,16465290.579999996,80.4101424361356,20.245292796683366
22355,"CHARLOTTE BAG , SUKI DESIGN",3796.59,4417,341,145,1.0869208211143695,1173.0,626.0,-547.0,0.859540412044374,16469087.169999996,80.4286835205573,20.26256693729487
21100,CHARLIE AND LOLA CHARLOTTE BAG,3795.0,2540,269,119,2.230259259259259,1174.0,1050.0,-124.0,1.4940944881889764,16472882.169999996,80.44721684003092,20.279841077906376
84016,FLAG OF ST GEORGE CAR FLAG,3791.67,19000,62,43,48.50367647058823,1175.0,79.0,-1096.0,0.19956157894736842,16476673.839999996,80.46573389706612,20.297115218517877
22458,CAST IRON HOOK GARDEN FORK,3790.47,1531,174,121,2.847471264367816,1176.0,1606.0,430.0,2.4758131939908554,16480464.309999997,80.48424509376314,20.314389359129382
72802A,ROSE SCENT CANDLE IN JEWELLED BOX,3789.9,914,182,112,4.502459016393443,1177.0,2182.0,1005.0,4.146498905908096,16484254.209999997,80.50275350679952,20.331663499740888
71038,WHITE HANGING BEADS CANDLE HOLDER,3789.25,717,144,85,5.411379310344827,1178.0,2428.0,1250.0,5.28486750348675,16488043.459999997,80.52125874548605,20.348937640352393
23253,16 PIECE CUTLERY SET PANTRY DESIGN,3785.06,254,69,43,17.16623188405797,1179.0,3399.0,2220.0,14.901811023622047,16491828.519999998,80.53974352182514,20.366211780963898
21154,RED SPOTTY OVEN GLOVE,3778.37,2816,339,171,1.5846397694524497,1180.0,952.0,-228.0,1.3417507102272728,16495606.889999997,80.55819562677891,20.3834859215754
84356,POMPOM CURTAIN,3771.04,750,133,58,6.5449624060150375,1181.0,2375.0,1194.0,5.028053333333333,16499377.929999996,80.57661193483365,20.400760062186908
21743,STAR PORTABLE TABLE LIGHT,3767.0800000000004,1288,182,117,3.553675675675676,1182.0,1783.0,601.0,2.924751552795031,16503145.009999996,80.59500890377245,20.41803420279841
21627,ELEPHANT CARNIVAL POUFFE,3766.35,195,115,31,22.700782608695654,1183.0,3618.0,2435.0,19.314615384615383,16506911.359999996,80.61340230767216,20.435308343409915
23299,FOOD COVER WITH BEADS SET 2,3761.63,1009,145,109,4.374758620689655,1184.0,2066.0,882.0,3.7280773042616455,16510672.989999996,80.63177266090842,20.45258248402142
21813,GARLAND WITH STARS AND BELLS,3761.4100000000003,815,184,76,5.46010752688172,1185.0,2297.0,1112.0,4.615226993865031,16514434.399999997,80.65014193974933,20.469856624632925
22830,UTILTY CABINET WITH HOOKS,3760.71,181,18,14,26.23611111111111,1186.0,3667.0,2481.0,20.777403314917127,16518195.109999998,80.66850780005966,20.48713076524443
21329,DINOSAURS WRITING SET,3760.66,2082,555,253,2.1119964349376112,1187.0,1271.0,84.0,1.8062728146013447,16521955.769999998,80.68687341618921,20.50440490585593
21845,DAIRY MAID STRIPE MUG,3758.4100000000003,2521,158,104,2.1685443037974683,1188.0,1058.0,-130.0,1.4908409361364539,16525714.179999998,80.7052280441847,20.52167904646744
23092,LARGE ANTIQUE WHITE PHOTO FRAME,3757.78,523,135,96,8.100962962962964,1189.0,2731.0,1542.0,7.185047801147228,16529471.959999997,80.72357959550263,20.538953187078942
21899,"KEY FOB , GARAGE DESIGN",3756.66,5900,476,266,0.7785743801652892,1190.0,451.0,-739.0,0.6367220338983051,16533228.619999997,80.74192567717161,20.556227327690447
22544,MINI JIGSAW SPACEBOY,3756.52,9382,341,196,0.5107894736842106,1191.0,250.0,-941.0,0.400396503943722,16536985.139999997,80.76027107513445,20.573501468301952
22425,ENAMEL COLANDER CREAM,3754.4,735,280,179,5.608612099644128,1192.0,2402.0,1210.0,5.108027210884354,16540739.539999997,80.77860611983321,20.590775608913457
85049C,ROMANTIC PINKS RIBBONS,3746.29,2981,500,303,1.3419056974459724,1193.0,911.0,-282.0,1.2567225763166723,16544485.829999996,80.79690155841314,20.608049749524962
22356,"CHARLOTTE BAG , PINK/WHITE SPOTS",3740.38,4454,360,166,1.0589722222222222,1194.0,620.0,-574.0,0.8397799730579255,16548226.209999997,80.81516813482756,20.625323890136464
22162,HEART GARLAND RUSTIC PADDED,3737.9,1220,260,92,3.371015037593985,1195.0,1848.0,653.0,3.0638524590163936,16551964.109999998,80.83342259987644,20.64259803074797
21795,SET OF 3 BLUE STRIPE BASKET,3734.9400000000005,441,80,64,13.154124999999999,1196.0,2881.0,1685.0,8.469251700680273,16555699.049999997,80.85166260942447,20.659872171359474
22732,3D VINTAGE CHRISTMAS STICKERS,3733.84,2713,299,165,1.577467105263158,1197.0,996.0,-201.0,1.3762771839292296,16559432.889999997,80.86989724699585,20.67714631197098
22494,EMERGENCY FIRST AID TIN,3730.92,2765,468,200,1.7174734607218682,1198.0,975.0,-223.0,1.3493381555153707,16563163.809999997,80.88811762441101,20.694420452582484
23064,CINDERELLA CHANDELIER,3717.56,221,23,20,45.48739130434783,1199.0,3517.0,2318.0,16.821538461538463,16566881.369999997,80.90627275672784,20.71169459319399
22579,WOODEN TREE CHRISTMAS SCANDINAVIAN,3715.68,7056,550,344,0.6896672504378284,1200.0,356.0,-844.0,0.5265986394557823,16570597.049999997,80.92441870784819,20.728968733805495
21041,RED SPOTTY OVEN GLOVE DOUBLE,3715.23,1284,173,78,3.6568181818181817,1201.0,1785.0,584.0,2.8934813084112148,16574312.279999997,80.94256246134172,20.746242874417
22782,SET 3 WICKER STORAGE BASKETS,3712.2999999999997,254,84,75,19.985714285714284,1202.0,3399.0,2197.0,14.61535433070866,16578024.579999998,80.96069190584289,20.7635170150285
23236,STORAGE TIN VINTAGE DOILY,3704.78,1272,190,124,3.4103125,1203.0,1796.0,593.0,2.9125628930817613,16581729.359999998,80.97878462555818,20.780791155640006
21351,CINAMMON & ORANGE WREATH,3702.75,1099,177,113,5.481508379888268,1204.0,1964.0,760.0,3.369199272065514,16585432.109999998,80.9968674315347,20.79806529625151
21495,SKULLS AND CROSSBONES WRAP,3695.3,9065,267,150,0.41797752808988764,1205.0,258.0,-947.0,0.4076447876447877,16589127.409999998,81.01491385457842,20.815339436863017
23182,TOILET SIGN OCCUPIED OR VACANT,3688.21,3741,433,140,1.5304347826086955,1206.0,733.0,-473.0,0.9858887997861534,16592815.62,81.03292565279075,20.832613577474522
22398,MAGNETS PACK OF 4 SWALLOWS,3687.48,4240,431,273,1.0115717539863325,1207.0,655.0,-552.0,0.869688679245283,16596503.1,81.05093388596403,20.849887718086023
20692,FLORAL ELEPHANT SOFT TOY,3682.76,908,139,75,4.892127659574468,1208.0,2188.0,980.0,4.055903083700441,16600185.86,81.06891906847382,20.867161858697532
23130,MISTLETOE HEART WREATH GREEN,3676.18,882,179,135,4.532011173184357,1209.0,2215.0,1006.0,4.168004535147392,16603862.04,81.08687211679597,20.884435999309034
23013,GLASS APOTHECARY BOTTLE TONIC,3674.1600000000003,924,223,135,4.672946428571429,1210.0,2174.0,964.0,3.9763636363636365,16607536.2,81.10481530021552,20.90171013992054
20785,FUSCHIA RETRO BAR STOOL,3672.35,103,37,14,36.57105263157895,1211.0,4058.0,2847.0,35.65388349514563,16611208.549999999,81.12274964429166,20.918984280532044
22080,RIBBON REEL SPOTS DESIGN,3668.58,2211,277,199,1.8497491039426521,1212.0,1205.0,-7.0,1.6592401628222524,16614877.129999999,81.1406655771387,20.936258421143545
21240,BLUE POLKADOT CUP,3658.27,4191,399,176,1.1093516209476308,1213.0,664.0,-549.0,0.8728871391076115,16618535.399999999,81.15853115991361,20.953532561755054
22769,CHALKBOARD KITCHEN ORGANISER,3656.86,174,45,32,29.071555555555555,1214.0,3696.0,2482.0,21.016436781609197,16622192.259999998,81.17638985679115,20.970806702366556
22823,CHEST NATURAL WOOD 20 DRAWERS,3655.0,32,18,17,117.5,1215.0,4775.0,3560.0,114.21875,16625847.259999998,81.19423947014454,20.988080842978064
21592,RETRO SPOT CIGAR BOX MATCHES,3652.0,3104,190,157,1.2430729166666665,1216.0,882.0,-334.0,1.1765463917525774,16629499.259999998,81.21207443265249,21.005354983589566
22962,JAM JAR WITH PINK LID,3640.93,4366,354,183,1.051380281690141,1217.0,635.0,-582.0,0.8339280806229958,16633140.189999998,81.22985533354078,21.02262912420107
85040A,S/4 PINK FLOWER CANDLES IN BOWL,3639.89,2065,400,193,1.9779518072289157,1218.0,1280.0,62.0,1.7626585956416465,16636780.079999998,81.24763115546932,21.039903264812576
21486,PINK HEART DOTS HOT WATER BOTTLE,3638.67,1116,294,127,3.903737373737374,1219.0,1946.0,727.0,3.260456989247312,16640418.749999998,81.2654010193874,21.05717740542408
85232D,SET/3 DECOUPAGE STACKING TINS,3636.66,701,223,120,5.95372197309417,1220.0,2450.0,1230.0,5.187817403708987,16644055.409999998,81.28316106723904,21.074451546035586
84558A,3D DOG PICTURE PLAYING CARDS,3628.11,1259,199,116,3.133529411764706,1221.0,1812.0,591.0,2.8817394757744244,16647683.519999998,81.30087936018117,21.091725686647088
22589,CARDHOLDER GINGHAM STAR,3626.78,1317,238,170,3.0943153526970955,1222.0,1763.0,541.0,2.753819286256644,16651310.299999997,81.31859115791517,21.108999827258593
85114B,IVORY ENCHANTED FOREST PLACEMAT,3618.0499999999997,2017,223,99,2.122767857142857,1223.0,1304.0,81.0,1.7937778879524044,16654928.349999998,81.33626032168895,21.126273967870098
22461,SAVOY ART DECO CLOCK,3607.81,410,146,82,12.368561643835616,1224.0,2955.0,1731.0,8.799536585365853,16658536.159999998,81.35387947724368,21.143548108481603
23294,SET OF 6 SNACK LOAF BAKING CASES,3607.81,4392,354,214,1.089776536312849,1224.0,630.0,-594.0,0.821450364298725,16662143.969999999,81.37149863279839,21.16082224909311
22353,LUNCHBOX WITH CUTLERY FAIRY CAKES,3597.68,1451,196,93,3.0384848484848486,1226.0,1667.0,441.0,2.4794486560992417,16665741.649999999,81.38906831733168,21.178096389704614
23032,DRAWER KNOB CRACKLE GLAZE IVORY,3595.3799999999997,2154,194,115,1.7784848484848483,1227.0,1233.0,6.0,1.6691643454038996,16669337.03,81.40662676955014,21.195370530316115
21787,RAIN PONCHO WITH RED SPOTS,3592.97,4727,161,98,1.0345061728395062,1228.0,588.0,-640.0,0.760095197799873,16672930.0,81.42417345225611,21.21264467092762
21866,UNION JACK FLAG LUGGAGE TAG,3591.5,2168,453,190,1.7704347826086957,1229.0,1221.0,-8.0,1.6565959409594095,16676521.5,81.44171295604782,21.229918811539125
22774,RED DRAWER KNOB ACRYLIC EDWARDIAN,3591.06,2791,184,75,1.5565405405405404,1230.0,962.0,-268.0,1.286657112146184,16680112.56,81.45925031104886,21.24719295215063
21509,COWBOYS AND INDIANS BIRTHDAY CARD,3587.2200000000003,8696,628,264,0.5027344992050874,1231.0,271.0,-960.0,0.41251379944802213,16683699.780000001,81.47676891296774,21.264467092762136
23085,ANTIQUE SILVER BAUBLE LAMP,3583.23,376,78,64,10.834999999999999,1232.0,3033.0,1801.0,9.529867021276596,16687283.010000002,81.4942680292622,21.281741233373637
71477,COLOURED GLASS STAR T-LIGHT HOLDER,3580.96,1012,52,31,4.481132075471698,1233.0,2062.0,829.0,3.538498023715415,16690863.970000003,81.51175605975028,21.299015373985146
23497,CLASSIC CHROME BICYCLE BELL,3578.62,2498,193,149,1.6264141414141413,1234.0,1066.0,-168.0,1.4325940752602082,16694442.590000002,81.52923266257892,21.316289514596647
22944,CHRISTMAS METAL POSTCARD WITH BELLS,3577.9900000000002,4870,158,89,1.3859509202453988,1235.0,566.0,-669.0,0.7347002053388091,16698020.580000002,81.54670618873003,21.333563655208152
20784,RED RETRO BAR STOOL,3570.87,107,39,6,34.55820512820513,1236.0,4026.0,2790.0,33.372616822429904,16701591.450000001,81.56414494354128,21.350837795819658
21112,"SWISS ROLL TOWEL, PINK SPOTS",3570.57,1516,150,86,3.2843708609271522,1237.0,1618.0,381.0,2.355257255936676,16705162.020000001,81.58158223326801,21.368111936431163
22704,WRAP RED APPLES,3564.76,8678,295,207,0.41891525423728815,1238.0,273.0,-965.0,0.41078128601060154,16708726.780000001,81.59899114919075,21.385386077042668
22334,DINOSAUR PARTY BAG + STICKER SET,3552.3599999999997,2232,265,180,1.7332342007434942,1239.0,1194.0,-45.0,1.591559139784946,16712279.14,81.61633950828569,21.40266021765417
21794,CLASSIC FRENCH STYLE BASKET NATURAL,3552.09,713,178,123,6.00247191011236,1240.0,2434.0,1194.0,4.981893408134643,16715831.23,81.63368654880455,21.419934358265678
22603,CHRISTMAS RETROSPOT TREE WOOD,3552.0899999999997,4143,388,236,1.0315656565656566,1241.0,667.0,-574.0,0.857371469949312,16719383.32,81.65103358932339,21.43720849887718
23210,WHITE ROCKING HORSE HAND PAINTED,3551.53,2849,192,115,1.4668316831683168,1242.0,940.0,-302.0,1.2465882765882768,16722934.85,81.66837789501777,21.45448263948869
22320,BIRDS MOBILE VINTAGE DESIGN,3545.02,598,180,130,6.202333333333334,1243.0,2602.0,1359.0,5.928127090301003,16726479.87,81.68569040837754,21.47175678010019
23332,IVORY WICKER HEART LARGE,3542.7099999999996,2059,287,207,1.7616891891891888,1244.0,1287.0,43.0,1.720597377367654,16730022.58,81.70299164058635,21.489030920711695
20886,BOX OF 9 PEBBLE CANDLES,3540.22,1777,308,163,2.387220447284345,1245.0,1433.0,188.0,1.992245357343838,16733562.8,81.72028071259344,21.5063050613232
21784,SHOE SHINE BOX,3538.2799999999997,290,178,78,12.688595505617975,1246.0,3278.0,2032.0,12.200965517241379,16737101.08,81.73756031038715,21.5235792019347
21054,NURSE'S BAG SOFT TOY,3538.0,382,182,119,9.614863387978142,1247.0,3017.0,1770.0,9.261780104712042,16740639.08,81.75483854076862,21.54085334254621
20786,BLACK RETRO BAR STOOL,3533.9,100,32,9,35.75939393939394,1248.0,4086.0,2838.0,35.339,16744172.98,81.772096748328,21.558127483157712
23191,BUNDLE OF 3 RETRO NOTE BOOKS,3529.8899999999994,2141,276,178,1.8762411347517731,1249.0,1238.0,-11.0,1.6487108827650627,16747702.870000001,81.78933537259064,21.575401623769217
22602,CHRISTMAS RETROSPOT HEART WOOD,3529.31,4307,289,199,0.9706397306397305,1250.0,645.0,-605.0,0.8194358021824936,16751232.180000002,81.8065711643565,21.592675764380722
47505,MINATURE COLOURED GARDENING SET,3527.42,737,178,129,5.334722222222222,1251.0,2399.0,1148.0,4.786187245590231,16754759.600000001,81.82379772608974,21.609949904992227
21179,NO JUNK MAIL METAL SIGN,3517.9,4284,505,231,1.328307392996109,1252.0,647.0,-605.0,0.821171802054155,16758277.500000002,81.84097779580681,21.627224045603732
23091,ZINC HERB GARDEN CONTAINER,3516.64,556,204,155,6.744,1253.0,2673.0,1420.0,6.324892086330935,16761794.140000002,81.85815171216878,21.644498186215237
23353,6 GIFT TAGS VINTAGE CHRISTMAS,3510.05,4007,327,227,0.9988519637462235,1254.0,684.0,-570.0,0.8759795358123285,16765304.190000003,81.87529344550697,21.66177232682674
22765,NEWSPAPER STAND,3508.3,311,53,36,17.09075471698113,1255.0,3209.0,1954.0,11.280707395498393,16768812.490000004,81.89242663251865,21.679046467438244
23189,SET OF 12 FORK CANDLES,3507.5099999999998,1249,141,89,3.3956338028169015,1256.0,1825.0,569.0,2.808254603682946,16772320.000000004,81.90955596147435,21.69632060804975
22902,TOTE BAG I LOVE LONDON,3506.56,1716,199,102,2.593283582089552,1257.0,1472.0,215.0,2.0434498834498833,16775826.560000004,81.92668065099568,21.713594748661254
84352,SILVER CHRISTMAS TREE BAUBLE STAND,3505.58,206,126,90,17.837936507936508,1258.0,3569.0,2311.0,17.0173786407767,16779332.140000004,81.94380055457417,21.73086888927276
21499,BLUE POLKADOT WRAP,3504.84,8702,264,200,0.41628787878787876,1259.0,270.0,-989.0,0.4027625833141807,16782836.980000004,81.96091684427743,21.74814302988426
22076,6 RIBBONS EMPIRE,3490.1899999999996,2365,376,197,1.7246052631578948,1260.0,1131.0,-129.0,1.475767441860465,16786327.170000006,81.97796158901885,21.76541717049577
21469,POLKA DOT RAFFIA FOOD COVER,3482.01,1165,210,130,3.972095238095238,1261.0,1895.0,634.0,2.9888497854077256,16789809.180000007,81.99496638578839,21.78269131110727
22352,LUNCHBOX WITH CUTLERY RETROSPOT,3481.89,1413,232,114,2.8957021276595745,1262.0,1697.0,435.0,2.4641825902335457,16793291.070000008,82.01197059652408,21.799965451718776
21466,RED FLOWER CROCHET FOOD COVER,3479.79,927,275,147,3.984782608695652,1263.0,2170.0,907.0,3.753818770226537,16796770.860000007,82.02896455166798,21.81723959233028
22764,"RUSTIC WOODEN CABINET, GLASS DOORS",3462.49,183,25,23,24.5848,1264.0,3659.0,2395.0,18.92071038251366,16800233.350000005,82.04587402026988,21.834513732941787
22309,TEA COSY RED STRIPE,3459.08,1331,266,117,3.446516853932584,1265.0,1756.0,491.0,2.5988580015026295,16803692.430000003,82.06276683574413,21.85178787355329
20675,BLUE SPOTTY BOWL,3455.94,2849,308,157,1.4349838187702264,1266.0,940.0,-326.0,1.213036153036153,16807148.370000005,82.07964431666683,21.869062014164793
21559,STRAWBERRY LUNCHBOX WITH CUTLERY,3454.09,1448,183,113,2.910752688172043,1267.0,1670.0,403.0,2.3854212707182323,16810602.460000005,82.09651276290153,21.886336154776302
22172,METAL SHELF WITH RAIL,3451.82,378,185,124,9.579301075268818,1268.0,3026.0,1758.0,9.131798941798943,16814054.280000005,82.11337012332983,21.903610295387804
23350,ROLL WRAP VINTAGE SPOT,3445.08,2712,305,205,1.4612861736334404,1269.0,997.0,-272.0,1.2703097345132743,16817499.360000003,82.13019456819207,21.92088443599931
23426,METAL SIGN DROP YOUR PANTS,3444.43,1275,206,126,3.3344711538461542,1270.0,1793.0,523.0,2.7015137254901957,16820943.790000003,82.14701583870445,21.938158576610814
85123a,WHITE HANGING HEART T-LIGHT HOLDER,3444.02,516,99,0,6.543333333333333,1271.0,2740.0,1469.0,6.674457364341086,16824387.810000002,82.16383510693463,21.95543271722232
23354,6 GIFT TAGS 50'S CHRISTMAS,3429.4,3740,322,235,0.9722121212121212,1272.0,735.0,-537.0,0.916951871657754,16827817.21,82.18058297671139,21.972706857833824
22531,MAGIC DRAWING SLATE CIRCUS PARADE,3427.12,7944,402,249,0.486019656019656,1273.0,314.0,-959.0,0.4314098690835851,16831244.330000002,82.19731971184562,21.989980998445326
23156,SET OF 5 MINI GROCERY MAGNETS,3423.29,1665,205,117,2.261497584541063,1274.0,1511.0,237.0,2.05603003003003,16834667.62,82.21403774273386,22.007255139056834
23127,FELTCRAFT GIRL NICOLE KIT,3422.4,668,182,137,5.279782608695652,1275.0,2512.0,1237.0,5.123353293413174,16838090.02,82.23075142720461,22.024529279668336
48189,DOOR MAT FRIENDSHIP,3420.2400000000002,470,181,117,8.07232044198895,1276.0,2825.0,1549.0,7.277106382978724,16841510.259999998,82.24745456306664,22.04180342027984
23014,GLASS APOTHECARY BOTTLE ELIXIR,3419.5800000000004,856,209,122,4.863838862559241,1277.0,2247.0,970.0,3.9948364485981314,16844929.839999996,82.26415447574269,22.059077560891346
23388,WOODLAND MINI BACKPACK,3411.34,816,152,114,4.640657894736842,1278.0,2294.0,1016.0,4.180563725490196,16848341.179999996,82.28081414742995,22.07635170150285
21191,LARGE WHITE HONEYCOMB PAPER BELL,3408.61,1479,201,96,2.8894554455445545,1279.0,1647.0,368.0,2.3046720757268426,16851749.789999995,82.29746048684785,22.093625842114356
21902,"KEY FOB , FRONT DOOR",3408.03,5359,474,250,0.7798367346938776,1280.0,502.0,-778.0,0.6359451390184736,16855157.819999997,82.31410399376898,22.110899982725858
21364,PEACE SMALL WOOD LETTERS,3407.7200000000003,468,167,118,7.620658682634731,1281.0,2830.0,1549.0,7.281452991452992,16858565.539999995,82.33074598676941,22.128174123337363
84472,PINK AND LILAC QUILTED THROW,3402.32,87,30,23,46.424,1282.0,4199.0,2917.0,39.10712643678161,16861967.859999996,82.34736160824806,22.145448263948868
37501,TEA TIME TEA SET IN GIFT BOX,3401.15,481,177,106,7.300000000000001,1283.0,2799.0,1516.0,7.070997920997921,16865369.009999994,82.36397151589699,22.162722404560373
22440,BALLOON WATER BOMB PACK OF 35,3399.41,8523,292,187,0.4507333333333333,1284.0,282.0,-1002.0,0.3988513434236771,16868768.419999994,82.38057292605558,22.17999654517188
20983,12 PENCILS TALL TUBE RED RETROSPOT,3395.02,3922,383,245,0.9333080808080807,1285.0,701.0,-584.0,0.865634880163182,16872163.439999994,82.39715289714368,22.197270685783383
22059,CERAMIC STRWBERRY DESIGN MUG,3393.1,2347,215,106,1.8904017857142856,1286.0,1143.0,-143.0,1.445717937792927,16875556.539999995,82.4137234916907,22.214544826394885
22459,CAST IRON HOOK GARDEN TROWEL,3389.74,1386,173,124,2.871085714285714,1287.0,1721.0,434.0,2.4456998556998557,16878946.279999994,82.43027767729083,22.231818967006394
44230,SQUARE MIRROR CURTAIN,3381.62,347,53,25,9.157547169811322,1288.0,3103.0,1815.0,9.745302593659941,16882327.899999995,82.446792207936,22.249093107617895
22428,ENAMEL FIRE BUCKET CREAM,3379.67,479,197,126,7.723030303030304,1289.0,2803.0,1514.0,7.0556784968684765,16885707.569999997,82.46329721553163,22.2663672482294
21327,SKULLS WRITING SET,3378.5099999999998,1926,495,212,2.00214,1290.0,1347.0,57.0,1.7541588785046727,16889086.08,82.4797965581337,22.283641388840906
23188,VINTAGE 2 METRE FOLDING RULER,3374.0499999999997,1627,152,102,1.9993506493506492,1291.0,1537.0,246.0,2.0737861094038106,16892460.13,82.49627411981221,22.300915529452407
22862,LOVE HEART NAPKIN BOX,3373.22,758,221,143,4.877876106194691,1292.0,2363.0,1071.0,4.450158311345646,16895833.349999998,82.51274762809017,22.318189670063916
22776,SWEETHEART 3 TIER CAKE STAND,3371.58,284,158,99,12.072264150943397,1293.0,3296.0,2003.0,11.871760563380281,16899204.929999996,82.52921312723926,22.335463810675417
84508A,CAMOFLAGE DESIGN TEDDY,3368.92,1586,44,31,2.541555555555555,1294.0,1575.0,281.0,2.124161412358134,16902573.849999998,82.5456656359721,22.352737951286926
22822,CREAM WALL PLANTER HEART SHAPED,3367.35,581,183,139,6.362445652173913,1295.0,2634.0,1339.0,5.79578313253012,16905941.2,82.56211047742916,22.370012091898428
22366,DOOR MAT AIRMAIL,3366.71,461,142,92,8.24669014084507,1296.0,2841.0,1545.0,7.3030585683297184,16909307.91,82.57855219337252,22.387286232509933
21211,SET OF 72 SKULL PAPER DOILIES,3365.64,2405,237,139,1.6702521008403362,1297.0,1102.0,-195.0,1.3994345114345115,16912673.55,82.59498868384767,22.404560373121438
84797A,PINK HAWAIIAN PICNIC HAMPER FOR 4,3361.25,481,44,21,11.095227272727273,1298.0,2799.0,1501.0,6.988045738045738,16916034.8,82.61140373525234,22.42183451373294
22223,CAKE PLATE LOVEBIRD PINK,3359.66,726,175,89,5.410338983050847,1299.0,2413.0,1114.0,4.62763085399449,16919394.46,82.62781102170892,22.439108654344448
22477,WATERING CAN GARDEN MARKER,3356.74,2414,276,155,1.6487364620938627,1300.0,1101.0,-199.0,1.39053024026512,16922751.2,82.64420404800927,22.45638279495595
23239,SET OF 4 KNICK KNACK TINS POPPIES,3353.84,842,178,125,4.393646408839779,1301.0,2266.0,965.0,3.983182897862233,16926105.04,82.66058291182571,22.473656935567455
22047,EMPIRE GIFT WRAP,3351.0,8250,261,211,0.4179310344827586,1302.0,300.0,-1002.0,0.4061818181818182,16929456.04,82.67694790617514,22.49093107617896
84968D,S/16 VINTAGE RED CUTLERY,3349.7599999999998,287,38,12,14.493684210526316,1303.0,3288.0,1985.0,11.67163763066202,16932805.8,82.69330684484181,22.508205216790465
22167,"WALL MIRROR , DIAMANTE OVAL SHAPE",3331.91,425,129,65,11.791846153846153,1304.0,2920.0,1616.0,7.839788235294117,16936137.71,82.70957861097814,22.52547935740197
21917,SET 12 KIDS WHITE CHALK STICKS,3324.22,8010,467,246,0.4968577494692144,1305.0,310.0,-995.0,0.41500873907615476,16939461.93,82.725812822114,22.542753498013475
22136,LOVE HEART SOCK HANGER,3322.22,1989,265,117,2.0905555555555555,1306.0,1323.0,17.0,1.670296631473102,16942784.15,82.74203726601957,22.560027638624977
22536,MAGIC DRAWING SLATE PURDEY,3314.08,8491,352,233,0.4557617728531856,1307.0,283.0,-1024.0,0.3903050288540808,16946098.229999997,82.75822195729785,22.577301779236482
23065,LARGE DECO JEWELLERY STAND,3302.44,263,95,77,12.99621052631579,1308.0,3364.0,2056.0,12.55680608365019,16949400.669999998,82.77434980329588,22.594575919847987
84813,SET OF 4 DIAMOND NAPKIN RINGS,3300.7599999999998,422,99,53,11.604747474747473,1309.0,2926.0,1617.0,7.82170616113744,16952701.43,82.79046944482045,22.611850060459492
21500,PINK POLKADOT WRAP,3298.5,8125,260,191,0.4165384615384615,1310.0,306.0,-1004.0,0.40596923076923075,16955999.93,82.8065780493748,22.629124201070997
22176,BLUE OWL SOFT TOY,3297.9300000000003,1088,257,124,3.3631660231660234,1311.0,1982.0,671.0,3.031185661764706,16959297.86,82.8226838702685,22.646398341682502
22183,CAKE STAND VICTORIAN FILIGREE MED,3297.25,586,209,58,6.313157894736842,1312.0,2624.0,1312.0,5.626706484641638,16962595.11,82.83878637030392,22.663672482294007
20702,PINK PADDED MOBILE,3296.7,782,245,151,4.303225806451613,1313.0,2337.0,1024.0,4.215728900255754,16965891.81,82.854886184351,22.68094662290551
21239,PINK POLKADOT CUP,3292.9,3685,382,166,1.1207012987012985,1314.0,752.0,-562.0,0.89359565807327,16969184.709999997,82.87096744066052,22.698220763517014
20681,PINK SPOTTY CHILDS UMBRELLA,3292.86,1000,206,127,3.6892270531400966,1315.0,2080.0,765.0,3.29286,16972477.569999997,82.88704850162546,22.71549490412852
22122,SET OF 2 FANCY FONT TEA TOWELS,3290.0800000000004,1095,191,113,3.4707142857142856,1316.0,1970.0,654.0,3.0046392694063933,16975767.649999995,82.90311598614028,22.732769044740024
37410,BLACK AND WHITE PAISLEY FLOWER MUG,3288.65,25707,33,13,7.556969696969697,1317.0,46.0,-1271.0,0.12792819076516124,16979056.299999993,82.91917648708544,22.75004318535153
22281,EASTER TREE YELLOW BIRDS,3285.86,511,149,83,8.12261744966443,1318.0,2747.0,1429.0,6.430254403131116,16982342.159999993,82.93522336274435,22.76731732596303
22762,CUPBOARD 3 DRAWER MA CAMPAGNE,3276.62,204,133,91,17.33932330827068,1319.0,3579.0,2260.0,16.06186274509804,16985618.779999994,82.95122511379934,22.78459146657454
23308,SET OF 60 VINTAGE LEAF CAKE CASES,3272.6099999999997,6139,382,209,0.6942159383033419,1320.0,431.0,-889.0,0.5330851930281805,16988891.389999993,82.96720728155759,22.80186560718604
22967,SET 3 SONG BIRD PAPER EGGS ASSORTED,3271.4100000000003,1171,138,122,3.0120289855072464,1321.0,1891.0,570.0,2.793689154568745,16992162.799999993,82.98318358897767,22.81913974779755
22794,SWEETHEART WIRE MAGAZINE RACK,3271.35,389,209,130,8.881196172248805,1322.0,2998.0,1676.0,8.409640102827764,16995434.149999995,82.99915960338085,22.83641388840905
84975,HEART SHAPED MIRROR,3266.4,1990,212,115,2.0309345794392524,1323.0,1321.0,-2.0,1.6414070351758794,16998700.549999993,83.01511144388904,22.853688029020557
21467,CHERRY CROCHET FOOD COVER,3263.75,1025,254,145,4.033984375,1324.0,2047.0,723.0,3.1841463414634146,17001964.299999993,83.03105034281711,22.87096216963206
84031B,CHARLIE LOLA BLUE HOT WATER BOTTLE,3263.03,839,271,80,4.701090909090909,1325.0,2270.0,945.0,3.889189511323004,17005227.329999994,83.04698572554227,22.888236310243563
23395,BELLE JARDINIERE CUSHION COVER,3257.08,748,210,141,4.915592417061611,1326.0,2381.0,1055.0,4.354385026737968,17008484.409999993,83.06289205075733,22.905510450855072
23053,RECYCLED ACAPULCO MAT PINK,3254.32,364,164,105,9.819390243902438,1327.0,3063.0,1736.0,8.940439560439561,17011738.729999993,83.0787848971946,22.922784591466574
84510A,SET OF 4 ENGLISH ROSE COASTERS,3254.14,2402,474,200,1.6820964360587003,1328.0,1105.0,-223.0,1.3547626977518734,17014992.869999994,83.09467686458113,22.94005873207808
21477,STRING OF 20 ROSE LIGHTS,3248.94,273,45,35,14.872666666666666,1329.0,3329.0,2000.0,11.900879120879122,17018241.809999995,83.11054343716891,22.957332872689584
22059,CERAMIC STRAWBERRY DESIGN MUG,3245.93,2593,243,112,1.668893280632411,1330.0,1034.0,-296.0,1.2518048592364057,17021487.739999995,83.12639531007511,22.97460701330109
84849B,FAIRY SOAP SOAP HOLDER,3244.14,1936,293,123,2.0241496598639457,1331.0,1342.0,11.0,1.6756921487603305,17024731.879999995,83.14223844131018,22.991881153912594
22419,LIPSTICK PEN RED,3242.59,6847,509,191,0.5990366088631984,1332.0,366.0,-966.0,0.47357820943478895,17027974.469999995,83.1580740029418,23.0091552945241
21829,DINOSAUR KEYRINGS ASSORTED,3242.18,15035,409,211,0.264126213592233,1333.0,124.0,-1209.0,0.21564216827402727,17031216.649999995,83.1739075622912,23.0264294351356
22792,FLUTED ANTIQUE CANDLE HOLDER,3241.1299999999997,3489,262,128,1.124885496183206,1334.0,792.0,-542.0,0.928956721123531,17034457.779999994,83.1897359938447,23.043703575747106
22733,3D TRADITIONAL CHRISTMAS STICKERS,3238.49,2461,302,185,1.5417532467532469,1335.0,1082.0,-253.0,1.3159244209670864,17037696.269999992,83.20555153265421,23.06097771635861
18098C,PORCELAIN BUTTERFLY OIL BURNER,3231.13,1232,239,104,3.228048780487805,1336.0,1842.0,506.0,2.6226704545454544,17040927.39999999,83.22133112805626,23.078251856970116
23051,RECYCLED ACAPULCO MAT BLUE,3223.49,365,162,95,9.636790123456791,1337.0,3061.0,1724.0,8.831479452054793,17044150.88999999,83.23707341263861,23.09552599758162
20992,JAZZ HEARTS PURSE NOTEBOOK,3220.3999999999996,6151,433,222,0.6853215077605321,1338.0,428.0,-910.0,0.5235571451796456,17047371.289999988,83.25280060685016,23.112800138193123
23230,WRAP ALPHABET DESIGN,3217.92,7976,235,178,0.41736170212765955,1339.0,311.0,-1028.0,0.40345035105315946,17050589.20999999,83.26851568969616,23.13007427880463
21732,RED HANGING METAL STAR TLIGHT HLDR,3214.57,925,58,50,3.8156666666666665,1340.0,2172.0,832.0,3.475210810810811,17053803.77999999,83.28421441243142,23.147348419416133
21473,SWEETHEART CREAM STEEL TABLE RECT,3212.16,157,90,65,20.839,1341.0,3770.0,2429.0,20.459617834394905,17057015.93999999,83.29990136565418,23.164622560027638
22194,BLACK DINER WALL CLOCK,3212.1,373,160,100,9.188625,1342.0,3040.0,1698.0,8.611528150134047,17060228.03999999,83.31558802586004,23.181896700639143
84837,WHITE SWEETHEARTS CABINET 4 DRAWERS,3210.04,251,143,109,13.428888888888888,1343.0,3411.0,2068.0,12.789003984063745,17063438.07999999,83.33126462581869,23.199170841250645
79323GR,GREEN CHERRY LIGHTS,3209.36,532,83,60,7.097469879518073,1344.0,2721.0,1377.0,6.032631578947369,17066647.43999999,83.34693790491905,23.216444981862153
23393,HOME SWEET HOME CUSHION COVER,3207.91,801,229,165,4.481428571428571,1345.0,2312.0,967.0,4.004881398252184,17069855.34999999,83.36260410277745,23.233719122473655
84596F,SMALL MARSHMALLOWS PINK BOWL,3196.43,4720,600,216,0.8523645320197045,1346.0,590.0,-756.0,0.6772097457627119,17073051.77999999,83.37821423673398,23.250993263085164
79164,BLACK WINE GLASS,3196.0099999999998,3653,91,43,6.560434782608695,1347.0,760.0,-587.0,0.8749000821242814,17076247.78999999,83.39382231957218,23.268267403696665
21986,PACK OF 12 PINK SPOT TISSUES,3194.19,8317,197,128,0.40386934673366837,1348.0,294.0,-1054.0,0.38405554887579657,17079441.979999993,83.4094215142308,23.28554154430817
21333,CLASSIC WHITE FRAME,3192.09,1057,222,150,3.225765765765766,1349.0,2018.0,669.0,3.0199526963103125,17082634.069999993,83.42501045329762,23.302815684919675
21111,"SWISS ROLL TOWEL, CHOCOLATE SPOTS",3187.1600000000003,1379,214,109,3.501898148148148,1350.0,1725.0,375.0,2.3112110224800584,17085821.229999993,83.44057531614175,23.32008982553118
21830,ASSORTED CREEPY CRAWLIES,3185.6,7658,256,151,0.46162790697674416,1351.0,327.0,-1024.0,0.4159832854531209,17089006.829999994,83.45613256054628,23.337363966142686
21628,TRIANGULAR POUFFE VINTAGE,3185.2799999999997,164,87,24,22.65022988505747,1352.0,3748.0,2396.0,19.422439024390243,17092192.109999996,83.47168824219396,23.354638106754187
21584,RETRO SPOT SMALL TUBE MATCHES,3183.45,2005,131,113,1.647037037037037,1353.0,1310.0,-43.0,1.5877556109725686,17095375.559999995,83.48723498682592,23.371912247365696
22503,CABIN BAG VINTAGE PAISLEY,3178.02,141,54,29,25.080925925925925,1354.0,3849.0,2495.0,22.539148936170214,17098553.579999994,83.50275521342765,23.389186387977198
84968C,S/16 VINTAGE PISTACHIO CUTLERY,3177.2999999999997,262,58,20,14.377758620689654,1355.0,3371.0,2016.0,12.12709923664122,17101730.879999995,83.51827192382648,23.406460528588703
21557,SET OF 6 FUNKY BEAKERS,3169.3900000000003,932,302,71,4.149375,1356.0,2164.0,808.0,3.4006330472103006,17104900.269999996,83.53375000482951,23.423734669200208
22863,SOAP DISH BROCANTE,3166.61,1107,169,120,3.2187058823529417,1357.0,1953.0,596.0,2.8605329719963866,17108066.879999995,83.54921450938244,23.441008809811713
21936,RED/WHITE SPOT PICNIC BAG,3164.59,1125,111,73,3.6107964601769913,1358.0,1938.0,580.0,2.812968888888889,17111231.469999995,83.56466914903278,23.458282950423218
21949,SET OF 6 STRAWBERRY CHOPSTICKS,3164.18,2598,269,91,1.7667777777777778,1359.0,1033.0,-326.0,1.2179291762894533,17114395.649999995,83.5801217864009,23.47555709103472
22965,3 TRADITIONAL BISCUIT CUTTERS SET,3162.6400000000003,1488,250,180,2.342896825396825,1360.0,1637.0,277.0,2.1254301075268818,17117558.289999995,83.59556690300171,23.492831231646225
23342,MINT DINER WALL CLOCK,3159.41,371,162,104,8.835555555555555,1361.0,3051.0,1690.0,8.515929919137466,17120717.699999996,83.6109962455256,23.51010537225773
22702,BLACK AND WHITE CAT BOWL,3156.3199999999997,1589,94,66,2.176842105263158,1362.0,1571.0,209.0,1.9863561988672118,17123874.019999996,83.62641049767868,23.527379512869235
82494l,WOODEN FRAME ANTIQUE WHITE,3155.93,378,86,0,8.21860465116279,1363.0,3026.0,1663.0,8.349021164021163,17127029.949999996,83.64182284522187,23.54465365348074
22700,BLACK AND WHITE DOG BOWL,3155.4,1384,98,79,2.8379591836734694,1364.0,1722.0,358.0,2.279913294797688,17130185.349999994,83.65723260444902,23.561927794092245
84944,SET OF 6 KASHMIR FOLKART BAUBLES,3153.88,1135,194,122,3.8585204081632654,1365.0,1923.0,558.0,2.778748898678414,17133339.229999993,83.67263494058115,23.579201934703747
21519,GIN & TONIC DIET GREETING CARD,3149.93,7356,553,181,0.5015342960288808,1366.0,339.0,-1027.0,0.4282123436650353,17136489.159999993,83.68801798643347,23.596476075315252
23035,DRAWER KNOB CERAMIC IVORY,3147.79,2155,190,110,1.646020942408377,1367.0,1230.0,-137.0,1.460691415313225,17139636.94999999,83.70339058134937,23.613750215926757
23323,WHITE WICKER STAR,3146.78,1469,294,210,2.251291390728477,1368.0,1657.0,289.0,2.14212389380531,17142783.729999993,83.71875824381398,23.631024356538262
22313,OFFICE MUG WARMER PINK,3146.07,985,137,74,4.273453237410072,1369.0,2093.0,724.0,3.193979695431472,17145929.799999993,83.73412243891184,23.648298497149767
21705,BAG 500G SWIRLY MARBLES,3145.7099999999996,2534,225,142,1.8070175438596492,1370.0,1053.0,-317.0,1.241400947119179,17149075.509999994,83.74948487590825,23.66557263776127
21239,PINK SPOTTY CUP,3145.4900000000002,3684,369,163,0.9951612903225806,1371.0,753.0,-618.0,0.8538246471226928,17152220.999999993,83.76484623850932,23.682846778372777
21500,PINK SPOTS WRAP,3144.5,7825,232,167,0.41620689655172416,1372.0,320.0,-1052.0,0.40185303514376997,17155365.499999993,83.7802027663314,23.70012091898428
22773,GREEN DRAWER KNOB ACRYLIC EDWARDIAN,3141.11,2368,226,95,1.5384782608695653,1373.0,1127.0,-246.0,1.3264822635135136,17158506.609999992,83.79554273869813,23.717395059595788
22325,MOBILE VINTAGE HEARTS,3139.99,699,224,129,5.006,1374.0,2459.0,1085.0,4.492117310443491,17161646.59999999,83.81087724141591,23.73466920020729
21820,GLITTER HEART GARLAND WITH BELLS,3132.39,795,180,112,4.692065217391304,1375.0,2322.0,947.0,3.94011320754717,17164778.98999999,83.8261746286586,23.751943340818794
82578,KITCHEN METAL SIGN,3129.2400000000002,5595,704,322,0.7130898876404494,1376.0,481.0,-895.0,0.5592922252010725,17167908.22999999,83.84145663251357,23.7692174814303
22095,LADS ONLY TISSUE BOX,3123.0299999999997,2978,284,125,1.3891780821917807,1377.0,912.0,-465.0,1.0487004701141704,17171031.25999999,83.8567083091185,23.7864916220418
23346,SPACEBOY BEAKER,3112.34,2628,184,106,1.5186559139784948,1378.0,1027.0,-351.0,1.1842998477929985,17174143.59999999,83.87190777987753,23.80376576265331
21352,EUCALYPTUS & PINECONE WREATH,3110.28,880,158,77,5.293647798742139,1379.0,2220.0,841.0,3.534409090909091,17177253.87999999,83.88709719038937,23.82103990326481
21272,SALLE DE BAIN HOOK,3109.83,2348,339,167,1.6387209302325583,1380.0,1141.0,-239.0,1.3244591141396933,17180363.70999999,83.90228440327438,23.838314043876316
22406,MONEY BOX KINGS CHOICE DESIGN,3104.35,2451,214,142,1.467685185185185,1381.0,1085.0,-296.0,1.26656466748266,17183468.05999999,83.91744485394842,23.85558818448782
22891,TEA FOR ONE POLKADOT,3103.7,644,230,108,5.596608695652174,1382.0,2544.0,1162.0,4.8194099378881985,17186571.75999999,83.9326021302726,23.872862325099327
22177,5 HOOK BLACKBOARD ORGANISER,3101.46,325,125,90,11.89312,1383.0,3160.0,1777.0,9.542953846153846,17189673.21999999,83.94774846729885,23.89013646571083
22972,CHILDREN'S SPACEBOY MUG,3100.9399999999996,1810,238,145,1.995774058577406,1384.0,1416.0,32.0,1.7132265193370164,17192774.159999993,83.96289226484525,23.907410606322337
47504K,ENGLISH ROSE GARDEN SECATEURS,3096.08,2654,312,210,1.8726498422712934,1385.0,1015.0,-370.0,1.1665712132629993,17195870.23999999,83.97801232802202,23.924684746933842
22572,ROCKING HORSE GREEN CHRISTMAS,3087.18,3439,362,211,1.0399731903485254,1386.0,809.0,-577.0,0.8976970049432974,17198957.41999999,83.99308892702402,23.941958887545344
20956,PORCELAIN T-LIGHT HOLDERS ASSORTED,3083.82,2338,236,117,1.7566390041493773,1387.0,1147.0,-240.0,1.318999144568007,17202041.23999999,84.00814911707913,23.95923302815685
79072,TEATIME CAKE TIN WITH HANDLE,3083.2,284,107,41,12.714485981308412,1388.0,3296.0,1908.0,10.856338028169013,17205124.43999999,84.02320627929285,23.976507168768354
21707,"FOLDING UMBRELLA , BLACK/BLUE SPOT",3077.01,775,69,54,5.066811594202899,1389.0,2349.0,960.0,3.970335483870968,17208201.44999999,84.03823321192883,23.99378130937986
84279B,CHERRY BLOSSOM DECORATIVE FLASK,3076.92,808,215,140,4.296511627906977,1390.0,2307.0,917.0,3.808069306930693,17211278.369999994,84.05325970503945,24.011055449991364
21765,HANGING METAL BIRD BATH,3076.39,372,144,104,8.968367346938777,1391.0,3048.0,1657.0,8.26986559139785,17214354.759999994,84.06828360983404,24.02832959060287
22347,PIZZA SLICE DISH,3074.18,2680,113,49,1.6698230088495576,1392.0,1008.0,-384.0,1.1470820895522387,17217428.939999994,84.08329672183915,24.04560373121437
23188,VINTAGE 2 METER FOLDING RULER,3073.72,1844,181,131,1.8808196721311474,1393.0,1392.0,-1.0,1.666876355748373,17220502.659999993,84.0983075873813,24.062877871825876
22372,AIRLINE BAG VINTAGE WORLD CHAMPION,3073.43,611,294,163,5.211627118644068,1394.0,2583.0,1189.0,5.030163666121113,17223576.089999992,84.11331703667506,24.08015201243738
22154,ANGEL DECORATION 3 BUTTONS,3073.32,7114,317,163,0.5343768996960486,1395.0,350.0,-1045.0,0.43201012088838914,17226649.409999993,84.12832594877115,24.097426153048886
84912B,GREEN ROSE WASHBAG,3072.64,1125,259,56,3.5072030651340995,1396.0,1938.0,542.0,2.7312355555555556,17229722.049999993,84.14333154000893,24.11470029366039
22473,TV DINNER TRAY VINTAGE PAISLEY,3070.92,813,211,120,5.152085308056872,1397.0,2298.0,901.0,3.777269372693727,17232792.969999995,84.15832873142868,24.131974434271893
22757,LARGE RED BABUSHKA NOTEBOOK,3070.18,2696,308,161,1.519105431309904,1398.0,1005.0,-393.0,1.1387908011869436,17235863.149999995,84.17332230897323,24.1492485748834
21206,STRAWBERRY HONEYCOMB GARLAND,3067.8999999999996,2155,238,117,1.8592916666666666,1399.0,1230.0,-169.0,1.4236194895591645,17238931.049999993,84.18830475187524,24.166522715494903
21537,RED RETROSPOT PUDDING BOWL,3065.45,712,183,133,4.643422459893048,1400.0,2438.0,1038.0,4.305407303370786,17241996.499999993,84.20327522992012,24.18379685610641
22963,JAM JAR WITH GREEN LID,3060.43,3670,317,169,1.073625,1401.0,755.0,-646.0,0.8339046321525885,17245056.929999992,84.218221192217,24.201070996717913
20985,HEART CALCULATOR,3047.99,2370,291,162,1.5422333333333333,1402.0,1126.0,-276.0,1.2860717299578057,17248104.91999999,84.23310640234149,24.21834513732942
84969,BOX OF 6 ASSORTED COLOUR TEASPOONS,3047.91,702,256,62,4.7349609375,1403.0,2448.0,1045.0,4.341752136752136,17251152.82999999,84.24799122177676,24.235619277940923
21408,SPOTTY PINK DUCK DOORSTOP,3045.31,703,240,114,5.908458333333333,1404.0,2446.0,1042.0,4.331877667140825,17254198.13999999,84.26286334381263,24.252893418552425
22754,SMALL RED BABUSHKA NOTEBOOK,3044.8599999999997,3924,492,237,0.994507042253521,1405.0,699.0,-706.0,0.7759582059123342,17257242.99999999,84.27773326822171,24.270167559163934
23461,SWEETHEART BIRD HOUSE,3041.21,847,94,75,4.551500000000001,1406.0,2261.0,855.0,3.5905667060212516,17260284.20999999,84.2925853674355,24.287441699775435
23329,DECORATIVE WICKER HEART LARGE,3038.1899999999996,1767,233,168,1.7691199999999998,1407.0,1441.0,34.0,1.7194057724957552,17263322.39999999,84.30742271813159,24.30471584038694
22208,WOOD STAMP SET THANK YOU,3036.95,2366,433,237,1.5570748299319728,1408.0,1130.0,-278.0,1.2835798816568047,17266359.34999999,84.32225401314486,24.321989980998445
22037,ROBOT BIRTHDAY CARD,3035.7,7054,634,270,0.521748031496063,1409.0,357.0,-1052.0,0.4303515735752764,17269395.04999999,84.3370792036392,24.33926412160995
21588,RETRO SPOT GIANT TUBE MATCHES,3034.9500000000003,1295,102,85,2.5240384615384617,1410.0,1779.0,369.0,2.3435907335907338,17272429.99999999,84.3519007314222,24.356538262221456
15044C,PURPLE PAPER PARASOL,3027.26,967,231,100,3.820387931034483,1411.0,2119.0,708.0,3.130568769389866,17275457.25999999,84.36668470420474,24.373812402832957
23242,TREASURE TIN BUFFALO BILL,3024.63,1470,214,132,2.2825345622119815,1412.0,1656.0,244.0,2.057571428571429,17278481.88999999,84.38145583307944,24.391086543444462
23237,SET OF 4 KNICK KNACK TINS LEAF,3020.61,747,123,94,4.271626016260163,1413.0,2384.0,971.0,4.043654618473896,17281502.49999999,84.39620732982127,24.408360684055967
22067,CHOC TRUFFLE GOLD TRINKET POT,3019.3199999999997,1855,252,108,2.096968503937008,1414.0,1381.0,-33.0,1.6276657681940698,17284521.81999999,84.41095252669955,24.425634824667473
21626,VINTAGE UNION JACK PENNANT,3017.0699999999997,1496,204,136,2.3283009708737863,1415.0,1630.0,215.0,2.016758021390374,17287538.88999999,84.42568673544376,24.442908965278978
22349,"DOG BOWL , CHASING BALL DESIGN",3014.3,754,136,104,4.172205882352941,1416.0,2366.0,950.0,3.997745358090186,17290553.18999999,84.44040741657402,24.460183105890483
22402,MAGNETS PACK OF 4 VINTAGE COLLAGE,3012.78,3431,250,158,0.9221259842519685,1417.0,814.0,-603.0,0.8781055085980765,17293565.96999999,84.45512067460926,24.477457246501984
22202,MILK PAN PINK RETROSPOT,3011.2400000000002,750,188,67,5.012116402116402,1418.0,2375.0,957.0,4.014986666666667,17296577.20999999,84.46982641187718,24.494731387113493
22805,BLUE DRAWER KNOB ACRYLIC EDWARDIAN,3008.82,2207,231,89,1.664025974025974,1419.0,1206.0,-213.0,1.363307657453557,17299586.02999999,84.48452033079644,24.512005527724995
23236,DOILEY STORAGE TIN,3004.46,1094,122,93,3.103008130081301,1420.0,1972.0,552.0,2.746307129798903,17302590.48999999,84.49919295715368,24.5292796683365
22712,CARD DOLLY GIRL,3002.42,7295,508,209,0.5518664047151277,1421.0,341.0,-1080.0,0.4115723098012337,17305592.909999993,84.51385562093604,24.546553808948005
22755,SMALL PURPLE BABUSHKA NOTEBOOK,2997.63,3776,499,243,0.9772189349112426,1422.0,726.0,-696.0,0.7938638771186441,17308590.53999999,84.52849489220183,24.56382794955951
84912A,PINK ROSE WASHBAG,2996.44,1094,231,59,3.620258620689655,1423.0,1972.0,549.0,2.7389762340036565,17311586.979999993,84.5431283519656,24.581102090171015
23390,DOLLY GIRL MINI BACKPACK,2992.3900000000003,739,161,116,4.392682926829269,1424.0,2396.0,972.0,4.049242219215156,17314579.369999994,84.55774203308806,24.598376230782517
22132,RED LOVE HEART SHAPE CUP,2989.81,3345,388,154,1.149254498714653,1425.0,830.0,-595.0,0.8938146487294469,17317569.179999992,84.57234311448342,24.615650371394025
22925,BLUE GIANT GARDEN THERMOMETER,2989.52,488,191,130,6.48421875,1426.0,2788.0,1362.0,6.126065573770492,17320558.69999999,84.58694277963039,24.632924512005527
21507,"ELEPHANT, BIRTHDAY CARD,",2980.63,7113,489,230,0.49518367346938774,1427.0,351.0,-1076.0,0.4190397863067623,17323539.32999999,84.60149902943873,24.650198652617032
21354,TOAST ITS - BEST MUM,2979.46,2476,217,123,1.4986238532110092,1428.0,1071.0,-357.0,1.2033360258481423,17326518.78999999,84.61604956541736,24.667472793228537
22375,AIRLINE BAG VINTAGE JET SET BROWN,2969.29,595,287,135,5.431527777777777,1429.0,2608.0,1179.0,4.990403361344538,17329488.07999999,84.63055043502996,24.68474693384004
22519,CHILDS GARDEN BRUSH PINK,2968.77,1431,263,142,2.4310943396226414,1430.0,1685.0,255.0,2.0746121593291407,17332456.84999999,84.64504876516268,24.702021074451547
21706,"FOLDING UMBRELLA , RED/WHITE SPOT",2962.82,916,104,73,5.286153846153846,1431.0,2180.0,749.0,3.234519650655022,17335419.66999999,84.6595180377853,24.71929521506305
22905,CALENDAR IN SEASON DESIGN,2957.17,1077,194,111,2.9630769230769234,1432.0,1994.0,562.0,2.7457474466109564,17338376.839999992,84.67395971798236,24.736569355674558
22674,FRENCH TOILET SIGN BLUE METAL,2956.33,2377,297,182,1.4519666666666666,1433.0,1123.0,-310.0,1.243723180479596,17341333.16999999,84.68839729594268,24.75384349628606
22664,TOY TIDY DOLLY GIRL DESIGN,2954.19,1429,266,107,2.761428571428571,1434.0,1686.0,252.0,2.0673128061581525,17344287.359999992,84.7028244229666,24.771117636897564
22816,CARD MOTORBIKE SANTA,2950.93,6856,436,258,0.4823006833712984,1435.0,365.0,-1070.0,0.43041569428238036,17347238.28999999,84.71723562940515,24.78839177750907
22927,GREEN GIANT GARDEN THERMOMETER,2948.57,468,162,101,6.695493827160495,1436.0,2830.0,1394.0,6.300363247863248,17350186.859999992,84.73163531051196,24.805665918120575
23211,RED ROCKING HORSE HAND PAINTED,2930.57,2329,160,82,1.5651851851851852,1437.0,1153.0,-284.0,1.2582954057535423,17353117.429999992,84.74594708654617,24.82294005873208
22071,SMALL WHITE RETROSPOT MUG IN BOX,2929.75,1147,175,139,3.8278531073446325,1438.0,1912.0,474.0,2.5542720139494333,17356047.179999992,84.76025485801595,24.84021419934358
22277,COSMETIC BAG VINTAGE ROSE PAISLEY,2927.4900000000002,1400,250,147,2.475277777777778,1439.0,1708.0,269.0,2.091064285714286,17358974.66999999,84.77455159251551,24.857488339955086
85049D,BRIGHT BLUES RIBBONS,2922.96,2330,400,263,1.320909090909091,1440.0,1151.0,-289.0,1.254489270386266,17361897.62999999,84.78882620423846,24.87476248056659
21948,SET OF 6 CAKE CHOPSTICKS,2921.36,2293,267,71,1.8755762081784386,1441.0,1169.0,-272.0,1.2740340165721762,17364818.98999999,84.80309300217719,24.892036621178097
21214,SET OF 72 IVORY PAPER DOILIES,2920.8199999999997,2006,199,106,1.9927722772277228,1442.0,1309.0,-133.0,1.4560418743768693,17367739.80999999,84.81735716296373,24.9093107617896
22990,COTTON APRON PANTRY DESIGN,2917.43,633,164,117,5.315301204819277,1443.0,2558.0,1115.0,4.6088941548183255,17370657.23999999,84.83160476829494,24.926584902401107
21592,RETROSPOT CIGAR BOX MATCHES,2900.46,2772,286,195,1.1606101694915254,1444.0,968.0,-476.0,1.0463419913419914,17373557.69999999,84.84576949867714,24.94385904301261
22518,CHILDS GARDEN BRUSH BLUE,2899.8,1402,270,141,2.507859778597786,1445.0,1707.0,262.0,2.0683309557774607,17376457.499999993,84.85993100587336,24.961133183624113
23290,SPACEBOY CHILDRENS BOWL,2890.3500000000004,2430,214,125,1.4357009345794394,1446.0,1097.0,-349.0,1.1894444444444445,17379347.849999994,84.87404636290645,24.97840732423562
22184,CAKE STAND VICTORIAN FILIGREE LARGE,2887.07,389,146,60,9.19986301369863,1447.0,2998.0,1551.0,7.421773778920309,17382234.919999994,84.88814570168188,24.995681464847124
21584,RETROSPOT SMALL TUBE MATCHES,2886.6,1764,221,165,1.6482905982905982,1448.0,1443.0,-5.0,1.6363945578231291,17385121.519999996,84.90224274515818,25.012955605458632
23345,DOLLY GIRL BEAKER,2886.25,2451,174,100,1.5064204545454545,1449.0,1085.0,-364.0,1.177580579355365,17388007.769999996,84.91633807936918,25.03022974607013
22955,36 FOIL STAR CAKE CASES,2885.26,1592,186,131,2.247823834196891,1450.0,1568.0,118.0,1.812349246231156,17390893.029999997,84.93042857880118,25.04750388668164
22811,SET OF 6 T-LIGHTS CACTI,2884.13,1021,140,51,4.010921985815602,1451.0,2049.0,598.0,2.8248090107737513,17393777.159999996,84.94451355974807,25.064778027293144
23283,DOORMAT VINTAGE LEAVES DESIGN,2881.18,430,91,75,7.847912087912087,1452.0,2907.0,1455.0,6.700418604651162,17396658.339999996,84.95858413403029,25.082052167904646
23056,FLOWERS CHANDELIER T-LIGHT HOLDER,2879.37,960,38,32,6.182564102564102,1453.0,2124.0,671.0,2.99934375,17399537.709999997,84.9726458689691,25.09932630851615
21240,BLUE SPOTTY CUP,2877.47,3390,370,169,0.9885714285714285,1454.0,821.0,-633.0,0.8488112094395279,17402415.179999996,84.98669832503913,25.116600449127656
21465,PINK FLOWER CROCHET FOOD COVER,2875.6400000000003,793,187,117,4.030588235294117,1455.0,2327.0,872.0,3.6262799495586386,17405290.819999997,85.00074184409344,25.133874589739158
21821,GLITTER STAR GARLAND WITH BELLS,2866.6,713,153,86,4.836602564102564,1456.0,2434.0,978.0,4.020476858345021,17408157.419999998,85.01474121526685,25.151148730350663
22072,TEA CUP AND SAUCER RETRO SPOT,2866.34,700,137,67,4.624892086330935,1457.0,2455.0,998.0,4.094771428571429,17411023.759999998,85.02873931670032,25.16842287096217
22480,RED TEA TOWEL CLASSIC DESIGN,2863.06,2368,263,197,1.2736704119850186,1458.0,1127.0,-331.0,1.2090625,17413886.819999997,85.04272139987611,25.185697011573676
21424,WOODLAND STORAGE BOX LARGE,2861.6400000000003,955,142,51,4.811619718309859,1459.0,2132.0,673.0,2.9964816753926704,17416748.459999997,85.0566965483184,25.202971152185178
23427,STOOL HOME SWEET HOME,2860.58,237,114,87,12.967478260869566,1460.0,3460.0,2000.0,12.069957805907173,17419609.039999995,85.07066652012864,25.220245292796683
22073,RETRO SPOT STORAGE JAR,2853.29,729,155,95,4.591075949367089,1461.0,2411.0,950.0,3.9139780521262004,17422462.329999994,85.08460089038445,25.23751943340819
22581,WOOD STOCKING CHRISTMAS SCANDISPOT,2852.6299999999997,3565,380,208,0.9357179487179488,1462.0,771.0,-691.0,0.8001767180925665,17425314.959999993,85.09853203745429,25.25479357401969
23504,PLAYING CARDS JUBILEE UNION JACK,2848.8900000000003,1927,208,164,1.3483410138248846,1463.0,1344.0,-119.0,1.4784068500259473,17428163.849999994,85.1124449198035,25.2720677146312
22930,BAKING MOULD HEART MILK CHOCOLATE,2846.8,1108,189,120,3.073350785340314,1464.0,1952.0,488.0,2.5693140794223828,17431010.649999995,85.12634759539705,25.289341855242704
23212,HEART WREATH DECORATION WITH BELL,2845.89,2284,185,103,1.4963157894736843,1465.0,1175.0,-290.0,1.2460113835376532,17433856.539999995,85.14024582690081,25.306615995854205
21324,HANGING MEDINA LANTERN SMALL,2845.71,1014,175,101,3.7048022598870056,1466.0,2057.0,591.0,2.8064201183431954,17436702.249999996,85.15414317935385,25.32389013646571
21688,SILVER PLATE CANDLE BOWL SMALL,2845.6500000000005,912,142,97,3.6079577464788737,1467.0,2183.0,716.0,3.1202302631578953,17439547.899999995,85.16804023878997,25.341164277077215
22080,RIBBON REEL POLKADOTS,2843.86,1676,242,167,2.0024489795918368,1468.0,1502.0,34.0,1.6968138424821002,17442391.759999994,85.181928556555,25.358438417688724
22449,SILK PURSE BABUSHKA PINK,2843.8300000000004,863,218,111,3.3467272727272728,1469.0,2244.0,775.0,3.295283893395134,17445235.589999992,85.19581672781155,25.375712558300222
21439,BASKET OF TOADSTOOLS,2837.54,2259,240,112,1.5492181069958846,1470.0,1185.0,-285.0,1.2561044710048694,17448073.12999999,85.20967418112885,25.39298669891173
22576,SWALLOW WOODEN CHRISTMAS DECORATION,2835.08,3132,330,191,1.0617867435158501,1471.0,874.0,-597.0,0.9051979565772669,17450908.20999999,85.22351962075288,25.410260839523236
22285,"DECORATION HEN ON NEST, HANGING",2829.19,1877,147,105,1.868157894736842,1472.0,1368.0,-104.0,1.5072935535428875,17453737.39999999,85.23733629588375,25.427534980134737
22731,3D CHRISTMAS STAMPS STICKERS,2828.62,2018,232,138,1.5429361702127657,1473.0,1303.0,-170.0,1.4016947472745291,17456566.019999992,85.25115018735396,25.444809120746243
22710,WRAP I LOVE LONDON,2821.28,7184,173,112,0.4159537572254335,1474.0,344.0,-1130.0,0.39271714922049,17459387.299999993,85.26492823308902,25.462083261357748
22217,T-LIGHT HOLDER HANGING LACE,2814.81,2374,214,152,1.405925925925926,1475.0,1124.0,-351.0,1.1856823925863522,17462202.109999992,85.27867468183409,25.479357401969256
22671,FRENCH LAUNDRY SIGN BLUE METAL,2811.3399999999997,1688,246,140,2.044412955465587,1476.0,1493.0,17.0,1.665485781990521,17465013.44999999,85.29240418443462,25.496631542580754
21508,VINTAGE KID DOLLY CARD,2808.62,6716,541,215,0.517097966728281,1477.0,376.0,-1101.0,0.41819833234067894,17467822.069999993,85.30612040360194,25.513905683192263
35001W,HAND OPEN SHAPE DECO.WHITE,2806.69,883,190,78,4.085520833333334,1478.0,2214.0,736.0,3.1785843714609285,17470628.759999994,85.31982719739204,25.531179823803768
22452,MEASURING TAPE BABUSHKA PINK,2806.4,1089,207,96,2.5631578947368423,1479.0,1981.0,502.0,2.5770431588613407,17473435.159999993,85.33353257493374,25.54845396441527
84909A,PINK PAISLEY QUILT,2797.55,209,30,24,17.176666666666666,1480.0,3561.0,2081.0,13.385406698564594,17476232.709999993,85.34719473248141,25.565728105026775
22974,CHILDRENS DOLLY GIRL MUG,2795.81,1636,211,128,2.039433962264151,1481.0,1533.0,52.0,1.7089303178484108,17479028.519999992,85.36084839253874,25.58300224563828
22696,WICKER WREATH LARGE,2790.83,1415,288,203,2.258406779661017,1482.0,1693.0,211.0,1.9723180212014133,17481819.34999999,85.37447773219263,25.60027638624978
21360,JOY LARGE WOOD LETTERS,2790.41,441,100,81,10.0931,1483.0,2881.0,1398.0,6.327460317460317,17484609.75999999,85.38810502072818,25.617550526861287
22101,MIRROR MOSAIC VOTIVE HOLDER,2790.27,1909,116,44,2.3282905982905984,1484.0,1356.0,-128.0,1.461639601885804,17487400.02999999,85.4017316255576,25.634824667472795
85199S,SMALL HANGING IVORY/RED WOOD BIRD,2789.2799999999997,6022,486,188,0.5843775100401606,1485.0,443.0,-1042.0,0.4631816672201926,17490189.30999999,85.41535339560802,25.6520988080843
22949,36 DOILIES DOLLY GIRL,2788.5299999999997,1965,162,121,1.736604938271605,1486.0,1329.0,-157.0,1.4190992366412212,17492977.839999992,85.4289715029471,25.669372948695802
84519A,TOMATO CHARLIE+LOLA COASTER SET,2788.4500000000003,1200,203,96,2.9695566502463056,1487.0,1868.0,381.0,2.3237083333333337,17495766.28999999,85.44258921959697,25.686647089307307
21796,SET OF 3 RED STRIPE BASKETS,2782.19,324,67,57,12.662089552238806,1488.0,3166.0,1678.0,8.587006172839507,17498548.479999993,85.45617636481603,25.703921229918812
21728,METAL MEDINA LANTERN,2773.11,298,40,33,13.710249999999998,1489.0,3244.0,1755.0,9.305738255033557,17501321.589999992,85.46971916680957,25.721195370530314
21188,3D HEARTS HONEYCOMB PAPER GARLAND,2771.34,912,128,69,3.576212121212121,1490.0,2183.0,693.0,3.0387500000000003,17504092.929999992,85.4832533248043,25.73846951114182
21682,LARGE MEDINA STAMPED METAL BOWL,2767.59,559,152,116,5.280526315789474,1491.0,2668.0,1177.0,4.9509660107334525,17506860.519999992,85.49676916924224,25.755743651753328
85132B,CHARLIE AND LOLA TABLE TINS,2767.53,919,123,73,4.942682926829268,1492.0,2178.0,686.0,3.01145810663765,17509628.049999993,85.5102847206633,25.773017792364826
22365,DOOR MAT RESPECTABLE HOUSE,2765.69,380,124,79,8.205887096774193,1493.0,3021.0,1528.0,7.278131578947368,17512393.739999995,85.52379128623245,25.790291932976334
22242,5 HOOK HANGER MAGIC TOADSTOOL,2763.96,1774,110,77,1.8511711711711711,1494.0,1435.0,-59.0,1.5580383314543405,17515157.699999996,85.53728940314743,25.80756607358784
23190,BUNDLE OF 3 SCHOOL EXERCISE BOOKS,2761.8999999999996,1702,202,145,1.7966009852216749,1495.0,1484.0,-11.0,1.6227379553466508,17517919.599999994,85.5507774598152,25.824840214199345
22081,RIBBON REEL FLORA + FAUNA,2761.04,1559,302,170,2.1825986842105265,1496.0,1587.0,91.0,1.7710327132777421,17520680.639999993,85.56426131657395,25.842114354810846
21683,MEDIUM MEDINA STAMPED METAL BOWL,2757.4700000000003,936,152,96,3.308627450980392,1497.0,2158.0,661.0,2.9460149572649574,17523438.109999992,85.57772773882661,25.85938849542235
23542,WALL ART 70'S ALPHABET,2757.06,356,74,44,10.14864864864865,1498.0,3081.0,1583.0,7.744550561797753,17526195.16999999,85.59119215879709,25.87666263603386
22675,FRENCH KITCHEN SIGN BLUE METAL,2754.95,2227,270,179,1.4426373626373625,1499.0,1196.0,-303.0,1.2370678042209249,17528950.11999999,85.60464627433959,25.89393677664536
15058C,ICE CREAM DESIGN GARDEN PARASOL,2753.72,470,122,56,9.667049180327869,1500.0,2825.0,1325.0,5.858978723404255,17531703.83999999,85.61809438303547,25.911210917256867
22145,CHRISTMAS CRAFT HEART STOCKING,2752.66,1306,197,153,2.3686069651741297,1501.0,1769.0,268.0,2.1077029096477795,17534456.49999999,85.63153731509931,25.92848505786837
84795C,OCEAN STRIPE HAMMOCK,2752.59,325,131,70,9.477954545454544,1502.0,3160.0,1658.0,8.469507692307692,17537209.08999999,85.64497990531008,25.945759198479873
23147,SINGLE ANTIQUE ROSE HOOK IVORY,2752.2,1868,261,170,1.5256226415094338,1503.0,1374.0,-129.0,1.473340471092077,17539961.289999988,85.65842059091095,25.96303333909138
51014C,"FEATHER PEN,COAL BLACK",2751.5,4283,266,108,0.8253558052434458,1504.0,648.0,-856.0,0.6424235349054401,17542712.789999988,85.67185785798121,25.980307479702887
85015,SET OF 12 VINTAGE POSTCARD SET,2750.0,2908,254,133,1.8354724409448817,1505.0,923.0,-582.0,0.9456671251719395,17545462.789999988,85.68528779962877,25.997581620314392
22315,200 RED + WHITE BENDY STRAWS,2749.51,2137,388,191,1.444846153846154,1506.0,1239.0,-267.0,1.286621431913898,17548212.29999999,85.69871534830492,26.014855760925894
22525,CHILDRENS GARDEN GLOVES PINK,2748.79,1950,330,189,1.643534743202417,1507.0,1338.0,-169.0,1.4096358974358973,17550961.08999999,85.71213938077813,26.0321299015374
23266,SET OF 3 WOODEN STOCKING DECORATION,2743.82,2053,319,201,1.454005934718101,1508.0,1291.0,-217.0,1.3364929371651242,17553704.90999999,85.7255391416841,26.049404042148904
23341,PINK DINER WALL CLOCK,2741.35,307,121,75,9.943057851239669,1509.0,3222.0,1713.0,8.929478827361564,17556446.25999999,85.73892684006064,26.066678182760405
22482,BLUE TEA TOWEL CLASSIC DESIGN,2739.43,2319,214,154,1.2477064220183487,1510.0,1159.0,-351.0,1.181297973264338,17559185.68999999,85.75230516189613,26.08395232337191
23100,SILVER BELLS TABLE DECORATION,2739.38,2166,257,180,1.426235741444867,1511.0,1223.0,-288.0,1.2647183748845798,17561925.06999999,85.76568323955082,26.10122646398342
22161,HEART DECORATION RUSTIC HANGING,2738.28,6726,489,156,0.6999212598425197,1512.0,375.0,-1137.0,0.40711864406779663,17564663.34999999,85.77905594522889,26.118500604594924
85183B,CHARLIE & LOLA WASTEPAPER BIN FLORA,2731.7599999999998,1725,171,124,2.454418604651163,1513.0,1468.0,-45.0,1.5836289855072463,17567395.109999992,85.79239680973622,26.135774745206426
22066,LOVE HEART TRINKET POT,2729.16,3436,274,185,1.1509608540925267,1514.0,811.0,-703.0,0.7942840512223516,17570124.269999992,85.80572497684416,26.15304888581793
21788,KIDS RAIN MAC BLUE,2725.0899999999997,3375,206,141,0.9104225352112676,1515.0,823.0,-692.0,0.807434074074074,17572849.359999992,85.81903326763846,26.170323026429436
22167,OVAL WALL MIRROR DIAMANTE,2724.42,266,175,46,10.892685714285715,1516.0,3358.0,1842.0,10.242180451127819,17575573.779999994,85.83233828641062,26.187597167040938
16161U,WRAP SUKI AND FRIENDS,2721.92,6676,208,148,0.4185576923076923,1517.0,380.0,-1137.0,0.40771719592570405,17578295.699999996,85.84563109614491,26.204871307652443
22651,GENTLEMAN SHIRT REPAIR KIT,2720.86,3175,270,112,1.1600367647058822,1518.0,861.0,-657.0,0.8569637795275591,17581016.559999995,85.85891872924715,26.22214544826395
22818,CARD CHRISTMAS VILLAGE,2720.86,6290,404,252,0.47586633663366334,1518.0,409.0,-1109.0,0.4325691573926868,17583737.419999994,85.87220636234939,26.23941958887545
22914,BLUE COAT RACK PARIS FASHION,2720.66,570,170,117,5.446140350877193,1520.0,2648.0,1128.0,4.773087719298245,17586458.079999994,85.8854930187286,26.25669372948696
47503J,SET/3 FLORAL GARDEN TOOLS IN BAG,2719.38,344,75,31,10.9716,1521.0,3112.0,1591.0,7.905174418604651,17589177.459999993,85.89877342408042,26.273967870098463
23164,REGENCY CAKE SLICE,2718.65,578,92,70,5.579673913043479,1522.0,2639.0,1117.0,4.703546712802768,17591896.109999992,85.91205026439319,26.29124201070997
22650,CERAMIC PIRATE CHEST MONEY BANK,2717.8799999999997,1787,283,150,1.8404895104895105,1523.0,1430.0,-93.0,1.5209177392277557,17594613.98999999,85.92532334432228,26.30851615132147
21808,"CHRISTMAS GARLAND STARS,TREES",2715.53,1001,144,70,3.6015753424657535,1524.0,2078.0,554.0,2.712817182817183,17597329.519999992,85.9385849477558,26.325790291932975
47480,HANGING PHOTO CLIP ROPE LADDER,2713.9799999999996,1638,150,62,2.285066666666667,1525.0,1530.0,5.0,1.6568864468864466,17600043.499999993,85.95183898158585,26.343064432544484
22524,CHILDRENS GARDEN GLOVES BLUE,2713.23,1952,299,188,1.5469435215946843,1526.0,1335.0,-191.0,1.3899743852459017,17602756.729999993,85.96508935270454,26.360338573155985
22231,JIGSAW TREE WITH BIRDHOUSE,2712.48,2135,297,166,1.5546843853820598,1527.0,1241.0,-286.0,1.2704824355971898,17605469.209999993,85.97833606111188,26.37761271376749
21096,SET/6 FRUIT SALAD PAPER PLATES,2711.7099999999996,15919,143,91,0.6567832167832168,1528.0,109.0,-1419.0,0.1703442427288146,17608180.919999994,85.99157900913555,26.394886854378996
23407,SET OF 2 TRAYS HOME SWEET HOME,2709.43,267,133,103,10.601716417910447,1529.0,3354.0,1825.0,10.147677902621723,17610890.349999994,86.00481082251667,26.412160994990497
21744,SNOWFLAKE PORTABLE TABLE LIGHT,2697.1600000000003,898,217,131,3.179144144144144,1530.0,2199.0,669.0,3.003518930957684,17613587.509999994,86.01798271393999,26.429435135602002
23333,IVORY WICKER HEART MEDIUM,2695.45,2089,233,179,1.3329218106995884,1531.0,1264.0,-267.0,1.290306366682623,17616282.959999993,86.0311462543814,26.44670927621351
22667,RECIPE BOX RETRO SPOT DESIGN,2694.65,959,178,138,2.9388268156424586,1532.0,2128.0,596.0,2.8098540145985402,17618977.609999992,86.04430588793069,26.463983416825016
85035C,ROSE 3 WICK MORRIS BOX CANDLE,2693.85,1356,197,129,3.203793103448276,1533.0,1736.0,203.0,1.9866150442477875,17621671.459999993,86.05746161458788,26.481257557436518
21224,SET/4 SKULL BADGES,2691.91,2171,312,140,1.2506645569620252,1534.0,1219.0,-315.0,1.239940119760479,17624363.369999994,86.0706078670317,26.498531698048023
22479,DAISY GARDEN MARKER,2691.19,1939,214,129,1.5787441860465117,1535.0,1340.0,-195.0,1.38792676637442,17627054.559999995,86.08375060327259,26.515805838659528
23264,SET OF 3 WOODEN SLEIGH DECORATIONS,2690.81,1963,299,177,1.496592356687898,1536.0,1330.0,-206.0,1.370764136525726,17629745.369999994,86.09689148373973,26.53307997927103
22436,12 COLOURED PARTY BALLOONS,2687.05,4216,290,173,0.6820338983050848,1537.0,658.0,-879.0,0.6373458254269451,17632432.419999994,86.11001400181392,26.550354119882535
21204,DAISIES HONEYCOMB GARLAND,2682.99,1608,205,109,1.9919806763285024,1538.0,1557.0,19.0,1.668526119402985,17635115.409999993,86.12311669241063,26.567628260494043
22495,SET OF 2 ROUND TINS CAMEMBERT,2682.32,940,237,165,3.4214644351464436,1539.0,2150.0,611.0,2.853531914893617,17637797.729999993,86.1362161109852,26.58490240110554
90057,DIAMANTE RING ASSORTED IN BOX.,2675.88,1804,37,29,1.7997297297297299,1540.0,1418.0,-122.0,1.4833037694013305,17640473.609999992,86.14928407907824,26.60217654171705
22155,STAR DECORATION RUSTIC,2671.81,5925,340,165,0.5615774647887324,1541.0,450.0,-1091.0,0.45093839662447255,17643145.41999999,86.16233217085762,26.619450682328555
21980,PACK OF 12 RED RETROSPOT TISSUES,2668.33,8616,405,262,0.39127764127764125,1542.0,278.0,-1264.0,0.3096947539461467,17645813.74999999,86.17536326765631,26.63672482294006
22028,PENNY FARTHING BIRTHDAY CARD,2665.13,6344,507,203,0.5311811023622047,1543.0,397.0,-1146.0,0.4201024590163935,17648478.879999988,86.18837873688653,26.65399896355156
21923,RED/CREAM STRIPE FRINGE HAMMOCK,2662.64,337,119,80,8.58436974789916,1544.0,3129.0,1585.0,7.901008902077151,17651141.51999999,86.20138204591507,26.671273104163067
21109,LARGE CAKE TOWEL CHOCOLATE SPOTS,2661.67,925,104,51,5.374259259259259,1545.0,2172.0,627.0,2.8774810810810814,17653803.18999999,86.21438061783691,26.688547244774576
85049B,LUSH GREENS RIBBONS,2653.3,2126,338,224,1.3162941176470588,1546.0,1242.0,-304.0,1.248024459078081,17656456.48999999,86.22733831389998,26.705821385386074
21693,SMALL HAMMERED SILVER CANDLEPOT,2648.6200000000003,871,120,84,3.3857500000000003,1547.0,2229.0,682.0,3.0408955223880603,17659105.109999992,86.24027315464419,26.723095525997582
22500,SET OF 2 TINS JARDIN DE PROVENCE,2647.31,580,198,155,5.186834170854271,1548.0,2636.0,1088.0,4.564327586206897,17661752.41999999,86.25320159785254,26.740369666609087
21742,LARGE ROUND WICKER PLATTER,2647.28,437,193,156,6.052820512820513,1549.0,2888.0,1339.0,6.057848970251717,17664399.69999999,86.26612989455244,26.757643807220592
23146,TRIPLE HOOK ANTIQUE IVORY ROSE,2645.2599999999998,798,227,151,3.5144155844155844,1550.0,2318.0,768.0,3.3148621553884707,17667044.959999993,86.27904832634977,26.774917947832094
22152,PLACE SETTING WHITE STAR,2642.2799999999997,6241,241,154,0.5179919678714859,1551.0,413.0,-1138.0,0.4233744592212786,17669687.239999995,86.29195220497394,26.7921920884436
21897,POTTING SHED CANDLE CITRONELLA,2641.36,866,106,86,3.107037037037037,1552.0,2237.0,685.0,3.0500692840646653,17672328.599999994,86.30485159067219,26.809466229055108
82600,N0 SINGING METAL SIGN,2639.42,1225,49,30,2.673673469387755,1553.0,1845.0,292.0,2.1546285714285713,17674968.019999996,86.31774150215706,26.826740369666606
22270,HAPPY EASTER HANGING DECORATION,2638.67,685,153,104,4.247405063291139,1554.0,2478.0,924.0,3.8520729927007302,17677606.689999998,86.33062775093057,26.844014510278114
84754,S/15 SILVER GLASS BAUBLES IN BAG,2634.59,2083,218,129,1.5527232142857144,1555.0,1270.0,-285.0,1.2648055688910227,17680241.279999997,86.3434940745543,26.86128865088962
85049F,BABY BOOM RIBBONS,2634.0,2110,314,206,1.3125078369905956,1556.0,1252.0,-304.0,1.248341232227488,17682875.279999997,86.35635751684507,26.87856279150112
22146,EASTER CRAFT IVY WREATH WITH CHICK,2633.13,1413,107,93,2.0039449541284404,1557.0,1697.0,140.0,1.8635031847133758,17685508.409999996,86.36921671039067,26.895836932112626
22376,AIRLINE BAG VINTAGE JET SET WHITE,2632.18,531,248,145,5.1749800796812755,1558.0,2722.0,1164.0,4.957024482109228,17688140.589999996,86.38207126450189,26.91311107272413
84012,MAGIC SHEEP WOOL GROWING FROM PAPER,2628.47,1838,179,127,1.7253333333333334,1559.0,1398.0,-161.0,1.4300707290533188,17690769.059999995,86.3949077004009,26.93038521333564
21422,PORCELAIN ROSE SMALL,2619.17,3160,147,71,1.0762837837837838,1560.0,866.0,-694.0,0.8288512658227848,17693388.229999997,86.40769871867911,26.947659353947138
22758,LARGE PURPLE BABUSHKA NOTEBOOK,2618.35,2437,314,151,1.5309119496855346,1561.0,1095.0,-466.0,1.0744152646696759,17696006.58,86.42048573239289,26.964933494558647
84849D,HOT BATHS SOAP HOLDER,2618.27,1558,260,122,1.8957088122605363,1562.0,1589.0,27.0,1.6805327342747112,17698624.849999998,86.43327235541744,26.982207635170152
22713,CARD I LOVE LONDON,2616.12,6084,368,148,0.5608648648648649,1563.0,437.0,-1126.0,0.43,17701240.97,86.44604847866944,26.999481775781653
72800E,4 IVORY DINNER CANDLES SILVER FLOCK,2613.82,1388,286,139,2.49421768707483,1564.0,1718.0,154.0,1.883155619596542,17703854.79,86.45881336960662,27.01675591639316
22046,TEA PARTY WRAPPING PAPER,2613.5,6375,208,147,0.41846153846153844,1565.0,393.0,-1172.0,0.4099607843137255,17706468.29,86.47157669778693,27.034030057004664
47585A,PINK FAIRY CAKE CUSHION COVER,2612.88,1084,148,66,4.460067567567568,1566.0,1987.0,421.0,2.410405904059041,17709081.169999998,86.48433699812585,27.051304197616165
85034B,3 WHITE CHOC MORRIS BOXED CANDLES,2606.64,1183,152,95,3.2954545454545454,1567.0,1881.0,314.0,2.2034150464919695,17711687.81,86.49706682470628,27.068578338227674
85227,SET OF 6 3D KIT CARDS FOR KIDS,2605.75,2848,392,206,1.106153846153846,1568.0,944.0,-624.0,0.914940308988764,17714293.56,86.50979230486922,27.08585247883918
23054,RECYCLED ACAPULCO MAT LAVENDER,2604.93,295,130,81,9.533076923076923,1569.0,3256.0,1687.0,8.830271186440678,17716898.49,86.52251378046776,27.103126619450684
85034C,3 ROSE MORRIS BOXED CANDLES,2604.15,1314,197,130,2.908627450980392,1570.0,1764.0,194.0,1.9818493150684933,17719502.639999997,86.53523144684647,27.120400760062186
23196,VINTAGE LEAF MAGNETIC NOTEPAD,2601.15,1719,275,159,1.8156989247311828,1571.0,1470.0,-101.0,1.513176265270506,17722103.789999995,86.54793446237974,27.13767490067369
72799E,IVORY PILLAR CANDLE SILVER FLOCK,2600.6400000000003,1232,178,105,2.9414525139664804,1572.0,1842.0,270.0,2.1109090909090913,17724704.429999996,86.5606349872693,27.1549490412852
37502,TEA TIME MUG IN GIFT BOX,2599.7900000000004,868,171,97,3.311387283236994,1573.0,2232.0,659.0,2.995149769585254,17727304.219999995,86.57333136108599,27.172223181896697
22439,6 ROCKET BALLOONS,2599.01,3891,363,216,0.7315945945945946,1574.0,707.0,-867.0,0.6679542534052944,17729903.229999997,86.58602392568287,27.189497322508206
22190,LOCAL CAFE MUG,2591.67,1400,242,88,2.361469387755102,1575.0,1708.0,133.0,1.851192857142857,17732494.9,86.59868064454459,27.20677146311971
90062,CARNIVAL BRACELET,2591.42,204,109,33,12.660181818181817,1576.0,3579.0,2003.0,12.703039215686275,17735086.32,86.61133614250252,27.224045603731213
22199,FRYING PAN RED RETROSPOT,2590.21,617,217,95,5.282626728110599,1577.0,2579.0,1002.0,4.19807131280389,17737676.53,86.62398573128614,27.241319744342718
22933,BAKING MOULD EASTER EGG MILK CHOC,2585.92,940,122,82,3.48869918699187,1578.0,2150.0,572.0,2.7509787234042555,17740262.450000003,86.63661436936077,27.258593884954223
84968E,S/16 VINTAGE BLACK CUTLERY,2585.45,225,40,20,12.53875,1579.0,3504.0,1925.0,11.490888888888888,17742847.900000002,86.64924071213628,27.27586802556573
21589,SWALLOW GIANT TUBE MATCHES,2583.4500000000003,1119,88,73,2.5044943820224717,1580.0,1945.0,365.0,2.3087131367292226,17745431.35,86.6618572876815,27.29314216617723
21171,BATHROOM METAL SIGN,2578.27,1845,260,142,1.6744444444444444,1581.0,1391.0,-190.0,1.3974363143631436,17748009.62,86.67444856610027,27.31041630678874
21642,ASSORTED TUTTI FRUTTI PEN,2575.18,4413,251,150,0.8806896551724137,1582.0,628.0,-954.0,0.5835440743258554,17750584.8,86.68702475414824,27.327690447400244
23534,STOP FOR TEA WALL ART,2572.7,518,41,40,5.775853658536586,1583.0,2736.0,1153.0,4.966602316602316,17753157.5,86.69958883083066,27.344964588011745
82597,BOMBS AWAY METAL SIGN,2569.6600000000003,1210,215,106,2.577926267281106,1584.0,1856.0,272.0,2.1236859504132233,17755727.16,86.71213806132305,27.36223872862325
22471,TV DINNER TRAY AIR HOSTESS,2568.76,627,176,91,5.779318181818182,1585.0,2569.0,984.0,4.096905901116428,17758295.92,86.72468289656182,27.379512869234755
21653,GLASS ETCHED T-LIGHT HOLDER LARGE,2565.67,1246,111,75,2.266086956521739,1586.0,1829.0,243.0,2.059125200642055,17760861.590000004,86.73721264142978,27.396787009846264
22828,REGENCY MIRROR WITH SHUTTERS,2565.0,17,11,9,154.0909090909091,1587.0,5056.0,3469.0,150.88235294117646,17763426.590000004,86.74973911427557,27.414061150457762
23292,SPACEBOY CHILDRENS CUP,2557.57,2050,216,112,1.5344239631336405,1588.0,1292.0,-296.0,1.2475951219512196,17765984.160000004,86.76222930186086,27.43133529106927
21288,STRIPEY CHOCOLATE NESTING BOXES,2557.4700000000003,982,224,105,3.34125,1589.0,2097.0,508.0,2.604348268839104,17768541.630000003,86.77471900108462,27.448609431680776
22939,APRON APPLE DELIGHT,2556.66,516,136,87,5.724705882352942,1590.0,2740.0,1150.0,4.954767441860465,17771098.290000003,86.78720474458012,27.465883572292277
21499,BLUE SPOTS WRAP,2555.0,6350,196,152,0.41673469387755097,1591.0,395.0,-1196.0,0.4023622047244094,17773653.290000003,86.79968238127448,27.483157712903783
20960,WATERMELON BATH SPONGE,2550.84,1900,215,85,1.6572018348623851,1592.0,1360.0,-232.0,1.3425473684210527,17776204.130000003,86.81213970212984,27.500431853515288
22735,RIBBON REEL SOCKS AND MITTENS,2541.38,1434,231,133,2.3392340425531915,1593.0,1683.0,90.0,1.772231520223152,17778745.51,86.82455082398593,27.51770599412679
85035B,CHOCOLATE 3 WICK MORRIS BOX CANDLE,2539.29,986,131,75,3.890381679389313,1594.0,2092.0,498.0,2.575344827586207,17781284.8,86.83695173908636,27.534980134738298
21898,POTTING SHED ROSE CANDLE,2538.8100000000004,827,113,73,3.0016239316239317,1595.0,2283.0,688.0,3.069903264812576,17783823.61,86.84935031005153,27.552254275349803
23131,MISTLETOE HEART WREATH CREAM,2535.48,624,110,86,4.21018018018018,1596.0,2574.0,978.0,4.06326923076923,17786359.09,86.86173261857827,27.569528415961308
20787,BLUE RETRO BAR STOOL,2535.1,74,31,7,35.78529411764706,1597.0,4301.0,2704.0,34.258108108108104,17788894.19,86.87411307133127,27.58680255657281
21215,IVORY PAPER CUP CAKE CASES,2533.88,4349,291,127,0.8702372881355933,1598.0,638.0,-960.0,0.582635088526098,17791428.07,86.88648756607377,27.604076697184315
22197,"POPCORN HOLDER , SMALL",2531.64,3189,112,66,1.04,1599.0,857.0,-742.0,0.7938664158043274,17793959.71,86.89885112151835,27.621350837795823
21203,BUTTERFLIES HONEYCOMB GARLAND,2527.0,1539,145,85,2.0413513513513513,1600.0,1598.0,-2.0,1.6419753086419753,17796486.71,86.91119201698866,27.63862497840732
23681,LUNCH BAG RED VINTAGE DOILY,2525.04,1576,132,105,1.8662406015037591,1601.0,1580.0,-21.0,1.6021827411167513,17799011.75,86.9235233405733,27.65589911901883
22451,SILK PURSE BABUSHKA RED,2521.7200000000003,734,150,88,3.9706535947712416,1602.0,2404.0,802.0,3.435585831062671,17801533.47,86.93583845055564,27.673173259630335
22342,HOME GARLAND PAINTED ZINC,2521.2499999999995,1817,230,109,2.0389565217391303,1603.0,1413.0,-190.0,1.3875894331315353,17804054.72,86.94815126523888,27.690447400241837
22350,CAT BOWL,2521.2400000000002,946,121,84,2.9835245901639342,1604.0,2142.0,538.0,2.665158562367865,17806575.959999997,86.96046403108593,27.707721540853342
22415,WHITE TISSUE REAM,2520.15,317,204,156,7.95,1605.0,3185.0,1580.0,7.95,17809096.109999996,86.9727714737925,27.724995681464847
21792,CLASSIC FRENCH STYLE BASKET GREEN,2517.88,494,141,110,5.968297872340425,1606.0,2776.0,1170.0,5.096923076923077,17811613.989999995,86.9850678306927,27.742269822076356
21431,GREEN GINGHAM FLOWER JEWELLERY BOX,2511.3599999999997,1483,278,167,1.9398924731182796,1607.0,1641.0,34.0,1.6934322319622386,17814125.349999994,86.99733234642214,27.759543962687854
84968A,S/16 VINTAGE ROSE CUTLERY,2511.24,190,85,29,14.674,1608.0,3636.0,2028.0,13.217052631578946,17816636.589999992,87.00959627611778,27.776818103299362
23424,GINGHAM RECIPE BOOK BOX,2509.62,462,135,87,6.186740740740741,1609.0,2840.0,1231.0,5.432077922077922,17819146.209999993,87.02185229435688,27.794092243910868
21323,HANGING MEDINA LANTERN LARGE,2506.89,740,80,46,5.57325,1610.0,2394.0,784.0,3.387689189189189,17821653.099999994,87.03409498032664,27.81136638452237
22937,BAKING MOULD CHOCOLATE CUPCAKES,2502.04,948,157,119,2.928509316770186,1611.0,2139.0,528.0,2.639282700421941,17824155.139999993,87.04631398076293,27.828640525133874
23316,RED REFECTORY CLOCK,2501.64,250,110,75,11.109454545454545,1612.0,3416.0,1804.0,10.00656,17826656.779999994,87.05853102775319,27.84591466574538
22291,"SPRING DEC , HANGING CHICK CREAM",2499.58,1900,142,76,1.6448965517241378,1613.0,1360.0,-253.0,1.3155684210526315,17829156.359999992,87.07073801449623,27.86318880635688
82567,"AIRLINE LOUNGE,METAL SIGN",2498.98,1207,489,136,2.17200408997955,1614.0,1861.0,247.0,2.0704059652029825,17831655.339999992,87.08294207107019,27.880462946968386
85054,FRENCH ENAMEL POT W LID,2495.0200000000004,916,204,107,3.4911538461538467,1615.0,2180.0,565.0,2.7238209606986903,17834150.359999992,87.09512678852818,27.897737087579895
23367,SET 12 COLOUR PENCILS SPACEBOY,2491.2,3278,282,184,0.7566666666666667,1616.0,843.0,-773.0,0.7599755948749237,17836641.55999999,87.10729285057631,27.9150112281914
85041,SET/4 PINK ORCHID CANDLES IN BOWL,2489.87,1853,92,64,1.7864210526315787,1617.0,1384.0,-233.0,1.3436967080410145,17839131.429999992,87.11945241741633,27.9322853688029
21924,BLUE/CREAM STRIPE FRINGE HAMMOCK,2486.6600000000003,315,123,82,8.614596774193549,1618.0,3193.0,1575.0,7.894158730158731,17841618.089999992,87.1315963078517,27.949559509414406
22091,EMPIRE TISSUE BOX,2485.86,3179,324,184,1.2600925925925925,1619.0,859.0,-760.0,0.7819628814092482,17844103.94999999,87.14373629139496,27.96683365002591
21680,WOODLAND STICKERS,2483.68,2860,269,110,1.1367777777777779,1620.0,936.0,-684.0,0.8684195804195803,17846587.62999999,87.15586562865721,27.984107790637413
84968F,SET OF 16 VINTAGE SKY BLUE CUTLERY,2479.35,214,80,33,13.198374999999999,1621.0,3539.0,1918.0,11.585747663551402,17849066.979999993,87.16797381986589,28.00138193124892
85206B,PINK FELT EASTER EGG BASKET,2477.2999999999997,1538,183,138,1.8157065217391304,1622.0,1600.0,-22.0,1.6107282184655394,17851544.279999994,87.18007199966353,28.018656071860427
22742,MAKE YOUR OWN PLAYTIME CARD KIT,2475.3,1002,180,132,3.091758241758242,1623.0,2077.0,454.0,2.470359281437126,17854019.579999994,87.19216041223086,28.035930212471932
22129,PARTY CONES CANDY TREE DECORATION,2473.16,2792,107,92,1.197314814814815,1624.0,961.0,-663.0,0.8858022922636103,17856492.739999995,87.2042383738618,28.053204353083434
22153,ANGEL DECORATION STARS ON DRESS,2469.16,5705,283,136,0.5477133105802048,1625.0,470.0,-1155.0,0.432806310254163,17858961.899999995,87.21629680103216,28.07047849369494
21686,MEDINA STAMPED METAL STOOL,2460.1400000000003,65,33,10,39.29515151515152,1626.0,4377.0,2751.0,37.8483076923077,17861422.039999995,87.2283111779939,28.087752634306444
23352,ROLL WRAP 50'S RED CHRISTMAS,2459.2,1800,212,151,1.511643192488263,1627.0,1421.0,-206.0,1.3662222222222222,17863881.239999995,87.24032096435741,28.105026774917945
22829,SWEETHEART WIRE WALL TIDY,2458.62,240,117,83,11.002478632478633,1628.0,3447.0,1819.0,10.24425,17866339.859999996,87.25232791822415,28.12230091552945
21616,4 PEAR BOTANICAL DINNER CANDLES,2458.58,1152,191,126,2.465969387755102,1629.0,1905.0,276.0,2.1341840277777777,17868798.439999994,87.26433467674626,28.13957505614096
20668,DISCO BALL CHRISTMAS DECORATION,2454.88,20951,367,181,0.16567204301075267,1630.0,65.0,-1565.0,0.11717245000238653,17871253.319999993,87.27632336589234,28.15684919675246
22911,PAPER CHAIN KIT LONDON,2454.3500000000004,853,164,115,3.219818181818182,1631.0,2251.0,620.0,2.8773153575615478,17873707.669999994,87.28830946672241,28.174123337363966
21330,WOODLAND ANIMAL WRITING SET,2454.0699999999997,1452,201,101,2.2783251231527095,1632.0,1666.0,34.0,1.6901308539944901,17876161.739999995,87.30029420014023,28.19139747797547
21747,SMALL SKULL WINDMILL,2452.35,2049,153,83,1.4423376623376625,1633.0,1293.0,-340.0,1.1968521229868228,17878614.089999996,87.31227053374,28.208671618586976
21823,PAINTED METAL HEART WITH HOLLY BELL,2447.72,2468,212,136,1.3124778761061948,1634.0,1076.0,-558.0,0.9917828200972446,17881061.809999995,87.32422425620166,28.225945759198478
23489,VINTAGE BELLS GARLAND,2443.35,821,149,116,3.24283870967742,1635.0,2291.0,656.0,2.9760657734470155,17883505.159999996,87.33615663726513,28.243219899809986
21789,KIDS RAIN MAC PINK,2437.0699999999997,2920,218,138,0.9376923076923076,1636.0,921.0,-715.0,0.8346130136986301,17885942.229999997,87.3480583492255,28.26049404042149
84840,SWEETHEART CARRY-ALL BASKET,2430.82,282,140,110,9.002642857142858,1637.0,3307.0,1670.0,8.619929078014184,17888373.049999997,87.3599295385912,28.277768181032993
22021,BLUE FELT EASTER EGG BASKET,2430.31,1413,233,161,1.7891176470588235,1638.0,1697.0,59.0,1.7199646142958245,17890803.359999996,87.37179823731319,28.295042321644498
21809,CHRISTMAS HANGING TREE WITH BELL,2427.89,3015,207,118,1.2378301886792453,1639.0,901.0,-738.0,0.8052703150912106,17893231.249999996,87.38365511768652,28.312316462256003
21462,"NURSERY A,B,C PAINTED LETTERS",2425.41,413,171,131,6.878888888888889,1640.0,2952.0,1312.0,5.872663438256658,17895656.659999996,87.39549988669431,28.329590602867505
23406,HOME SWEET HOME KEY HOLDER,2422.6600000000003,456,111,65,7.10990990990991,1641.0,2855.0,1214.0,5.312850877192983,17898079.319999997,87.40733122576043,28.34686474347901
21274,EMBOSSED HEART 3 DRAWER SHELF,2420.69,175,105,61,14.656037735849056,1642.0,3693.0,2051.0,13.832514285714286,17900500.009999998,87.41915294410474,28.36413888409052
21973,SET OF 36 MUSHROOM PAPER DOILIES,2420.0299999999997,1670,210,117,1.7956190476190474,1643.0,1505.0,-138.0,1.4491197604790418,17902920.04,87.43097143926303,28.381413024702024
22613,PACK OF 20 SPACEBOY NAPKINS,2419.7599999999998,3051,273,166,0.9653571428571429,1644.0,894.0,-750.0,0.7931039003605375,17905339.8,87.44278861584526,28.398687165313525
21106,CREAM SLICE FLANNEL CHOCOLATE SPOT,2419.6800000000003,790,169,98,3.7038823529411764,1645.0,2329.0,684.0,3.0628860759493675,17907759.48,87.45460540173825,28.41596130592503
22789,T-LIGHT HOLDER SWEETHEART HANGING,2419.54,1238,196,138,2.1268000000000002,1646.0,1836.0,190.0,1.9543941841680128,17910179.02,87.46642150392513,28.433235446536536
22609,PENS ASSORTED SPACEBALL,2414.54,7087,201,118,0.565,1647.0,352.0,-1295.0,0.34069987300691407,17912593.56,87.47821318803628,28.450509587148037
22362,GLASS JAR PEACOCK BATH SALTS,2410.53,754,258,133,3.748798449612403,1648.0,2366.0,718.0,3.1969893899204247,17915004.09,87.48998528885072,28.467783727759542
22540,MINI JIGSAW CIRCUS PARADE,2410.29,6162,189,114,0.4966315789473684,1649.0,423.0,-1226.0,0.39115384615384613,17917414.38,87.5017562175975,28.48505786837105
22897,OVEN MITT APPLES DESIGN,2409.75,1613,264,167,1.7822264150943394,1650.0,1551.0,-99.0,1.4939553626782394,17919824.13,87.51352450919211,28.50233200898255
23400,SHELF WITH 4 HOOKS HOME SWEET HOME,2409.34,461,107,76,6.854074074074074,1651.0,2841.0,1190.0,5.226334056399133,17922233.47,87.52529079850451,28.519606149594058
23265,SET OF 3 WOODEN TREE DECORATIONS,2404.79,1769,293,180,1.4839016393442621,1652.0,1440.0,-212.0,1.359406444318824,17924638.259999998,87.537034867368,28.536880290205563
85059,FRENCH ENAMEL WATER BASIN,2399.89,701,211,108,4.293896713615023,1653.0,2450.0,797.0,3.4235235378031383,17927038.15,87.5487550065173,28.554154430817068
85036A,GARDENIA 1 WICK MORRIS BOXED CANDLE,2389.21,619,165,117,4.130116959064328,1654.0,2578.0,924.0,3.859789983844911,17929427.36,87.56042298865685,28.57142857142857
20674,GREEN POLKADOT BOWL,2385.08,1848,249,118,1.5461111111111112,1655.0,1390.0,-265.0,1.2906277056277056,17931812.439999998,87.57207080146583,28.588702712040075
84818,DANISH ROSE PHOTO FRAME,2382.25,1788,214,122,2.0407943925233645,1656.0,1429.0,-227.0,1.3323545861297539,17934194.689999998,87.58370479364397,28.605976852651583
21531,RETRO SPOT SUGAR JAM BOWL,2382.2400000000002,921,196,105,3.2413197969543144,1657.0,2176.0,519.0,2.586579804560261,17936576.929999996,87.59533873698595,28.623250993263085
84795B,SUNSET CHECK HAMMOCK,2379.09,298,96,56,8.963333333333333,1658.0,3244.0,1586.0,7.983523489932886,17938956.019999996,87.60695729694024,28.64052513387459
21811,HANGING HEART WITH BELL,2374.7999999999997,4619,219,106,0.9162995594713657,1659.0,604.0,-1055.0,0.5141372591470015,17941330.819999997,87.61855490618554,28.657799274486095
10133,COLOURING PENCILS BROWN TUBE,2373.2599999999998,3837,289,153,0.7457093425605537,1660.0,717.0,-943.0,0.6185196768308574,17943704.08,87.63014499466354,28.6750734150976
47570,ENGLISH ROSE TABLE CLOTH,2373.01,220,78,47,12.235696202531646,1661.0,3521.0,1860.0,10.786409090909093,17946077.09,87.64173386223774,28.6923475557091
23498,CLASSIC BICYCLE CLIPS,2372.68,1640,99,77,1.657941176470588,1662.0,1526.0,-136.0,1.4467560975609755,17948449.77,87.65332111821895,28.70962169632061
84997d,CHILDRENS CUTLERY POLKADOT PINK,2372.33,285,65,0,8.434477611940297,1663.0,3292.0,1629.0,8.323964912280701,17950822.099999998,87.66490666493485,28.726895836932115
23535,BICYCLE SAFTEY WALL ART,2371.94,458,39,38,5.782307692307692,1664.0,2850.0,1186.0,5.178908296943232,17953194.04,87.67649030704085,28.744169977543617
23048,SET OF 10 LANTERNS FAIRY LIGHT STAR,2368.37,577,99,81,4.6737254901960785,1665.0,2641.0,976.0,4.104627383015598,17955562.41,87.68805651464079,28.761444118155122
21262,WHITE GOOSE FEATHER CHRISTMAS TREE,2366.0200000000004,606,132,69,6.068484848484848,1666.0,2591.0,925.0,3.904323432343235,17957928.43,87.69961124574512,28.778718258766627
85034A,3 GARDENIA MORRIS BOXED CANDLES,2364.82,846,135,92,3.896338028169014,1667.0,2262.0,595.0,2.795295508274232,17960293.25,87.7111601165113,28.79599239937813
21468,BUTTERFLY CROCHET FOOD COVER,2361.39,669,142,91,4.018827586206896,1668.0,2509.0,841.0,3.529730941704036,17962654.64,87.72269223647751,28.813266539989634
22537,MAGIC DRAWING SLATE DINOSAUR,2360.43,5765,348,224,0.4875350140056022,1669.0,462.0,-1207.0,0.40944145706851687,17965015.07,87.73421966817321,28.830540680601143
21873,IF YOU CAN'T STAND THE HEAT MUG,2360.0099999999998,2010,199,98,1.6709547738693467,1670.0,1307.0,-363.0,1.1741343283582089,17967375.080000002,87.74574504875054,28.847814821212648
23401,RUSTIC MIRROR WITH LACE HEART,2354.87,459,83,59,7.090361445783133,1671.0,2846.0,1175.0,5.130435729847495,17969729.950000003,87.75724532754602,28.86508896182415
23412,HEART MIRROR ANTIQUE WHITE,2354.8,358,76,64,7.724415584415584,1672.0,3076.0,1404.0,6.5776536312849165,17972084.750000004,87.76874526448844,28.882363102435654
22421,LIPSTICK PEN FUSCHIA,2351.86,4723,407,172,0.5881774580335731,1673.0,589.0,-1084.0,0.49795892441244977,17974436.610000003,87.78023084360234,28.89963724304716
21824,PAINTED METAL STAR WITH HOLLY BELLS,2351.46,2782,211,137,1.1228636363636364,1674.0,965.0,-709.0,0.8452408339324228,17976788.070000004,87.79171446927018,28.91691138365866
21437,24 HANGING EASTER EGGS FLORAL TUB,2350.92,677,109,88,3.9735964912280703,1675.0,2495.0,820.0,3.472555391432792,17979138.990000006,87.80319545778585,28.934185524270166
21126,SET OF 6 GIRLS CELEBRATION CANDLES,2349.22,2325,285,169,1.3368166089965396,1676.0,1157.0,-519.0,1.0104172043010753,17981488.210000005,87.81466814415575,28.951459664881675
22642,SET OF 4 NAPKIN CHARMS STARS,2348.4700000000003,989,141,113,2.5832876712328763,1677.0,2090.0,413.0,2.3745904954499495,17983836.680000003,87.8261371678143,28.968733805493173
23396,LE JARDIN BOTANIQUE CUSHION COVER,2345.0,559,166,114,4.7814035087719295,1678.0,2668.0,990.0,4.194991055456172,17986181.680000003,87.8375892453283,28.98600794610468
85035A,GARDENIA 3 WICK MORRIS BOXED CANDLE,2344.9,646,178,113,4.322417582417582,1679.0,2543.0,864.0,3.629876160990712,17988526.580000002,87.84904083448079,29.003282086716187
23437,50'S CHRISTMAS GIFT BAG LARGE,2343.63,1915,129,106,1.4265891472868217,1680.0,1354.0,-326.0,1.223827676240209,17990870.21,87.86048622144203,29.020556227327692
84459B,YELLOW METAL CHICKEN HEART,2341.77,1475,213,115,2.115852534562212,1681.0,1649.0,-32.0,1.5876406779661016,17993211.98,87.87192252487911,29.037830367939193
84509F,SET OF 4 NEW ENGLAND PLACEMATS,2336.1,2749,36,29,3.989166666666667,1682.0,980.0,-702.0,0.8497999272462713,17995548.080000002,87.88333113821834,29.0551045085507
ADJUST,ADJUSTMENT BY JOHN ON 26/01/2010 16,2334.43,20,20,15,116.72149999999999,1683.0,4992.0,3309.0,116.72149999999999,17997882.51,87.89473159592026,29.072378649162207
21826,EIGHT PIECE DINOSAUR SET,2326.87,1802,241,136,1.4558799999999998,1684.0,1419.0,-265.0,1.2912708102108768,18000209.380000003,87.9060951334917,29.089652789773705
22251,BIRDHOUSE DECORATION MAGIC GARDEN,2317.64,1871,298,141,1.5625913621262457,1685.0,1373.0,-312.0,1.2387172634954569,18002527.020000003,87.91741359529534,29.106926930385214
22306,SILVER MUG BONE CHINA TREE OF LIFE,2316.2,1621,163,125,2.025333333333333,1686.0,1543.0,-143.0,1.4288710672424427,18004843.220000003,87.9287250246932,29.12420107099672
21615,4 LAVENDER BOTANICAL DINNER CANDLES,2308.67,1168,169,115,2.350348837209302,1687.0,1894.0,207.0,1.9766010273972603,18007151.890000004,87.939999680469,29.14147521160822
23371,SET 36 COLOUR PENCILS SPACEBOY,2304.78,1705,185,98,1.5179032258064515,1688.0,1483.0,-205.0,1.351777126099707,18009456.670000006,87.95125533898188,29.158749352219726
22363,GLASS JAR MARMALADE,2303.3900000000003,785,173,99,3.559090909090909,1689.0,2336.0,647.0,2.934254777070064,18011760.060000006,87.96250420926974,29.17602349283123
21947,SET OF 6 HEART CHOPSTICKS,2302.81,1675,298,122,1.7194078947368419,1690.0,1503.0,-187.0,1.3748119402985075,18014062.870000005,87.97375024706078,29.19329763344274
22983,CARD BILLBOARD FONT,2300.21,5395,451,225,0.5278713968957871,1691.0,498.0,-1193.0,0.4263595922150139,18016363.080000006,87.98498358745246,29.210571774054237
71459,HANGING JAM JAR T-LIGHT HOLDERS,2298.05,2813,92,61,1.0443478260869565,1692.0,955.0,-737.0,0.8169392108069677,18018661.130000006,87.99620637923542,29.227845914665746
21482,MUSHROOM BLUE HOT WATER BOTTLE,2296.76,740,184,104,3.6295135135135137,1693.0,2394.0,701.0,3.10372972972973,18020957.890000008,88.00742287115486,29.24512005527725
21741,COSY SLIPPER SHOES LARGE GREEN,2293.7500000000005,701,190,108,3.830260416666667,1694.0,2450.0,756.0,3.2721112696148364,18023251.640000008,88.01862466339271,29.262394195888753
85176,SEWING SUSAN 21 NEEDLE SET,2293.0,2748,306,115,1.137843137254902,1695.0,981.0,-714.0,0.8344250363901019,18025544.640000008,88.02982279291919,29.279668336500258
22566,FELTCRAFT HAIRBAND PINK AND PURPLE,2292.22,2740,289,185,0.9920068027210883,1696.0,987.0,-709.0,0.8365766423357663,18027836.860000007,88.04101711322586,29.296942477111763
84536A,ENGLISH ROSE NOTEBOOK A7 SIZE,2289.73,5077,613,227,0.533872,1697.0,540.0,-1157.0,0.4510005909001379,18030126.590000007,88.05219927333083,29.31421661772327
84997b,CHILDRENS CUTLERY RETROSPOT RED,2287.37,273,55,0,8.623793103448275,1698.0,3329.0,1631.0,8.378644688644687,18032413.96000001,88.06336990810405,29.331490758334773
23330,DECORATIVE WICKER HEART MEDIUM,2286.97,1794,216,158,1.3630044843049327,1699.0,1425.0,-274.0,1.274788182831661,18034700.930000007,88.0745385894312,29.34876489894628
21464,DISCO BALL ROTATOR BATTERY OPERATED,2286.75,539,217,127,4.2453917050691246,1700.0,2708.0,1008.0,4.242578849721707,18036987.680000007,88.08570619636303,29.366039039557783
22831,WHITE BROCANTE SOAP DISH,2286.28,776,138,101,3.337714285714286,1701.0,2348.0,647.0,2.946237113402062,18039273.96000001,88.09687150799576,29.383313180169285
85199L,LARGE HANGING IVORY & RED WOOD BIRD,2285.02,3455,272,136,0.836,1702.0,803.0,-899.0,0.6613661360347323,18041558.980000008,88.10803066627338,29.40058732078079
23029,DRAWER KNOB CRACKLE GLAZE GREEN,2284.12,1340,154,97,1.8390909090909089,1703.0,1751.0,48.0,1.7045671641791045,18043843.10000001,88.1191854292974,29.4178614613923
20665,RED SPOTTY PURSE,2278.17,736,156,100,3.578525641025641,1704.0,2401.0,697.0,3.0953396739130437,18046121.27000001,88.1303111348113,29.435135602003797
21655,HANGING RIDGE GLASS T-LIGHT HOLDER,2277.5,1396,89,56,1.9567415730337079,1705.0,1713.0,8.0,1.6314469914040115,18048398.77000001,88.14143356830304,29.452409742615306
85183A,CHARLIE & LOLA WASTEPAPER BIN BLUE,2275.75,1512,141,104,2.3574825174825174,1706.0,1622.0,-84.0,1.5051256613756614,18050674.52000001,88.15254745546828,29.46968388322681
85107,CUT GLASS T-LIGHT HOLDER OCTAGON,2274.79,1203,70,56,2.426944444444444,1707.0,1865.0,158.0,1.8909310058187863,18052949.31000001,88.16365665436298,29.486958023838316
85172,HYACINTH BULB T-LIGHT CANDLES,2274.56,4271,150,110,1.2240522875816993,1708.0,650.0,-1058.0,0.5325591196441114,18055223.87000001,88.17476473002618,29.504232164449817
85106,CUT GLASS HEXAGON T-LIGHT HOLDER,2271.24,1190,59,40,2.4219999999999997,1709.0,1875.0,166.0,1.9086050420168066,18057495.110000007,88.18585659208712,29.521506305061322
85014C,BLUE/BROWN DOTS RUFFLED UMBRELLA,2270.73,547,72,55,6.527916666666666,1710.0,2695.0,985.0,4.151243144424131,18059765.840000007,88.19694596350435,29.53878044567283
22539,MINI JIGSAW DOLLY GIRL,2268.13,5654,247,138,0.5402811244979919,1711.0,475.0,-1236.0,0.4011549345596038,18062033.970000006,88.20802263752218,29.55605458628433
85114C,RED ENCHANTED FOREST PLACEMAT,2263.06,1179,161,79,1.976867469879518,1712.0,1886.0,174.0,1.9194741306191687,18064297.030000005,88.21907455161123,29.573328726895838
35001G,HAND OPEN SHAPE GOLD,2259.47,715,103,46,4.204857142857143,1713.0,2430.0,717.0,3.1600979020979016,18066556.500000004,88.2301089335219,29.590602867507343
22133,PINK LOVE HEART SHAPE CUP,2258.61,2464,327,109,1.233079268292683,1714.0,1080.0,-634.0,0.9166436688311689,18068815.110000003,88.24113911552357,29.607877008118844
22024,RAINY LADIES BIRTHDAY CARD,2257.0,5391,439,170,0.5579271070615034,1715.0,499.0,-1216.0,0.41866073084770916,18071072.110000003,88.25216143490485,29.62515114873035
22973,CHILDREN'S CIRCUS PARADE MUG,2254.93,1325,152,87,2.0245098039215685,1716.0,1758.0,42.0,1.7018339622641507,18073327.040000003,88.26317364520278,29.642425289341855
23197,SKETCHBOOK MAGNETIC SHOPPING LIST,2253.7,1442,246,113,1.95914979757085,1717.0,1678.0,-39.0,1.562898751733703,18075580.740000002,88.27417984865407,29.659699429953363
21696,SMALL SILVER TRELLIS CANDLEPOT,2251.1400000000003,749,107,80,3.2544859813084113,1718.0,2379.0,661.0,3.0055273698264355,18077831.880000003,88.28517355005062,29.67697357056486
84469,ROSE DES PADDED FLOOR CUSHION,2249.41,664,44,35,5.513863636363637,1719.0,2514.0,795.0,3.387665662650602,18080081.290000003,88.29615880279296,29.69424771117637
21819,GLITTER CHRISTMAS STAR,2247.14,3847,248,178,0.7114396887159533,1720.0,716.0,-1004.0,0.5841278918637899,18082328.430000003,88.30713296972891,29.711521851787875
21187,WHITE BELL HONEYCOMB PAPER GARLAND,2243.7799999999997,1344,144,90,2.020945945945946,1721.0,1747.0,26.0,1.6694791666666664,18084572.210000005,88.31809072771799,29.728795992399377
21804,WHITE CHRISTMAS GARLAND STARS TREES,2240.99,597,137,92,3.843380281690141,1722.0,2604.0,882.0,3.7537520938023445,18086813.200000003,88.32903486042079,29.746070133010882
85045,GREEN CHRISTMAS TREE STRING 20LIGHT,2239.34,471,83,60,5.623176470588236,1723.0,2821.0,1098.0,4.75443736730361,18089052.540000003,88.33997093515863,29.763344273622387
23093,SMALL PARISIENNE HEART PHOTO FRAME,2239.2400000000002,939,142,105,2.7882394366197185,1724.0,2153.0,429.0,2.3847071352502667,18091291.78,88.35090652153494,29.78061841423389
20931,BLUE POT PLANT CANDLE,2238.07,673,157,91,4.795632911392405,1725.0,2503.0,778.0,3.325512630014859,18093529.85,88.36183639408152,29.797892554845397
22803,IVORY EMBROIDERED QUILT,2237.84,59,36,22,39.10861111111112,1726.0,4434.0,2708.0,37.92949152542373,18095767.69,88.37276514339663,29.815166695456902
23326,HANGING MINI COLOURED BOTTLES,2237.08,3442,76,52,2.638026315789473,1727.0,808.0,-919.0,0.6499360836722835,18098004.77,88.38369018116423,29.832440836068407
22163,HEART STRING MEMO HOLDER HANGING,2235.1200000000003,1269,197,86,2.3265841584158418,1728.0,1800.0,72.0,1.7613238770685582,18100239.89,88.39460564704615,29.84971497667991
22336,DOVE DECORATION PAINTED ZINC,2234.96,4661,214,136,0.7334684684684685,1729.0,596.0,-1133.0,0.4795022527354645,18102474.85,88.40552033154965,29.866989117291414
21681,GIANT MEDINA STAMPED METAL BOWL,2234.81,233,79,62,10.156375,1730.0,3471.0,1741.0,9.59145922746781,18104709.66,88.41643428351087,29.884263257902923
16237,SLEEPING CAT ERASERS,2233.15,10385,580,209,0.2964957264957265,1731.0,219.0,-1512.0,0.2150361097737121,18106942.81,88.42734012867093,29.90153739851442
23252,VINTAGE RED ENAMEL TRIM JUG,2231.61,595,136,104,4.0433088235294115,1732.0,2608.0,876.0,3.750605042016807,18109174.419999998,88.4382384530637,29.91881153912593
22409,MONEY BOX BISCUITS DESIGN,2230.46,1638,160,104,1.5593167701863353,1733.0,1530.0,-203.0,1.3616971916971916,18111404.88,88.44913116129905,29.936085679737435
84691,PACK 20 DOLLY PEGS,2225.5,2747,235,124,1.0269491525423728,1734.0,982.0,-752.0,0.8101565344011649,18113630.38,88.45999964680328,29.95335982034894
23079,TOADSTOOL BEDSIDE LIGHT,2225.45,251,106,83,8.936915887850466,1735.0,3411.0,1676.0,8.86633466135458,18115855.83,88.47086788812675,29.97063396096044
51014L,"FEATHER PEN,LIGHT PINK",2222.35,3445,226,111,0.7759471365638766,1736.0,806.0,-930.0,0.6450943396226415,18118078.18,88.48172099024328,29.987908101571946
21638,ASSORTED TUTTI FRUTTI NOTEBOOK,2220.94,1020,142,84,2.437448275862069,1737.0,2050.0,313.0,2.1773921568627452,18120299.12,88.49256720646245,30.005182242183455
21476,STEEL SWEETHEART ROUND TABLE CREAM,2219.5099999999998,142,85,53,16.436,1738.0,3839.0,2101.0,15.630352112676055,18122518.630000003,88.50340643911197,30.022456382794953
23501,KEY RING BASEBALL BOOT UNION JACK,2217.87,1821,112,77,1.4955263157894738,1739.0,1408.0,-331.0,1.2179406919275122,18124736.500000004,88.51423766263264,30.03973052340646
22074,6 RIBBONS SHIMMERING PINKS,2216.3399999999997,2156,287,127,1.5195876288659793,1740.0,1229.0,-511.0,1.0279870129870128,18126952.840000004,88.52506141422215,30.057004664017967
84997c,CHILDRENS CUTLERY POLKADOT BLUE,2216.21,265,56,0,8.612666666666666,1741.0,3361.0,1620.0,8.363056603773584,18129169.050000004,88.53588453094169,30.07427880462947
84913A,SOFT PINK ROSE TOWEL,2211.54,608,266,26,3.6103759398496242,1742.0,2586.0,844.0,3.637401315789474,18131380.590000004,88.54668484117849,30.091552945240974
22716,CARD CIRCUS PARADE,2211.41,5218,447,244,0.5158836689038031,1743.0,519.0,-1224.0,0.4238041395170563,18133592.000000004,88.55748451654534,30.10882708585248
21125,SET 6 FOOTBALL CELEBRATION CANDLES,2211.38,2123,246,162,1.3050592885375494,1744.0,1244.0,-500.0,1.041629769194536,18135803.380000003,88.56828404540371,30.126101226463987
22711,WRAP CIRCUS PARADE,2210.34,5377,181,148,0.41911602209944754,1745.0,500.0,-1245.0,0.4110730890831319,18138013.720000003,88.57907849530234,30.143375367075485
85116,BLACK CANDELABRA T-LIGHT HOLDER,2206.24,1817,181,40,1.560054945054945,1746.0,1413.0,-333.0,1.2142212438084754,18140219.96,88.58985292237888,30.160649507686994
17091J,VANILLA INCENSE IN TIN,2204.35,3964,178,108,0.8962295081967213,1747.0,697.0,-1050.0,0.5560923309788093,18142424.310000002,88.60061811942282,30.1779236482985
23403,LETTER HOLDER HOME SWEET HOME,2204.11,625,134,80,4.374,1748.0,2571.0,823.0,3.5265760000000004,18144628.42,88.6113821443991,30.19519778891
22514,CHILDS GARDEN SPADE BLUE,2202.92,1090,240,151,2.2832083333333335,1749.0,1979.0,230.0,2.0210275229357797,18146831.340000004,88.62214035787336,30.212471929521506
21811,CHRISTMAS HANGING HEART WITH BELL,2202.38,1721,163,108,1.4714035087719297,1750.0,1469.0,-281.0,1.2797094712376527,18149033.720000003,88.63289593419545,30.22974607013301
21651,HANGING GLASS ETCHED TEALIGHT,2200.3599999999997,1361,124,81,1.84456,1751.0,1732.0,-19.0,1.6167229977957382,18151234.080000002,88.64364164561493,30.247020210744513
22920,HERB MARKER BASIL,2199.19,3478,252,138,0.8639763779527558,1752.0,795.0,-957.0,0.6323145485911443,18153433.270000003,88.65438164320472,30.264294351356018
23020,GLASS SONGBIRD STORAGE JAR,2191.84,180,76,67,12.99592105263158,1753.0,3671.0,1918.0,12.17688888888889,18155625.110000003,88.66508574622317,30.281568491967526
20770,ABSTRACT CIRCLE JOURNAL,2190.59,1045,201,94,2.4737623762376235,1754.0,2033.0,279.0,2.0962583732057416,18157815.700000003,88.67578374472271,30.29884263257903
22227,HANGING HEART MIRROR DECORATION,2183.17,3038,356,109,0.8839678284182306,1755.0,897.0,-858.0,0.7186208031599737,18159998.870000005,88.68644550679787,30.316116773190533
23436,VINTAGE CHRISTMAS GIFT BAG LARGE,2182.39,1831,105,82,1.460952380952381,1756.0,1401.0,-355.0,1.1919115237575095,18162181.260000005,88.69710345965322,30.333390913802038
21611,SET OF 12 LILY BOTANICAL T-LIGHTS,2182.19,750,148,93,3.1227814569536427,1757.0,2375.0,618.0,2.9095866666666668,18164363.450000007,88.70776043578554,30.350665054413543
23302,KNEELING MAT HOUSEWORK DESIGN,2181.42,1536,230,140,1.8876394849785407,1758.0,1602.0,-156.0,1.4201953125,18166544.87000001,88.7184136515342,30.367939195025045
85039B,S/4 IVORY MINI ROSE CANDLE IN BOWL,2178.52,1653,266,84,1.6629477611940298,1759.0,1521.0,-238.0,1.3179189352692076,18168723.390000008,88.72905270479893,30.38521333563655
22952,72 CAKE CASES VINTAGE CHRISTMAS,2178.14,4346,101,93,0.5397029702970297,1760.0,639.0,-1121.0,0.5011826967326277,18170901.53000001,88.73968990228992,30.40248747624806
15056n,EDWARDIAN PARASOL NATURAL,2170.4,173,116,0,12.549655172413793,1761.0,3701.0,1940.0,12.545664739884394,18173071.930000007,88.75028930059969,30.41976161685956
22292,"SPRING DEC , HANGING CHICK YELLOW",2164.88,1640,109,80,1.6096363636363638,1762.0,1526.0,-236.0,1.320048780487805,18175236.810000006,88.76086174135384,30.437035757471065
22948,METAL DECORATION NAUGHTY CHILDREN,2164.69,2155,180,93,1.8312903225806452,1763.0,1230.0,-533.0,1.0044965197215778,18177401.500000007,88.77143325422114,30.45430989808257
22069,BROWN PIRATE TREASURE CHEST,2164.63,968,267,66,2.9639405204460965,1764.0,2117.0,353.0,2.2361880165289256,18179566.130000006,88.7820044740715,30.471584038694076
23445,ICE CREAM BUBBLES,2161.24,2668,101,81,0.8659803921568627,1765.0,1010.0,-755.0,0.8100599700149924,18181727.370000005,88.79255913846653,30.488858179305577
22227,"DECORATION, HANGING HEART+MIRROR",2161.0,2983,287,113,0.9008591065292098,1766.0,909.0,-857.0,0.7244384847468991,18183888.370000005,88.80311263079393,30.506132319917086
22714,CARD BIRTHDAY COWBOY,2157.91,5277,359,187,0.5378830083565459,1767.0,509.0,-1258.0,0.4089274208830775,18186046.280000005,88.81365103275054,30.52340646052859
22182,CAKE STAND VICTORIAN FILIGREE SMALL,2156.45,561,172,58,4.562325581395349,1768.0,2662.0,894.0,3.8439393939393938,18188202.730000004,88.82418230462903,30.540680601140092
21245,GREEN SPOTTY PLATE,2155.17,1308,146,89,1.8419594594594595,1769.0,1767.0,-2.0,1.6476834862385321,18190357.900000006,88.83470732548015,30.557954741751598
85216,ASSORTED CAKES FRIDGE MAGNETS,2154.2200000000003,2849,187,114,2.02281914893617,1770.0,940.0,-830.0,0.7561319761319762,18192512.120000005,88.84522770689686,30.575228882363103
22824,3 TIER SWEETHEART GARDEN SHELF,2153.9500000000003,61,48,47,35.7,1771.0,4410.0,2639.0,35.31065573770492,18194666.070000004,88.8557467697375,30.59250302297461
85103,SILVER T-LIGHT SETTING,2153.43,317,87,46,7.735057471264368,1772.0,3185.0,1413.0,6.793154574132491,18196819.500000004,88.86626329309826,30.60977716358611
22338,STAR DECORATION PAINTED ZINC,2151.99,6087,264,143,0.5545387453874538,1773.0,436.0,-1337.0,0.3535386890093642,18198971.490000002,88.87677278405319,30.627051304197618
21246,RED SPOTTY BIG BOWL,2150.8500000000004,423,101,68,5.613663366336634,1774.0,2923.0,1149.0,5.084751773049646,18201122.340000004,88.8872767076869,30.644325444809123
23161,REGENCY CAKE FORK,2145.3,1715,98,58,1.593061224489796,1775.0,1473.0,-302.0,1.2509037900874638,18203267.640000004,88.89775352725653,30.661599585420625
21421,PORCELAIN ROSE LARGE,2144.48,1792,105,60,1.5691666666666666,1776.0,1426.0,-350.0,1.1966964285714285,18205412.120000005,88.90822634226174,30.67887372603213
21905,MORE BUTTER METAL SIGN,2141.07,1615,263,132,1.688403041825095,1777.0,1550.0,-227.0,1.3257399380804955,18207553.190000005,88.91868250413931,30.696147866643635
22708,WRAP DOLLY GIRL,2140.5,5325,159,115,0.4184905660377358,1778.0,505.0,-1273.0,0.4019718309859155,18209693.690000005,88.92913588235626,30.713422007255136
22310,IVORY KNITTED MUG COSY,2140.35,1142,165,50,2.5177976190476192,1779.0,1917.0,138.0,1.8742119089316986,18211834.040000007,88.93958852803094,30.73069614786664
23028,DRAWER KNOB CRACKLE GLAZE BLUE,2138.63,1207,134,87,1.9329629629629628,1780.0,1861.0,81.0,1.7718558409279206,18213972.670000006,88.95003277388754,30.74797028847815
23213,STAR WREATH DECORATION WITH BELL,2138.42,1682,152,95,1.4865806451612902,1781.0,1498.0,-283.0,1.2713555291319858,18216111.090000007,88.96047599418499,30.765244429089655
22454,MEASURING TAPE BABUSHKA RED,2137.21,751,115,79,3.077863247863248,1782.0,2373.0,591.0,2.8458189081225034,18218248.30000001,88.9709133053081,30.782518569701157
21617,4 LILY BOTANICAL DINNER CANDLES,2135.01,834,169,102,2.94546511627907,1783.0,2275.0,492.0,2.5599640287769785,18220383.31000001,88.98133987247792,30.799792710312662
20764,ABSTRACT CIRCLES SKETCHBOOK,2134.76,685,193,107,4.1788659793814436,1784.0,2478.0,694.0,3.11643795620438,18222518.07000001,88.99176521874394,30.817066850924167
22852,DOG BOWL VINTAGE CREAM,2132.63,481,155,104,4.558709677419355,1785.0,2799.0,1014.0,4.433742203742204,18224650.70000001,89.00218016290968,30.83434099153567
23031,DRAWER KNOB CRACKLE GLAZE PINK,2132.5,1266,153,93,1.8296078431372549,1786.0,1802.0,16.0,1.684439178515008,18226783.20000001,89.01259447220546,30.851615132147174
21232,STRAWBERRY CERAMIC TRINKET POT,2131.2200000000003,1369,125,57,1.7832539682539683,1787.0,1731.0,-56.0,1.5567713659605553,18228914.42000001,89.02300253047385,30.868889272758683
21774,DECORATIVE CATS BATHROOM BOTTLE,2129.81,1711,368,79,2.008216216216216,1788.0,1479.0,-309.0,1.2447749853886616,18231044.230000008,89.0334037028449,30.886163413370184
22515,CHILDS GARDEN SPADE PINK,2129.7400000000002,1052,211,139,2.416713615023474,1789.0,2024.0,235.0,2.0244676806083652,18233173.970000006,89.04380453336287,30.90343755398169
84670,JAPANESE CROCHETED ANIMAL,2128.72,5196,182,114,0.4957671957671958,1790.0,521.0,-1269.0,0.4096843725943033,18235302.690000005,89.0542003825934,30.920711694593194
21643,ASSORTED TUTTI FRUTTI MIRROR,2127.94,1521,204,76,1.8602941176470589,1791.0,1610.0,-181.0,1.3990401051939514,18237430.630000006,89.06459242260412,30.9379858352047
23005,TRAVEL CARD WALLET I LOVE LONDON,2126.55,4733,241,105,0.5217213114754098,1792.0,586.0,-1206.0,0.4493027678005494,18239557.180000007,89.0749776743898,30.9552599758162
21195,PINK HONEYCOMB PAPER BALL,2122.66,997,150,49,2.97841059602649,1793.0,2085.0,292.0,2.1290471414242726,18241679.840000007,89.08534392891256,30.97253411642771
21359,RELAX LARGE WOOD LETTERS,2116.48,208,73,57,14.575066666666665,1794.0,3566.0,1772.0,10.175384615384615,18243796.320000008,89.09568000269374,30.989808257039215
21709,FOLDING UMBRELLA CHOC/WHITE SPOT,2115.77,533,49,35,5.658571428571429,1795.0,2719.0,924.0,3.969549718574109,18245912.090000007,89.10601260910815,31.007082397650716
21245,GREEN POLKADOT PLATE,2113.19,1259,158,83,2.0075,1796.0,1812.0,16.0,1.6784670373312154,18248025.28000001,89.11633261579549,31.02435653826222
85099b,JUMBO BAG RED RETROSPOT,2111.64,419,25,0,4.89,1797.0,2942.0,1145.0,5.039713603818615,18250136.92000001,89.12664505287935,31.041630678873727
23046,PAPER LANTERN 9 POINT DELUXE STAR,2111.4900000000002,349,36,31,6.809444444444445,1798.0,3101.0,1303.0,6.050114613180517,18252248.410000008,89.13695675742095,31.058904819485228
85114A,BLACK ENCHANTED FOREST PLACEMAT,2110.9,1270,103,46,1.9424271844660193,1799.0,1798.0,-1.0,1.6621259842519687,18254359.310000006,89.14726558062961,31.076178960096733
23232,WRAP VINTAGE LEAF DESIGN,2109.42,5251,134,118,0.4173333333333333,1800.0,514.0,-1286.0,0.4017177680441821,18256468.730000008,89.15756717608787,31.093453100708242
22913,RED COAT RACK PARIS FASHION,2107.85,450,122,84,5.491229508196722,1801.0,2863.0,1062.0,4.684111111111111,18258576.58000001,89.16786110427034,31.110727241319747
23233,WRAP POPPIES DESIGN,2105.5,5175,158,130,0.41861635220125787,1802.0,522.0,-1280.0,0.4068599033816425,18260682.08000001,89.1781435559572,31.12800138193125
22279,POCKET BAG BLUE PAISLEY RED SPOT,2104.62,1440,214,108,1.625299539170507,1803.0,1680.0,-123.0,1.4615416666666665,18262786.70000001,89.18842171006277,31.145275522542754
84676,BATH DUCK WATERING CAN,2102.46,848,110,76,3.1355454545454546,1804.0,2257.0,453.0,2.479316037735849,18264889.16000001,89.19868931555962,31.16254966315426
40018F,CHERRY DESIGN PAPERLANTERNS,2100.33,1092,117,69,2.2838655462184874,1805.0,1976.0,171.0,1.9233791208791209,18266989.49000001,89.2089465189562,31.17982380376576
22996,TRAVEL CARD WALLET VINTAGE TICKET,2094.93,4801,408,155,0.5296385542168675,1806.0,576.0,-1230.0,0.4363528431576755,18269084.42000001,89.21917735083099,31.197097944377266
23315,IVORY REFECTORY CLOCK,2094.24,213,86,63,10.776511627906977,1807.0,3542.0,1735.0,9.832112676056337,18271178.660000008,89.22940481301134,31.214372084988774
23251,VINTAGE RED ENAMEL TRIM MUG,2090.75,1700,119,80,1.4140336134453781,1808.0,1486.0,-322.0,1.2298529411764705,18273269.410000008,89.23961523137484,31.23164622560028
23438,RED SPOT GIFT BAG LARGE,2089.92,1713,103,82,1.3771844660194175,1809.0,1478.0,-331.0,1.2200350262697024,18275359.33000001,89.24982159633777,31.24892036621178
22859,EASTER TIN BUNNY BOUQUET,2085.75,1250,165,115,1.93251497005988,1810.0,1824.0,14.0,1.6686,18277445.08000001,89.26000759662554,31.266194506823286
21865,PINK UNION JACK PASSPORT COVER,2085.64,896,297,129,2.605766666666667,1811.0,2200.0,389.0,2.3277232142857143,18279530.72000001,89.27019305971565,31.28346864743479
22308,TEA COSY BLUE STRIPE,2085.05,677,214,75,3.9256074766355136,1812.0,2495.0,683.0,3.0798375184638114,18281615.77000001,89.28037564147283,31.300742788046293
79323S,SILVER CHERRY LIGHTS,2084.32,334,56,38,7.9071428571428575,1813.0,3134.0,1321.0,6.240479041916168,18283700.09000001,89.29055465819094,31.318016928657798
21070,VINTAGE BILLBOARD MUG,2083.46,2034,229,107,1.584655172413793,1814.0,1295.0,-519.0,1.0243166175024583,18285783.550000012,89.30072947500005,31.335291069269307
72799F,IVORY PILLAR CANDLE GOLD FLOCK,2082.7400000000002,1125,102,62,3.1107547169811323,1815.0,1938.0,123.0,1.8513244444444446,18287866.29000001,89.31090077560623,31.352565209880805
23526,DOG LICENCE WALL ART,2081.64,408,29,28,5.745172413793104,1816.0,2959.0,1143.0,5.102058823529411,18289947.93000001,89.32106670423576,31.369839350492313
23152,IVORY SWEETHEART WIRE LETTER RACK,2080.65,554,159,108,3.9519374999999997,1817.0,2678.0,861.0,3.7556859205776174,18292028.58000001,89.33122779808629,31.38711349110382
84854,GIRLY PINK TOOL SET,2079.4700000000003,381,110,42,6.568198198198199,1818.0,3018.0,1200.0,5.457926509186352,18294108.05000001,89.34138312927095,31.404387631715323
22023,EMPIRE BIRTHDAY CARD,2076.77,4975,430,177,0.5302320185614849,1819.0,554.0,-1265.0,0.4174412060301507,18296184.820000008,89.35152527469474,31.421661772326825
20983,12 PENCILS TALL TUBE RED SPOTTY,2074.06,2358,258,156,0.9929457364341086,1820.0,1135.0,-685.0,0.8795843935538592,18298258.880000006,89.36165418552146,31.43893591293833
84796A,PINK HAWAIIAN PICNIC HAMPER FOR 2,2072.95,284,111,23,9.56162162162162,1821.0,3296.0,1475.0,7.299119718309859,18300331.830000006,89.37177767553538,31.45621005354984
23536,VILLAGE SHOW WALL ART,2072.42,386,18,17,5.735555555555556,1822.0,3006.0,1184.0,5.3689637305699485,18302404.250000007,89.38189857723327,31.473484194161337
23370,SET 36 COLOURING PENCILS DOILY,2070.35,1485,147,84,1.5463758389261746,1823.0,1638.0,-185.0,1.3941750841750842,18304474.60000001,89.39200936984784,31.490758334772845
22695,WICKER WREATH SMALL,2070.15,1457,225,151,1.709304347826087,1824.0,1663.0,-161.0,1.4208304735758408,18306544.750000007,89.40211918573935,31.50803247538435
23360,SET 8 CANDLES VINTAGE DOILY,2070.1,1060,107,88,2.0720183486238533,1825.0,2012.0,187.0,1.9529245283018868,18308614.85000001,89.41222875745012,31.525306615995852
23227,FILIGREE HEART BUTTERFLY WHITE,2070.06,1642,117,61,1.5737606837606837,1826.0,1524.0,-302.0,1.260694275274056,18310684.910000008,89.42233813381627,31.542580756607357
21619,4 VANILLA BOTANICAL CANDLES,2069.02,1131,212,138,2.4028169014084506,1827.0,1926.0,99.0,1.8293722369584438,18312753.930000007,89.43244243122267,31.559854897218862
22191,EAU DE NIL DINER WALL CLOCK,2067.2,248,119,91,8.471428571428572,1828.0,3426.0,1598.0,8.33548387096774,18314821.130000006,89.4425378404495,31.57712903783037
85049H,URBAN BLACK RIBBONS,2067.18,2066,334,154,1.1540828402366863,1829.0,1278.0,-551.0,1.000571151984511,18316888.310000006,89.45263315200404,31.594403178441873
22935,BAKING MOULD ROSE MILK CHOCOLATE,2066.82,690,65,46,3.8047692307692307,1830.0,2473.0,643.0,2.995391304347826,18318955.130000006,89.46272670545714,31.611677319053378
21200,MULTICOLOUR HONEYCOMB PAPER GARLAND,2065.16,1421,126,64,2.0235433070866145,1831.0,1690.0,-141.0,1.4533145672061927,18321020.290000007,89.47281215210909,31.628951459664883
21706,FOLDING UMBRELLA RED/WHITE POLKADOT,2063.39,432,150,70,5.127066666666667,1832.0,2901.0,1069.0,4.77636574074074,18323083.680000007,89.48288895476223,31.646225600276384
84990,60 GOLD AND SILVER FAIRY CAKE CASES,2062.19,4248,193,112,0.6447738693467336,1833.0,653.0,-1180.0,0.48544962335216574,18325145.87000001,89.49295989707721,31.66349974088789
23291,DOLLY GIRL CHILDRENS CUP,2059.03,1634,195,104,1.5237244897959183,1834.0,1535.0,-299.0,1.2601162790697675,18327204.90000001,89.50301540716833,31.680773881499398
21077,SET/20 WOODLAND PAPER NAPKINS,2058.1,2790,192,111,0.9245641025641025,1835.0,963.0,-872.0,0.7376702508960573,18329263.00000001,89.51306637549736,31.698048022110896
21058,PARTY INVITES WOODLAND,2055.5899999999997,2396,275,148,0.9954838709677419,1836.0,1109.0,-727.0,0.8579257095158597,18331318.59000001,89.52310508595237,31.715322162722405
22400,MAGNETS PACK OF 4 HOME SWEET HOME,2049.56,2450,234,159,0.8937974683544304,1837.0,1088.0,-749.0,0.8365551020408163,18333368.15000001,89.53311434820806,31.73259630333391
21640,ASSORTED TUTTI FRUTTI FOB NOTEBOOK,2049.4,2225,205,99,1.0971962616822428,1838.0,1198.0,-640.0,0.9210786516853933,18335417.55000001,89.54312282908532,31.749870443945415
84968D,SET OF 16 VINTAGE RED CUTLERY,2043.95,185,68,38,12.676764705882352,1839.0,3648.0,1809.0,11.048378378378379,18337461.500000007,89.55310469426004,31.767144584556917
84509B,SET OF 4 FAIRY CAKE PLACEMATS,2042.73,542,168,87,4.211705882352941,1840.0,2703.0,863.0,3.7688745387453877,18339504.230000008,89.5630806014243,31.784418725168422
84459A,PINK METAL CHICKEN HEART,2041.69,1263,201,96,2.3394117647058823,1841.0,1805.0,-36.0,1.6165399841646872,18341545.92000001,89.57305142962882,31.80169286577993
22928,YELLOW GIANT GARDEN THERMOMETER,2041.3500000000001,296,118,64,7.738050847457627,1842.0,3253.0,1411.0,6.896452702702703,18343587.27000001,89.58302059740419,31.81896700639143
23500,KEY RING BASEBALL BOOT ASSORTED,2038.33,1626,98,76,1.3861764705882351,1843.0,1539.0,-304.0,1.2535854858548585,18345625.60000001,89.5929750166618,31.836241147002937
85016,SET OF 6 VINTAGE NOTELETS KIT,2033.33,1679,167,60,2.36,1844.0,1501.0,-343.0,1.2110363311494936,18347658.930000007,89.60290501784368,31.853515287614442
23490,T-LIGHT HOLDER HANGING LOVE BIRD,2032.77,542,101,83,3.961287128712871,1845.0,2703.0,858.0,3.7504981549815497,18349691.700000007,89.61283228420109,31.870789428225947
21348,PINK SPOTS CHOCOLATE NESTING BOXES,2030.8400000000001,842,133,91,3.147611940298508,1846.0,2266.0,420.0,2.4119239904988126,18351722.540000007,89.62275012518128,31.88806356883745
21612,SET 12 WILDFLOWER BOTANICAL T-LIGHT,2025.7700000000002,698,113,76,3.2462280701754387,1847.0,2461.0,614.0,2.902249283667622,18353748.310000006,89.63264320623267,31.905337709448954
22261,FELT EGG COSY WHITE RABBIT,2024.35,2105,243,126,1.1506299212598425,1848.0,1254.0,-594.0,0.9616864608076009,18355772.660000008,89.64252935255058,31.922611850060463
22211,WOOD STAMP SET FLOWERS,2022.35,1531,291,161,1.5166329966329966,1849.0,1606.0,-243.0,1.3209340300457217,18357795.01000001,89.6524057316382,31.93988599067196
22799,SWEETHEART WIRE FRUIT BOWL,2020.84,253,108,85,8.828148148148149,1850.0,3402.0,1552.0,7.987509881422924,18359815.85000001,89.66227473646694,31.95716013128347
23268,SET OF 2 CERAMIC CHRISTMAS REINDEER,2018.1399999999999,1639,90,68,1.6722222222222223,1851.0,1529.0,-322.0,1.2313239780353873,18361833.99000001,89.67213055553479,31.974434271894975
23543,KEEP CALM WALL ART,2015.97,269,20,19,7.9465,1852.0,3347.0,1495.0,7.4943122676579925,18363849.96000001,89.68197577715777,31.991708412506476
21356,TOAST ITS - FAIRY FLOWER,2014.1599999999999,1592,349,116,1.497909604519774,1853.0,1568.0,-285.0,1.2651758793969847,18365864.12000001,89.69181215943736,32.00898255311798
23289,DOLLY GIRL CHILDRENS BOWL,2013.7,1622,191,111,1.5367708333333334,1854.0,1541.0,-313.0,1.2414919852034525,18367877.820000008,89.70164629525395,32.026256693729486
22201,FRYING PAN BLUE POLKADOT,2013.18,508,165,75,4.478424242424242,1855.0,2753.0,898.0,3.962952755905512,18369891.000000007,89.71147789159069,32.04353083434099
22520,CHILDS GARDEN TROWEL BLUE,2011.28,2297,372,256,0.9190501319261214,1856.0,1166.0,-690.0,0.8756116673922507,18371902.28000001,89.72130020905865,32.0608049749525
37476,CONDIMENT TRAY 4 BOWLS AND 4 SPOONS,2010.6,209,77,22,11.156538461538462,1857.0,3561.0,1704.0,9.620095693779904,18373912.88000001,89.73111920566832,32.078079115564
22853,CAT BOWL VINTAGE CREAM,2008.77,581,141,96,3.6078723404255317,1858.0,2634.0,776.0,3.457435456110155,18375921.65000001,89.74092926526227,32.09535325617551
23358,HOT STUFF HOT WATER BOTTLE,2008.38,594,89,61,4.198539325842697,1859.0,2611.0,752.0,3.381111111111111,18377930.03000001,89.7507374202463,32.112627396787005
21389,IVORY HANGING DECORATION BIRD,2008.09,2299,261,149,0.9979850746268656,1860.0,1165.0,-695.0,0.8734623749456285,18379938.12000001,89.76054415898194,32.12990153739852
79323G,GOLD CHERRY LIGHTS,2007.88,314,61,37,7.712295081967213,1861.0,3198.0,1337.0,6.3945222929936305,18381946.000000007,89.7703498721584,32.14717567801002
35953,FOLKART STAR CHRISTMAS DECORATIONS,2007.22,3868,155,98,0.7825316455696203,1862.0,712.0,-1150.0,0.5189296794208893,18383953.220000006,89.78015236214888,32.16444981862152
23066,SMALL DECO JEWELLERY STAND,2005.81,243,79,63,8.972278481012658,1863.0,3436.0,1573.0,8.254362139917696,18385959.030000005,89.789947966242,32.181723959233025
21504,SKULLS GREETING CARD,2005.02,4913,329,158,0.46684848484848485,1864.0,560.0,-1304.0,0.4081050274781193,18387964.050000004,89.79973971227913,32.19899809984453
23274,STAR T-LIGHT HOLDER WILLIE WINKIE,2004.9999999999998,1180,119,85,2.0156666666666667,1865.0,1885.0,20.0,1.6991525423728813,18389969.050000004,89.80953136064399,32.21627224045604
47591C,BLUE FAIRY CAKE CHILD'S APRON,2004.6299999999999,1047,155,108,2.0950967741935482,1866.0,2031.0,165.0,1.9146418338108881,18391973.680000003,89.81932120207124,32.23354638106754
20686,DOLLY MIXTURE CHILDREN'S UMBRELLA,2002.84,590,186,117,3.713978494623656,1867.0,2616.0,749.0,3.39464406779661,18393976.520000003,89.82910230182736,32.250820521679046
22932,BAKING MOULD TOFFEE CUP CHOCOLATE,2000.88,884,72,51,2.708472222222222,1868.0,2211.0,343.0,2.2634389140271494,18395977.400000002,89.83887382969782,32.26809466229055
22496,SET OF 2 ROUND TINS DUTCH CHEESE,1996.0900000000001,731,193,153,3.1207216494845365,1869.0,2409.0,540.0,2.7306292749658003,18397973.490000002,89.84862196505173,32.285368802902056
22903,CALENDAR FAMILY FAVOURITES,1994.96,725,78,35,3.0410256410256413,1870.0,2415.0,545.0,2.7516689655172413,18399968.450000003,89.85836458192054,32.30264294351356
20703,BLUE PADDED SOFT MOBILE,1993.47,471,169,122,4.2601775147928995,1871.0,2821.0,950.0,4.232420382165605,18401961.92,89.86809992220276,32.319917084125066
22521,CHILDS GARDEN TROWEL PINK,1987.9299999999998,2289,371,257,0.9325198938992042,1872.0,1173.0,-699.0,0.8684709480122323,18403949.85,89.87780820725709,32.337191224736564
84872A,TEATIME FUNKY FLOWER BACKPACK FOR 2,1983.54,181,105,6,10.98047619047619,1873.0,3667.0,1794.0,10.95878453038674,18405933.39,89.88749505324094,32.35446536534808
23357,HOT WATER BOTTLE SEX BOMB,1982.05,450,102,79,5.005242718446602,1874.0,2863.0,989.0,4.404555555555556,18407915.44,89.89717462263822,32.37173950595958
85217,ASSORTED ICE CREAM FRIDGE MAGNETS,1981.8500000000001,2869,164,96,1.7262424242424241,1875.0,934.0,-941.0,0.6907807598466366,18409897.290000003,89.90685321531248,32.38901364657109
22068,BLACK PIRATE TREASURE CHEST,1979.82,1112,276,111,2.2503597122302157,1876.0,1948.0,72.0,1.780413669064748,18411877.110000003,89.916521894248,32.406287787182585
22466,FAIRY TALE COTTAGE NIGHT LIGHT,1979.34,976,115,74,2.5624137931034485,1877.0,2103.0,226.0,2.0280122950819672,18413856.450000003,89.92618822904824,32.42356192779409
20665,RED RETROSPOT PURSE,1978.1700000000003,599,192,78,4.005233160621762,1878.0,2601.0,723.0,3.302454090150251,18415834.620000005,89.93584885001877,32.4408360684056
20871,OPULENT VELVET SET/3 CANDLES,1978.05,1273,127,72,2.688372093023256,1879.0,1795.0,-84.0,1.5538491751767478,18417812.670000006,89.94550888495549,32.4581102090171
22599,CHRISTMAS MUSICAL ZINC STAR,1976.8799999999999,3119,189,114,0.7351832460732983,1880.0,878.0,-1002.0,0.6338185315806348,18419789.550000004,89.95516320606247,32.475384349628605
84828,JUNGLE POPSICLES ICE LOLLY HOLDERS,1976.31,1543,200,92,1.6291499999999999,1881.0,1596.0,-285.0,1.2808230719377836,18421765.860000003,89.9648147435088,32.49265849024011
22451,SILK PURSE RUSSIAN DOLL RED,1975.27,605,88,59,3.5667032967032966,1882.0,2596.0,714.0,3.2649090909090908,18423741.130000003,89.97446120199541,32.509932630851615
21630,FLOOR CUSHION ELEPHANT CARNIVAL,1973.3899999999999,162,95,21,13.734105263157895,1883.0,3757.0,1874.0,12.181419753086418,18425714.520000003,89.98409847928555,32.52720677146312
79160,HEART SHAPE WIRELESS DOORBELL,1973.0700000000002,944,210,51,2.515767441860465,1884.0,2144.0,260.0,2.090116525423729,18427687.590000004,89.99373419381882,32.544480912074626
17084R,ASSORTED INCENSE PACK,1968.45,10625,66,29,0.20318181818181819,1885.0,212.0,-1673.0,0.18526588235294117,18429656.040000003,90.00334734605015,32.56175505268613
21657,MILK BOTTLE WITH GLASS STOPPER,1967.38,257,118,76,8.511949152542373,1886.0,3390.0,1504.0,7.655175097276265,18431623.42,90.01295527281324,32.57902919329763
20674,GREEN SPOTTY BOWL,1963.44,1564,214,119,1.4592056074766355,1887.0,1584.0,-303.0,1.2553964194373401,18433586.860000003,90.0225439581327,32.59630333390914
22405,MONEY BOX POCKET MONEY DESIGN,1963.38,1618,215,171,1.3506849315068494,1888.0,1547.0,-341.0,1.2134610630407912,18435550.240000002,90.03213235043522,32.613577474520646
22931,BAKING MOULD HEART WHITE CHOCOLATE,1963.3,813,129,95,2.8299999999999996,1889.0,2298.0,409.0,2.414883148831488,18437513.540000003,90.04172035204854,32.630851615132144
23374,RED SPOT PAPER GIFT BAG,1962.83,2456,131,108,0.867175572519084,1890.0,1083.0,-807.0,0.7991978827361563,18439476.37,90.05130605836274,32.64812575574365
22719,GUMBALL MONOCHROME COAT RACK,1962.83,1447,231,67,1.8944635193133046,1890.0,1674.0,-216.0,1.3564823773324117,18441439.2,90.06089176467694,32.665399896355154
21082,SET/20 FRUIT SALAD PAPER NAPKINS,1960.45,7183,163,94,1.0707272727272727,1892.0,345.0,-1547.0,0.2729291382430739,18443399.65,90.07046584798711,32.68267403696667
23228,FILIGREE HEART BIRD WHITE,1960.0,1492,125,58,1.7907142857142857,1893.0,1633.0,-260.0,1.3136729222520107,18445359.65,90.08003773367045,32.699948177578165
20846,ZINC HEART LATTICE T-LIGHT HOLDER,1956.81,1453,169,105,1.5538728323699422,1894.0,1665.0,-229.0,1.346737783895389,18447316.459999997,90.08959404062148,32.71722231818967
23145,ZINC T-LIGHT HOLDER STAR LARGE,1956.68,2060,167,126,1.0807142857142857,1895.0,1285.0,-610.0,0.9498446601941748,18449273.139999997,90.09914971270254,32.734496458801175
22614,PACK OF 12 SPACEBOY TISSUES,1954.2999999999997,5726,368,222,0.41798927613941017,1896.0,469.0,-1427.0,0.34130282920013966,18451227.439999998,90.10869376177956,32.75177059941268
21695,SMALL SILVER FLOWER CANDLE POT,1952.1800000000003,630,102,65,3.627549019607843,1897.0,2563.0,666.0,3.098698412698413,18453179.619999997,90.11822745759248,32.769044740024185
22098,BOUDOIR SQUARE TISSUE BOX,1952.04,2865,309,161,1.2482131661442006,1898.0,935.0,-963.0,0.6813403141361256,18455131.659999996,90.12776046969927,32.78631888063569
22262,FELT EGG COSY CHICKEN,1947.82,2026,306,135,1.1506583072100314,1899.0,1299.0,-600.0,0.9614116485686081,18457079.479999997,90.13727287295016,32.80359302124719
35971,ROSE FOLKART HEART DECORATIONS,1947.74,1963,217,91,1.7866222222222223,1900.0,1330.0,-570.0,0.9922261844116149,18459027.219999995,90.14678488551182,32.82086716185869
20984,12 PENCILS TALL TUBE POSY,1940.9599999999998,5867,245,178,0.5354581673306773,1901.0,452.0,-1449.0,0.33082665757627405,18460968.179999996,90.15626378716281,32.838141302470206
21803,CHRISTMAS TREE STAR DECORATION,1938.96,4463,322,86,0.4677089783281734,1902.0,618.0,-1284.0,0.43445216222272015,18462907.139999997,90.16573292158353,32.85541544308171
46775D,SUNSET COLOUR CHUNKY KNITTED THROW,1938.1899999999998,153,95,28,12.674,1903.0,3785.0,1882.0,12.667908496732025,18464845.33,90.17519829562058,32.87268958369321
22802,FAUX FUR CHOCOLATE THROW,1933.59,110,62,39,18.994032258064514,1904.0,4001.0,2097.0,17.578090909090907,18466778.919999998,90.18464120502794,32.889963724304714
15058B,PINK POLKADOT GARDEN PARASOL,1932.97,234,100,35,9.832699999999999,1905.0,3466.0,1561.0,8.260555555555555,18468711.889999997,90.19408108659394,32.90723786491622
21991,BOHEMIAN COLLAGE STATIONERY SET,1927.54,1103,289,109,2.241917808219178,1906.0,1958.0,52.0,1.7475430643699001,18470639.429999996,90.20349445012968,32.924512005527724
23231,WRAP DOILEY DESIGN,1927.26,4703,164,124,0.41853658536585364,1907.0,594.0,-1313.0,0.409793748671061,18472566.689999998,90.2129064462532,32.94178614613923
20716,PARTY FOOD SHOPPER BAG,1925.04,1533,246,121,1.4443373493975904,1908.0,1605.0,-303.0,1.2557338551859099,18474491.729999997,90.2223076007511,32.959060286750734
23094,LE GRAND TRAY CHIC SET,1924.92,152,79,65,12.815443037974683,1909.0,3788.0,1879.0,12.663947368421054,18476416.65,90.23170816921518,32.97633442736224
21538,DAIRY MAID PUDDING BOWL,1924.51,1308,51,40,4.00764705882353,1910.0,1767.0,-143.0,1.4713379204892967,18478341.16,90.24110673539705,32.993608567973745
21043,APRON MODERN VINTAGE COTTON,1921.03,677,141,81,4.285602836879432,1911.0,2495.0,584.0,2.837562776957164,18480262.19,90.25048830659821,33.01088270858525
84581,DOG TOY WITH PINK CROCHET SKIRT,1920.02,506,234,125,3.8482627118644066,1912.0,2756.0,844.0,3.794505928853755,18482182.21,90.25986494534808,33.028156849196755
21802,CHRISTMAS TREE HEART DECORATION,1917.2,4377,323,89,0.4897538461538461,1913.0,633.0,-1280.0,0.43801690655700254,18484099.41,90.26922781230323,33.04543098980825
22753,SMALL YELLOW BABUSHKA NOTEBOOK,1915.2099999999998,2332,404,205,0.9516585365853659,1914.0,1150.0,-764.0,0.8212735849056603,18486014.62,90.27858096086425,33.062705130419765
21112,SWISS ROLL TOWEL PINK SPOTS,1913.6899999999998,706,39,21,3.641282051282051,1915.0,2445.0,530.0,2.7106090651558072,18487928.310000002,90.28792668633027,33.07997927103127
22291,HANGING CHICK CREAM DECORATION,1913.35,1293,122,73,1.6429032258064515,1916.0,1781.0,-135.0,1.4797757153905644,18489841.660000004,90.29727075136712,33.09725341164277
22438,BALLOON ART MAKE YOUR OWN FLOWERS,1913.22,1459,170,117,1.9240112994350282,1917.0,1660.0,-257.0,1.3113228238519534,18491754.880000003,90.306614181534,33.11452755225427
40001,WHITE BAMBOO RIBS LAMPSHADE,1911.6499999999999,2484,121,39,1.0641322314049586,1918.0,1070.0,-848.0,0.7695853462157809,18493666.53,90.3159499444251,33.13180169286578
22832,BROCANTE SHELF WITH HOOKS,1910.55,173,82,68,11.603658536585366,1919.0,3701.0,1782.0,11.043641618497109,18495577.080000002,90.32528033533956,33.14907583347729
20684,STRAWBERRY DREAM CHILDS UMBRELLA,1910.06,580,176,117,3.5827683615819206,1920.0,2636.0,716.0,3.293206896551724,18497487.14,90.33460833328257,33.16634997408879
21692,SILVER LATTICE VANILLA CANDLE POT,1906.62,502,111,81,4.022333333333333,1921.0,2762.0,841.0,3.79804780876494,18499393.76,90.3439195315895,33.183624114700294
22453,MEASURING TAPE BABUSHKA BLUE,1906.1100000000001,698,116,61,2.837179487179487,1922.0,2461.0,539.0,2.730816618911175,18501299.87,90.3532282392527,33.2008982553118
22522,CHILDS GARDEN FORK BLUE,1905.81,2240,335,249,0.9053823529411764,1923.0,1192.0,-731.0,0.8508080357142856,18503205.68,90.36253548183136,33.218172395923304
85162B,BLACK RETRODISC LAMPSHADE,1905.15,977,13,5,1.9499999999999997,1924.0,2102.0,178.0,1.9500000000000002,18505110.83,90.37183950122402,33.23544653653481
84968E,SET OF 16 VINTAGE BLACK CUTLERY,1905.03,164,60,27,12.200333333333333,1925.0,3748.0,1823.0,11.616036585365853,18507015.86,90.38114293458287,33.252720677146314
23155,KNICKERBOCKERGLORY MAGNET ASSORTED,1904.7700000000002,2221,135,84,1.472074074074074,1926.0,1201.0,-725.0,0.8576181900045026,18508920.63,90.39044509820178,33.26999481775781
84763,ZINC FINISH 15CM PLANTER POTS,1903.0,1517,170,106,1.4076608187134503,1927.0,1617.0,-310.0,1.2544495715227422,18510823.63,90.3997386178219,33.28726895836932
21773,DECORATIVE ROSE BATHROOM BOTTLE,1899.4,1642,308,87,1.9163870967741934,1928.0,1524.0,-404.0,1.1567600487210719,18512723.029999997,90.40901455642746,33.30454309898083
21647,ASSORTED TUTTI FRUTTI LARGE PURSE,1899.2800000000002,848,144,91,2.5659459459459457,1929.0,2257.0,328.0,2.2397169811320756,18514622.31,90.41828990899924,33.321817239592335
22210,WOOD STAMP SET BEST WISHES,1898.4199999999998,1586,287,179,1.3789491525423727,1930.0,1575.0,-355.0,1.1969861286254728,18516520.73,90.42756106166199,33.33909138020383
23491,VINTAGE JINGLE BELLS HEART,1897.76,228,78,64,8.462151898734177,1931.0,3488.0,1557.0,8.323508771929825,18518418.490000002,90.43682899113875,33.35636552081534
84519B,CARROT CHARLIE+LOLA COASTER SET,1895.3700000000001,867,214,98,2.900372093023256,1932.0,2235.0,303.0,2.1861245674740486,18520313.860000003,90.4460852487753,33.37363966142684
22513,DOORSTOP FOOTBALL DESIGN,1894.7,587,172,106,4.28728323699422,1933.0,2621.0,688.0,3.2277683134582627,18522208.560000002,90.4553382343897,33.39091380203835
16169E,WRAP 50'S CHRISTMAS,1892.46,4563,149,143,0.41919999999999996,1934.0,609.0,-1325.0,0.4147403024326101,18524101.020000003,90.4645802807062,33.40818794264985
23068,ALUMINIUM STAMPED HEART,1892.2300000000002,779,130,100,2.589848484848485,1935.0,2342.0,407.0,2.4290500641848527,18525993.250000004,90.47382120379119,33.42546208326136
21659,GLASS CAKE STAND,1891.7,120,66,45,17.163636363636364,1936.0,3935.0,1999.0,15.764166666666666,18527884.950000003,90.48305953856016,33.442736223872856
21581,SKULLS DESIGN COTTON TOTE BAG,1890.74,1172,203,104,2.6458333333333335,1937.0,1890.0,-47.0,1.613259385665529,18529775.69,90.49229318505859,33.46001036448437
21445,12 PINK ROSE PEG PLACE SETTINGS,1887.23,1519,146,88,1.5165068493150684,1938.0,1615.0,-323.0,1.2424160631994734,18531662.92,90.50150969006786,33.477284505095874
22602,RETROSPOT WOODEN HEART DECORATION,1886.28,2076,246,132,1.1022619047619047,1939.0,1273.0,-666.0,0.9086127167630058,18533549.200000003,90.51072155564276,33.49455864570738
23235,STORAGE TIN VINTAGE LEAF,1886.1,712,102,86,2.9892156862745103,1940.0,2438.0,498.0,2.6490168539325842,18535435.300000004,90.51993254216693,33.51183278631888
21540,DAIRY MAID BUTTER DISH,1885.33,1209,39,31,4.472051282051282,1941.0,1859.0,-82.0,1.5594127377998346,18537320.630000003,90.52913976830742,33.52910692693038
23128,FELTCRAFT BOY JEAN-PAUL KIT,1884.76,366,127,103,5.303149606299213,1942.0,3057.0,1115.0,5.149617486338798,18539205.390000004,90.53834421078729,33.546381067541894
23434,3 RAFFIA RIBBONS 50'S CHRISTMAS,1884.17,2095,199,129,0.8802,1943.0,1261.0,-682.0,0.8993651551312649,18541089.560000006,90.54754577193424,33.56365520815339
22523,CHILDS GARDEN FORK PINK,1882.29,2184,353,248,0.9246239554317549,1944.0,1215.0,-729.0,0.8618543956043956,18542971.850000005,90.5567381518847,33.5809293487649
85231B,CINAMMON SET OF 9 T-LIGHTS,1877.84,2054,384,181,1.0465809768637533,1945.0,1289.0,-656.0,0.9142356377799415,18544849.690000005,90.56590879974776,33.5982034893764
23394,POSTE FRANCE CUSHION COVER,1877.65,435,150,90,4.954210526315789,1946.0,2892.0,946.0,4.3164367816091955,18546727.340000004,90.57507851972395,33.61547762998791
22858,EASTER TIN KEEPSAKE,1877.34,1135,139,104,1.9493571428571426,1947.0,1923.0,-24.0,1.6540440528634361,18548604.680000003,90.58424672577944,33.63275177059941
84856S,SMALL TAHITI BEACH BAG,1877.21,467,33,25,4.978787878787879,1948.0,2833.0,885.0,4.019721627408994,18550481.890000004,90.59341429696497,33.65002591121092
21983,PACK OF 12 BLUE PAISLEY TISSUES,1875.0199999999998,6118,325,208,0.4161162079510703,1949.0,435.0,-1514.0,0.3064759725400457,18552356.910000004,90.60257117303333,33.66730005182242
21085,SET/6 WOODLAND PAPER CUPS,1872.68,13731,66,42,0.7726470588235294,1950.0,143.0,-1807.0,0.13638336610589177,18554229.590000004,90.61171662144226,33.68457419243393
21687,SILVER PLATE CANDLE BOWL LARGE,1871.23,477,101,55,4.647358490566038,1951.0,2808.0,857.0,3.9229140461215932,18556100.820000004,90.62085498860921,33.70184833304543
16016,LARGE CHINESE STYLE SCISSOR,1870.7,2314,106,57,0.8401886792452831,1952.0,1161.0,-791.0,0.8084269662921348,18557971.520000003,90.62999076746014,33.71912247365694
23090,VINTAGE GLASS T-LIGHT HOLDER,1870.0300000000002,2237,149,96,0.9790131578947369,1953.0,1193.0,-760.0,0.8359544032185964,18559841.550000004,90.63912327428895,33.736396614268436
23075,PARLOUR CERAMIC WALL HOOK,1869.0,450,75,56,4.255066666666667,1954.0,2863.0,909.0,4.153333333333333,18561710.550000004,90.64825075099414,33.75367075487994
21091,SET/6 WOODLAND PAPER PLATES,1868.7,13700,47,31,1.0289583333333334,1955.0,145.0,-1810.0,0.1364014598540146,18563579.250000004,90.65737676261477,33.77094489549145
21613,S/12 VANILLA BOTANICAL T-LIGHTS,1861.4500000000003,632,145,111,3.078445945945946,1956.0,2561.0,605.0,2.945332278481013,18565440.700000003,90.66646736802562,33.78821903610296
21287,SCENTED VELVET LOUNGE CANDLE,1860.0,4107,93,67,0.8480645161290323,1957.0,673.0,-1284.0,0.4528853177501826,18567300.700000003,90.67555089219451,33.80549317671446
21677,HEARTS STICKERS,1859.3799999999999,2125,279,144,0.9985304659498206,1958.0,1243.0,-715.0,0.8750023529411765,18569160.080000002,90.684631388522,33.82276731732596
21841,BABY MOUSE RED GINGHAM DRESS,1857.47,437,132,106,4.4216417910447765,1959.0,2888.0,929.0,4.25050343249428,18571017.55,90.69370255714458,33.84004145793747
20772,GARDEN PATH JOURNAL,1848.73,970,161,105,2.5111111111111106,1960.0,2113.0,153.0,1.9059072164948454,18572866.28,90.70273104297078,33.85731559854897
21547,CERAMIC BIRDHOUSE CRESTED TIT SMALL,1848.4700000000003,719,119,69,3.5872727272727274,1961.0,2424.0,463.0,2.570890125173853,18574714.75,90.71175825905705,33.87458973916048
84797B,BLUE SAVANNAH PICNIC HAMPER FOR 4,1845.2,323,33,22,10.58848484848485,1962.0,3171.0,1209.0,5.712693498452013,18576559.95,90.7207695057218,33.89186387977198
85162C,WHITE RETRODISC LAMPSHADE,1841.7,904,46,11,3.1149999999999998,1963.0,2194.0,231.0,2.037278761061947,18578401.65,90.72976365973354,33.90913802038348
22565,FELTCRAFT HAIRBANDS PINK AND WHITE,1840.9899999999998,2014,272,169,1.036231884057971,1964.0,1305.0,-659.0,0.9140963257199601,18580242.639999997,90.73875434637853,33.92641216099499
23378,PACK OF 12 50'S CHRISTMAS TISSUES,1840.08,3997,176,127,0.46322404371584697,1965.0,688.0,-1277.0,0.46036527395546656,18582082.719999995,90.74774058893372,33.9436863016065
21894,POTTING SHED SEED ENVELOPES,1836.14,1320,247,120,1.7396787148594377,1966.0,1760.0,-206.0,1.3910151515151516,18583918.859999996,90.75670759004527,33.960960442218
21357,TOAST ITS - DINOSAUR,1827.76,1388,211,105,1.5208796296296296,1967.0,1718.0,-249.0,1.316829971181556,18585746.619999997,90.7656336664619,33.9782345828295
22317,FIVE CATS HANGING DECORATION,1827.64,587,167,83,3.675357142857143,1968.0,2621.0,653.0,3.113526405451448,18587574.259999998,90.77455915684472,33.995508723441006
23109,LED TEA LIGHTS,1826.76,634,65,54,3.2733333333333334,1969.0,2557.0,588.0,2.8813249211356466,18589401.02,90.78348034964621,34.01278286405252
85173,SET/6 FROG PRINCE T-LIGHT CANDLES,1826.07,1018,150,70,2.905894039735099,1970.0,2053.0,83.0,1.7937819253438114,18591227.09,90.79239817275324,34.030057004664016
85164B,BLACK BAROQUE CUCKOO CLOCK,1825.1799999999998,140,65,27,16.834,1971.0,3854.0,1883.0,13.036999999999999,18593052.27,90.8013116494428,34.04733114527552
21618,4 WILDFLOWER BOTANICAL CANDLES,1823.74,698,139,86,2.9126027397260277,1972.0,2461.0,489.0,2.612808022922636,18594876.009999998,90.81021809372653,34.064605285887026
84327A,PINK JUMPER LARRY THE LAMB,1820.27,959,123,78,2.0976422764227642,1973.0,2128.0,155.0,1.898091762252346,18596696.279999997,90.81910759186572,34.08187942649853
21088,SET/6 FRUIT SALAD PAPER CUPS,1816.73,16615,136,95,0.47226277372262776,1974.0,105.0,-1869.0,0.10934276256394825,18598513.009999998,90.8279798020073,34.09915356711004
22586,FELTCRAFT HAIRBAND PINK AND BLUE,1815.1399999999999,2087,295,184,1.0022666666666666,1975.0,1267.0,-708.0,0.8697364638236703,18600328.15,90.83684424720082,34.11642770772154
21109,"LARGE CAKE TOWEL, CHOCOLATE SPOTS",1814.82,248,119,88,7.833865546218488,1976.0,3426.0,1450.0,7.317822580645161,18602142.97,90.84570712963747,34.13370184833305
21761,WOOD AND GLASS MEDICINE CABINET,1814.75,65,24,21,29.575,1977.0,4377.0,2400.0,27.91923076923077,18603957.72,90.85456967022108,34.15097598894455
21123,SET/10 IVORY POLKADOT PARTY CANDLES,1814.59,1490,172,78,1.1925142857142856,1978.0,1634.0,-344.0,1.2178456375838926,18605772.31,90.86343142942626,34.16825012955606
21384,IVORY HANGING DECORATION BUTTERFLY,1810.1899999999998,1917,150,99,1.048157894736842,1979.0,1353.0,-626.0,0.9442827334376629,18607582.5,90.8722717007248,34.18552427016756
21161,KEEP OUT BOYS DOOR HANGER,1806.05,2360,206,120,1.675781990521327,1980.0,1133.0,-847.0,0.7652754237288135,18609388.55,90.88109175385664,34.20279841077906
22307,GOLD MUG BONE CHINA TREE OF LIFE,1804.11,1199,118,87,2.3484873949579828,1981.0,1870.0,-111.0,1.5046788990825688,18611192.66,90.8899023327751,34.220072551390565
90167,BEADED LOVE HEART JEWELLERY SET,1801.17,2197,111,53,1.088198198198198,1982.0,1212.0,-770.0,0.8198315885298134,18612993.830000002,90.89869855386505,34.23734669200208
21280,VINTAGE KITCHEN PRINT VEGETABLES,1800.44,3333,70,44,2.9934285714285713,1983.0,836.0,-1147.0,0.5401860186018602,18614794.270000003,90.90749120991592,34.254620832613575
22770,MIRROR CORNICE,1799.62,112,71,49,16.329718309859153,1984.0,3993.0,2009.0,16.068035714285713,18616593.890000004,90.91627986140239,34.27189497322508
21039,RED SPOTTY SHOPPING BAG,1798.04,686,116,80,2.9305172413793104,1985.0,2477.0,492.0,2.6210495626822157,18618391.930000003,90.92506079677692,34.289169113836586
22454,MEASURING TAPE RUSSIAN DOLL RED,1796.4200000000003,654,64,46,3.2675,1986.0,2533.0,547.0,2.746819571865444,18620188.350000005,90.93383382069491,34.30644325444809
23160,REGENCY TEA SPOON,1794.48,1450,76,50,1.4881578947368421,1987.0,1668.0,-319.0,1.2375724137931035,18621982.830000006,90.94259737039955,34.323717395059596
21158,MOODY GIRL DOOR HANGER,1792.6599999999999,2587,310,184,1.2604672897196263,1988.0,1036.0,-952.0,0.6929493621955933,18623775.490000006,90.9513520319246,34.3409915356711
22254,FELT TOADSTOOL LARGE,1792.21,1398,148,95,1.5208,1989.0,1712.0,-277.0,1.2819814020028613,18625567.700000007,90.96010449582285,34.358265676282606
22922,FRIDGE MAGNETS US DINER ASSORTED,1789.1999999999998,2073,113,82,1.6745132743362832,1990.0,1275.0,-715.0,0.8630969609261938,18627356.900000006,90.9688422600395,34.375539816894104
22166,WALL MIRROR RECTANGLE DIAMANTE PINK,1781.97,221,98,16,11.912755102040817,1991.0,3517.0,1526.0,8.063212669683258,18629138.870000005,90.97754471571865,34.392813957505616
84748,FOLK FELT HANGING MULTICOL GARLAND,1781.1200000000001,1170,93,27,3.4468085106382977,1992.0,1893.0,-99.0,1.5223247863247864,18630919.990000006,90.98624302032493,34.41008809811712
20729,RED SPOTTY CANDY BAG,1778.12,5262,121,39,1.4020661157024794,1993.0,511.0,-1482.0,0.33791714177118964,18632698.110000007,90.9949266740858,34.42736223872863
23317,BLUE REFECTORY CLOCK,1777.46,173,82,56,11.226951219512195,1994.0,3701.0,1707.0,10.274335260115608,18634475.570000008,91.00360710466066,34.444636379340125
21548,CERAMIC BIRDHOUSE FINCH BLUE ROOF,1776.1200000000001,682,107,55,3.7270370370370376,1995.0,2485.0,490.0,2.6042815249266864,18636251.69000001,91.01228099119122,34.46191051995163
23148,MINIATURE ANTIQUE ROSE HOOK IVORY,1775.5100000000002,2091,243,142,0.9144,1996.0,1262.0,-734.0,0.8491200382592062,18638027.20000001,91.02095189871655,34.47918466056314
21241,GREEN SPOTTY CUP,1774.72,2102,250,125,0.9869721115537848,1997.0,1258.0,-739.0,0.8443006660323502,18639801.92000001,91.02961894818591,34.49645880117464
79302M,"ART LIGHTS,FUNK MONKEY",1774.18,624,107,40,3.6983333333333337,1998.0,2574.0,576.0,2.8432371794871796,18641576.10000001,91.03828336050309,34.513732941786145
84507B,STRIPES DESIGN MONKEY DOLL,1764.03,1349,115,52,2.9207758620689654,1999.0,1743.0,-256.0,1.30765752409192,18643340.13000001,91.04689820412656,34.53100708239765
22533,MAGIC DRAWING SLATE BAKE A CAKE,1763.2,4471,230,162,0.4756595744680851,2000.0,617.0,-1383.0,0.3943636770297473,18645103.33000001,91.05550899434945,34.548281223009155
47566b,TEA TIME PARTY BUNTING,1761.26,212,113,0,8.317079646017698,2001.0,3549.0,1548.0,8.307830188679246,18646864.59000001,91.06411031035898,34.56555536362066
22422,TOOTHPASTE TUBE PEN,1760.94,2743,354,119,0.9879944289693593,2002.0,984.0,-1018.0,0.6419759387531899,18648625.530000012,91.07271006361165,34.582829504232166
22103,MIRROR MOSAIC T-LIGHT HOLDER ROUND,1760.64,1746,71,43,2.047042253521127,2003.0,1453.0,-550.0,1.008384879725086,18650386.170000013,91.08130835177978,34.60010364484367
21163,DO NOT TOUCH MY STUFF DOOR HANGER,1757.9199999999998,2800,253,158,1.3365530303030302,2004.0,957.0,-1047.0,0.6278285714285714,18652144.090000015,91.08989335651472,34.617377785455176
22209,WOOD STAMP SET HAPPY BIRTHDAY,1753.9399999999998,1415,257,159,1.4162934362934363,2005.0,1693.0,-312.0,1.2395335689045934,18653898.030000016,91.09845892446138,34.63465192606668
23372,SET 36 COLOUR PENCILS DOLLY GIRL,1750.29,1389,147,76,1.6135761589403974,2006.0,1717.0,-289.0,1.2601079913606912,18655648.320000015,91.10700666721276,34.651926066678186
21652,GLASS ETCHED T-LIGHT HOLDER MEDIUM,1747.9399999999998,896,78,64,2.098860759493671,2007.0,2200.0,193.0,1.9508258928571427,18657396.260000017,91.11554293346855,34.669200207289684
84535B,FAIRY CAKES NOTEBOOK A6 SIZE,1747.76,2718,329,141,0.8439402985074628,2008.0,994.0,-1014.0,0.6430316409124356,18659144.02000002,91.12407832067363,34.68647434790119
23359,SET OF 12 T-LIGHTS VINTAGE DOILY,1747.51,929,73,67,1.9891780821917808,2009.0,2166.0,157.0,1.8810656620021529,18660891.53000002,91.1326124869749,34.7037484885127
21205,MULTICOLOUR 3D BALLS GARLAND,1746.97,669,144,86,2.9221476510067115,2010.0,2509.0,499.0,2.6113153961136026,18662638.50000002,91.141144016124,34.7210226291242
22166,"WALL MIRROR , RECT DIAMANTE, PINK/",1746.78,219,61,16,12.508524590163933,2011.0,3523.0,1512.0,7.976164383561644,18664385.28000002,91.14967461738624,34.738296769735705
21780,MA CAMPAGNE 4 DRAWER WALL SHELF,1745.85,203,32,17,10.9125,2012.0,3588.0,1576.0,8.600246305418718,18666131.13000002,91.15820067688638,34.75557091034721
85060,WOOD FAN WITH FLOWER DESIGN,1745.62,1448,87,53,1.405909090909091,2013.0,1670.0,-343.0,1.205538674033149,18667876.750000022,91.16672561315504,34.772845050958715
23399,HOME SWEET HOME HANGING HEART,1745.55,1914,225,146,1.1070085470085471,2014.0,1355.0,-659.0,0.9119905956112853,18669622.300000023,91.17525020757064,34.79011919157022
21000,ROSE DU SUD COSMETICS BAG,1744.98,690,94,37,3.76,2015.0,2473.0,458.0,2.5289565217391305,18671367.280000024,91.1837720183256,34.807393332181725
21637,ASSORTED SANSKRIT MINI NOTEBOOK,1741.72,1358,93,40,1.8408602150537634,2016.0,1735.0,-281.0,1.2825625920471282,18673109.000000022,91.19227790849519,34.82466747279323
20767,BLUE PAISLEY JOURNAL,1741.6100000000001,812,179,112,2.6804469273743012,2017.0,2302.0,285.0,2.1448399014778325,18674850.61000002,91.2007832614671,34.84194161340473
22535,MAGIC DRAWING SLATE BUNNIES,1741.53,4214,293,201,0.46983108108108107,2018.0,659.0,-1359.0,0.4132724252491694,18676592.140000023,91.20928822374982,34.85921575401624
21760,FRENCH STYLE WALL DRESSER,1740.0,15,12,12,116.92307692307692,2019.0,5100.0,3081.0,116.0,18678332.140000023,91.21778571410137,34.876489894627746
23101,SILVER STARS TABLE DECORATION,1739.63,2031,213,175,0.9744859813084111,2020.0,1297.0,-723.0,0.8565386509108814,18680071.770000022,91.2262813975153,34.89376403523924
84006,MAGIC TREE -PAPER FLOWERS,1738.07,1856,212,86,1.1082075471698114,2021.0,1380.0,-641.0,0.9364601293103448,18681809.840000022,91.23476946248961,34.91103817585075
23096,PETIT TRAY CHIC,1736.6899999999998,1033,146,89,2.027808219178082,2022.0,2040.0,18.0,1.6812100677637947,18683546.530000024,91.24325078807503,34.928312316462254
21662,VINTAGE GLASS COFFEE CADDY,1735.0500000000002,270,107,59,7.3523148148148145,2023.0,3342.0,1319.0,6.426111111111112,18685281.580000024,91.2517241045316,34.945586457073766
23181,BULL DOG BOTTLE TOP WALL CLOCK,1733.57,201,82,60,9.421463414634145,2024.0,3590.0,1566.0,8.624726368159203,18687015.150000025,91.26019019323776,34.962860597685264
22035,VINTAGE CARAVAN GREETING CARD,1731.24,4083,360,152,0.5541274238227146,2025.0,677.0,-1348.0,0.4240117560617193,18688746.390000023,91.26864490312063,34.98013473829677
84843,WHITE SOAP RACK WITH 2 BOTTLES,1731.06,280,110,66,7.07972972972973,2026.0,3313.0,1287.0,6.182357142857143,18690477.45000002,91.27709873395278,34.997408878908274
84509G,SET OF 4 FAIRY CAKE PLACEMATS,1729.9,720,132,84,3.6071969696969695,2027.0,2422.0,395.0,2.402638888888889,18692207.35000002,91.28554689979136,35.01468301951978
21620,SET OF 4 ROSE BOTANICAL CANDLES,1729.61,960,184,113,2.2531550802139035,2028.0,2124.0,96.0,1.8016770833333333,18693936.96000002,91.29399364938155,35.031957160131284
21090,SET/6 COLLAGE PAPER PLATES,1729.09,3107,278,129,0.7291397849462365,2029.0,881.0,-1148.0,0.556514322497586,18695666.05000002,91.30243785949186,35.04923130074279
21927,BLUE/CREAM STRIPE CUSHION COVER,1728.24,1260,192,93,1.6878238341968912,2030.0,1810.0,-220.0,1.3716190476190475,18697394.290000018,91.31087791852929,35.066505441354295
23122,PARTY CHARMS 50 PIECES,1726.09,2251,133,89,1.0386029411764706,2031.0,1187.0,-844.0,0.7668103065304309,18699120.380000018,91.31930747779417,35.08377958196579
22676,FRENCH BLUE METAL DOOR SIGN 1,1722.31,1279,234,71,1.586949152542373,2032.0,1789.0,-243.0,1.3466067240031274,18700842.690000016,91.3277185769938,35.101053722577305
85185B,PINK HORSE SOCK PUPPET,1719.5600000000002,551,168,102,3.5200588235294124,2033.0,2684.0,651.0,3.120798548094374,18702562.250000015,91.33611624625178,35.11832786318881
22354,RETRO SPOT PADDED SEAT CUSHION,1718.93,475,56,45,3.952142857142857,2034.0,2816.0,782.0,3.6188000000000002,18704281.180000015,91.34451083883222,35.13560200380031
21895,POTTING SHED SOW 'N' GROW SET,1718.63,555,85,61,4.853139534883721,2035.0,2677.0,642.0,3.096630630630631,18705999.810000014,91.35290396632811,35.15287614441181
22026,BANQUET BIRTHDAY CARD,1717.47,4029,366,140,0.5348360655737705,2036.0,681.0,-1355.0,0.426276991809382,18707717.280000012,91.36129142883046,35.17015028502332
21281,VINTAGE KITCHEN PRINT SEAFOOD,1716.8,3680,67,34,3.4729850746268656,2037.0,754.0,-1283.0,0.46652173913043476,18709434.080000013,91.36967561931063,35.18742442563482
10125,MINI FUNKY DESIGN TAPES,1715.78,2103,167,87,0.930635838150289,2038.0,1257.0,-781.0,0.8158725630052306,18711149.860000014,91.37805482850338,35.20469856624633
21275,ZINC TOP 2 DOOR WOODEN SHELF,1714.48,249,55,45,14.021454545454544,2039.0,3420.0,1381.0,6.885461847389558,18712864.340000015,91.38642768899643,35.221972706857834
85127,SMALL SQUARE CUT GLASS CANDLESTICK,1710.67,276,81,30,6.974634146341464,2040.0,3317.0,1277.0,6.198079710144928,18714575.010000017,91.3947819429158,35.23924684746934
22934,BAKING MOULD EASTER EGG WHITE CHOC,1707.47,589,78,65,3.2253846153846157,2041.0,2618.0,577.0,2.89893039049236,18716282.480000015,91.40312056926668,35.256520988080844
23073,GEORGIAN TRINKET BOX,1706.5,143,61,49,12.411475409836067,2042.0,3830.0,1788.0,11.933566433566433,18717988.980000015,91.41145445851087,35.27379512869235
20990,SPRING FLOWER CHOPSTICKS SET/5,1706.1399999999999,895,103,54,2.2476415094339623,2043.0,2204.0,161.0,1.9063016759776534,18719695.120000016,91.41978658965363,35.291069269303854
22516,CHILDS GARDEN RAKE BLUE,1700.6000000000001,840,163,106,2.482666666666667,2044.0,2268.0,224.0,2.0245238095238096,18721395.720000017,91.42809166556847,35.30834340991535
22123,PING MICROWAVE APRON,1700.1399999999999,655,166,77,3.7334730538922156,2045.0,2531.0,486.0,2.5956335877862595,18723095.860000018,91.43639449502035,35.325617550526864
21394,RED POLKADOT BEAKER,1698.8799999999999,3920,134,90,0.6504477611940298,2046.0,702.0,-1344.0,0.4333877551020408,18724794.740000017,91.44469117111716,35.34289169113837
21189,WHITE HONEYCOMB PAPER GARLAND,1698.8799999999999,797,123,53,2.4475000000000002,2046.0,2319.0,273.0,2.1315934755332497,18726493.620000016,91.45298784721393,35.36016583174987
22319,HAIRCLIPS FORTIES FABRIC ASSORTED,1698.04,2987,174,141,0.80816091954023,2048.0,908.0,-1140.0,0.5684767325075326,18728191.660000015,91.46128042107402,35.37743997236137
22286,"DECORATION , WOBBLY RABBIT , METAL",1696.29,1107,128,88,2.01140625,2049.0,1953.0,-96.0,1.532330623306233,18729887.950000014,91.46956444860758,35.39471411297288
22198,"POPCORN HOLDER , LARGE",1696.2099999999998,1008,92,52,2.099565217391304,2050.0,2069.0,19.0,1.6827480158730157,18731584.160000015,91.47784808545195,35.41198825358439
84795A,PASTEL STRIPE HAMMOCK,1696.02,208,70,34,9.646056338028169,2051.0,3566.0,1515.0,8.153942307692308,18733280.180000015,91.48613079440943,35.42926239419589
22706,WRAP COWBOYS,1693.24,4222,125,109,0.41744,2052.0,657.0,-1395.0,0.40105163429654195,18734973.420000013,91.4943999269168,35.44653653480739
21629,SQUARE FLOOR CUSHION VINTAGE RED,1690.8999999999999,158,91,25,11.56120879120879,2053.0,3768.0,1715.0,10.701898734177215,18736664.32000001,91.50265763176473,35.4638106754189
21786,RAIN HAT WITH RED SPOTS,1688.2,4457,157,65,0.5820754716981132,2054.0,619.0,-1435.0,0.37877496073592104,18738352.52000001,91.51090215085179,35.4810848160304
20996,JAZZ HEARTS ADDRESS BOOK,1686.79,6311,335,179,0.37842261904761904,2055.0,403.0,-1652.0,0.2672777689748059,18740039.31000001,91.51913978404149,35.49835895664191
22587,FELTCRAFT HAIRBAND RED AND BLUE,1686.51,1908,302,189,1.0082903225806452,2056.0,1357.0,-699.0,0.8839150943396227,18741725.82000001,91.52737604981895,35.51563309725341
21576,LETS GO SHOPPING COTTON TOTE BAG,1686.19,732,205,118,2.513381642512077,2057.0,2408.0,351.0,2.3035382513661204,18743412.010000013,91.53561075283957,35.53290723786491
85221,ASSORTED COLOUR SILK COIN PURSE,1685.46,3558,47,35,1.0245833333333334,2058.0,774.0,-1284.0,0.4737099494097808,18745097.470000014,91.54384189082113,35.55018137847642
70007,HI TEC ALPINE HAND WARMER,1684.58,1306,205,87,2.123381642512077,2059.0,1769.0,-290.0,1.289877488514548,18746782.050000012,91.55206873122135,35.56745551908793
21251,DINOSAUR HEIGHT CHART STICKER SET,1683.93,595,132,91,3.519545454545455,2060.0,2608.0,548.0,2.8301344537815125,18748465.98000001,91.56029239727174,35.584729659699434
22416,SET OF 36 DOILIES SPACEBOY DESIGN,1682.57,1210,112,79,1.582767857142857,2061.0,1856.0,-205.0,1.3905537190082644,18750148.550000012,91.56850942160553,35.60200380031093
22975,SPACEBOY CHILDRENS EGG CUP,1679.66,1245,193,113,1.5469743589743588,2062.0,1830.0,-232.0,1.3491244979919679,18751828.210000012,91.57671223461925,35.61927794092244
23368,SET 12 COLOUR PENCILS DOLLY GIRL,1679.55,2379,232,134,0.784322033898305,2063.0,1122.0,-941.0,0.7059899117276166,18753507.760000013,91.5849145104353,35.63655208153394
46776F,WOVEN ROSE GARDEN CUSHION COVER,1675.73,487,157,13,4.206687898089172,2064.0,2791.0,727.0,3.440924024640657,18755183.490000013,91.59309813084151,35.65382622214545
72816,SET/3 CHRISTMAS DECOUPAGE CANDLES,1671.52,1344,136,65,1.9589705882352941,2065.0,1747.0,-318.0,1.2436904761904761,18756855.010000013,91.60126119122795,35.67110036275695
23214,JINGLE BELL HEART ANTIQUE GOLD,1670.0800000000002,777,102,78,2.395631067961165,2066.0,2345.0,279.0,2.1493951093951096,18758525.09000001,91.60941721920857,35.68837450336846
21446,12 RED ROSE PEG PLACE SETTINGS,1669.83,1258,232,122,1.4849166666666667,2067.0,1815.0,-252.0,1.3273688394276628,18760194.92000001,91.61757202628542,35.70564864397996
15058A,BLUE POLKADOT GARDEN PARASOL,1668.49,200,89,40,9.208988764044944,2068.0,3596.0,1528.0,8.34245,18761863.410000008,91.62572028931795,35.72292278459147
22673,FRENCH GARDEN SIGN BLUE METAL,1667.5,1320,195,130,1.4474999999999998,2069.0,1760.0,-309.0,1.2632575757575757,18763530.910000008,91.63386371757151,35.74019692520297
35809A,ENAMEL PINK TEA CONTAINER,1666.78,1137,177,76,2.4808426966292134,2070.0,1921.0,-149.0,1.4659454705364996,18765197.69000001,91.64200362962218,35.75747106581448
21382,SET/4 SPRING FLOWER DECORATION,1665.66,1238,152,78,2.2237254901960783,2071.0,1836.0,-235.0,1.3454442649434573,18766863.35000001,91.65013807202386,35.774745206425976
22804,PINK HANGING HEART T-LIGHT HOLDER,1664.16,880,76,50,3.3044736842105267,2072.0,2220.0,148.0,1.8910909090909092,18768527.51000001,91.65826518900285,35.79201934703748
21633,SUNFLOWER DECORATIVE PARASOL,1663.11,175,72,32,13.04888888888889,2073.0,3693.0,1620.0,9.503485714285715,18770190.62000001,91.66638717818593,35.80929348764899
85039A,SET/4 RED MINI ROSE CANDLE IN BOWL,1661.37,1448,251,61,1.6358964143426293,2074.0,1670.0,-404.0,1.1473549723756906,18771851.99000001,91.67450066987865,35.82656762826049
21162,TOXIC AREA DOOR HANGER,1655.8799999999999,2402,285,172,1.274808362369338,2075.0,1105.0,-970.0,0.6893755203996669,18773507.87000001,91.68258735052423,35.843841768872
20752,RETRO BLUE SPOTTY WASHING UP GLOVES,1655.74,965,156,93,2.31474358974359,2076.0,2121.0,45.0,1.7157927461139897,18775163.610000007,91.69067334746369,35.8611159094835
21278,VINTAGE KITCHEN PRINT PUDDINGS,1654.45,2758,118,63,3.509159663865546,2077.0,978.0,-1099.0,0.5998730964467005,18776818.060000006,91.6987530445396,35.87839005009501
21294,ETCHED GLASS COASTER,1653.75,2246,139,83,1.1270921985815603,2078.0,1189.0,-889.0,0.7363089937666963,18778471.810000006,91.70682932308493,35.89566419070651
23505,PLAYING CARDS I LOVE LONDON,1651.29,1200,115,93,1.3546153846153848,2079.0,1868.0,-211.0,1.376075,18780123.100000005,91.71489358793698,35.91293833131802
23273,HEART T-LIGHT HOLDER WILLIE WINKIE,1649.0499999999997,969,112,88,1.8786725663716815,2080.0,2115.0,35.0,1.7018059855521153,18781772.150000006,91.72294691349113,35.93021247192952
21426,WOODLAND STORAGE BOX SMALL,1647.07,1028,99,44,3.2193069306930693,2081.0,2044.0,-37.0,1.6022081712062257,18783419.220000006,91.73099056948729,35.94748661254103
23270,SET OF 2 CERAMIC PAINTED HEARTS,1646.32,1270,126,96,1.4895348837209303,2082.0,1798.0,-284.0,1.2963149606299211,18785065.540000007,91.7390305627721,35.96476075315253
21332,MOROCCAN BEATEN METAL MIRROR,1644.17,270,50,36,11.9834,2083.0,3342.0,1259.0,6.089518518518519,18786709.71000001,91.74706005628434,35.98203489376404
21645,ASSORTED TUTTI FRUTTI ROUND BOX,1642.6499999999999,969,133,85,1.844148148148148,2084.0,2115.0,31.0,1.6952012383900927,18788352.360000007,91.75508212670155,35.999309034375536
22025,RING OF ROSES BIRTHDAY CARD,1641.64,3970,288,148,0.5371280276816609,2085.0,695.0,-1390.0,0.41351133501259446,18789994.000000007,91.76309926466747,36.01658317498704
21448,12 DAISY PEGS IN WOOD BOX,1640.1699999999998,955,211,132,1.8780465116279068,2086.0,2132.0,46.0,1.7174554973821987,18791634.17000001,91.77110922371915,36.03385731559855
21545,CERAMIC BIRDHOUSE BUTTERFLY SMALL,1640.1200000000001,697,82,52,3.555542168674699,2087.0,2464.0,377.0,2.3531133428981352,18793274.29000001,91.77911893859006,36.05113145621006
37441,ASSORTED WHITE EMBOSSED CHINA MUGS,1639.8,700,54,31,5.037777777777778,2088.0,2455.0,367.0,2.3425714285714285,18794914.09000001,91.78712709070412,36.068405596821556
22410,MONEY BOX HOUSEKEEPING DESIGN,1637.46,1339,196,134,1.3945408163265305,2089.0,1752.0,-337.0,1.2228976848394324,18796551.550000012,91.79512381515873,36.08567973743306
85180A,RED HEARTS LIGHT CHAIN,1636.42,629,99,60,3.9513,2090.0,2566.0,476.0,2.601621621621622,18798187.970000014,91.8031154606536,36.102953878044566
23483,HANGING BUTTERFLY T-LIGHT HOLDER,1636.36,1328,73,57,2.409054054054054,2091.0,1757.0,-334.0,1.2321987951807227,18799824.330000013,91.81110681313156,36.12022801865607
21541,DINOSAURS WATER TRANSFER TATTOOS,1636.24,1907,201,119,1.0449261083743842,2092.0,1358.0,-734.0,0.8580178290508652,18801460.57000001,91.8190975795757,36.13750215926758
23366,SET 12 COLOURING PENCILS DOILY,1636.1,2200,191,112,0.8190721649484536,2093.0,1210.0,-883.0,0.7436818181818181,18803096.670000013,91.82708766231372,36.15477629987908
23348,CHILDRENS TOY COOKING UTENSIL SET,1633.81,746,168,95,2.5796470588235296,2094.0,2385.0,291.0,2.190093833780161,18804730.48000001,91.83506656157306,36.17205044049058
35241,ENAMEL BLUE RIM BISCUIT BIN,1631.42,309,130,75,6.062538461538462,2095.0,3216.0,1121.0,5.279676375404531,18806361.900000013,91.84303378899222,36.18932458110209
21593,SWALLOW CIGAR BOX MATCHES,1629.31,1391,94,69,1.2480208333333334,2096.0,1716.0,-380.0,1.1713227893601725,18807991.210000012,91.8509907119834,36.2065987217136
21283,NATURAL BARK CANDLE SMALL,1629.2,512,81,59,3.6758536585365857,2097.0,2746.0,649.0,3.18203125,18809620.41000001,91.85894709777692,36.2238728623251
85036C,ROSE 1 WICK MORRIS BOXED CANDLE,1629.02,878,128,99,3.032748091603054,2098.0,2224.0,126.0,1.855375854214123,18811249.43000001,91.86690260451972,36.2411470029366
21793,CLASSIC FRENCH STYLE BASKET BROWN,1627.3600000000001,353,102,81,5.173203883495146,2099.0,3092.0,993.0,4.6100849858356945,18812876.79000001,91.87485000446138,36.258421143548105
21039,RED RETROSPOT SHOPPING BAG,1625.6100000000001,627,112,73,3.0420535714285712,2100.0,2569.0,469.0,2.592679425837321,18814502.40000001,91.88278885807652,36.27569528415962
23391,I LOVE LONDON MINI BACKPACK,1624.02,388,86,58,4.616666666666667,2101.0,3001.0,900.0,4.185618556701031,18816126.42000001,91.89071994674359,36.292969424771115
84619,BLUE GINGHAM ROSE QUILT,1622.96,72,29,22,35.91413793103448,2102.0,4313.0,2211.0,22.54111111111111,18817749.38000001,91.89864585877862,36.31024356538262
21837,CROSS STITCH ALPHABET CUSHION COVER,1622.64,244,91,61,7.640989010989012,2103.0,3434.0,1331.0,6.65016393442623,18819372.02000001,91.90657020805679,36.327517705994126
21279,VINTAGE KITCHEN PRINT FRUITS,1621.83,3527,101,51,3.595346534653465,2104.0,779.0,-1325.0,0.4598327190246668,18820993.85000001,91.91449060160669,36.34479184660563
72817,SET OF 2 CHRISTMAS DECOUPAGE CANDLE,1621.28,1513,208,92,1.2854761904761904,2105.0,1621.0,-484.0,1.071566424322538,18822615.13000001,91.92240830916828,36.362065987217136
84997b,RED 3 PIECE RETROSPOT CUTLERY SET,1621.02,192,23,0,8.42304347826087,2106.0,3629.0,1523.0,8.4428125,18824236.15000001,91.93032474698992,36.37934012782864
85131A,BEADED PEARL HEART WHITE ON STICK,1619.23,2025,199,64,0.97595,2107.0,1300.0,-807.0,0.7996197530864197,18825855.38000001,91.93823244314045,36.396614268440146
22559,SEASIDE FLYING DISC,1616.33,1279,179,100,1.493259668508287,2108.0,1789.0,-319.0,1.26374511336982,18827471.71000001,91.94612597680705,36.41388840905165
21656,RIDGED GLASS POSY VASE,1614.54,985,140,66,2.0507142857142853,2109.0,2093.0,-16.0,1.6391269035532994,18829086.250000007,91.95401076880256,36.431162549663156
23217,LAUREL HEART ANTIQUE SILVER,1613.82,1309,97,64,1.5415151515151517,2110.0,1766.0,-344.0,1.2328647822765468,18830700.070000008,91.96189204459516,36.44843669027466
48195,DOOR MAT GREEN PAISLEY,1613.56,268,86,56,8.110813953488371,2111.0,3350.0,1239.0,6.020746268656716,18832313.630000006,91.96977205064782,36.46571083088616
22292,HANGING CHICK YELLOW DECORATION,1608.86,1139,113,77,1.5933333333333333,2112.0,1919.0,-193.0,1.4125197541703247,18833922.490000006,91.9776291037093,36.482984971497665
35810A,ENAMEL PINK COFFEE CONTAINER,1604.74,1205,171,72,2.3456976744186044,2113.0,1863.0,-250.0,1.331734439834025,18835527.230000004,91.98546603627638,36.50025911210918
82615,PINK MARSHMALLOW SCARF KNITTING KIT,1603.97,582,90,60,3.277444444444445,2114.0,2632.0,518.0,2.755962199312715,18837131.200000003,91.9932992084598,36.51753325272068
23287,RED VINTAGE SPOT BEAKER,1603.3899999999999,1879,198,114,1.03395,2115.0,1367.0,-748.0,0.8533209153805215,18838734.590000004,92.00112954814644,36.53480739333218
21542,WOODLAND WATER TRANSFER TATTOOS,1600.75,1877,190,112,1.016020942408377,2116.0,1368.0,-748.0,0.8528236547682472,18840335.340000004,92.0089469950891,36.552081533943685
20802,SMALL GLASS SUNDAE DISH CLEAR,1596.81,1051,116,68,2.104051724137931,2117.0,2026.0,-91.0,1.519324452901998,18841932.150000002,92.01674520058809,36.56935567455519
23226,FILIGREE HEART DAISY WHITE,1596.67,1247,98,56,1.5736363636363635,2118.0,1827.0,-291.0,1.2804089815557338,18843528.820000004,92.02454272238097,36.586629815166695
22260,FELT EGG COSY BLUE RABBIT,1594.77,1557,241,85,1.2850813008130082,2119.0,1590.0,-529.0,1.024258188824663,18845123.590000004,92.03233096530506,36.6039039557782
23244,ROUND STORAGE TIN VINTAGE LEAF,1593.58,864,103,80,2.1018446601941747,2120.0,2242.0,122.0,1.8444212962962963,18846717.17,92.04011339672714,36.621178096389706
84913B,MINT GREEN ROSE TOWEL,1593.29,420,200,27,3.6969,2121.0,2936.0,815.0,3.793547619047619,18848310.46,92.04789441190081,36.638452237001204
21694,SMALL REGAL SILVER CANDLEPOT,1593.16,556,70,51,3.2754285714285714,2122.0,2673.0,551.0,2.8653956834532375,18849903.62,92.05567479220453,36.655726377612716
21986,PACK OF 12 PINK POLKADOT TISSUES,1591.9399999999998,5159,272,170,0.41952554744525544,2123.0,526.0,-1597.0,0.30857530529172317,18851495.560000002,92.06344921449777,36.67300051822422
35471D,SET OF 3 BIRD LIGHT PINK FEATHER,1591.86,2241,348,158,1.2320786516853932,2124.0,1191.0,-933.0,0.710334672021419,18853087.42,92.07122324610178,36.690274658835726
35160,BUDDHA INCENSE HOLDER ASSORTED,1590.64,2180,56,33,0.8171428571428571,2125.0,1218.0,-907.0,0.729651376146789,18854678.060000002,92.07899131969533,36.707548799447224
21383,PACK OF 12 STICKY BUNNIES,1590.43,2204,323,169,0.9649240121580547,2126.0,1208.0,-918.0,0.7216107078039927,18856268.490000002,92.0867583677297,36.72482294005873
22106,MIRROR MOSAIC HURRICANE LAMP,1589.98,509,79,29,5.470759493670886,2127.0,2750.0,623.0,3.123732809430255,18857858.470000003,92.09452321813725,36.74209708067024
22517,CHILDS GARDEN RAKE PINK,1589.41,806,152,106,2.3930263157894736,2128.0,2308.0,180.0,1.9719727047146403,18859447.880000003,92.10228528488419,36.75937122128174
22597,CHRISTMAS MUSICAL ZINC HEART,1586.49,1850,115,84,0.982051282051282,2129.0,1386.0,-743.0,0.8575621621621622,18861034.37,92.11003309147488,36.776645361893245
22099,CARAVAN SQUARE TISSUE BOX,1585.46,2123,291,168,1.2789666666666666,2130.0,1244.0,-886.0,0.7468016957136129,18862619.830000002,92.11777586794199,36.79391950250475
85170A,SET/6 IVORY BIRD T-LIGHT CANDLES,1585.06,848,84,45,2.5583333333333336,2131.0,2257.0,126.0,1.8691745283018868,18864204.89,92.12551669096301,36.811193643116255
23369,SET 36 COLOUR PENCILS LOVE LONDON,1581.06,1105,126,80,1.4970542635658914,2132.0,1956.0,-176.0,1.4308235294117646,18865785.95,92.13323797952347,36.82846778372776
85222,ASSORTED COLOUR SILK COSMETIC PURSE,1579.68,1406,50,39,2.2184615384615385,2133.0,1702.0,-431.0,1.1235277382645805,18867365.63,92.14095252869504,36.845741924339265
21123,SET/10 IVORY SPOTTY PARTY CANDLES,1578.47,1261,80,60,1.3386419753086418,2134.0,1807.0,-327.0,1.2517605075337035,18868944.099999998,92.14866116869227,36.86301606495077
37342,POLKADOT COFFEE CUP & SAUCER PINK,1577.6200000000001,1589,117,51,1.8004237288135592,2135.0,1571.0,-564.0,0.9928382630585274,18870521.72,92.15636565761665,36.880290205562275
21675,BUTTERFLIES STICKERS,1576.84,1782,268,124,1.0479553903345724,2136.0,1432.0,-704.0,0.8848709315375981,18872098.56,92.1640663373212,36.89756434617378
22608,PENS ASSORTED FUNKY JEWELED,1573.81,5735,170,75,0.462235294117647,2137.0,467.0,-1670.0,0.2744219703574542,18873672.369999997,92.17175221967186,36.914838486785285
21631,HIPPY CHIC DECORATIVE PARASOL,1571.75,221,54,38,10.77962962962963,2138.0,3517.0,1379.0,7.111990950226244,18875244.119999997,92.17942804177532,36.93211262739678
21092,SET/6 STRAWBERRY PAPER PLATES,1571.5,12846,28,15,1.1092857142857142,2139.0,161.0,-1978.0,0.12233380040479527,18876815.619999997,92.187102642975,36.94938676800829
22705,WRAP GREEN PEARS,1567.86,3733,151,114,0.42,2140.0,738.0,-1402.0,0.42,18878383.479999997,92.19475946781557,36.9666609086198
23462,ROCOCO WALL MIRROR WHITE,1567.1399999999999,78,45,42,20.713555555555555,2141.0,4259.0,2118.0,20.09153846153846,18879950.619999997,92.20241277645322,36.983935049231306
15059A,ENGLISH ROSE EDWARDIAN PARASOL,1567.0,509,4,1,10.5,2142.0,2750.0,608.0,3.0785854616895874,18881517.619999997,92.21006540138475,37.001209189842804
79323B,BLACK CHERRY LIGHTS,1565.7,242,58,35,7.727241379310345,2143.0,3439.0,1296.0,6.469834710743802,18883083.319999997,92.21771167761659,37.01848333045431
21550,CERAMIC BIRDHOUSE CRESTED TIT LARGE,1565.51,295,64,42,6.715223880597015,2144.0,3256.0,1112.0,5.306813559322034,18884648.83,92.22535702596156,37.035757471065814
21867,PINK UNION JACK LUGGAGE TAG,1562.87,1144,288,122,1.5381727574750832,2145.0,1916.0,-229.0,1.3661451048951048,18886211.7,92.23298948156256,37.05303161167732
21925,UNION STRIPE CUSHION COVER,1562.33,1201,167,100,1.5775147928994084,2146.0,1867.0,-279.0,1.300857618651124,18887774.029999997,92.24061930001135,37.070305752288824
84536B,FAIRY CAKES NOTEBOOK A7 SIZE,1561.49,3514,400,131,0.5738118811881188,2147.0,786.0,-1361.0,0.4443625498007968,18889335.519999996,92.24824501622344,37.08757989290033
21579,LOLITA DESIGN COTTON TOTE BAG,1560.85,1029,136,80,2.5860583941605837,2148.0,2042.0,-106.0,1.516861030126336,18890896.369999997,92.25586760692183,37.10485403351183
21972,SET OF 36 DINOSAUR PAPER DOILIES,1560.82,1055,171,105,1.644502923976608,2149.0,2021.0,-128.0,1.4794502369668245,18892457.189999998,92.26349005111177,37.12212817412334
85194L,HANGING SPRING FLOWER EGG LARGE,1560.6299999999999,1818,147,93,1.0477551020408162,2150.0,1411.0,-739.0,0.8584323432343234,18894017.819999997,92.27111156741482,37.139402314734845
21276,TWO EMBOSSED HEART MINI DRAWERS,1558.94,677,29,24,4.253103448275862,2151.0,2495.0,344.0,2.302717872968981,18895576.759999998,92.2787248304083,37.15667645534635
84789,ENCHANTED BIRD PLANT CAGE,1558.39,445,124,81,4.017177419354839,2152.0,2873.0,721.0,3.5020000000000002,18897135.15,92.28633540741345,37.17395059595785
72803A,ROSE SCENT CANDLE JEWELLED DRAWER,1553.5,724,97,61,4.382680412371134,2153.0,2418.0,265.0,2.145718232044199,18898688.65,92.29392210354051,37.19122473656935
22450,SILK PURSE BABUSHKA BLUE,1552.3500000000001,459,111,76,3.497787610619469,2154.0,2846.0,692.0,3.38202614379085,18900241.0,92.30150318351019,37.208498877180865
21710,FOLDING UMBRELLA PINK/WHITE SPOT,1549.34,584,49,40,4.8208,2155.0,2630.0,475.0,2.6529794520547942,18901790.34,92.30906956379827,37.22577301779236
21289,LARGE STRIPES CHOCOLATE GIFT BAG,1549.31,1413,102,52,1.3087254901960785,2156.0,1697.0,-459.0,1.0964685067232838,18903339.65,92.31663579757789,37.24304715840387
20766,GARDEN PATH SKETCHBOOK,1548.47,518,155,100,3.951910828025478,2157.0,2736.0,579.0,2.989324324324324,18904888.119999997,92.32419792912079,37.260321299015374
84919,BLUE CUSHION COVER WITH FLOWER,1545.53,283,39,18,6.487435897435897,2158.0,3302.0,1144.0,5.461236749116607,18906433.65,92.33174570283516,37.27759543962688
16033,MINI HIGHLIGHTER PENS,1544.52,15121,50,43,0.11639999999999999,2159.0,123.0,-2036.0,0.10214403809271873,18907978.169999998,92.33928854409825,37.294869580238384
22982,PANTRY PASTRY BRUSH,1543.77,1154,212,120,1.6372169811320754,2160.0,1903.0,-257.0,1.3377556325823223,18909521.939999998,92.34682772264998,37.31214372084989
21610,SET 12 PEAR BOTANICAL T-LIGHTS,1543.67,542,97,72,3.043571428571429,2161.0,2703.0,542.0,2.8480996309963102,18911065.61,92.35436641284018,37.329417861461394
75131,METAL TUBE CHIME ON BAMBOO,1543.03,1217,68,40,1.700735294117647,2162.0,1851.0,-311.0,1.267896466721446,18912608.64,92.36190197751671,37.34669200207289
22343,PARTY PIZZA DISH RED RETROSPOT,1541.47,2797,153,74,0.7627450980392158,2163.0,959.0,-1204.0,0.5511154808723633,18914150.11,92.3694299237536,37.363966142684404
20735,BLACK MINI TAPE MEASURE,1540.29,1516,203,30,1.1992610837438422,2164.0,1618.0,-546.0,1.0160224274406333,18915690.4,92.37695210732461,37.38124028329591
84795D,SEASIDE STRIPE HAMMOCK,1538.79,189,83,53,8.78421686746988,2165.0,3640.0,1475.0,8.141746031746031,18917229.189999998,92.38446696547291,37.39851442390741
21246,RED RETROSPOT BIG BOWL,1534.78,326,108,40,4.595185185185185,2166.0,3153.0,987.0,4.7079141104294475,18918763.97,92.39196224032449,37.41578856451891
20768,GREEN FERN JOURNAL,1534.19,767,149,98,2.557046979865772,2167.0,2355.0,188.0,2.000247718383312,18920298.16,92.39945463384313,37.43306270513042
23267,SET OF 4 SANTA PLACE SETTINGS,1531.95,1202,108,79,1.4116216216216215,2168.0,1866.0,-302.0,1.2745008319467555,18921830.11,92.40693608806384,37.45033684574192
72008,FROSTED BOX 9 WHITE T-LIGHT CANDLES,1531.4,3819,215,134,0.441,2169.0,722.0,-1447.0,0.40099502487562194,18923361.509999998,92.41441485629622,37.46761098635343
20986,BLUE CALCULATOR RULER,1530.95,1217,204,94,1.554354066985646,2170.0,1851.0,-319.0,1.2579704190632703,18924892.459999997,92.4218914269018,37.48488512696493
22449,SILK PURSE RUSSIAN DOLL PINK,1530.6200000000001,461,91,58,3.709892473118279,2171.0,2841.0,670.0,3.3202169197396967,18926423.08,92.42936638591436,37.50215926757644
85036B,CHOCOLATE 1 WICK MORRIS BOX CANDLE,1530.1599999999999,598,87,70,3.0740229885057473,2172.0,2602.0,430.0,2.5587959866220733,18927953.24,92.43683909846398,37.51943340818794
20902,VINTAGE KEEPSAKE BOX PARIS DAYS,1525.22,206,116,11,9.306034482758621,2173.0,3569.0,1396.0,7.403980582524272,18929478.459999997,92.44428768595476,37.53670754879945
22337,ANGEL DECORATION PAINTED ZINC,1522.52,2473,146,67,0.7340939597315437,2174.0,1073.0,-1101.0,0.6156570966437526,18931000.979999997,92.45172308768467,37.55398168941095
21282,NATURAL BARK CANDLE LARGE,1522.28,356,69,49,4.772028985507246,2175.0,3081.0,906.0,4.276067415730337,18932523.259999998,92.45915731734694,37.57125583002245
22293,"SPRING DEC , HANGING CHICK GREEN",1516.9199999999998,1128,100,64,1.8652941176470588,2176.0,1930.0,-246.0,1.344787234042553,18934040.18,92.46656537083203,37.588529970633964
21099,SET/6 STRAWBERRY PAPER CUPS,1516.64,13290,33,20,0.755,2177.0,151.0,-2026.0,0.1141188863807374,18935556.82,92.47397205690488,37.60580411124547
85177,BASKET OF FLOWERS SEWING KIT,1514.78,1820,143,87,0.9903496503496504,2178.0,1410.0,-768.0,0.8322967032967032,18937071.6,92.48136965945358,37.623078251856974
21785,RAIN PONCHO,1514.6299999999999,2005,100,71,0.9908910891089109,2179.0,1310.0,-869.0,0.7554264339152119,18938586.23,92.48876652945998,37.64035239246847
21146,ANTIQUE GLASS RIDGED HANGING BALL,1513.6699999999998,789,58,47,2.179655172413793,2180.0,2331.0,151.0,1.918466413181242,18940099.900000002,92.49615871119586,37.65762653307998
21661,VINTAGE GLASS TEA CADDY,1511.3100000000002,239,98,55,7.073838383838384,2181.0,3454.0,1273.0,6.323472803347281,18941611.21,92.50353936759998,37.67490067369149
22340,NOEL GARLAND PAINTED ZINC,1511.05,1799,184,81,1.242391304347826,2182.0,1423.0,-759.0,0.8399388549193997,18943122.26,92.51091875426418,37.69217481430299
22137,BATHROOM SET LOVE HEART DESIGN,1508.28,606,43,24,3.616046511627907,2183.0,2591.0,408.0,2.488910891089109,18944630.540000003,92.51828461331444,37.70944895491449
21634,ASSORTED MINI MADRAS NOTEBOOK,1507.74,1771,69,42,1.363768115942029,2184.0,1437.0,-747.0,0.8513495200451722,18946138.28,92.52564783521248,37.726723095526
21002,ROSE DU SUD DRAWSTRING BAG,1507.22,417,184,25,3.536141304347826,2185.0,2946.0,761.0,3.6144364508393285,18947645.5,92.53300851763068,37.7439972361375
84526,GIANT BLACK SUNGLASSES,1503.6399999999999,538,34,23,2.112058823529412,2186.0,2712.0,526.0,2.7948698884758363,18949149.14,92.54035171670665,37.76127137674901
85159B,"WHITE TEA,COFFEE,SUGAR JARS",1503.5,659,88,53,4.945227272727273,2187.0,2523.0,336.0,2.2814871016691955,18950652.64,92.54769423207651,37.77854551736051
23250,VINTAGE RED TRIM ENAMEL BOWL,1501.03,1155,108,63,1.4721296296296298,2188.0,1902.0,-286.0,1.2995930735930736,18952153.67,92.55502468491696,37.79581965797202
21199,PINK HEART CONFETTI IN TUBE,1495.6999999999998,1305,149,86,1.8689999999999998,2189.0,1771.0,-418.0,1.1461302681992336,18953649.37,92.56232910808868,37.813093798583516
23280,FOLDING BUTTERFLY MIRROR HOT PINK,1495.24,1867,152,84,1.0685620915032679,2190.0,1375.0,-815.0,0.800878414568827,18955144.61,92.56963128479742,37.83036793919503
21009,ETCHED GLASS STAR TREE DECORATION,1494.99,1047,102,72,1.4825714285714284,2191.0,2031.0,-160.0,1.4278796561604585,18956639.599999998,92.57693224060239,37.84764207980653
21066,VINTAGE RED MUG,1494.67,2284,131,81,1.2776335877862597,2192.0,1175.0,-1017.0,0.6544089316987741,18958134.27,92.58423163365053,37.86491622041803
85160A,WHITE BIRD GARDEN DESIGN MUG,1493.75,8816,32,20,5.4087499999999995,2193.0,266.0,-1927.0,0.16943625226860254,18959628.02,92.59152653377272,37.88219036102954
84856L,LARGE TAHITI BEACH BAG,1492.28,238,81,46,7.748271604938272,2194.0,3458.0,1264.0,6.270084033613445,18961120.3,92.59881425498065,37.89946450164104
23334,IVORY WICKER HEART SMALL,1491.75,2271,130,83,0.7883823529411764,2195.0,1182.0,-1013.0,0.6568692206076618,18962612.05,92.60609938787255,37.91673864225255
22677,FRENCH BLUE METAL DOOR SIGN 2,1486.62,1091,208,65,1.6761244019138757,2196.0,1978.0,-218.0,1.3626214482126489,18964098.67,92.61335946781877,37.93401278286405
21051,RIBBONS PURSE,1486.16,754,127,79,2.1744615384615384,2197.0,2366.0,169.0,1.9710344827586208,18965584.830000002,92.62061730130202,37.95128692347556
15058A,BLUE WHITE SPOTS GARDEN PARASOL,1485.24,276,59,41,7.573833333333334,2198.0,3317.0,1119.0,5.381304347826087,18967070.07,92.62787064185932,37.96856106408706
23271,CHRISTMAS TABLE SILVER CANDLE SPIKE,1483.61,1715,103,68,1.055904761904762,2199.0,1473.0,-726.0,0.8650787172011661,18968553.68,92.63511602212394,37.98583520469857
21849,SILVER DIAMANTE PEN IN GIFT BOX,1483.51,633,134,46,3.7198529411764705,2200.0,2558.0,358.0,2.3436176935229067,18970037.19,92.64236091402707,38.00310934531007
23559,WOODLAND BUNNIES LOLLY MAKERS,1482.41,649,124,69,2.8688709677419357,2201.0,2540.0,339.0,2.284144838212635,18971519.6,92.64960043395351,38.02038348592158
84510B,SET OF 4 FAIRY CAKES COASTERS,1481.05,1171,147,71,1.673157894736842,2202.0,1891.0,-311.0,1.2647736976942783,18973000.650000002,92.65683331216337,38.037657626533075
18098c,PORCELAIN BUTTERFLY OIL BURNER,1479.61,292,135,0,5.067333333333333,2203.0,3271.0,1068.0,5.067157534246575,18974480.26,92.66405915796743,38.05493176714458
85125,SMALL ROUND CUT GLASS CANDLESTICK,1479.51,309,62,32,5.313709677419355,2204.0,3216.0,1012.0,4.788058252427184,18975959.770000003,92.67128451540997,38.07220590775609
22546,MINI JIGSAW PURDEY,1478.56,3703,171,100,0.5223837209302326,2205.0,747.0,-1458.0,0.39928706454226304,18977438.330000002,92.67850523341811,38.08948004836759
23392,SPACEBOY ROCKET LOLLY MAKERS,1475.03,662,113,70,2.7042982456140354,2206.0,2519.0,313.0,2.228141993957704,18978913.360000003,92.6857087122648,38.106754188979096
22915,ASSORTED BOTTLE TOP MAGNETS,1474.52,3281,194,116,1.1767692307692308,2207.0,841.0,-1366.0,0.44941176470588234,18980387.880000003,92.69290970046777,38.1240283295906
21851,LILAC DIAMANTE PEN IN GIFT BOX,1473.56,628,149,34,3.9557718120805365,2208.0,2568.0,360.0,2.3464331210191083,18981861.44,92.70010600040017,38.141302470202106
84616,SILVER ROCCOCO CHANDELIER,1472.62,72,25,19,27.726799999999997,2209.0,4313.0,2104.0,20.453055555555554,18983334.060000002,92.70729770973438,38.15857661081361
21198,WHITE HEART CONFETTI IN TUBE,1472.3,1282,118,75,1.7450420168067227,2210.0,1787.0,-423.0,1.1484399375975038,18984806.360000003,92.7144878563117,38.175850751425116
22912,YELLOW COAT RACK PARIS FASHION,1471.09,313,108,81,5.261192660550459,2211.0,3202.0,991.0,4.69996805111821,18986277.450000003,92.72167209371473,38.19312489203662
20734,SILVER MINI TAPE MEASURE,1470.62,1593,117,50,1.3050420168067225,2212.0,1567.0,-645.0,0.9231763967357187,18987748.070000004,92.72885403581863,38.21039903264813
21869,POTTING SHED COFFEE MUG,1469.5800000000002,1264,111,82,1.348125,2213.0,1803.0,-410.0,1.1626424050632913,18989217.650000002,92.73603089896277,38.22767317325963
84659A,WHITE TRAVEL ALARM CLOCK,1469.51,588,224,55,2.5639555555555553,2214.0,2620.0,406.0,2.4991666666666665,18990687.160000004,92.74320742025387,38.24494731387114
85198,ASSORTED FARMYARD ANIMALS IN BUCKET,1469.5,3859,51,37,1.0133962264150944,2215.0,715.0,-1500.0,0.38079813423166625,18992156.660000004,92.75038389270881,38.26222145448264
22815,CARD PSYCHEDELIC APPLES,1468.53,3433,340,111,0.5004117647058823,2216.0,813.0,-1403.0,0.42776871540926303,18993625.190000005,92.75755562805706,38.27949559509414
21801,CHRISTMAS TREE DECORATION WITH BELL,1467.6599999999999,3398,258,69,0.45776061776061777,2217.0,817.0,-1400.0,0.4319187757504414,18995092.850000005,92.76472311466013,38.29676973570565
22976,CIRCUS PARADE CHILDRENS EGG CUP,1465.26,1127,149,81,1.5033999999999998,2218.0,1932.0,-286.0,1.3001419698314107,18996558.110000007,92.77187888058687,38.31404387631716
20681,PINK POLKADOT CHILDRENS UMBRELLA,1464.29,405,135,82,4.0942647058823525,2219.0,2970.0,751.0,3.6155308641975306,18998022.400000006,92.7790299094069,38.331318016928655
23365,SET 12 COLOUR PENCILS LOVE LONDON,1463.08,1857,169,107,0.7943930635838151,2220.0,1379.0,-841.0,0.7878729133010232,18999485.480000004,92.7861750290526,38.34859215754016
21644,ASSORTED TUTTI FRUTTI HEART BOX,1461.47,1087,137,72,1.4383916083916084,2221.0,1983.0,-238.0,1.3444986200551978,19000946.950000003,92.7933122860779,38.365866298151666
21818,GLITTER CHRISTMAS HEART,1460.86,1727,143,109,0.8863461538461538,2222.0,1465.0,-757.0,0.8458946149392008,19002407.810000002,92.80044656409801,38.38314043876317
22052,VINTAGE CARAVAN GIFT WRAP,1460.5,3525,128,105,0.41812499999999997,2223.0,781.0,-1442.0,0.41432624113475175,19003868.310000002,92.80757908401664,38.400414579374676
23470,CARD HOLDER LOVE BIRD LARGE,1460.5,232,84,70,6.810714285714286,2223.0,3478.0,1255.0,6.295258620689655,19005328.810000002,92.81471160393528,38.41768871998618
22929,SCHOOL DESK AND CHAIR,1459.75,23,17,17,64.17058823529412,2225.0,4936.0,2711.0,63.46739130434783,19006788.560000002,92.82184046114254,38.434962860597686
22393,PAPERWEIGHT VINTAGE COLLAGE,1459.3700000000001,834,120,75,2.8713333333333333,2226.0,2275.0,49.0,1.7498441247002399,19008247.930000003,92.82896746257607,38.45223700120919
21410,COUNTRY COTTAGE DOORSTOP GREEN,1458.28,312,150,81,5.5142,2227.0,3204.0,977.0,4.673974358974359,19009706.210000005,92.83608914086909,38.469511141820696
85098B,BLUE FLYING SINGING CANARY,1456.94,366,114,61,4.695043478260869,2228.0,3057.0,829.0,3.9807103825136614,19011163.150000006,92.84320427511781,38.4867852824322
22228,BUNNY WOODEN PAINTED WITH BIRD,1456.6,1727,275,148,1.0154676258992805,2229.0,1465.0,-764.0,0.8434279096699479,19012619.750000007,92.8503177489374,38.5040594230437
15056bl,EDWARDIAN PARASOL BLACK,1456.3200000000002,116,87,0,12.562068965517243,2230.0,3969.0,1739.0,12.554482758620692,19014076.070000008,92.85742985534473,38.521333563655205
21065,BOOM BOX SPEAKER GIRLS,1455.3600000000001,608,118,44,4.923114754098361,2231.0,2586.0,355.0,2.393684210526316,19015531.430000007,92.86453727348153,38.53860770426672
84637,KITCHEN FLOWER POTS WALL PLAQUE,1454.49,585,114,28,5.804122807017544,2232.0,2628.0,396.0,2.486307692307692,19016985.920000006,92.87164044287314,38.555881844878215
21317,GLASS SPHERE CANDLE STAND MEDIUM,1453.4,357,74,56,5.967763157894737,2233.0,3079.0,846.0,4.071148459383754,19018439.320000004,92.87873828912424,38.57315598548972
20733,GOLD MINI TAPE MEASURE,1452.2,1927,294,67,0.8517627118644067,2234.0,1344.0,-890.0,0.7536066424494032,19019891.520000003,92.88583027503718,38.590430126101225
21739,COSY SLIPPER SHOES SMALL GREEN,1451.8500000000001,494,177,83,3.0525280898876406,2235.0,2776.0,541.0,2.938967611336033,19021343.370000005,92.89292055168481,38.60770426671273
85136C,RED SHARK HELICOPTER,1451.69,179,122,70,8.129180327868852,2236.0,3677.0,1441.0,8.11,19022795.060000006,92.90001004695402,38.624978407324235
23086,ZINC STAR T-LIGHT HOLDER,1451.43,1225,47,31,1.5197872340425533,2237.0,1845.0,-392.0,1.1848408163265307,19024246.490000006,92.9070982724833,38.64225254793574
22157,ANGEL DECORATION WITH LACE PADDED,1451.3999999999999,1698,124,88,0.894296875,2238.0,1489.0,-749.0,0.8547703180212013,19025697.890000004,92.91418635150411,38.659526688547245
85049a,TRADITIONAL CHRISTMAS RIBBONS,1451.24,434,51,0,3.3160784313725493,2239.0,2895.0,656.0,3.3438709677419354,19027149.130000003,92.92127364914651,38.67680082915875
23034,DRAWER KNOB CERAMIC BLACK,1448.6699999999998,979,88,57,1.6273333333333335,2240.0,2101.0,-139.0,1.4797446373850867,19028597.800000004,92.92834839589798,38.694074969770256
22390,PAPERWEIGHT CHILDHOOD MEMORIES,1448.52,813,83,56,2.6522891566265057,2241.0,2298.0,57.0,1.7816974169741697,19030046.320000004,92.9354224101072,38.71134911038176
22986,GINGHAM ROSE WRAP,1445.98,3519,122,112,0.4193442622950819,2242.0,784.0,-1458.0,0.41090650753054847,19031492.300000004,92.94248401993393,38.72862325099326
37343,SPOTS DESIGN MUG W PINK INSIDE,1445.78,917,74,41,2.097972972972973,2243.0,2179.0,-64.0,1.5766412213740457,19032938.080000006,92.94954465303763,38.745897391604764
21159,MOODY BOY DOOR HANGER,1445.37,2105,250,146,1.3357768924302789,2244.0,1254.0,-990.0,0.6866365795724465,19034383.450000007,92.95660328385915,38.763171532216276
35637A,IVORY STRING CURTAIN WITH POLE,1445.05,551,53,41,6.165849056603774,2245.0,2684.0,439.0,2.622595281306715,19035828.500000007,92.9636603519238,38.78044567282778
85055,FRENCH ENAMEL UTENSIL HOLDER,1442.94,359,107,62,4.6967592592592595,2246.0,3074.0,828.0,4.01933147632312,19037271.44000001,92.9707071155605,38.79771981343928
84313C,ORANGE TV TRAY TABLE,1442.3899999999999,548,73,29,5.152739726027397,2247.0,2694.0,447.0,2.6320985401459853,19038713.83000001,92.97775119320887,38.814993954050784
84596G,SMALL CHOCOLATES PINK BOWL,1440.76,2226,348,118,0.8623011363636363,2248.0,1197.0,-1051.0,0.6472416891284816,19040154.59000001,92.98478731056457,38.83226809466229
22817,CARD SUKI BIRTHDAY,1434.9,3392,355,104,0.49591549295774645,2249.0,820.0,-1429.0,0.4230247641509434,19041589.49000001,92.99179480993548,38.849542235273795
22249,DECORATION WHITE CHICK MAGIC GARDEN,1434.6599999999999,1636,243,126,1.0390725806451613,2250.0,1533.0,-717.0,0.8769315403422983,19043024.15000001,92.9988011372388,38.8668163758853
22316,200 BENDY SKULL STRAWS,1432.82,1257,119,62,1.4029411764705881,2251.0,1817.0,-434.0,1.1398727128082735,19044456.97000001,93.00579847869024,38.884090516496805
21561,DINOSAUR LUNCHBOX WITH CUTLERY,1429.9,570,113,82,2.832654867256637,2252.0,2648.0,396.0,2.5085964912280705,19045886.87000001,93.01278155998544,38.90136465710831
22093,MOTORING TISSUE BOX,1429.87,2346,275,179,0.9597122302158274,2253.0,1144.0,-1109.0,0.6094927536231883,19047316.74000001,93.0197644947722,38.918638797719815
21292,SMALL STRIPES CHOCOLATE GIFT BAG,1427.11,2449,91,69,0.8146153846153845,2254.0,1089.0,-1165.0,0.5827317272356063,19048743.85000001,93.02673395078116,38.93591293833132
22396,MAGNETS PACK OF 4 RETRO PHOTO,1427.08,1895,184,122,0.9205945945945946,2255.0,1363.0,-892.0,0.7530765171503957,19050170.930000007,93.03370326028165,38.953187078942825
85167B,BLACK GRAND BAROQUE PHOTO FRAME,1426.34,692,59,38,4.181,2256.0,2469.0,213.0,2.0611849710982657,19051597.270000007,93.04066895590695,38.97046121955432
22071,SMALL RETRO SPOT MUG IN BOX WHITE,1426.13,383,81,74,3.936024096385542,2257.0,3013.0,756.0,3.7235770234986947,19053023.400000006,93.04763362597306,38.98773536016583
22094,RED RETROSPOT TISSUE BOX,1424.1599999999999,2554,232,133,1.1035744680851063,2258.0,1044.0,-1214.0,0.5576194205168363,19054447.560000006,93.05458867531733,39.00500950077734
21495,SKULLS WRAP,1424.0,3400,109,89,0.41853211009174307,2259.0,816.0,-1443.0,0.4188235294117647,19055871.560000006,93.0615429432832,39.02228364138884
35965,FOLKART HEART NAPKIN RINGS,1423.63,629,174,62,3.2986781609195406,2260.0,2566.0,306.0,2.263322734499205,19057295.190000005,93.06849540431146,39.039557782000344
20761,BLUE PAISLEY SKETCHBOOK,1422.46,458,146,93,4.008979591836735,2261.0,2850.0,589.0,3.1058078602620087,19058717.650000006,93.07544215150999,39.05683192261185
21807,WHITE CHRISTMAS STAR DECORATION,1422.45,3225,172,114,0.5124719101123596,2262.0,853.0,-1409.0,0.4410697674418605,19060140.100000005,93.08238884987237,39.074106063223354
20801,LARGE PINK GLASS SUNDAE DISH,1422.0,1092,111,61,2.2076521739130435,2263.0,1976.0,-287.0,1.3021978021978022,19061562.100000005,93.08933335060794,39.09138020383486
23057,BEADED CHANDELIER T-LIGHT HOLDER,1420.97,695,38,31,4.771578947368421,2264.0,2465.0,201.0,2.0445611510791366,19062983.070000004,93.09627282121991,39.108654344446364
21532,DAIRY MAID SUGAR JAM BOWL,1419.71,1387,90,58,2.386413043478261,2265.0,1720.0,-545.0,1.0235832732516221,19064402.780000005,93.1032061384768,39.12592848505787
35004G,SET OF 3 GOLD FLYING DUCKS,1419.51,359,76,46,6.24974025974026,2266.0,3074.0,808.0,3.954066852367688,19065822.290000007,93.11013847901067,39.143202625669375
20840,FRENCH FLORAL CUSHION COVER,1419.09,885,93,50,2.1470212765957446,2267.0,2210.0,-57.0,1.6034915254237287,19067241.380000006,93.11706876842617,39.16047676628088
22285,HANGING HEN ON NEST DECORATION,1418.82,828,114,72,2.0156410256410253,2268.0,2282.0,14.0,1.713550724637681,19068660.200000007,93.12399773926559,39.177750906892385
22819,"BIRTHDAY CARD, RETRO SPOT",1418.12,3351,331,125,0.4827190332326284,2269.0,827.0,-1442.0,0.4231930766935243,19070078.320000008,93.13092329157439,39.19502504750388
15034,PAPER POCKET TRAVELING FAN,1416.2600000000002,10153,255,123,0.357265625,2270.0,224.0,-2046.0,0.13949177582980402,19071494.58000001,93.13783976035904,39.21229918811539
85071A,BLUE CHARLIE+LOLA PERSONAL DOORSIGN,1415.69,1907,147,106,1.2626845637583894,2271.0,1358.0,-913.0,0.7423649711588883,19072910.27000001,93.14475344548306,39.2295733287269
22333,RETRO SPOT PARTY BAG + STICKER SET,1412.25,938,34,30,1.7891176470588235,2272.0,2156.0,-116.0,1.5055970149253732,19074322.52000001,93.15165033097097,39.246847469338405
23249,VINTAGE RED ENAMEL TRIM PLATE,1406.3,830,80,56,1.891,2273.0,2280.0,7.0,1.6943373493975904,19075728.82000001,93.15851815894878,39.2641216099499
47503A,ASS FLORAL PRINT MULTI SCREWDRIVER,1405.51,2853,195,146,0.63315,2274.0,938.0,-1336.0,0.4926428321065545,19077134.330000013,93.16538212887062,39.28139575056141
23119,PACK OF 6 LARGE FRUIT STRAWS,1401.7,2282,151,97,0.7791390728476821,2275.0,1177.0,-1098.0,0.6142418930762489,19078536.030000012,93.17222749221875,39.29866989117291
21358,TOAST ITS - HAPPY BIRTHDAY,1398.71,1129,222,130,1.2818918918918918,2276.0,1928.0,-348.0,1.2388928255093004,19079934.740000013,93.17905825355761,39.31594403178442
21910,WAY OUT METAL SIGN,1398.1799999999998,1066,111,84,1.7615315315315316,2277.0,2008.0,-269.0,1.3116135084427767,19081332.920000013,93.18588642658044,39.333218172395924
21828,EIGHT PIECE SNAKE SET,1396.6200000000001,1105,180,107,1.4790163934426228,2278.0,1956.0,-322.0,1.2639095022624436,19082729.540000014,93.19270698116364,39.35049231300743
23055,IVORY CHANDELIER T-LIGHT HOLDER,1395.18,657,38,33,5.62125,2279.0,2527.0,248.0,2.1235616438356164,19084124.720000014,93.19952050334102,39.36776645361893
15058B,PINK WHITE SPOTS GARDEN PARASOL,1394.7,204,56,36,9.42125,2280.0,3579.0,1299.0,6.836764705882353,19085519.420000013,93.20633168138315,39.38504059423044
23040,PAPER LANTERN 9 POINT SNOW STAR,1394.03,253,41,33,6.278372093023257,2281.0,3402.0,1121.0,5.51,19086913.450000014,93.21313958740313,39.402314734841944
22756,LARGE YELLOW BABUSHKA NOTEBOOK,1393.45,1204,215,124,1.4032870370370372,2282.0,1864.0,-418.0,1.1573504983388705,19088306.900000013,93.21994466092633,39.41958887545345
85087,CANDY SPOT CUSHION COVER,1392.64,420,146,21,3.6293150684931508,2283.0,2936.0,653.0,3.315809523809524,19089699.540000014,93.22674577872125,39.43686301606495
85017B,ENVELOPE 50 BLOSSOM IMAGES,1390.3899999999999,2231,317,98,0.7516981132075471,2284.0,1195.0,-1089.0,0.6232138054683998,19091089.930000015,93.23353590838211,39.45413715667645
47503K,ASSORTED FLORAL SECATEURS,1389.44,3177,42,29,2.262325581395349,2285.0,860.0,-1425.0,0.43734340572867486,19092479.370000016,93.24032139860857,39.471411297287965
22324,BLUE POLKADOT KIDS BAG,1389.06,568,151,52,3.31625,2286.0,2652.0,366.0,2.4455281690140844,19093868.430000015,93.24710503306127,39.48868543789946
22686,FRENCH BLUE METAL DOOR SIGN NO,1388.45,1076,180,46,1.8146666666666667,2287.0,1996.0,-291.0,1.2903810408921934,19095256.880000014,93.25388568850875,39.50595957851097
22917,HERB MARKER ROSEMARY,1386.65,1996,252,138,0.8575889328063241,2288.0,1318.0,-970.0,0.6947144288577155,19096643.530000012,93.26065755344895,39.52323371912247
85169A,IVORY LOVE BIRD CANDLE,1385.82,1252,151,79,1.3951612903225807,2289.0,1821.0,-468.0,1.106884984025559,19098029.350000013,93.26742536498858,39.54050785973398
22339,CHRISTMAS TREE PAINTED ZINC,1385.46,3521,145,86,0.5729139072847682,2290.0,783.0,-1507.0,0.3934848054529963,19099414.810000014,93.27419141842678,39.55778200034548
20658,RED SPOTTY LUGGAGE TAG,1385.3,1000,195,96,1.6824489795918367,2291.0,2080.0,-211.0,1.3853,19100800.110000014,93.28095669048655,39.57505614095699
23376,PACK OF 12 VINTAGE CHRISTMAS TISSUE,1384.9099999999999,3039,155,104,0.5079245283018868,2292.0,896.0,-1396.0,0.455712405396512,19102185.020000014,93.28772005793641,39.59233028156849
22250,DECORATION BUTTERFLY MAGIC GARDEN,1382.96,1521,257,98,1.1350950570342204,2293.0,1610.0,-683.0,0.9092439184746878,19103567.980000015,93.29447390233673,39.60960442217999
84396,6 HOOK JEWELLERY STAND BLACK DRESS,1380.52,552,49,22,5.774400000000001,2294.0,2683.0,389.0,2.500942028985507,19104948.500000015,93.30121583071612,39.626878562791504
23104,IVORY CAFE HANGING LAMP,1380.42,116,45,37,12.867111111111111,2295.0,3969.0,1674.0,11.900172413793104,19106328.920000017,93.30795727073398,39.64415270340301
23414,ZINC BOX SIGN HOME,1378.75,141,64,58,10.073749999999999,2296.0,3849.0,1553.0,9.77836879432624,19107707.670000017,93.31469055511454,39.66142684401451
84562A,PINK/WHITE RIBBED MELAMINE JUG,1378.26,169,78,48,9.355443037974684,2297.0,3725.0,1428.0,8.155384615384616,19109085.93000002,93.3214214465237,39.67870098462601
21011,GLITTER SNOW PEAR TREE DECORATION,1373.8,1840,118,84,1.2534920634920634,2298.0,1395.0,-903.0,0.7466304347826087,19110459.73000002,93.3281305570093,39.69597512523752
90200D,PINK SWEETHEART BRACELET,1372.26,327,150,41,4.221866666666666,2299.0,3150.0,851.0,4.19651376146789,19111831.99000002,93.33483214672759,39.71324926584903
20704,MR ROBOT SOFT TOY,1371.42,361,80,60,6.370875,2300.0,3068.0,768.0,3.798947368421053,19113203.410000023,93.34152963420915,39.73052340646053
23536,WALL ART VILLAGE SHOW,1369.71,240,67,53,7.079253731343283,2301.0,3447.0,1146.0,5.7071250000000004,19114573.120000023,93.34821877070883,39.74779754707203
46776B,WOVEN BERRIES CUSHION COVER,1369.23,428,153,16,4.262352941176471,2302.0,2913.0,611.0,3.1991355140186917,19115942.350000024,93.35490556307322,39.76507168768354
20866,BLUE ROSE FABRIC MIRROR,1368.91,1280,191,76,1.4857591623036648,2303.0,1788.0,-515.0,1.0694609375000002,19117311.260000024,93.36159079268076,39.78234582829504
23000,TRAVEL CARD WALLET TRANSPORT,1368.28,3169,278,125,0.5197132616487455,2304.0,863.0,-1441.0,0.43177027453455347,19118679.540000025,93.36827294561077,39.79961996890655
84819,DANISH ROSE ROUND SEWING BOX,1368.26,908,95,82,2.969368421052631,2305.0,2188.0,-117.0,1.5068942731277533,19120047.800000027,93.37495500086848,39.81689410951805
21209,MULTICOLOUR HONEYCOMB FAN,1368.04,1476,137,66,1.7460583941605838,2306.0,1648.0,-658.0,0.9268563685636856,19121415.840000026,93.38163598173085,39.83416825012955
21398,RED SPOTTY COFFEE MUG,1367.79,710,53,37,2.3773584905660377,2307.0,2442.0,135.0,1.9264647887323942,19122783.630000025,93.38831574168942,39.85144239074106
35599D,PINK AND WHITE CHRISTMAS TREE 120CM,1366.48,406,103,23,4.735631067961165,2308.0,2968.0,660.0,3.3657142857142857,19124150.110000025,93.39498910411217,39.86871653135257
84685,BEACH HUT KEY CABINET,1366.17,435,125,46,5.732,2309.0,2892.0,583.0,3.1406206896551727,19125516.280000027,93.40166095261424,39.88599067196407
23546,WRAP PAISLEY PARK,1365.0,3250,120,106,0.42,2310.0,847.0,-1463.0,0.42,19126881.280000027,93.40832708728655,39.90326481257557
84665,SQUARE CHERRY BLOSSOM CABINET,1364.7,226,47,25,6.375531914893617,2311.0,3496.0,1185.0,6.038495575221239,19128245.980000027,93.41499175687434,39.92053895318708
22916,HERB MARKER THYME,1363.38,1962,249,135,0.8606299212598425,2312.0,1332.0,-980.0,0.6948929663608563,19129609.360000025,93.42164998009012,39.93781309379859
23221,REINDEER HEART DECORATION SILVER,1363.04,1536,145,85,1.0762416107382549,2313.0,1602.0,-711.0,0.8873958333333333,19130972.400000025,93.42830654287677,39.95508723441009
16161U,"WRAP,SUKI AND FRIENDS",1363.0,3350,110,86,0.41709090909090907,2314.0,828.0,-1486.0,0.40686567164179105,19132335.400000025,93.43496291031882,39.97236137502159
35649,VINTAGE BEAD COSMETIC BAG,1362.8999999999999,1826,53,20,3.0605555555555557,2315.0,1405.0,-910.0,0.7463855421686746,19133698.300000023,93.44161878939934,39.9896355156331
21786,POLKADOT RAIN HAT,1360.83,3158,294,83,0.6455115511551155,2316.0,868.0,-1448.0,0.4309151361621279,19135059.13000002,93.4482645593965,40.0069096562446
84965B,BLUE KASHMIRI COFFEE TABLE,1359.95,27,4,3,62.4875,2317.0,4846.0,2529.0,50.36851851851852,19136419.08000002,93.45490603181234,40.02418379685611
22269,EGG CUP NATURAL CHICKEN,1357.7,1521,204,107,1.2078155339805825,2318.0,1610.0,-708.0,0.8926364234056542,19137776.78000002,93.46153651609413,40.04145793746761
21684,SMALL MEDINA STAMPED METAL BOWL,1357.61,1696,104,65,1.1099999999999999,2319.0,1491.0,-828.0,0.8004775943396226,19139134.39000002,93.46816656085053,40.05873207807912
23469,CARD HOLDER LOVE BIRD SMALL,1355.24,332,72,61,4.643611111111111,2320.0,3142.0,822.0,4.082048192771085,19140489.630000018,93.47478503143904,40.076006218690615
22050,PINK PAISLEY ROSE GIFT WRAP,1354.0,3300,115,100,0.4186086956521739,2321.0,839.0,-1482.0,0.4103030303030303,19141843.630000018,93.48139744634479,40.09328035930213
17129D,CLEAR COLOUR GLASS GEMS IN BAG,1351.18,1125,39,12,1.2087179487179487,2322.0,1938.0,-384.0,1.201048888888889,19143194.810000017,93.4879960894558,40.11055449991363
21059,PARTY INVITES DINOSAURS,1348.56,1596,221,158,0.9007692307692308,2323.0,1563.0,-760.0,0.8449624060150376,19144543.370000016,93.49458193749516,40.12782864052513
84466,TOP SECRET PEN SET,1348.36,1256,73,34,1.6404109589041096,2324.0,1819.0,-505.0,1.0735350318471337,19145891.730000015,93.50116680881148,40.145102781136636
21529,RETRO SPOT CERAMIC TOASTRACK,1346.0800000000002,383,103,69,3.9699029126213596,2325.0,3013.0,688.0,3.5145691906005228,19147237.810000014,93.50774054548526,40.16237692174814
20762,GREEN FERN SKETCHBOOK,1343.79,458,136,88,3.836102941176471,2326.0,2850.0,524.0,2.9340393013100434,19148581.600000013,93.51430309868037,40.17965106235965
21822,GLITTER CHRISTMAS TREE WITH BELLS,1343.7,1010,142,73,1.58013698630137,2327.0,2065.0,-262.0,1.3303960396039605,19149925.300000012,93.52086521235012,40.19692520297115
22293,HANGING CHICK GREEN DECORATION,1343.28,906,125,64,1.739921875,2328.0,2191.0,-137.0,1.4826490066225164,19151268.580000013,93.52742527490152,40.214199343582656
84828,JUNGLE POPSICLES ICE LOLLY MOULDS,1338.8700000000001,960,153,74,1.6098064516129034,2329.0,2124.0,-205.0,1.3946562500000002,19152607.450000014,93.53396380071011,40.23147348419416
21397,BLUE SPOTTY EGG CUP,1338.36,994,99,53,1.9963636363636361,2330.0,2087.0,-243.0,1.3464386317907444,19153945.810000014,93.540499835875,40.24874762480567
21190,PINK HEARTS PAPER GARLAND,1337.59,806,111,71,1.9798260869565216,2331.0,2308.0,-23.0,1.6595409429280397,19155283.400000013,93.54703211065622,40.26602176541717
20993,JAZZ HEARTS MEMO PAD,1334.1100000000001,10967,32,23,0.8425,2332.0,203.0,-2129.0,0.12164767028357802,19156617.510000013,93.55354739045673,40.28329590602868
20780,BLACK EAR MUFF HEADPHONES,1333.96,231,98,35,6.895445544554456,2333.0,3481.0,1148.0,5.774718614718615,19157951.470000014,93.56006193771498,40.300570046640175
16235,RECYCLED PENCIL WITH RABBIT ERASER,1333.95,5827,310,124,0.3089808917197452,2334.0,455.0,-1879.0,0.2289256907499571,19159285.420000013,93.56657643613705,40.31784418725168
22246,"GARLAND, MAGIC GARDEN 1.8M",1332.36,656,95,57,2.565208333333333,2335.0,2530.0,195.0,2.0310365853658534,19160617.780000012,93.57308316961107,40.33511832786319
21580,RABBIT DESIGN COTTON TOTE BAG,1329.6299999999999,542,172,76,2.855639534883721,2336.0,2703.0,367.0,2.4531918819188188,19161947.41000001,93.57957657081573,40.3523924684747
23538,WALL ART VINTAGE HEART,1329.54,331,32,25,5.7790625,2337.0,3145.0,808.0,4.0167371601208455,19163276.95000001,93.58606953249503,40.369666609086195
20933,YELLOW POT PLANT CANDLE,1329.4900000000002,505,52,38,4.1007547169811325,2338.0,2757.0,419.0,2.632653465346535,19164606.44000001,93.59256224999358,40.3869407496977
22446,PIN CUSHION BABUSHKA PINK,1329.48,497,153,40,2.87974358974359,2339.0,2770.0,431.0,2.675010060362173,19165935.92000001,93.59905491865597,40.404214890309206
85032D,YULETIDE IMAGES GIFT WRAP SET,1327.68,1148,133,89,1.3986567164179105,2340.0,1910.0,-430.0,1.1565156794425087,19167263.60000001,93.6055387968111,40.42148903092071
23232,WRAP VINTAGE PETALS DESIGN,1327.5,3275,104,95,0.4176923076923077,2341.0,844.0,-1497.0,0.40534351145038167,19168591.10000001,93.61202179591551,40.438763171532216
21775,DECORATIVE FLORE BATHROOM BOTTLE,1326.29,874,277,63,2.009496402877698,2342.0,2227.0,-115.0,1.5174942791762014,19169917.390000008,93.6184988858456,40.45603731214372
21926,RED/CREAM STRIPE CUSHION COVER,1325.27,1009,147,90,1.5961224489795918,2343.0,2066.0,-277.0,1.3134489593657086,19171242.660000008,93.62497099448822,40.473311452755226
22202,MILK PAN PINK POLKADOT,1325.01,333,81,36,5.479753086419754,2344.0,3139.0,795.0,3.979009009009009,19172567.67000001,93.63144183339092,40.49058559336673
85032A,ROMANTIC IMAGES GIFT WRAP SET,1323.51,1441,161,103,1.273726708074534,2345.0,1679.0,-666.0,0.9184663428174878,19173891.18000001,93.63790534687092,40.507859733978236
22924,FRIDGE MAGNETS LA VIE EN ROSE,1323.4199999999998,1500,95,69,1.4349999999999998,2346.0,1627.0,-719.0,0.8822799999999998,19175214.600000013,93.64436842082556,40.52513387458974
22918,HERB MARKER PARSLEY,1322.8600000000001,1925,249,135,0.8578968253968254,2347.0,1349.0,-998.0,0.6872,19176537.460000012,93.65082875995569,40.54240801520124
21738,COSY SLIPPER SHOES SMALL RED,1322.63,422,131,89,3.5006617647058826,2348.0,2926.0,578.0,3.134194312796209,19177860.09000001,93.65728797585433,40.55968215581275
22701,PINK DOG BOWL,1320.5700000000002,675,158,65,2.842075471698113,2349.0,2499.0,150.0,1.9564000000000001,19179180.66000001,93.66373713150578,40.57695629642426
21157,RED SPOTTY WASHBAG,1319.96,586,132,59,2.740300751879699,2350.0,2624.0,274.0,2.252491467576792,19180500.620000012,93.670183308152,40.594230437035755
85200,BUNNY EGG BOX,1319.09,1045,105,81,1.3532075471698113,2351.0,2033.0,-318.0,1.262287081339713,19181819.710000012,93.67662523605306,40.61150457764726
85135C,RED DRAGONFLY HELICOPTER,1317.92,162,111,57,8.16232142857143,2352.0,3757.0,1405.0,8.135308641975309,19183137.630000014,93.68306145012438,40.628778718258765
22051,BLUE SCANDINAVIAN PAISLEY WRAP,1317.5,3175,116,95,0.4193103448275862,2353.0,861.0,-1492.0,0.4149606299212598,19184455.130000014,93.68949561307736,40.64605285887027
85071B,RED CHARLIE+LOLA PERSONAL DOORSIGN,1316.48,2340,165,123,1.3026347305389223,2354.0,1146.0,-1208.0,0.5625982905982906,19185771.610000014,93.69592479474287,40.663326999481775
22923,FRIDGE MAGNETS LES ENFANTS ASSORTED,1314.8899999999999,1589,91,70,1.0793406593406594,2355.0,1571.0,-784.0,0.827495280050346,19187086.500000015,93.70234621146031,40.68060114009328
22977,DOLLY GIRL CHILDRENS EGG CUP,1313.86,999,140,101,1.4704964539007093,2356.0,2083.0,-273.0,1.315175175175175,19188400.360000014,93.70876259805414,40.697875280704785
20760,GARDEN PATH POCKET BOOK,1313.66,5550,81,47,0.7926829268292683,2357.0,484.0,-1873.0,0.2366954954954955,19189714.020000014,93.71517800792495,40.71514942131629
84688,BEACH HUT DESIGN BLACKBOARD,1313.52,422,81,39,5.835432098765432,2358.0,2926.0,568.0,3.11260663507109,19191027.540000014,93.72159273408963,40.732423561927796
23373,VINTAGE CHRISTMAS PAPER GIFT BAG,1313.3899999999999,1608,100,86,0.9070999999999999,2359.0,1557.0,-802.0,0.8167848258706467,19192340.930000015,93.72800682538436,40.7496977025393
35598D,PINK/WHITE CHRISTMAS TREE 60CM,1312.2,1727,103,43,1.6382524271844658,2360.0,1465.0,-895.0,0.7598147075854083,19193653.130000014,93.73441510517705,40.7669718431508
23405,HOME SWEET HOME 2 DRAWER CABINET,1311.48,252,70,54,5.985492957746479,2361.0,3406.0,1045.0,5.204285714285715,19194964.610000014,93.74081986876685,40.784245983762304
85232A,SET/3 POLKA DOT STACKING TINS,1311.42,262,94,72,5.2723157894736845,2362.0,3371.0,1009.0,5.005419847328245,19196276.030000016,93.74722433933974,40.801520124373816
22481,BLACK TEA TOWEL CLASSIC DESIGN,1309.81,1272,219,132,1.1607142857142858,2363.0,1796.0,-567.0,1.0297248427672956,19197585.840000015,93.75362094729223,40.81879426498532
21277,FRENCH STYLE EMBOSSED HEART CABINET,1309.3899999999999,54,48,36,24.660208333333333,2364.0,4484.0,2120.0,24.247962962962962,19198895.230000015,93.76001550412639,40.83606840559682
21842,PINK HEART CANDY BUTTON CALCULATOR,1308.74,551,47,32,3.0110638297872336,2365.0,2684.0,319.0,2.375208711433757,19200203.970000014,93.76640688661067,40.853342546208324
20893,HANGING BAUBLE T-LIGHT HOLDER SMALL,1308.5900000000001,559,76,41,2.886455696202532,2366.0,2668.0,302.0,2.340948121645796,19201512.560000014,93.77279753655269,40.87061668681983
20798,CLEAR MILKSHAKE GLASS,1308.15,551,83,35,3.106117647058823,2367.0,2684.0,317.0,2.374137931034483,19202820.710000012,93.77918603770404,40.887890827431335
21945,STRAWBERRIES DESIGN FLANNEL,1307.1,1862,240,61,1.2565289256198346,2368.0,1377.0,-991.0,0.7019871106337271,19204127.810000014,93.78556941105951,40.90516496804284
22893,MINI CAKE STAND T-LIGHT HOLDER,1306.09,2721,182,70,0.6159016393442622,2369.0,993.0,-1376.0,0.48000367511944136,19205433.900000013,93.79194785196367,40.922439108654345
21219,SET/4 BADGES BALLOON GIRL,1303.27,1013,176,77,1.5539325842696627,2370.0,2060.0,-310.0,1.2865449160908193,19206737.170000013,93.79831252107313,40.93971324926585
20738,GREEN MINI TAPE MEASURE,1301.72,1610,74,46,0.9545945945945946,2371.0,1555.0,-816.0,0.8085217391304348,19208038.89000001,93.8046696205791,40.956987389877355
21248,DOOR HANGER MUM + DADS ROOM,1299.55,1043,158,106,1.6889240506329115,2372.0,2035.0,-337.0,1.245973154362416,19209338.440000013,93.81101612264023,40.97426153048886
85170D,SET/6 PINK BIRD T-LIGHT CANDLES,1296.36,723,151,48,2.8456953642384106,2373.0,2419.0,46.0,1.7930290456431535,19210634.800000012,93.81734704596903,40.991535671100365
22105,MIRROR MOSAIC GOBLET CANDLE HOLDER,1294.7,692,55,23,4.25,2374.0,2469.0,95.0,1.8709537572254336,19211929.50000001,93.8236698624967,41.00880981171186
79191C,RETRO PLASTIC ELEPHANT TRAY,1293.76,1619,157,107,0.9820253164556961,2375.0,1545.0,-830.0,0.7991105620753551,19213223.260000013,93.82998808842613,41.026083952323376
22232,JIGSAW TOADSTOOLS 3 PIECE,1292.59,1093,156,94,1.5590384615384614,2376.0,1974.0,-402.0,1.1826075022872826,19214515.850000013,93.83630060052585,41.04335809293488
22267,EASTER DECORATION EGG BUNNY,1291.47,1472,117,91,1.1747107438016529,2377.0,1654.0,-723.0,0.8773573369565217,19215807.32000001,93.84260764297659,41.06063223354638
22181,SNOWSTORM PHOTO FRAME FRIDGE MAGNET,1291.3799999999999,1538,138,85,1.0202142857142855,2378.0,1600.0,-778.0,0.8396488946684004,19217098.70000001,93.84891424590197,41.077906374157884
22258,FELT FARM ANIMAL RABBIT,1291.05,1342,131,69,1.4597744360902256,2379.0,1749.0,-630.0,0.9620342771982116,19218389.75000001,93.85521923723437,41.09518051476939
85006,SET 4 NURSERY DES ROUND BOXES,1289.31,3049,37,32,2.546756756756757,2380.0,895.0,-1485.0,0.422863233847163,19219679.06000001,93.8615157310764,41.112454655380894
84609,TALL ROCOCO CANDLE HOLDER,1289.24,143,38,23,10.889473684210527,2381.0,3830.0,1449.0,9.015664335664336,19220968.30000001,93.86781188306537,41.1297287959924
84569D,PACK 6 HEART/ICE-CREAM PATCHES,1287.54,1023,179,82,1.4511049723756906,2382.0,2048.0,-334.0,1.2585923753665689,19222255.840000007,93.87409973290859,41.147002936603904
85141,JARDIN ETCHED GLASS FRUITBOWL,1286.44,182,71,57,8.083424657534247,2383.0,3664.0,1281.0,7.068351648351649,19223542.28000001,93.88038221077517,41.16427707721541
85025C,PINK HEART SHAPE PHOTO FRAME,1285.9099999999999,720,125,73,2.0527777777777776,2384.0,2422.0,38.0,1.7859861111111108,19224828.19000001,93.88666210032572,41.181551217826915
17091A,LAVENDER INCENSE IN TIN,1285.8899999999999,2085,117,78,1.029059829059829,2385.0,1269.0,-1116.0,0.6167338129496402,19226114.08000001,93.89294189220396,41.19882535843842
46776A,WOVEN BUBBLE GUM CUSHION COVER,1283.23,406,121,19,4.361487603305785,2386.0,2968.0,582.0,3.160665024630542,19227397.31000001,93.89920869366593,41.216099499049925
72818,CHRISTMAS DECOUPAGE CANDLE,1283.1299999999999,2394,127,82,0.8364661654135338,2387.0,1110.0,-1277.0,0.5359774436090226,19228680.44000001,93.90547500676637,41.23337363966142
46775E,CANDY POP CHUNKY KNITTED THROW,1282.9,101,51,8,13.26686274509804,2388.0,4076.0,1688.0,12.701980198019802,19229963.340000007,93.91174019663532,41.25064778027293
82613D,METAL SIGN CUPCAKE SINGLE HOOK,1281.86,1186,271,98,1.688450184501845,2389.0,1878.0,-511.0,1.0808263069139965,19231245.200000007,93.91800030754453,41.26792192088444
22097,SWALLOW SQUARE TISSUE BOX,1281.75,2064,242,158,0.98532,2390.0,1281.0,-1109.0,0.6210029069767442,19232526.950000007,93.92425988125608,41.28519606149594
22543,MINI JIGSAW BAKE A CAKE,1281.49,3247,118,72,0.5087288135593221,2391.0,848.0,-1543.0,0.3946689251616877,19233808.440000005,93.93051818522767,41.30247020210744
85231G,ORANGE SCENTED SET/9 T-LIGHTS,1281.31,1474,253,139,0.9882101167315175,2392.0,1651.0,-741.0,0.8692740841248303,19235089.750000004,93.93677561014854,41.31974434271895
22214,CANDLE PLATE LACE WHITE,1279.79,549,92,43,2.7232608695652174,2393.0,2689.0,296.0,2.3311293260473587,19236369.540000003,93.9430256119744,41.33701848333045
84816,DANISH ROSE BEDSIDE CABINET,1278.3500000000001,33,20,18,39.45,2394.0,4759.0,2365.0,38.73787878787879,19237647.890000004,93.94926858139446,41.35429262394196
22323,PINK POLKADOT KIDS BAG,1275.31,539,115,57,3.181896551724138,2395.0,2708.0,313.0,2.3660667903525043,19238923.200000003,93.95549670462448,41.371566764553464
21425,SKULLS STORAGE BOX LARGE,1274.93,505,95,41,4.1706315789473685,2396.0,2757.0,361.0,2.524613861386139,19240198.130000003,93.96172297208074,41.38884090516497
21759,METAL WALL SHELF UNIT WITH HOOKS,1274.47,30,13,11,54.18692307692308,2397.0,4805.0,2408.0,42.48233333333334,19241472.6,93.96794699307401,41.406115045776474
47591d,PINK FAIRY CAKE CHILDRENS APRON,1274.3799999999999,253,72,0,4.989166666666666,2398.0,3402.0,1004.0,5.0370750988142285,19242746.98,93.97417057454194,41.42338918638798
23072,MARIE ANTOINETTE TRINKET BOX SILVER,1273.76,334,30,21,13.725333333333333,2399.0,3134.0,735.0,3.8136526946107785,19244020.740000002,93.98039112816849,41.440663326999484
21537,RETRO SPOTS PUDDING BOWL,1273.26,294,74,53,4.794415584415584,2400.0,3262.0,862.0,4.330816326530612,19245294.000000004,93.98660923998746,41.45793746761099
16225,RATTLE SNAKE EGGS,1271.66,1520,165,90,1.5598192771084338,2401.0,1613.0,-788.0,0.8366184210526316,19246565.660000004,93.9928195380222,41.47521160822249
35648,VINTAGE BEAD PINK PURSE,1270.93,1041,143,48,1.7656849315068495,2402.0,2037.0,-365.0,1.2208741594620558,19247836.590000004,93.99902627101788,41.492485748834
21549,CERAMIC BIRDHOUSE RED ROOF SMALL,1270.39,547,51,36,3.3067307692307697,2403.0,2695.0,292.0,2.3224680073126143,19249106.980000004,94.0052303668614,41.509759889445505
85163B,BLACK BAROQUE WALL CLOCK,1268.6599999999999,115,66,26,14.094090909090909,2404.0,3976.0,1572.0,11.03182608695652,19250375.640000004,94.0114260140507,41.527034030057
21689,SILVER VANILLA FLOWER CANDLE POT,1268.12,342,60,49,4.104516129032258,2405.0,3120.0,715.0,3.7079532163742686,19251643.760000005,94.01761902408782,41.54430817066851
22732,3D STICKERS VINTAGE CHRISTMAS,1268.0,1060,38,38,1.24,2406.0,2012.0,-394.0,1.1962264150943396,19252911.760000005,94.02381144809112,41.56158231128001
20765,CHRYSANTHEMUM SKETCHBOOK,1265.06,442,146,96,3.9039455782312924,2407.0,2879.0,472.0,2.862126696832579,19254176.820000004,94.02998951426589,41.57885645189152
20777,CHRYSANTHEMUM NOTEBOOK,1262.7,3660,169,78,1.7810588235294116,2408.0,759.0,-1649.0,0.34500000000000003,19255439.520000003,94.03615605510895,41.59613059250302
21708,FOLDING UMBRELLA CREAM/MULTI SPOT,1260.25,379,53,43,5.058679245283019,2409.0,3024.0,615.0,3.325197889182058,19256699.770000003,94.04231063109488,41.61340473311453
23061,VINTAGE EMBOSSED HEART,1257.68,955,113,72,1.5479646017699114,2410.0,2132.0,-278.0,1.3169424083769634,19257957.450000003,94.0484526561899,41.63067887372603
40003,WHITE BAMBOO RIBS LAMPSHADE,1257.02,1150,60,34,1.5241666666666667,2411.0,1906.0,-505.0,1.0930608695652173,19259214.470000003,94.05459145809891,41.64795301433754
21063,PARTY INVITES JAZZ HEARTS,1256.27,1456,238,143,0.9412605042016806,2412.0,1664.0,-748.0,0.8628228021978022,19260470.740000002,94.06072659729656,41.665227154949044
21145,ANTIQUE GLASS PLACE SETTING,1256.21,869,49,34,3.406734693877551,2413.0,2230.0,-183.0,1.4455811277330266,19261726.950000003,94.06686144347732,41.68250129556055
77101A,UNION FLAG WINDSOCK,1255.97,1082,88,55,1.5012359550561796,2414.0,1990.0,-424.0,1.1607855822550832,19262982.92,94.07299511759044,41.69977543617205
22919,HERB MARKER MINT,1255.44,1800,248,136,0.8432669322709163,2415.0,1421.0,-994.0,0.6974666666666667,19264238.360000003,94.07912620338753,41.71704957678355
20825,GOLD WINE GLASS,1255.08,361,7,5,6.831428571428572,2416.0,3068.0,652.0,3.4766759002770082,19265493.44,94.08525553108316,41.734323717395064
35957,SMALLFOLKART BAUBLE CHRISTMAS DEC,1254.8999999999999,3565,148,51,1.2358108108108108,2417.0,771.0,-1646.0,0.35200561009817666,19266748.34,94.09138397972808,41.75159785800656
23237,SET OF 4 KNICK KNACK TINS LEAVES,1253.78,306,54,51,4.204444444444444,2418.0,3224.0,806.0,4.0973202614379085,19268002.12,94.09750695872403,41.76887199861807
20731,POSY CANDY BAG,1252.92,4142,73,40,1.4024657534246574,2419.0,668.0,-1751.0,0.3024915499758571,19269255.040000003,94.10362573781097,41.78614613922957
23511,EMBROIDERED RIBBON REEL EMILY,1252.01,571,98,83,2.3309090909090906,2420.0,2647.0,227.0,2.192661996497373,19270507.050000004,94.10974007280812,41.80342027984108
84967B,BLUE KASHMIRI OCCASIONAL TABLE,1249.45,24,11,8,65.87272727272727,2421.0,4897.0,2476.0,52.06041666666667,19271756.500000004,94.11584190575049,41.82069442045258
85159A,"BLACK TEA,COFFEE,SUGAR JARS",1248.98,492,82,41,6.344390243902439,2422.0,2780.0,358.0,2.5385772357723577,19273005.480000004,94.12194144339375,41.83796856106409
22280,POCKET BAG PINK PAISELY BROWN SPOT,1248.74,877,158,79,1.5551234567901235,2423.0,2225.0,-198.0,1.4238768529076398,19274254.220000003,94.12803980896936,41.85524270167559
22062,CERAMIC BOWL WITH LOVE HEART DESIGN,1248.15,797,127,69,2.3800751879699247,2424.0,2319.0,-105.0,1.566060225846926,19275502.37,94.13413529321204,41.87251684228709
22450,SILK PURSE RUSSIAN DOLL BLUE,1245.93,375,69,51,3.5370422535211268,2425.0,3035.0,610.0,3.32248,19276748.3,94.14021993582911,41.8897909828986
22389,PAPERWEIGHT SAVE THE PLANET,1245.52,647,92,74,2.5418478260869564,2426.0,2541.0,115.0,1.9250695517774343,19277993.82,94.14630257616396,41.90706512351011
21752,GLASS CAKE STAND MIRRORED BASE,1244.81,77,37,28,17.717027027027026,2427.0,4272.0,1845.0,16.166363636363634,19279238.63,94.15238174913206,41.924339264121606
22808,SET OF 6 T-LIGHTS EASTER CHICKS,1243.88,420,83,58,3.5695180722891573,2428.0,2936.0,508.0,2.961619047619048,19280482.509999998,94.15845638033808,41.94161340473311
20707,CRAZY DAISY HEART DECORATION,1243.68,1613,199,48,1.22405,2429.0,1551.0,-878.0,0.7710353378797272,19281726.189999998,94.16453003482107,41.958887545344616
79163,BLACK CHAMPAGNE GLASS,1240.83,1833,64,44,2.532769230769231,2430.0,1399.0,-1031.0,0.6769394435351882,19282967.019999996,94.17058977100089,41.97616168595613
22827,GIANT SEVENTEEN DRAWER SIDEBOARD,1240.0,8,6,6,158.33333333333334,2431.0,5312.0,2881.0,155.0,19284207.019999996,94.17664545378015,41.99343582656763
22545,MINI JIGSAW BUNNIES,1239.62,3019,175,100,0.5390909090909091,2432.0,900.0,-1532.0,0.41060616098045705,19285446.639999997,94.18269928078567,42.01070996717913
22070,SMALL RETRO SPOT MUG IN BOX RED,1238.54,324,84,74,3.978720930232558,2433.0,3166.0,733.0,3.8226543209876542,19286685.179999996,94.18874783348681,42.02798410779064
21175,GIN AND TONIC DIET METAL SIGN,1237.5,498,50,34,3.1483999999999996,2434.0,2767.0,333.0,2.4849397590361444,19287922.679999996,94.1947913072282,42.04525824840214
23067,HANGING ENGRAVED METAL HEART,1236.66,294,78,63,4.351951219512196,2435.0,3262.0,827.0,4.2063265306122455,19289159.339999996,94.20083067873288,42.06253238901365
85162A,SILVER RETRODISC LAMPSHADE,1234.27,607,20,14,3.6155,2436.0,2588.0,152.0,2.0333937397034596,19290393.609999996,94.20685837839736,42.07980652962515
84969,ASSORTED COLOUR SET 6 TEASPOONS,1232.02,268,86,48,5.184418604651163,2437.0,3350.0,913.0,4.597089552238806,19291625.629999995,94.21287508992776,42.09708067023666
23138,SINGLE WIRE HOOK IVORY HEART,1231.51,879,82,60,1.5985714285714285,2438.0,2222.0,-216.0,1.4010352673492605,19292857.139999997,94.21888931081445,42.11435481084816
22448,PIN CUSHION RUSSIAN DOLL RED,1230.67,395,36,29,3.4316216216216215,2439.0,2988.0,549.0,3.115620253164557,19294087.81,94.22489942946441,42.13162895145967
84910A,PINK PAISLEY CUSHION COVER,1230.39,432,53,37,6.489433962264151,2440.0,2901.0,461.0,2.848125,19295318.2,94.23090818070214,42.14890309207117
22678,FRENCH BLUE METAL DOOR SIGN 3,1230.38,920,184,63,1.609728260869565,2441.0,2177.0,-264.0,1.3373695652173914,19296548.58,94.2369168831037,42.16617723268267
21438,TUB 24 HANGING EASTER EGGS SPOTTY,1229.8200000000002,373,36,33,3.8329729729729727,2442.0,3040.0,598.0,3.297104557640751,19297778.4,94.2429228506808,42.183451373294176
22921,HERB MARKER CHIVES,1226.72,1771,220,121,0.8519004524886878,2443.0,1437.0,-1006.0,0.6926708074534161,19299005.119999997,94.24891367905093,42.20072551390569
85135B,BLUE DRAGONFLY HELICOPTER,1226.51,151,115,67,8.113275862068965,2444.0,3791.0,1347.0,8.122582781456954,19300231.63,94.2549034818619,42.217999654517186
21253,SET OF PICTURE FRAME STICKERS,1225.17,332,122,41,4.6036065573770495,2445.0,3142.0,697.0,3.6902710843373496,19301456.8,94.26088674062856,42.23527379512869
22094,RED POLKA DOT TISSUE BOX,1224.89,1003,107,58,1.7572897196261683,2446.0,2076.0,-370.0,1.2212263210368894,19302681.69,94.266868631983,42.252547935740196
16046,TEATIME PEN CASE & PENS,1223.5,10056,59,44,0.9443548387096774,2447.0,226.0,-2221.0,0.12166865552903738,19303905.19,94.27284373511237,42.2698220763517
22290,STANDING METAL RABBIT WITH EGG,1223.02,670,78,60,2.35620253164557,2448.0,2507.0,59.0,1.825402985074627,19305128.21,94.27881649410648,42.28709621696321
23142,IVORY WIRE KITCHEN ORGANISER,1220.8200000000002,121,40,34,11.11675,2449.0,3929.0,1480.0,10.089421487603307,19306349.03,94.28477850914726,42.30437035757471
22216,T-LIGHT HOLDER WHITE LACE,1215.83,1396,116,48,1.0712396694214876,2450.0,1713.0,-737.0,0.8709383954154727,19307564.86,94.29071615494847,42.32164449818622
23598,PAPER BUNTING VINTAGE PARTY,1215.53,427,47,40,3.2351063829787234,2451.0,2917.0,466.0,2.8466744730679157,19308780.39,94.29665233566514,42.338918638797715
48197,DOORMAT BIRD ON THE WIRE,1213.8700000000001,231,23,16,9.351304347826087,2452.0,3481.0,1029.0,5.254848484848486,19309994.26,94.30258040958068,42.35619277940923
20752,BLUE POLKADOT WASHING UP GLOVES,1212.46,535,202,117,2.426435643564356,2453.0,2717.0,264.0,2.266280373831776,19311206.720000003,94.30850159759888,42.37346692002073
21490,SET OF THREE 50'S GIFT WRAPS,1210.6,637,55,36,2.594642857142857,2454.0,2555.0,101.0,1.9004709576138146,19312417.320000004,94.31441370209288,42.39074106063223
22680,FRENCH BLUE METAL DOOR SIGN 5,1210.34,891,171,65,1.6031213872832368,2455.0,2208.0,-247.0,1.3584062850729517,19313627.660000004,94.32032453684695,42.408015201243735
22233,JIGSAW RABBIT AND BIRDHOUSE,1210.11,949,164,112,1.5111377245508981,2456.0,2138.0,-318.0,1.2751422550052687,19314837.770000003,94.32623424836954,42.42528934185524
84823,DANISH ROSE FOLDING CHAIR,1210.0,120,29,29,12.363793103448277,2457.0,3935.0,1478.0,10.083333333333334,19316047.770000003,94.33214342269446,42.44256348246675
84687,BEACH HUT SHELF W 3 DRAWERS,1208.06,314,73,43,6.919315068493151,2458.0,3198.0,740.0,3.847324840764331,19317255.830000002,94.338043122806,42.45983762307825
22265,EASTER DECORATION NATURAL CHICK,1207.8,1843,168,107,0.764406779661017,2459.0,1393.0,-1066.0,0.6553445469343462,19318463.630000003,94.3439415531776,42.477111763689756
21396,RED SPOTTY EGG CUP,1205.25,948,77,45,1.7088461538461537,2460.0,2139.0,-321.0,1.2713607594936709,19319668.880000003,94.34982753033059,42.49438590430126
20771,CHRYSANTHEMUM JOURNAL,1201.68,606,140,91,2.5679285714285713,2461.0,2591.0,130.0,1.9829702970297032,19320870.560000002,94.35569607297751,42.511660044912766
21904,HOUSE WRECKING METAL SIGN,1201.52,757,145,103,2.090205479452055,2462.0,2364.0,-98.0,1.587212681638045,19322072.080000002,94.36156383424601,42.52893418552427
21130,COLOURFUL STANDING GNOME,1200.93,721,49,29,3.9899999999999998,2463.0,2420.0,-43.0,1.6656449375866853,19323273.01,94.36742871418157,42.546208326135776
79066K,RETRO MOD TRAY,1200.25,1377,240,103,1.0829460580912864,2464.0,1728.0,-736.0,0.8716412490922295,19324473.26,94.37329027325883,42.563482466747274
22256,FELT FARM ANIMAL CHICKEN,1200.07,933,119,78,1.5713934426229508,2465.0,2162.0,-303.0,1.2862486602357985,19325673.330000002,94.37915095328536,42.58075660735878
23444,NEXT DAY CARRIAGE,1200.0,79,79,63,15.189873417721518,2466.0,4252.0,1786.0,15.189873417721518,19326873.330000002,94.38501129145884,42.59803074797029
84658,WHITE STITCHED CUSHION COVER,1199.66,214,64,50,6.96723076923077,2467.0,3539.0,1072.0,5.60588785046729,19328072.990000002,94.39086996920317,42.6153048885818
21883,STARS GIFT TAPE,1199.48,2348,226,132,0.7366371681415929,2468.0,1141.0,-1327.0,0.5108517887563884,19329272.470000003,94.39672776789678,42.632579029193295
23026,DRAWER KNOB VINTAGE GLASS STAR,1198.96,556,62,43,2.3271875,2469.0,2673.0,204.0,2.156402877697842,19330471.430000003,94.40258302711051,42.6498531698048
22448,PIN CUSHION BABUSHKA RED,1196.0600000000002,358,85,54,3.801294117647059,2470.0,3076.0,606.0,3.3409497206703915,19331667.490000002,94.4084241238403,42.667127310416305
22403,MAGNETS PACK OF 4 VINTAGE LABELS,1195.8899999999999,1715,212,137,1.1050943396226416,2471.0,1473.0,-998.0,0.6973119533527696,19332863.380000003,94.41426439035554,42.68440145102781
47591B,SCOTTIES CHILDRENS APRON,1195.22,754,183,62,1.65,2472.0,2366.0,-106.0,1.5851724137931036,19334058.6,94.42010138484862,42.701675591639315
84830,LARGE ENGLISH ARBORETUM,1195.15,113,7,7,15.357142857142858,2473.0,3985.0,1512.0,10.576548672566373,19335253.75,94.42593803748865,42.71894973225082
85129D,BEADED CRYSTAL HEART PINK SMALL,1193.56,793,168,59,1.8964285714285711,2474.0,2327.0,-147.0,1.5051197982345523,19336447.31,94.43176692518058,42.736223872862325
84625A,PINK NEW BAROQUECANDLESTICK CANDLE,1193.0,838,81,40,2.842345679012346,2475.0,2271.0,-204.0,1.4236276849642004,19337640.31,94.43759307804804,42.75349801347383
23071,MARIE ANTOINETTE TRINKET BOX GOLD,1192.6,314,18,15,10.428947368421053,2476.0,3198.0,722.0,3.798089171974522,19338832.91,94.44341727746945,42.770772154085336
22204,MILK PAN BLUE RETROSPOT,1192.13,311,77,42,4.754675324675325,2477.0,3209.0,732.0,3.8332154340836015,19340025.04,94.44923918159175,42.78804629469684
22102,MIRROR MOSAIC T-LIGHT HOLDER,1191.69,1842,59,35,1.9952542372881357,2478.0,1394.0,-1084.0,0.6469543973941368,19341216.73,94.45505893692338,42.80532043530834
72232,FENG SHUI PILLAR CANDLE,1190.9199999999998,6268,118,72,0.19,2479.0,411.0,-2068.0,0.18999999999999997,19342407.650000002,94.46087493187136,42.82259457591985
84559A,3D SHEET OF DOG STICKERS,1190.1699999999998,1321,230,107,1.0671428571428572,2480.0,1759.0,-721.0,0.9009613928841785,19343597.820000004,94.46668726410796,42.839868716531356
84750A,PINK SMALL GLASS CAKE STAND,1189.23,544,105,42,3.0715238095238093,2481.0,2700.0,219.0,2.1860845588235294,19344787.050000004,94.47249500574634,42.857142857142854
22733,3D STICKERS TRADITIONAL CHRISTMAS,1187.0,980,36,36,1.2394444444444443,2482.0,2099.0,-383.0,1.2112244897959183,19345974.050000004,94.47829185692294,42.87441699775436
47503E,ASS FLORAL PRINT SCISSORS,1186.9,6842,25,21,1.206,2483.0,367.0,-2116.0,0.17347266881028942,19347160.950000003,94.484088219738,42.891691138365864
20934,SET/3 POT PLANT CANDLES,1185.07,197,74,44,7.268000000000001,2484.0,3614.0,1130.0,6.015583756345177,19348346.020000003,94.48987564553738,42.90896527897738
84815,SET OF 3 DANISH ROSE PLANTERS,1183.8200000000002,926,53,34,5.385094339622642,2485.0,2171.0,-314.0,1.2784233261339095,19349529.840000004,94.49565696681782,42.926239419588875
22761,CHEST 7 DRAWER MA CAMPAGNE,1182.78,48,34,27,25.308235294117647,2486.0,4566.0,2080.0,24.64125,19350712.620000005,94.50143320913851,42.94351356020038
23539,WALL ART LOVES' SECRET,1180.35,239,39,31,6.626250000000001,2487.0,3454.0,967.0,4.938702928870293,19351892.970000006,94.50719758427441,42.960787700811885
22597,MUSICAL ZINC HEART DECORATION,1179.59,2763,176,90,0.6557777777777777,2488.0,976.0,-1512.0,0.4269236337314513,19353072.560000006,94.51295824786278,42.97806184142339
21806,WHITE CHRISTMAS HEART DECORATION,1179.4299999999998,2707,128,95,0.4993939393939394,2489.0,1000.0,-1489.0,0.4356963428149242,19354251.990000006,94.51871813007273,42.995335982034895
21312,LARGE CHUNKY GLASS ROMAN BOWL,1179.17,299,26,19,6.8161538461538465,2490.0,3242.0,752.0,3.9437123745819402,19355431.160000008,94.52447674254275,43.0126101226464
21530,DAIRY MAID TOASTRACK,1178.5,902,144,88,2.108835616438356,2491.0,2196.0,-295.0,1.3065410199556542,19356609.660000008,94.53023208299062,43.0298842632579
85130A,BEADED PEARL HEART WHITE LARGE,1176.29,685,86,59,1.8654545454545455,2492.0,2478.0,-14.0,1.7172116788321168,19357785.950000007,94.53597663064902,43.0471584038694
23225,CHERUB HEART DECORATION SILVER,1176.17,1355,88,46,1.0939772727272727,2493.0,1737.0,-756.0,0.8680221402214022,19358962.12000001,94.54172059227362,43.064432544480916
84674,FLYING PIG WATERING CAN,1175.93,460,106,67,3.208691588785047,2494.0,2845.0,351.0,2.5563695652173912,19360138.05000001,94.54746338183055,43.08170668509242
21395,BLUE POLKADOT BEAKER,1174.1599999999999,2856,92,64,0.5721739130434783,2495.0,937.0,-1558.0,0.4111204481792717,19361312.21000001,94.5531975273887,43.09898082570392
72819,CUPID DESIGN SCENTED CANDLES,1174.01,694,92,59,2.9731914893617017,2496.0,2466.0,-30.0,1.691657060518732,19362486.22000001,94.55893094040458,43.116254966315424
23431,NATURAL HANGING QUILTED HEARTS,1171.23,1449,72,63,1.363918918918919,2497.0,1669.0,-828.0,0.8083022774327122,19363657.45000001,94.56465077697035,43.13352910692693
22321,BIRD DECORATION RED RETROSPOT,1170.3999999999999,1261,164,58,1.2772560975609757,2498.0,1807.0,-691.0,0.9281522601110229,19364827.85000001,94.57036656013554,43.150803247538434
22321,BIRD DECORATION RED SPOT,1169.55,1267,141,67,1.1719148936170212,2499.0,1801.0,-698.0,0.9230860299921073,19365997.40000001,94.57607819222787,43.16807738814994
22048,BIRTHDAY BANQUET GIFT WRAP,1166.3,2815,102,93,0.4192156862745098,2500.0,953.0,-1547.0,0.4143161634103019,19367163.70000001,94.58177395257097,43.185351528761444
23418,LAVENDER TOILETTE BOTTLE,1166.0,557,79,55,2.562025316455696,2501.0,2672.0,171.0,2.0933572710951527,19368329.70000001,94.58746824782953,43.20262566937295
23515,EMBROIDERED RIBBON REEL DAISY,1164.98,579,71,58,2.3925,2502.0,2638.0,136.0,2.012055267702936,19369494.68000001,94.59315756180065,43.219899809984454
84313B,BLUE TV TRAY TABLE,1164.04,227,83,24,6.966024096385543,2503.0,3493.0,990.0,5.127929515418502,19370658.72000001,94.59884228517352,43.23717395059596
21650,ASSORTED TUTTI FRUTTI BRACELET,1163.8,3204,197,84,0.6638647342995169,2504.0,856.0,-1648.0,0.36323345817727837,19371822.52000001,94.60452583647877,43.254448091207465
23508,MINI PLAYING CARDS DOLLY GIRL,1163.45,2627,120,95,0.4665625,2505.0,1028.0,-1477.0,0.4428816140083746,19372985.97000001,94.6102076785187,43.27172223181896
21649,ASSORTED TUTTI FRUTTI PHOTO FRAME,1162.89,421,29,19,3.3486206896551725,2506.0,2933.0,427.0,2.762209026128266,19374148.86000001,94.61588678573418,43.288996372430475
37475,SET/4 COLOURFUL MIXING BOWLS,1160.56,116,72,45,10.565833333333332,2507.0,3969.0,1462.0,10.004827586206897,19375309.42000001,94.62155451412634,43.30627051304198
21291,SMALL POLKADOT CHOCOLATE GIFT BAG,1159.44,1338,76,50,1.0063157894736843,2508.0,1753.0,-755.0,0.8665470852017938,19376468.86000001,94.62721677286957,43.32354465365348
22253,6 CROCHET STRAWBERRIES,1158.28,964,86,62,1.4741573033707864,2509.0,2122.0,-387.0,1.2015352697095436,19377627.14000001,94.63287336661922,43.34081879426498
21763,VINTAGE WOODEN BAR STOOL,1157.8999999999999,43,17,15,27.95294117647059,2510.0,4629.0,2119.0,26.927906976744183,19378785.04000001,94.6385281045951,43.35809293487649
23566,EGG CUP MILKMAID HEIDI,1156.93,881,83,44,1.769759036144578,2511.0,2217.0,-294.0,1.313200908059024,19379941.97000001,94.6441781054643,43.375367075488
23507,MINI PLAYING CARDS BUFFALO BILL,1155.67,2882,119,91,0.4734645669291338,2512.0,929.0,-1583.0,0.40099583622484386,19381097.64000001,94.64982195297843,43.3926412160995
23269,SET OF 2 CERAMIC CHRISTMAS TREES,1152.98,779,94,63,1.7109473684210526,2513.0,2342.0,-171.0,1.4800770218228498,19382250.620000012,94.65545266356781,43.409915356711004
22264,FELT FARM ANIMAL WHITE BUNNY,1152.22,2014,168,80,1.0628235294117647,2514.0,1305.0,-1209.0,0.5721052631578948,19383402.84000001,94.66107966260967,43.42718949732251
84847,FLORAL BATHROOM SET,1149.73,2330,49,32,4.466122448979592,2515.0,1151.0,-1364.0,0.49344635193133046,19384552.57000001,94.66669450144984,43.444463637934014
22806,SET OF 6 T-LIGHTS WEDDING CAKE,1149.0200000000002,430,57,42,3.376551724137931,2516.0,2907.0,391.0,2.6721395348837214,19385701.59000001,94.67230587292323,43.46173777854552
35962,12 ASS ZINC CHRISTMAS DECORATIONS,1148.0500000000002,487,76,39,2.950759493670886,2517.0,2791.0,274.0,2.357392197125257,19386849.64000001,94.67791250728996,43.479011919157024
22814,CARD PARTY GAMES,1147.77,2728,295,101,0.504135593220339,2518.0,990.0,-1528.0,0.42073680351906156,19387997.41000001,94.68351777424444,43.49628605976852
21261,GREEN GOOSE FEATHER CHRISTMAS TREE,1146.1200000000001,283,77,37,6.386233766233766,2519.0,3302.0,783.0,4.049893992932863,19389143.530000012,94.68911498323392,43.51356020038003
21316,SMALL CHUNKY GLASS ROMAN BOWL,1146.1100000000001,693,47,33,3.0117021276595746,2520.0,2468.0,-52.0,1.653838383838384,19390289.64000001,94.69471214338726,43.53083434099154
22615,PACK OF 12 CIRCUS PARADE TISSUES,1145.8799999999999,3718,188,110,0.45116402116402116,2521.0,743.0,-1778.0,0.30819795589026355,19391435.52000001,94.70030818030911,43.548108481603045
72598,SET/12 TAPER CANDLES,1145.76,1244,158,74,1.1791304347826088,2522.0,1832.0,-690.0,0.9210289389067524,19392581.280000012,94.70590363119715,43.56538262221454
22040,BOTANICAL ROSE GIFT WRAP,1144.3,2815,94,82,0.41659574468085103,2523.0,953.0,-1570.0,0.4065008880994671,19393725.580000013,94.71149195200708,43.58265676282605
20932,PINK POT PLANT CANDLE,1143.97,333,81,54,4.717530864197531,2524.0,3139.0,615.0,3.4353453453453455,19394869.550000012,94.717078661224,43.59993090343755
84750B,BLACK SMALL GLASS CAKE STAND,1142.02,609,78,43,2.445128205128205,2525.0,2584.0,59.0,1.8752380952380951,19396011.57000001,94.7226558473914,43.61720504404906
22718,CARD CAT AND TREE,1141.36,2605,264,114,0.5665530303030303,2526.0,1031.0,-1495.0,0.4381420345489443,19397152.93000001,94.7282298103728,43.63447918466056
22786,CUSHION COVER PINK UNION JACK,1140.27,181,70,50,7.323055555555555,2527.0,3667.0,1140.0,6.299834254143646,19398293.20000001,94.73379845021368,43.65175332527207
21366,MIRRORED WALL ART PHOTO FRAMES,1140.0,238,77,24,6.046153846153847,2528.0,3458.0,930.0,4.7899159663865545,19399433.20000001,94.73936577147848,43.66902746588357
85110,BLACK SILVER FLOWER T-LIGHT HOLDER,1138.04,11520,23,17,0.6665217391304348,2529.0,189.0,-2340.0,0.09878819444444444,19400571.24000001,94.7449235208576,43.68630160649508
84596E,SMALL LICORICE DES PINK BOWL,1137.84,1127,201,90,1.2426600985221674,2530.0,1932.0,-598.0,1.0096184560780834,19401709.08000001,94.75048029351369,43.70357574710658
22731,3D STICKERS CHRISTMAS STAMPS,1137.0,940,34,34,1.2388235294117647,2531.0,2150.0,-381.0,1.2095744680851064,19402846.08000001,94.75603296393305,43.72084988771809
21942,SKULLS DESIGN FLANNEL,1136.28,1672,221,41,1.2536651583710408,2532.0,1504.0,-1028.0,0.6795933014354066,19403982.36000001,94.76158211814952,43.73812402832959
37424,WHITE WITH BLACK CATS MUG,1134.68,5249,108,28,1.2837037037037036,2533.0,516.0,-2017.0,0.21617069918079634,19405117.04000001,94.76712345858176,43.7553981689411
22230,JIGSAW TREE WITH WATERING CAN,1134.6399999999999,1657,193,96,0.944795918367347,2534.0,1516.0,-1018.0,0.6847555823777911,19406251.68000001,94.77266460366938,43.772672309552604
22715,CARD WEDDING DAY,1133.93,2717,218,125,0.5086697247706422,2535.0,995.0,-1540.0,0.4173463378726537,19407385.61000001,94.77820228139026,43.7899464501641
85118,HEART T-LIGHT HOLDER,1133.68,2054,81,55,1.2466666666666666,2536.0,1289.0,-1247.0,0.551937682570594,19408519.29000001,94.78373873820736,43.80722059077561
22598,CHRISTMAS MUSICAL ZINC TREE,1131.85,1790,144,82,0.7666438356164383,2537.0,1427.0,-1110.0,0.6323184357541899,19409651.14000001,94.78926625800874,43.82449473138711
21555,CERAMIC STRAWBERRY TRINKET TRAY,1131.3700000000001,425,134,38,3.057462686567164,2538.0,2920.0,382.0,2.66204705882353,19410782.510000013,94.79479143367485,43.84176887199862
21413,PERIWINKLE T-LIGHT HOLDER,1131.14,3162,52,25,1.6411538461538462,2539.0,865.0,-1674.0,0.35772928526249215,19411913.650000013,94.80031548610948,43.85904301261012
22739,"RIBBON REEL, XMAS SOCK/BAUBLE",1131.0,700,46,45,1.6456521739130436,2540.0,2455.0,-85.0,1.6157142857142857,19413044.650000013,94.80583885483797,43.87631715322163
23506,MINI PLAYING CARDS SPACEBOY,1129.1200000000001,2723,146,114,0.46264900662251657,2541.0,992.0,-1549.0,0.41466030113845026,19414173.770000014,94.81135304237,43.89359129383313
37482B,CUBIC MUG BLUE POLKA DOT,1127.9099999999999,1251,9,5,5.19,2542.0,1822.0,-720.0,0.9016067146282972,19415301.680000015,94.81686132072772,43.91086543444464
22255,FELT TOADSTOOL SMALL,1127.11,1185,142,73,1.1459310344827587,2543.0,1879.0,-664.0,0.9511476793248944,19416428.790000014,94.8223656921933,43.92813957505614
22985,"WRAP, BILLBOARD FONTS DESIGN",1126.22,2891,72,65,0.41777777777777775,2544.0,925.0,-1619.0,0.3895607056381875,19417555.010000013,94.82786571724141,43.94541371566765
21040,MODERN VINTAGE COTTON SHOPPING BAG,1125.85,894,68,43,2.4344927536231884,2545.0,2206.0,-339.0,1.2593400447427292,19418680.860000014,94.83336393535193,43.962687856279146
20700,GREEN CAT FLORAL CUSHION COVER,1125.05,420,103,11,5.4233980582524275,2546.0,2936.0,390.0,2.678690476190476,19419805.910000015,94.83885824657031,43.97996199689065
85124C,GREEN JUICY FRUIT PHOTO FRAME,1123.89,426,121,51,3.018099173553719,2547.0,2918.0,371.0,2.6382394366197186,19420929.800000016,94.84434689279514,43.99723613750216
20832,RED FLOCK LOVE HEART PHOTO FRAME,1122.6499999999999,1681,158,86,0.9326415094339622,2548.0,1499.0,-1049.0,0.6678465199286139,19422052.450000014,94.84982948333717,44.01451027811367
22252,BIRDCAGE DECORATION TEALIGHT HOLDER,1122.01,935,110,83,1.2398214285714286,2549.0,2160.0,-389.0,1.2000106951871659,19423174.460000016,94.85530894836555,44.03178441872517
22984,CARD GINGHAM ROSE,1121.29,2753,167,93,0.4780239520958084,2550.0,979.0,-1571.0,0.4072974936432982,19424295.750000015,94.86078489719098,44.04905855933667
85136A,YELLOW SHARK HELICOPTER,1121.28,138,106,64,8.127196261682244,2551.0,3860.0,1309.0,8.125217391304348,19425417.030000016,94.86626079718029,44.06633269994818
85224,ASSORTED COLOUR SILK GLASSES CASE,1120.96,2004,61,35,1.9365625,2552.0,1312.0,-1240.0,0.5593612774451098,19426537.990000017,94.87173513441275,44.08360684055968
23510,MINI PLAYING CARDS GYMKHANA,1118.8,2521,120,90,0.4972,2553.0,1058.0,-1495.0,0.4437921459738199,19427656.790000018,94.87719892303649,44.10088098117119
23411,TRELLIS COAT RACK,1118.6100000000001,227,56,42,5.844035087719298,2554.0,3493.0,939.0,4.9277973568281945,19428775.400000017,94.88266178377334,44.11815512178269
17096,ASSORTED LAQUERED INCENSE HOLDERS,1117.0900000000001,6240,76,25,0.3223684210526316,2555.0,414.0,-2141.0,0.17902083333333335,19429892.490000017,94.88811722141519,44.13542926239419
22287,"DECORATION , WOBBLY CHICKEN, METAL",1116.61,780,76,58,1.9717105263157895,2556.0,2341.0,-215.0,1.431551282051282,19431009.100000016,94.89357031492175,44.1527034030057
21746,SMALL RED SPOT WINDMILL,1116.44,852,76,45,1.6123076923076922,2557.0,2253.0,-304.0,1.3103755868544602,19432125.540000018,94.89902257821376,44.16997754361721
21010,ETCHED GLASS BIRD TREE DECORATION,1114.76,850,83,62,1.478705882352941,2558.0,2254.0,-304.0,1.3114823529411765,19433240.30000002,94.90446663703231,44.18725168422871
23513,EMBROIDERED RIBBON REEL SUSIE,1114.26,566,70,59,2.306,2559.0,2655.0,96.0,1.9686572438162544,19434354.56000002,94.9099082540433,44.20452582484021
47504H,ENGLISH ROSE SPIRIT LEVEL,1113.07,1028,140,81,2.128857142857143,2560.0,2044.0,-516.0,1.0827529182879376,19435467.63000002,94.91534405955227,44.221799965451716
20669,RED HEART LUGGAGE TAG,1111.89,797,214,103,1.595590909090909,2561.0,2319.0,-242.0,1.395094102885822,19436579.520000022,94.92077410239536,44.23907410606323
47593B,SCOTTIE DOGS BABY BIB,1108.9299999999998,2147,304,77,0.7474675324675325,2562.0,1234.0,-1328.0,0.5165020959478341,19437688.45000002,94.92618968973761,44.256348246674726
23433,HANGING QUILTED PATCHWORK APPLES,1108.5800000000002,1258,89,76,1.5002247191011233,2563.0,1815.0,-748.0,0.8812241653418125,19438797.03000002,94.93160356781458,44.27362238728623
84678,CLASSICAL ROSE SMALL VASE,1108.28,565,81,52,2.8865476190476187,2564.0,2657.0,93.0,1.9615575221238937,19439905.31000002,94.93701598080699,44.290896527897736
21707,FOLDING UMBRELLA BLACKBLUE POLKADOT,1107.94,230,103,61,4.879126213592233,2565.0,3483.0,918.0,4.817130434782609,19441013.250000022,94.94242673337027,44.30817066850924
84631,FRUIT TREE AND BIRDS WALL PLAQUE,1106.16,288,50,19,9.515999999999998,2566.0,3281.0,715.0,3.8408333333333338,19442119.410000023,94.9478287930986,44.32544480912075
21944,KITTENS DESIGN FLANNEL,1106.01,1789,204,53,1.1505853658536584,2567.0,1428.0,-1139.0,0.6182280603689212,19443225.420000024,94.95323012028463,44.34271894973225
21666,RIDGED GLASS T-LIGHT HOLDER,1105.15,1760,85,49,0.819186046511628,2568.0,1445.0,-1123.0,0.6279261363636364,19444330.570000023,94.95862724756164,44.35999309034376
22116,METAL SIGN HIS DINNER IS SERVED,1103.88,823,198,96,1.8223737373737372,2569.0,2286.0,-283.0,1.3412879708383962,19445434.45000002,94.96401817264741,44.37726723095526
21202,DOLLY HONEYCOMB GARLAND,1103.48,854,66,53,1.780151515151515,2570.0,2249.0,-321.0,1.2921311475409836,19446537.930000022,94.96940714428715,44.39454137156677
84638,SMALL KITCHEN FLOWER POTS PLAQUE,1101.55,400,69,27,7.495652173913044,2571.0,2975.0,404.0,2.753875,19447639.480000023,94.97478669054964,44.41181551217827
23375,50'S CHRISTMAS PAPER GIFT BAG,1100.6899999999998,1342,103,85,0.9369902912621358,2572.0,1749.0,-823.0,0.8201862891207152,19448740.170000024,94.98016203690311,44.42908965278977
47587A,PINK FAIRY CAKE COASTER,1099.88,2706,26,7,1.231153846153846,2573.0,1001.0,-1572.0,0.406459719142646,19449840.050000023,94.98553342752831,44.446363793401275
22709,WRAP WEDDING DAY,1099.58,2799,77,68,0.415064935064935,2574.0,958.0,-1616.0,0.3928474455162558,19450939.63000002,94.99090335306897,44.46363793401279
22679,FRENCH BLUE METAL DOOR SIGN 4,1099.34,816,175,59,1.6481142857142859,2575.0,2294.0,-281.0,1.3472303921568627,19452038.97000002,94.996272106542,44.480912074624285
21131,GOLD STANDING GNOME,1098.86,276,49,18,5.765599999999999,2576.0,3317.0,741.0,3.9813768115942025,19453137.83000002,95.00163851587973,44.49818621523579
21779,MA CAMPAGNE MINI WOODEN CHEST,1097.8000000000002,301,22,21,4.612272727272727,2577.0,3235.0,658.0,3.64717607973422,19454235.63000002,95.00699974858544,44.515460355847296
84358,FLOOR LAMP SHADE WOOD BASE,1097.48,121,29,11,12.642413793103447,2578.0,3929.0,1351.0,9.0700826446281,19455333.11000002,95.0123594185343,44.5327344964588
85212,MINI PAINTED GARDEN DECORATION,1096.56,2831,121,82,0.7305785123966941,2579.0,950.0,-1629.0,0.3873401624867538,19456429.67000002,95.01771459555722,44.550008637070306
37479B,CUBIC MUG FLOCK BLUE ON BROWN,1095.8500000000001,1253,32,20,3.110625,2580.0,1820.0,-760.0,0.8745810055865922,19457525.520000022,95.0230663052134,44.56728277768181
20892,SET/3 TALL GLASS CANDLE HOLDER PINK,1095.35,102,38,21,16.152894736842104,2581.0,4068.0,1487.0,10.738725490196078,19458620.870000023,95.028415573062,44.584556918293316
22997,TRAVEL CARD WALLET UNION JACK,1094.93,2545,222,101,0.49327354260089684,2582.0,1047.0,-1535.0,0.4302278978388998,19459715.800000023,95.03376278979225,44.601831058904814
84989A,75 GREEN FAIRY CAKE CASES,1093.42,2120,152,95,0.6855483870967742,2583.0,1247.0,-1336.0,0.5157641509433962,19460809.220000025,95.03910263226362,44.619105199516326
20867,PINK ROSE FABRIC MIRROR,1093.14,1098,153,68,1.3800645161290321,2584.0,1966.0,-618.0,0.9955737704918034,19461902.360000025,95.04444110732275,44.63637934012783
84968F,S/16 VINTAGE SKY BLUE CUTLERY,1092.42,84,51,23,13.50450980392157,2585.0,4213.0,1628.0,13.005,19462994.780000027,95.04977606617898,44.65365348073934
85093,CANDY SPOT EGG WARMER HARE,1091.21,1361,152,57,1.192549019607843,2586.0,1732.0,-854.0,0.8017707567964732,19464085.99000003,95.05510511586088,44.670927621350835
23087,ZINC HEART T-LIGHT HOLDER,1090.66,868,69,43,1.5915942028985506,2587.0,2232.0,-355.0,1.256520737327189,19465176.65000003,95.06043147955447,44.68820176196234
20755,BLUE PAISLEY POCKET BOOK,1089.73,5145,122,74,0.9081147540983606,2588.0,527.0,-2061.0,0.21180369290573373,19466266.38000003,95.06575330148594,44.70547590257385
21818,GLITTER HEART DECORATION,1088.59,2469,142,104,0.5535064935064935,2589.0,1075.0,-1514.0,0.4409031996759821,19467354.97000003,95.07106955609616,44.72275004318535
23432,PRETTY HANGING QUILTED HEARTS,1088.3600000000001,1276,74,65,1.3654054054054052,2590.0,1791.0,-799.0,0.8529467084639499,19468443.330000028,95.0763846874749,44.740024183796855
84791,GINGHAM HEART DECORATION,1086.13,334,106,66,3.791320754716981,2591.0,3134.0,543.0,3.2518862275449103,19469529.460000027,95.08168892839186,44.75729832440836
21839,MUMMY MOUSE RED GINGHAM RIBBON,1085.5900000000001,201,83,71,5.499036144578313,2592.0,3590.0,998.0,5.400945273631842,19470615.050000027,95.08699053215665,44.774572465019865
72815,3 WICK CHRISTMAS BRIAR CANDLE,1083.36,282,70,53,3.9998591549295774,2593.0,3307.0,714.0,3.841702127659574,19471698.410000026,95.09228124545966,44.79184660563137
23347,I LOVE LONDON BEAKER,1077.3,860,97,51,1.5569387755102042,2594.0,2245.0,-349.0,1.252674418604651,19472775.710000027,95.0975423640549,44.809120746242876
21817,GLITTER CHRISTMAS TREE,1077.19,1687,130,102,0.733037037037037,2595.0,1495.0,-1100.0,0.6385240071132188,19473852.90000003,95.10280294545248,44.82639488685438
21708,FOLDING UMBRELLA CREAM POLKADOT,1076.23,232,76,36,4.491168831168831,2596.0,3478.0,882.0,4.638922413793104,19474929.13000003,95.10805883857952,44.84366902746588
21632,VINTAGE PINK DECORATIVE PARASOL,1076.22,132,53,30,11.170377358490565,2597.0,3891.0,1294.0,8.15318181818182,19476005.350000028,95.1133146828704,44.86094316807739
23102,SILVER HEARTS TABLE DECORATION,1075.03,1274,157,128,0.970754716981132,2598.0,1794.0,-804.0,0.8438226059654631,19477080.38000003,95.11856471565926,44.878217308688896
21850,BLUE DIAMANTE PEN IN GIFT BOX,1072.98,447,106,29,3.891981132075472,2599.0,2869.0,270.0,2.4004026845637583,19478153.36000003,95.12380473703708,44.895491449300394
23041,PAPER LANTERN 9 POINT SNOW STAR,1070.58,246,48,40,4.6675,2600.0,3430.0,830.0,4.351951219512195,19479223.940000027,95.12903303773854,44.9127655899119
21391,FRENCH LAVENDER SCENT HEART,1070.29,1076,108,70,1.521181818181818,2601.0,1996.0,-605.0,0.9946933085501859,19480294.230000027,95.13425992219162,44.930039730523404
21758,VINTAGE SHELLS PRINT,1069.76,135,79,34,9.013417721518987,2602.0,3877.0,1275.0,7.924148148148148,19481363.99000003,95.13948421832866,44.94731387113491
85126,LARGE ROUND CUTGLASS CANDLESTICK,1069.16,156,34,22,7.093999999999999,2603.0,3776.0,1173.0,6.853589743589744,19482433.15000003,95.14470558429663,44.964588011746415
21827,EIGHT PIECE CREEPY CRAWLIE SET,1068.89,835,134,89,1.3648251748251747,2604.0,2273.0,-331.0,1.280107784431138,19483502.04000003,95.1499256316885,44.98186215235792
82001S,SILVER RECORD COVER FRAME,1067.76,287,26,13,5.2226923076923075,2605.0,3288.0,683.0,3.720418118466899,19484569.80000003,95.15514016059528,44.999136292969425
84559B,3D SHEET OF CAT STICKERS,1065.55,1199,195,97,1.0304060913705584,2606.0,1870.0,-736.0,0.8886989157631359,19485635.35000003,95.16034389671256,45.01641043358093
23331,DECORATIVE WICKER HEART SMALL,1062.28,1596,109,67,0.781578947368421,2607.0,1563.0,-1044.0,0.6655889724310777,19486697.630000032,95.16553166340834,45.033684574192435
85131D,BEADED CRYSTAL HEART PINK ON STICK,1061.41,1423,256,17,0.8424999999999999,2608.0,1688.0,-920.0,0.7458959943780745,19487759.040000033,95.17071518135893,45.05095871480394
22860,EASTER TIN CHICKS PINK DAISY,1060.85,612,111,85,1.9756756756756755,2609.0,2581.0,-28.0,1.7334150326797384,19488819.890000034,95.17589596448505,45.06823285541544
22740,POLKA DOT PEN,1060.8,1248,24,23,0.85,2610.0,1826.0,-784.0,0.85,19489880.690000035,95.1810765034304,45.08550699602695
22532,MAGIC DRAWING SLATE LEAP FROG,1060.78,2766,173,129,0.45499999999999996,2611.0,973.0,-1638.0,0.38350686912509035,19490941.470000036,95.18625694470346,45.102781136638455
21815,STAR T-LIGHT HOLDER,1060.24,679,92,58,1.8554255319148936,2612.0,2489.0,-123.0,1.5614727540500737,19492001.710000034,95.19143474882434,45.12005527724995
72800F,4 IVORY DINNER CANDLES GOLD FLOCK,1060.19,822,67,51,2.497391304347826,2613.0,2290.0,-323.0,1.2897688564476886,19493061.900000036,95.19661230876444,45.13732941786146
22856,ASSORTED EASTER DECORATIONS BELLS,1059.8500000000001,877,32,25,3.520625,2614.0,2225.0,-389.0,1.2084948688711519,19494121.750000037,95.20178820827543,45.154603558472964
23033,DRAWER KNOB CERAMIC RED,1058.8999999999999,714,74,42,1.814864864864865,2615.0,2431.0,-184.0,1.4830532212885152,19495180.650000036,95.206959468352,45.171877699084476
85008,SET OF 3 CONEY ISLAND OVAL BOXES,1058.72,269,99,77,5.2247,2616.0,3347.0,731.0,3.935762081784387,19496239.370000035,95.21212984937785,45.189151839695974
22995,TRAVEL CARD WALLET SUKI,1058.64,2381,266,90,0.5419402985074626,2617.0,1119.0,-1498.0,0.444619907601848,19497298.010000035,95.21729983971449,45.20642598030748
23516,EMBROIDERED RIBBON REEL SOPHIE,1058.6,296,42,39,3.848181818181818,2618.0,3253.0,635.0,3.576351351351351,19498356.610000037,95.22246963470653,45.223700120918984
85163A,WHITE BAROQUE WALL CLOCK,1058.17,103,57,35,12.29877192982456,2619.0,4058.0,1439.0,10.273495145631069,19499414.78000004,95.22763732974407,45.24097426153049
35651,VINTAGE BEAD PINK SCARF,1057.62,459,63,32,3.42234375,2620.0,2846.0,226.0,2.3041830065359474,19500472.40000004,95.23280233879325,45.258248402141994
85179B,WHITE BITTY LIGHT CHAIN,1056.6,246,45,33,5.192666666666667,2621.0,3430.0,809.0,4.295121951219512,19501529.00000004,95.23796236655502,45.2755225427535
23529,DOLLY GIRL WALL ART,1055.94,318,11,10,3.6090909090909093,2622.0,3184.0,562.0,3.320566037735849,19502584.940000042,95.24311917113077,45.292796683365005
16047,POP ART PEN CASE & PENS,1054.7,10612,31,21,0.9583870967741934,2623.0,213.0,-2410.0,0.09938748586505843,19503639.64000004,95.24826992002374,45.3100708239765
21399,BLUE POLKADOT COFFEE MUG,1054.46,2137,83,56,1.0873493975903614,2624.0,1239.0,-1385.0,0.49343004211511465,19504694.100000042,95.25341949684908,45.327344964588015
23402,HOME SWEET HOME 3 PEG HANGER,1053.53,271,64,44,4.49640625,2625.0,3339.0,714.0,3.887564575645756,19505747.630000044,95.25856453191234,45.34461910519952
21825,PAINTED METAL TREE WITH HOLLY BELLS,1053.1899999999998,733,75,62,1.546875,2626.0,2406.0,-220.0,1.436821282401091,19506800.820000045,95.26370790654644,45.36189324581102
84908B,BLUE 5 PATCH FLOWER CUSHION COVER,1052.29,435,35,2,5.516857142857143,2627.0,2892.0,265.0,2.4190574712643675,19507853.110000044,95.26884688592692,45.37916738642252
85078,SCANDINAVIAN 3 HEARTS NAPKIN RING,1052.02,2258,162,63,1.4968902439024392,2628.0,1186.0,-1442.0,0.4659078830823738,19508905.130000044,95.2739845467313,45.39644152703403
37327,ASSTD MULTICOLOUR CIRCLES MUG,1051.69,1740,89,42,1.6243478260869566,2629.0,1455.0,-1174.0,0.6044195402298851,19509956.820000045,95.27912059594269,45.41371566764553
20783,HEART EAR MUFF HEADPHONES,1051.4,166,56,20,7.508571428571429,2630.0,3737.0,1107.0,6.333734939759037,19511008.220000044,95.28425522890568,45.43098980825704
23327,HANGING CLEAR MINI BOTTLE,1051.1399999999999,1734,41,33,0.7871428571428571,2631.0,1460.0,-1171.0,0.6061937716262975,19512059.360000044,95.28938859212874,45.448263948868544
84965A,PINK KASHMIRI COFFEE TABLE,1050.0,20,3,2,40.0,2632.0,4992.0,2360.0,52.5,19513109.360000044,95.29451638803053,45.46553808948005
22857,ASSORTED EASTER GIFT TAGS,1048.28,1230,66,60,1.4554545454545456,2633.0,1844.0,-789.0,0.852260162601626,19514157.640000045,95.29963578411427,45.482812230091554
22821,GIFT BAG PSYCHEDELIC APPLES,1047.45,1660,186,83,0.7250537634408603,2634.0,1513.0,-1121.0,0.6309939759036145,19515205.090000045,95.30475112679746,45.50008637070306
21061,PARTY INVITES FOOTBALL,1046.56,1396,163,104,0.9699999999999999,2635.0,1713.0,-922.0,0.7496848137535816,19516251.650000043,95.30986212306314,45.517360511314564
84707A,SILVER JEWELLED MIRROR TRINKET TRAY,1045.8799999999999,125,64,36,10.487656249999999,2636.0,3915.0,1279.0,8.36704,19517297.530000042,95.31496979847053,45.53463465192606
84908A,PINK 5 PATCH FLOWER CUSHION COVER,1045.16,432,36,4,5.822222222222222,2637.0,2901.0,264.0,2.419351851851852,19518342.690000042,95.32007395767502,45.551908792537574
46775A,BUBBLE GUM CHUNKY KNITTED THROW,1044.23,83,32,3,14.045,2638.0,4223.0,1585.0,12.581084337349397,19519386.920000043,95.32517357511743,45.56918293314908
23419,HOME SWEET HOME BOTTLE,1043.72,473,86,56,2.6725581395348836,2639.0,2818.0,179.0,2.206596194503171,19520430.64000004,95.3302707019161,45.58645707376058
35646,VINTAGE BEAD PINK EVENING BAG,1043.44,642,104,37,2.324245283018868,2640.0,2549.0,-91.0,1.6252959501557633,19521474.080000043,95.33536646130256,45.60373121437208
18007,ESSENTIAL BALM 3.5G TIN IN ENVELOPE,1043.22,11396,72,40,0.242972972972973,2641.0,195.0,-2446.0,0.09154264654264654,19522517.30000004,95.34046114629368,45.62100535498359
23542,70'S ALPHABET WALL ART,1043.1,150,15,14,7.986,2642.0,3795.0,1153.0,6.954,19523560.400000043,95.34555524525096,45.6382794955951
84405A,S/3 PINK COL METAL BASKET W HANDLE,1042.16,129,50,40,11.7106,2643.0,3902.0,1259.0,8.078759689922482,19524602.560000043,95.35064475361004,45.6555536362066
22266,EASTER DECORATION HANGING BUNNY,1040.11,2542,161,101,0.6852352941176472,2644.0,1048.0,-1596.0,0.40916994492525566,19525642.670000043,95.35572425055804,45.6728277768181
23231,WRAP VINTAGE DOILY,1039.08,2474,94,80,0.42,2645.0,1072.0,-1573.0,0.42,19526681.75000004,95.36079871738245,45.69010191742961
20671,BLUE TEATIME PRINT BOWL,1038.72,786,143,70,1.5767832167832168,2646.0,2334.0,-312.0,1.321526717557252,19527720.47000004,95.3658714261054,45.70737605804111
85124A,PINK JUICY FRUIT PHOTO FRAME,1037.13,377,95,43,3.2044210526315786,2647.0,3029.0,382.0,2.751007957559682,19528757.60000004,95.37093636988028,45.72465019865262
21269,ANTIQUE CREAM CUTLERY SHELF,1036.84,114,65,52,9.41323076923077,2648.0,3980.0,1332.0,9.095087719298245,19529794.44000004,95.37599989740677,45.74192433926412
21725,SWEETIES STICKERS,1036.4299999999998,1135,173,81,1.1497701149425288,2649.0,1923.0,-726.0,0.9131541850220263,19530830.87000004,95.38106142265104,45.75919847987562
20622,VIPPASSPORT COVER,1033.55,539,111,54,2.674144144144144,2650.0,2708.0,58.0,1.9175324675324674,19531864.42000004,95.38610888308372,45.77647262048713
23088,ZINC HEART FLOWER T-LIGHT HOLDER,1033.28,795,79,52,1.627594936708861,2651.0,2322.0,-329.0,1.2997232704402515,19532897.70000004,95.3911550249403,45.79374676109864
85160B,BLACK BIRD GARDEN DESIGN MUG,1032.7,6155,36,28,3.282162162162162,2652.0,427.0,-2225.0,0.16778229082047116,19533930.40000004,95.39619833430008,45.811020901710144
21664,RIDGED GLASS STORAGE JAR CREAM LID,1031.07,258,67,44,4.253970588235294,2653.0,3385.0,732.0,3.996395348837209,19534961.47000004,95.4012336833672,45.82829504232164
84686,BEACH HUT MIRROR,1027.79,389,76,33,5.956842105263158,2654.0,2998.0,344.0,2.642133676092545,19535989.26000004,95.40625301417663,45.84556918293315
85104,SILVER GLASS T-LIGHT SET,1024.49,351,56,40,3.1303389830508475,2655.0,3096.0,441.0,2.918774928774929,19537013.750000037,95.41125622905606,45.86284332354465
84625C,BLUE NEW BAROQUE CANDLESTICK CANDLE,1024.15,770,71,29,2.6590140845070422,2656.0,2352.0,-304.0,1.3300649350649352,19538037.900000036,95.41625778350637,45.88011746415616
82616C,MIDNIGHT GLAMOUR SCARF KNITTING KIT,1024.1,632,142,57,2.1964084507042254,2657.0,2561.0,-96.0,1.6204113924050632,19539062.000000037,95.42125909377592,45.89739160476766
21417,COCKLE SHELL DISH,1023.9,502,118,41,3.0267796610169495,2658.0,2762.0,104.0,2.0396414342629483,19540085.900000036,95.42625942732242,45.91466574537917
35923,CANDY HEART HANGING DECORATION,1023.77,1545,112,51,1.2692920353982302,2659.0,1594.0,-1065.0,0.6626343042071198,19541109.670000035,95.43125912599898,45.93193988599067
22247,BUNNY DECORATION MAGIC GARDEN,1022.79,1184,182,86,1.0458288770053477,2660.0,1880.0,-780.0,0.8638429054054054,19542132.460000034,95.43625403873268,45.94921402660218
22382,LUNCHBAG SPACEBOY DESIGN,1022.6,644,45,44,1.641111111111111,2661.0,2544.0,-117.0,1.587888198757764,19543155.060000036,95.44124802357952,45.96648816721368
85180B,PINK HEARTS LIGHT CHAIN,1022.16,364,67,29,4.16695652173913,2662.0,3063.0,401.0,2.808131868131868,19544177.220000036,95.44623985963568,45.98376230782519
23452,HEART MINI PORTRAIT FRAME,1021.76,518,87,69,2.07183908045977,2663.0,2736.0,73.0,1.9725096525096526,19545198.980000038,95.4512297422458,46.001036448436686
23153,ZINC SWEETHEART WIRE LETTER RACK,1020.69,263,90,67,4.236666666666666,2664.0,3364.0,700.0,3.8809505703422054,19546219.67000004,95.45621439938772,46.0183105890482
22717,CARD DOG AND BALL,1018.42,2405,215,118,0.5398139534883721,2665.0,1102.0,-1563.0,0.42345945945945945,19547238.09000004,95.46118797072324,46.0355847296597
84985A,SET OF 72 GREEN PAPER DOILIES,1018.13,644,153,95,1.7670322580645161,2666.0,2544.0,-122.0,1.5809472049689441,19548256.22000004,95.46616012581039,46.0528588702712
20839,FRENCH PAISLEY CUSHION COVER,1018.11,633,118,53,2.5029661016949154,2667.0,2558.0,-109.0,1.6083886255924171,19549274.33000004,95.47113218322522,46.07013301088271
84923,PINK BUTTERFLY HANDBAG W BOBBLES,1017.64,234,150,5,4.34,2668.0,3466.0,798.0,4.348888888888889,19550291.97000004,95.47610194534093,46.08740715149421
85031C,CURIOUS IMAGES SCRAP BOOK SET,1017.48,481,106,23,3.508317757009346,2669.0,2799.0,130.0,2.1153430353430354,19551309.45000004,95.48107092607823,46.104681292105724
21814,HEART T-LIGHT HOLDER,1016.53,670,95,59,1.8188888888888888,2670.0,2507.0,-163.0,1.5172089552238806,19552325.98000004,95.48603526738113,46.12195543271722
85099f,JUMBO BAG STRAWBERRY,1016.3599999999999,201,25,0,5.056,2671.0,3590.0,919.0,5.056517412935323,19553342.34000004,95.49099877846946,46.13922957332873
23544,WALL ART MID CENTURY MODERN,1015.78,164,20,17,7.523000000000001,2672.0,3748.0,1076.0,6.193780487804878,19554358.120000042,95.495959457061,46.15650371394023
22049,WRAP CHRISTMAS SCREEN PRINT,1015.75,3500,114,95,0.296,2673.0,788.0,-1885.0,0.2902142857142857,19555373.870000042,95.5009199891441,46.17377785455174
22420,LIPSTICK PEN BABY PINK,1014.75,2111,234,111,0.5855416666666666,2674.0,1251.0,-1423.0,0.48069635243960207,19556388.620000042,95.50587563761205,46.19105199516324
84709B,PINK OVAL JEWELLED MIRROR,1014.48,176,86,32,5.925287356321839,2675.0,3687.0,1012.0,5.76409090909091,19557403.100000042,95.51082996750391,46.20832613577475
20619,TROPICAL PASSPORT COVER,1014.42,582,196,46,2.3176020408163267,2676.0,2632.0,-44.0,1.7429896907216493,19558417.520000044,95.51578400437887,46.225600276386245
84596L,BISCUITS SMALL BOWL LIGHT BLUE,1013.9599999999999,1536,255,78,0.9655686274509804,2677.0,1602.0,-1075.0,0.6601302083333332,19559431.480000045,95.52073579479085,46.24287441699775
20730,STRAWBERRY CANDY BAG,1011.7,2218,102,34,1.0862745098039215,2678.0,1204.0,-1474.0,0.456131650135257,19560443.180000044,95.5256765482326,46.26014855760926
23525,WALL ART BUFFALO BILL,1011.1,334,37,24,4.367837837837838,2679.0,3134.0,455.0,3.027245508982036,19561454.280000046,95.53061437150528,46.27742269822077
22681,FRENCH BLUE METAL DOOR SIGN 6,1009.42,755,138,49,1.6056737588652483,2680.0,2365.0,-315.0,1.336980132450331,19562463.700000048,95.53554399030452,46.294696838832266
21084,SET/6 COLLAGE PAPER CUPS,1008.8100000000001,2929,223,113,0.5650660792951542,2681.0,920.0,-1761.0,0.3444213041993855,19563472.510000046,95.5404706300985,46.31197097944377
47589,CONGRATULATIONS BUNTING,1008.73,183,76,59,5.597792207792208,2682.0,3659.0,977.0,5.512185792349727,19564481.240000047,95.54539687920327,46.329245120055276
84929,ASSTD FRUIT+FLOWERS FRIDGE MAGNETS,1007.52,3096,93,82,0.3666666666666667,2683.0,885.0,-1798.0,0.32542635658914726,19565488.760000046,95.55031721913372,46.34651926066678
23460,SWEETHEART WALL TIDY,1007.0799999999999,108,43,41,9.900930232558139,2684.0,4016.0,1332.0,9.324814814814815,19566495.840000045,95.5552354102735,46.363793401278286
22643,SET OF 4 NAPKIN CHARMS LEAVES,1006.24,464,96,72,2.395208333333333,2685.0,2836.0,151.0,2.1686206896551723,19567502.080000043,95.56014949917656,46.38106754188979
22416,36 DOILIES SPACEBOY DESIGN,1005.37,709,56,49,1.5557142857142858,2686.0,2443.0,-243.0,1.4180112834978844,19568507.450000044,95.56505933933445,46.39834168250129
21836,GINGHAM OVEN GLOVE RED HEART,1003.89,249,100,77,4.3678217821782175,2687.0,3420.0,733.0,4.031686746987952,19569511.340000045,95.56996195174193,46.4156158231128
23121,PACK OF 6 COCKTAIL PARASOL STRAWS,1000.44,2501,111,81,0.5528448275862069,2688.0,1064.0,-1624.0,0.400015993602559,19570511.780000046,95.57484771567717,46.43288996372431
21427,SKULLS STORAGE BOX SMALL,999.06,507,119,55,3.0454166666666667,2689.0,2755.0,66.0,1.970532544378698,19571510.840000045,95.57972674022349,46.45016410433581
23533,WALL ART GARDEN HAVEN,998.64,215,36,27,6.166944444444445,2690.0,3537.0,847.0,4.644837209302326,19572509.480000045,95.58460371365146,46.46743824494731
21127,COLOURFUL FISHING GNOME,998.03,297,48,25,7.336600000000001,2691.0,3248.0,557.0,3.3603703703703705,19573507.510000046,95.58947770807418,46.484712385558815
21250,SET OF SKULL WALL STICKERS,997.5500000000001,402,60,47,3.229,2692.0,2973.0,281.0,2.4814676616915423,19574505.060000047,95.59434935836165,46.50198652617033
23517,EMBROIDERED RIBBON REEL REBECCA,996.38,334,63,50,3.4480952380952385,2693.0,3134.0,441.0,2.9831736526946107,19575501.440000046,95.5992152948194,46.519260666781825
20705,MRS ROBOT SOFT TOY,996.19,273,53,47,5.42622641509434,2694.0,3329.0,635.0,3.6490476190476193,19576497.630000047,95.60408030339026,46.53653480739333
23131,MISELTOE HEART WREATH CREAM,996.0,240,1,1,4.15,2695.0,3447.0,752.0,4.15,19577493.630000047,95.60894438407425,46.553808948004836
20782,CAMOUFLAGE EAR MUFF HEADPHONES,995.48,155,87,39,6.8659770114942535,2696.0,3781.0,1085.0,6.422451612903226,19578489.110000048,95.61380592527836,46.57108308861634
85170C,SET/6 EAU DE NIL BIRD T-LIGHTS,993.03,543,107,40,2.799626168224299,2697.0,2701.0,4.0,1.8287845303867403,19579482.14000005,95.61865550162537,46.588357229227846
20617,FIRST CLASS PASSPORT COVER,992.99,498,105,59,2.3980952380952383,2698.0,2767.0,69.0,1.9939558232931727,19580475.130000047,95.62350488262777,46.60563136983935
72484,ROSES IN WHITE HEART CANDLE,991.38,1818,64,45,1.21,2699.0,1411.0,-1288.0,0.5453135313531353,19581466.510000046,95.62834640100978,46.622905510450856
21690,SILVER CANDLEPOT JARDIN,990.84,258,82,65,3.9595454545454545,2700.0,3385.0,685.0,3.84046511627907,19582457.350000046,95.63318528223962,46.64017965106236
21721,CANDY SHOP STICKER SHEET,990.5,1090,144,73,1.1454109589041095,2701.0,1979.0,-722.0,0.9087155963302752,19583447.850000046,95.6380225030403,46.657453791673866
84964B,BLUE PAINTED KASHMIRI TABLE,990.0,17,2,2,45.0,2702.0,5056.0,2354.0,58.23529411764706,19584437.850000046,95.64285728203342,46.67472793228537
21335,LIBRARY LAMP,989.62,42,28,17,25.33285714285714,2703.0,4641.0,1938.0,23.562380952380952,19585427.470000047,95.6476902052528,46.69200207289687
84660C,PINK STITCHED WALL CLOCK,987.98,725,85,29,3.6374117647058823,2704.0,2415.0,-289.0,1.3627310344827586,19586415.450000048,95.65251511934333,46.709276213508375
23281,FOLDING BUTTERFLY MIRROR RED,985.8800000000001,1262,99,56,0.9833333333333333,2705.0,1806.0,-899.0,0.7812044374009509,19587401.330000047,95.65732977784204,46.72655035411989
21636,MADRAS NOTEBOOK MEDIUM,985.74,1014,98,74,1.4927722772277225,2706.0,2057.0,-649.0,0.9721301775147929,19588387.070000045,95.66214375263463,46.74382449473139
82613B,"METAL SIGN,CUPCAKE SINGLE HOOK",985.5699999999999,896,223,73,1.724170403587444,2707.0,2200.0,-507.0,1.0999665178571427,19589372.640000045,95.66695689721266,46.76109863534289
21303,FILIGREE WALL MIRROR ANTIQUE WHITE,985.54,96,30,24,15.434666666666667,2708.0,4140.0,1432.0,10.266041666666666,19590358.180000044,95.67176989528224,46.778372775954395
85025B,EAU DE NILE HEART SHAPE PHOTO FRAME,985.4,570,95,55,2.1439795918367346,2709.0,2648.0,-61.0,1.7287719298245614,19591343.580000043,95.67658220964567,46.7956469165659
35958,FOLKART ZINC STAR CHRISTMAS DEC,984.63,1131,82,58,0.9695180722891567,2710.0,1926.0,-784.0,0.8705835543766578,19592328.210000042,95.68139076362547,46.812921057177405
17021,NAMASTE SWAGAT INCENSE,984.24,3720,76,45,0.2949397590361446,2711.0,740.0,-1971.0,0.2645806451612903,19593312.45000004,95.68619741299534,46.83019519778891
35653,VINTAGE BEAD NOTEBOOK,982.5300000000001,311,113,42,3.7116814159292035,2712.0,3209.0,497.0,3.159260450160772,19594294.98000004,95.69099571138334,46.847469338400415
85019B,BLOSSOM IMAGES NOTEBOOK SET,982.47,718,47,31,2.304255319148936,2713.0,2425.0,-288.0,1.3683426183844012,19595277.45000004,95.69579371675442,46.86474347901191
23518,EMBROIDERED RIBBON REEL RACHEL,980.41,361,44,40,3.0959090909090907,2714.0,3068.0,354.0,2.7158171745152355,19596257.86000004,95.70058166187829,46.882017619623426
84030e,ENGLISH ROSE HOT WATER BOTTLE,979.4000000000001,120,46,0,8.486326530612244,2715.0,3935.0,1220.0,8.161666666666667,19597237.26000004,95.70536467455088,46.89929176023493
22108,PING! MICROWAVE PLATE,978.74,313,128,34,3.543515625,2716.0,3202.0,486.0,3.126964856230032,19598216.000000037,95.71014446403746,46.916565900846436
82616B,FRAPPUCINO SCARF KNITTING KIT,977.5500000000001,606,126,57,2.211796875,2717.0,2591.0,-126.0,1.6131188118811883,19599193.550000038,95.71491844202204,46.933840041457934
23514,EMBROIDERED RIBBON REEL SALLY,977.39,478,74,57,2.349189189189189,2718.0,2807.0,89.0,2.0447489539748953,19600170.94000004,95.71969163862818,46.95111418206944
21208,PASTEL COLOUR HONEYCOMB FAN,976.91,1083,121,65,1.626341463414634,2719.0,1989.0,-730.0,0.9020406278855032,19601147.85000004,95.72446249109906,46.96838832268095
23512,EMBROIDERED RIBBON REEL ROSIE,975.24,500,57,46,2.3164912280701753,2720.0,2765.0,45.0,1.95048,19602123.090000037,95.72922518793263,46.98566246329245
35599B,BLACK CHRISTMAS TREE 120CM,974.81,268,51,26,5.7886274509803926,2721.0,3350.0,629.0,3.6373507462686567,19603097.900000036,95.73398578481171,47.002936603903954
22310,KNITTED MUG COSY IVORY COLOUR,973.59,597,58,20,2.500862068965517,2722.0,2604.0,-118.0,1.6308040201005025,19604071.490000036,95.7387404236803,47.02021074451546
84873a,FUNKY FLOWER PICNIC BAG FOR 4,973.36,88,59,0,11.064745762711864,2723.0,4189.0,1466.0,11.06090909090909,19605044.850000035,95.7434939393174,47.037484885126965
71279,PINK GLASS CANDLEHOLDER,972.1100000000001,293,78,34,3.8759493670886074,2724.0,3266.0,542.0,3.3177815699658706,19606016.960000034,95.74824135043558,47.05475902573847
84800L,LARGE WHITE/PINK ROSE ART FLOWER,970.7900000000001,650,38,32,1.861842105263158,2725.0,2536.0,-189.0,1.493523076923077,19606987.750000034,95.75298231518177,47.072033166349975
21562,HAWAIIAN GRASS SKIRT,970.2800000000001,678,73,47,1.8506756756756755,2726.0,2491.0,-235.0,1.4310914454277288,19607958.030000035,95.75772078928424,47.08930730696148
85018D,YULETIDE IMAGES S/6 PAPER BOXES,969.9,787,80,57,2.195125,2727.0,2333.0,-394.0,1.2324015247776365,19608927.930000033,95.76245740761294,47.10658144757298
78124,MAGAZINE RACK GEBRA ASSORTED,969.61,730,31,25,1.8825806451612903,2728.0,2410.0,-318.0,1.3282328767123288,19609897.540000033,95.76719260969327,47.12385558818449
22104,MIRROR MOSAIC CANDLE PLATE,968.0799999999999,1187,99,31,1.5765656565656565,2729.0,1876.0,-853.0,0.8155686604886268,19610865.62000003,95.77192033984241,47.141129728795995
85189,HANGING BUTTERFLY EGG,967.9499999999999,1176,68,53,0.9401449275362319,2730.0,1888.0,-842.0,0.8230867346938775,19611833.57000003,95.77664743512159,47.15840386940749
23183,MOTHER'S KITCHEN SPOON REST,967.17,226,84,45,4.879411764705883,2731.0,3496.0,765.0,4.279513274336283,19612800.740000032,95.78137072118096,47.175678010019
21299,EDWARDIAN TOILET ROLL UNIT,966.35,166,34,25,11.016176470588235,2732.0,3737.0,1005.0,5.821385542168675,19613767.090000033,95.78609000267592,47.192952150630504
20830,SILVER PHOTO FRAME,964.61,407,82,36,2.990722891566265,2733.0,2965.0,232.0,2.37004914004914,19614731.700000033,95.7908007866805,47.210226291242016
90175A,WHITE GLASS CHUNKY CHARM BRACELET,964.45,107,62,20,9.030806451612902,2734.0,4026.0,1292.0,9.01355140186916,19615696.150000032,95.79551078930668,47.227500431853514
20773,BLUE PAISLEY NOTEBOOK,963.98,3339,117,78,1.7422499999999999,2735.0,832.0,-1903.0,0.2887032045522612,19616660.130000032,95.80021849663373,47.24477457246502
23107,WHITE HEARTS WIRE PLANT POT HOLDER,963.27,343,71,58,3.2097183098591553,2736.0,3115.0,379.0,2.8083673469387755,19617623.400000032,95.80492273659405,47.262048713076524
20774,GREEN FERN NOTEBOOK,962.48,3484,119,68,1.7389999999999999,2737.0,794.0,-1943.0,0.2762571756601607,19618585.880000032,95.8096231184984,47.27932285368803
22682,FRENCH BLUE METAL DOOR SIGN 7,961.81,735,130,55,1.5412213740458016,2738.0,2402.0,-336.0,1.3085850340136054,19619547.69000003,95.81432022838058,47.296596994299534
21691,SILVER VANILLA FLOWER CANDLE POT,960.99,249,72,56,3.9889873417721518,2739.0,3420.0,681.0,3.859397590361446,19620508.68000003,95.81901333369835,47.31387113491104
85197,SET OF 12 MINI BUNNIES IN A BUCKET,959.46,1669,74,63,2.0594736842105266,2740.0,1507.0,-1233.0,0.5748711803475135,19621468.14000003,95.82369896708495,47.33114527552254
85130D,BEADED CRYSTAL HEART PINK LARGE,958.8499999999999,788,107,63,1.7815454545454545,2741.0,2332.0,-409.0,1.2168147208121827,19622426.990000032,95.82838162146632,47.34841941613405
72753B,S/3 FLWR FAIRY LAVENDER CANDLES,957.73,445,14,11,3.3414285714285716,2742.0,2873.0,131.0,2.152202247191011,19623384.720000032,95.83305880619872,47.365693556745555
21805,WHITE CHRISTMAS TREE DECORATION,957.63,2221,103,77,0.5065714285714286,2743.0,1201.0,-1542.0,0.43117064385411974,19624342.35000003,95.83773550256961,47.38296769735706
22994,TRAVEL CARD WALLET RETROSPOT,956.94,2194,218,89,0.5283105022831049,2744.0,1213.0,-1531.0,0.4361622607110301,19625299.290000033,95.84240882924605,47.40024183796856
84360,TABLE LAMP WHITE SHADE WOOD BASE,956.89,179,40,14,6.240243902439024,2745.0,3677.0,932.0,5.345754189944134,19626256.180000033,95.84708191174174,47.41751597858006
22512,DOORSTOP RACING CAR DESIGN,956.1700000000001,386,73,54,3.5315068493150688,2746.0,3006.0,260.0,2.4771243523316064,19627212.350000035,95.85175147803453,47.434790119191575
23529,WALL ART DOLLY GIRL,956.0500000000002,319,26,18,4.647307692307693,2747.0,3180.0,433.0,2.9970219435736682,19628168.400000036,95.85642045829348,47.45206425980307
22246,MAGIC GARDEN FELT GARLAND,955.5899999999999,425,93,32,2.836021505376344,2748.0,2920.0,172.0,2.2484470588235292,19629123.990000036,95.86108719208949,47.46933840041458
23380,PACK OF 12 VINTAGE DOILY TISSUES,955.42,2272,119,85,0.48677685950413224,2749.0,1181.0,-1568.0,0.42051936619718305,19630079.410000037,95.86575309567091,47.48661254102608
84664,CHERRY BLOSSOM BATHROOM CABINET,955.35,193,51,17,4.95,2750.0,3625.0,875.0,4.95,19631034.76000004,95.87041865739928,47.50388668163759
85111,SILVER GLITTER FLOWER VOTIVE HOLDER,954.15,2907,77,50,0.7558974358974359,2751.0,924.0,-1827.0,0.3282249742002064,19631988.910000037,95.87507835878945,47.521160822249094
20758,ABSTRACT CIRCLES POCKET BOOK,953.42,5425,95,61,0.8189690721649484,2752.0,494.0,-2258.0,0.17574562211981565,19632942.33000004,95.8797344951406,47.5384349628606
85032B,BLOSSOM IMAGES GIFT WRAP SET,953.34,982,152,95,1.265657894736842,2753.0,2097.0,-656.0,0.9708146639511201,19633895.67000004,95.88439024080252,47.555709103472104
21711,FOLDING UMBRELLA WHITE/RED SPOT,953.0,262,28,24,4.902142857142857,2754.0,3371.0,617.0,3.6374045801526718,19634848.67000004,95.88904432603529,47.5729832440836
21060,PARTY INVITES BALLOON GIRL,952.55,1276,151,102,0.940794701986755,2755.0,1791.0,-964.0,0.746512539184953,19635801.22000004,95.89369621364125,47.590257384695114
20878,SET/9 CHRISTMAS T-LIGHTS SCENTED,952.51,737,85,61,1.4786206896551723,2756.0,2399.0,-357.0,1.2924151967435549,19636753.73000004,95.8983479059026,47.60753152530662
17012C,ORIGAMI LAVENDER INCENSE/CANDL SET,950.4,856,113,47,2.016725663716814,2757.0,2247.0,-510.0,1.1102803738317757,19637704.13000004,95.90298929373598,47.62480566591812
21129,SILVER FISHING GNOME,949.44,124,60,24,9.0145,2758.0,3916.0,1158.0,7.6567741935483875,19638653.57000004,95.90762599329885,47.64207980652962
37492B,BLUE YELLOW FLOWER PIGGY BANK,946.7199999999999,489,44,33,3.6697727272727274,2759.0,2786.0,27.0,1.9360327198364007,19639600.29000004,95.91224940942851,47.65935394714113
21331,MOROCCAN BEATEN METAL DISH LARGE,946.68,110,30,23,14.569333333333333,2760.0,4001.0,1241.0,8.606181818181819,19640546.97000004,95.91687263021356,47.67662808775263
85032C,CURIOUS IMAGES GIFT WRAP SET,946.59,886,161,85,1.3662345679012344,2761.0,2209.0,-552.0,1.0683860045146727,19641493.56000004,95.92149541147324,47.69390222836414
21641,ASSORTED TUTTI FRUTTI KEYRING BALL,946.31,1666,111,43,1.2257657657657657,2762.0,1510.0,-1252.0,0.5680132052821129,19642439.87000004,95.92611682532069,47.71117636897564
22939,ADULT APRON APPLE DELIGHT,945.88,184,45,32,6.362,2763.0,3655.0,892.0,5.140652173913043,19643385.750000037,95.93073613921364,47.72845050958715
20778,GARDEN PATH NOTEBOOK,944.3599999999999,3611,90,66,1.808021978021978,2764.0,764.0,-2000.0,0.26152312378842424,19644330.110000037,95.93534803001155,47.74572465019865
22986,WRAP GINGHAM ROSE,943.92,2276,82,69,0.41926829268292676,2765.0,1179.0,-1586.0,0.4147275922671353,19645274.03000004,95.93995777201881,47.76299879081016
22529,MAGIC DRAWING SLATE GO TO THE FAIR,943.71,2341,153,114,0.4566233766233766,2766.0,1145.0,-1621.0,0.40312259718069204,19646217.74000004,95.9445664884669,47.78027293142166
85031A,ROMANTIC IMAGES SCRAP BOOK SET,943.44,477,102,36,3.543627450980392,2767.0,2808.0,41.0,1.977861635220126,19647161.18000004,95.94917388633888,47.79754707203316
22143,CHRISTMAS CRAFT HEART DECORATIONS,942.88,446,70,51,2.5798591549295775,2768.0,2871.0,103.0,2.1140807174887892,19648104.06000004,95.9537785493864,47.814821212644674
20998,ROSE DU SUD OVEN GLOVE,942.2600000000001,324,127,52,2.9443307086614174,2769.0,3166.0,397.0,2.9082098765432103,19649046.32000004,95.95838018459251,47.83209535325618
22096,PINK PAISLEY SQUARE TISSUE BOX,938.86,1667,180,129,0.9154594594594594,2770.0,1508.0,-1262.0,0.5632033593281344,19649985.18000004,95.96296521550714,47.849369493867684
85124B,BLUE JUICY FRUIT PHOTO FRAME,938.47,353,102,45,2.982647058823529,2771.0,3092.0,321.0,2.658555240793201,19650923.65000004,95.96754834181185,47.86664363447918
90147,CHUNKY SILVER NECKLACE PASTEL FLOWE,937.4499999999999,93,58,24,10.15508474576271,2772.0,4164.0,1392.0,10.08010752688172,19651861.10000004,95.97212648682913,47.88391777509069
84817,DANISH ROSE DECORATIVE PLATE,937.44,1059,79,70,1.6346250000000002,2773.0,2014.0,-759.0,0.8852124645892352,19652798.54000004,95.97670458301025,47.9011919157022
84905,PINK BUTTERFLY CUSHION COVER,937.09,259,99,16,4.873434343434343,2774.0,3382.0,608.0,3.618108108108108,19653735.63000004,95.98128096992606,47.9184660563137
23178,JAM CLOCK MAGNET,936.89,327,68,50,3.360294117647059,2775.0,3150.0,375.0,2.8651070336391435,19654672.52000004,95.98585638011886,47.9357401969252
85121B,RETRO LAUNDRY TUB PINK,936.74,86,48,27,12.071875,2776.0,4204.0,1428.0,10.89232558139535,19655609.26000004,95.99043105776937,47.95301433753671
23540,WALL ART THE MAGIC FOREST,933.16,148,13,8,8.537692307692309,2777.0,3806.0,1029.0,6.305135135135135,19656542.42000004,95.99498825207768,47.97028847814821
85226A,WHITE/BLUE PULL BACK RACING CAR,933.07,1714,144,95,0.7360264900662251,2778.0,1477.0,-1301.0,0.5443815635939323,19657475.49000004,95.99954500686061,47.98756261875972
47504E,ENGLISH ROSE SCISSORS,931.86,4387,48,31,1.849375,2779.0,631.0,-2148.0,0.2124139503077274,19658407.35000004,96.00409585246922,48.00483675937122
21726,MULTI HEARTS STICKERS,930.99,1077,155,93,0.9734177215189872,2780.0,1994.0,-786.0,0.8644289693593314,19659338.340000037,96.00864244933265,48.02211089998273
23179,CLOCK MAGNET MUM'S KITCHEN,930.48,324,53,36,3.5243396226415094,2781.0,3166.0,385.0,2.871851851851852,19660268.820000038,96.01318655555237,48.039385040594226
21720,CAKE SHOP STICKER SHEET,929.81,1068,112,73,1.0295535714285715,2782.0,2006.0,-776.0,0.8706086142322097,19661198.630000036,96.01772738974994,48.05665918120574
21880,RED RETROSPOT TAPE,928.9000000000001,2000,258,95,0.518996138996139,2783.0,1316.0,-1467.0,0.46445000000000003,19662127.530000035,96.02226377985771,48.07393332181724
21014,SWISS CHALET TREE DECORATION,928.0899999999999,1850,189,91,0.8054123711340206,2784.0,1386.0,-1398.0,0.5016702702702702,19663055.620000035,96.02679621423722,48.09120746242874
20831,GOLD PHOTO FRAME,927.96,474,79,34,2.722625,2785.0,2817.0,32.0,1.9577215189873418,19663983.580000035,96.03132801374677,48.10848160304025
20775,DAISY NOTEBOOK,926.54,3604,112,43,1.7398230088495574,2786.0,766.0,-2020.0,0.2570865704772475,19664910.120000035,96.03585287852282,48.12575574365175
84918,CREAM CUSHION COVER WITH FLOWERS,925.62,198,60,13,6.020666666666667,2787.0,3611.0,824.0,4.674848484848485,19665835.740000036,96.04037325037294,48.14302988426326
23099,FRENCH CARRIAGE LANTERN,925.35,137,58,46,7.039152542372881,2788.0,3868.0,1080.0,6.754379562043796,19666761.090000037,96.04489230364696,48.16030402487476
23527,ANIMALS AND NATURE WALL ART,923.97,267,17,16,3.6958823529411764,2789.0,3354.0,565.0,3.460561797752809,19667685.060000036,96.04940461753208,48.17757816548627
21284,RETROSPOT CANDLE SMALL,923.97,1139,80,55,1.6502500000000002,2789.0,1919.0,-870.0,0.8112115891132573,19668609.030000035,96.05391693141719,48.19485230609777
82607A,GLASS BONBON JAR PARFUME AUX FLEURE,923.72,663,159,65,1.8113207547169812,2791.0,2517.0,-274.0,1.3932428355957769,19669532.750000034,96.05842802439852,48.21212644670928
84341B,SMALL PINK MAGIC CHRISTMAS TREE,922.18,1757,121,79,0.8920799999999999,2792.0,1449.0,-1343.0,0.5248605577689243,19670454.930000033,96.06293159661254,48.22940058732078
22703,PINK CAT BOWL,921.81,513,165,57,1.9321818181818182,2793.0,2745.0,-48.0,1.7969005847953214,19671376.740000032,96.06743336188894,48.24667472793229
22268,EASTER DECORATION SITTING BUNNY,921.75,1074,153,89,1.0505625,2794.0,1999.0,-795.0,0.8582402234636871,19672298.490000032,96.07193483414844,48.263948868543785
20903,VINTAGE KEEPSAKE BOX TRAVELOGUE,919.8,187,86,19,7.181046511627907,2795.0,3645.0,850.0,4.918716577540106,19673218.290000033,96.07642678335841,48.2812230091553
22647,CERAMIC LOVE HEART MONEY BANK,919.63,1059,83,60,1.518433734939759,2796.0,2014.0,-782.0,0.8683947119924457,19674137.92000003,96.08091790235382,48.2984971497668
85121C,RETRO LAUNDRY TUB PISTACHIO,918.91,98,53,39,9.960943396226416,2797.0,4125.0,1328.0,9.376632653061224,19675056.83000003,96.0854055051463,48.3157712903783
72529W,WHITE ADVENT CANDLE,918.75,464,47,39,2.4578723404255323,2798.0,2836.0,38.0,1.9800646551724137,19675975.58000003,96.08989232656036,48.333045430989806
21702,SET 5 MINI GATEAUX FRIDGE MAGNETS,918.6800000000001,2636,8,5,1.3425,2799.0,1023.0,-1776.0,0.3485128983308043,19676894.26000003,96.09437880612137,48.35031957160131
72045D,ROSES ON BLUE TEACUP CANDLE,918.65,539,6,3,2.98,2800.0,2708.0,-92.0,1.7043599257884972,19677812.91000003,96.09886513917392,48.36759371221282
21291,SMALL SPOTTY CHOCOLATE GIFT BAG,918.49,1073,77,52,0.9385714285714285,2801.0,2002.0,-799.0,0.8560018639328985,19678731.40000003,96.10335069084805,48.38486785282432
85130B,BEADED CRYSTAL HEART GREEN LARGE,918.33,911,83,50,1.6984337349397591,2802.0,2185.0,-617.0,1.008046103183315,19679649.730000027,96.10783546114374,48.402141993435826
84600,NEW BAROQUE JEWELLERY BOX,918.27,108,52,31,9.616730769230768,2803.0,4016.0,1213.0,8.5025,19680568.000000026,96.11231993842254,48.41941613404733
21264,WHITE GOOSE FEATHER TREE 60CM,917.8499999999999,391,68,51,3.4735294117647055,2804.0,2993.0,189.0,2.3474424552429665,19681485.850000028,96.11680236458298,48.43669027465884
84907,PINK YELLOW PATCH CUSHION COVER,916.8299999999999,383,31,9,5.774516129032258,2805.0,3013.0,208.0,2.393812010443864,19682402.680000026,96.12127980945597,48.45396441527034
23338,EGG FRYING PAN RED,915.4000000000001,431,109,62,2.3390825688073393,2806.0,2906.0,100.0,2.123897911832947,19683318.080000024,96.1257502707593,48.47123855588185
22683,FRENCH BLUE METAL DOOR SIGN 8,915.3,692,135,56,1.5747794117647058,2807.0,2469.0,-338.0,1.3226878612716761,19684233.380000025,96.13022024370112,48.48851269649335
85019A,ROMANTIC IMAGES NOTEBOOK SET,915.04,647,49,37,2.6844897959183673,2808.0,2541.0,-267.0,1.4142812982998454,19685148.420000024,96.134688946903,48.50578683710485
21007,ETCHED GLASS DROPLET DECORATION,914.67,1927,48,36,1.18,2809.0,1344.0,-1465.0,0.4746600934094447,19686063.090000026,96.13915584316727,48.52306097771636
23002,TRAVEL CARD WALLET SKULLS,914.37,2119,192,85,0.5232474226804124,2810.0,1249.0,-1561.0,0.4315101462954224,19686977.460000027,96.14362127434703,48.54033511832787
21320,GLASS CHALICE GREEN LARGE,913.34,398,56,31,3.1577192982456137,2811.0,2982.0,171.0,2.2948241206030153,19687890.800000027,96.14808167540316,48.557609258939365
79030G,"TUMBLER, NEW ENGLAND",911.76,490,68,38,4.180882352941176,2812.0,2784.0,-28.0,1.860734693877551,19688802.56000003,96.15253436034737,48.57488339955087
22707,WRAP MONSTER FUN,905.94,2157,83,70,0.42,2813.0,1228.0,-1585.0,0.42000000000000004,19689708.50000003,96.15695862265144,48.592157540162376
46000P,POLYESTER FILLER PAD 65CMX65CM,905.25,223,50,37,4.165,2814.0,3512.0,698.0,4.059417040358745,19690613.75000003,96.16137951526107,48.60943168077388
46776C,WOVEN FROST CUSHION COVER,905.1,258,96,14,4.324742268041237,2815.0,3385.0,570.0,3.508139534883721,19691518.85000003,96.16579967532842,48.626705821385386
48173c,DOORMAT BLACK FLOCK,904.97,54,25,0,16.632,2816.0,4484.0,1668.0,16.758703703703706,19692423.82000003,96.17021920052579,48.64397996199689
22288,"DECORATION , HANGING METAL RABBIT",904.02,834,60,45,1.5062903225806452,2817.0,2275.0,-542.0,1.083956834532374,19693327.84000003,96.17463408628876,48.661254102608396
23004,TRAVEL CARD WALLET PANTRY,903.16,2002,221,73,0.6030357142857142,2818.0,1315.0,-1503.0,0.4511288711288711,19694231.00000003,96.17904477214275,48.6785282432199
21444,BLUE CHALET BIRDFEEDER,902.0300000000001,291,36,18,5.461944444444445,2819.0,3274.0,455.0,3.0997594501718218,19695133.03000003,96.1834499395116,48.695802383831406
23532,WALL ART WORK REST AND PLAY,901.58,210,31,23,5.301612903225807,2820.0,3557.0,737.0,4.293238095238095,19696034.61000003,96.18785290925362,48.71307652444291
22248,DECORATION PINK CHICK MAGIC GARDEN,901.5,1013,173,77,1.0708938547486033,2821.0,2060.0,-761.0,0.8899308983218164,19696936.11000003,96.19225548830644,48.73035066505441
21318,GLASS CHALICE BLUE SMALL,900.42,972,93,70,1.5972340425531912,2822.0,2112.0,-710.0,0.926358024691358,19697836.53000003,96.19665279305492,48.747624805665914
21480,PINK STRIPE HOT WATER BOTTLE,899.5200000000001,285,57,35,3.835,2823.0,3292.0,469.0,3.15621052631579,19698736.05000003,96.20104570254976,48.76489894627743
84660B,BLACK STITCHED WALL CLOCK,899.48,745,61,26,3.0591803278688525,2824.0,2388.0,-436.0,1.2073557046979866,19699635.53000003,96.20543841669999,48.782173086888925
84820,DANISH ROSE TRINKET TRAYS,899.37,323,54,46,5.308518518518519,2825.0,3171.0,346.0,2.7844272445820435,19700534.900000032,96.20983059365257,48.79944722750043
20913,SET/5 BLUE SPOTTY LID GLASS BOWLS,898.7199999999999,314,43,26,3.8030232558139536,2826.0,3198.0,372.0,2.8621656050955413,19701433.62000003,96.21421959625528,48.816721368111935
17109B,FLOWER FAIRY INCENSE LAVENDER,896.3399999999999,4542,17,13,1.316470588235294,2827.0,613.0,-2214.0,0.19734478203434608,19702329.96000003,96.21859697585397,48.83399550872344
20941,FROG CANDLE,896.28,998,124,54,1.7728799999999998,2828.0,2084.0,-744.0,0.8980761523046092,19703226.240000032,96.22297406243574,48.851269649334945
85031B,BLOSSOM IMAGES SCRAP BOOK SET,896.09,496,85,25,3.3798823529411766,2829.0,2774.0,-55.0,1.806633064516129,19704122.33000003,96.22735022113062,48.86854378994645
84760L,LARGE HANGING GLASS+ZINC LANTERN,896.0,560,1,1,1.6,2830.0,2665.0,-165.0,1.6,19705018.33000003,96.23172594030017,48.885817930557955
22936,BAKING MOULD ROSE WHITE CHOCOLATE,895.97,279,50,30,4.326153846153846,2831.0,3314.0,483.0,3.211362007168459,19705914.30000003,96.23610151296123,48.90309207116946
23472,NINE DRAWER OFFICE TIDY,894.42,58,33,29,16.09060606060606,2832.0,4446.0,1614.0,15.42103448275862,19706808.720000032,96.24046951601883,48.920366211780966
21676,FLOWERS STICKERS,893.7199999999999,1193,159,75,1.0138364779874214,2833.0,1874.0,-959.0,0.7491366303436714,19707702.44000003,96.24483410054583,48.93764035239247
85049e,SCANDINAVIAN REDS RIBBONS,893.25,269,61,0,3.2480645161290322,2834.0,3347.0,513.0,3.320631970260223,19708595.69000003,96.24919638977372,48.95491449300397
84666,SQUARE CHERRY BLOSSOM CABINET,892.7,226,33,13,3.9499999999999997,2835.0,3496.0,661.0,3.95,19709488.39000003,96.25355599301326,48.972188633615474
20759,CHRYSANTHEMUM POCKET BOOK,891.13,5777,63,35,0.7725396825396825,2836.0,461.0,-2375.0,0.1542548035312446,19710379.52000003,96.25790792897703,48.989462774226986
20757,RED DAISY POCKET BOOK,890.7,5347,78,49,0.8440506329113923,2837.0,503.0,-2334.0,0.1665793903123247,19711270.22000003,96.26225776498629,49.00673691483849
17129F,BLUE GLASS GEMS IN BAG,890.12,911,81,14,1.3855555555555554,2838.0,2185.0,-653.0,0.9770801317233809,19712160.34000003,96.26660476849878,49.02401105544999
85194S,HANGING SPRING FLOWER EGG SMALL,889.46,1760,131,84,0.783233082706767,2839.0,1445.0,-1394.0,0.505375,19713049.80000003,96.27094854882526,49.041285196061494
21220,SET/4 BADGES DOGS,888.68,659,159,65,1.6443749999999997,2840.0,2523.0,-317.0,1.3485280728376328,19713938.48000003,96.27528851993193,49.058559336673
22953,BIRTHDAY PARTY CORDON BARRIER TAPE,888.55,712,116,73,1.3849572649572648,2841.0,2438.0,-403.0,1.2479634831460673,19714827.03000003,96.27962785616863,49.075833477284505
21724,PANDA AND BUNNIES STICKER SHEET,888.3399999999999,996,178,81,1.0143575418994413,2842.0,2086.0,-756.0,0.8919076305220883,19715715.37000003,96.28396616684616,49.09310761789601
85214,TUB 24 PINK FLOWER PEGS,886.2299999999999,514,169,94,1.8383625730994149,2843.0,2743.0,-100.0,1.7241828793774316,19716601.60000003,96.28829417309574,49.110381758507515
23528,SPACEBOY WALL ART,885.9000000000001,306,13,12,3.582307692307692,2844.0,3224.0,380.0,2.8950980392156866,19717487.50000003,96.2926205677523,49.12765589911902
84086C,PINK/PURPLE RETRO RADIO,884.75,297,88,25,3.2385227272727275,2845.0,3248.0,403.0,2.978956228956229,19718372.25000003,96.29694134625144,49.144930039730525
20991,JAZZ HEARTS MAGNETIC MEMO PAD,884.5600000000002,7084,32,12,0.9515625000000001,2846.0,353.0,-2493.0,0.12486730660643706,19719256.81000003,96.30126119686372,49.16220418034203
22164,STRING OF STARS CARD HOLDER,883.2200000000001,315,49,40,3.3463265306122447,2847.0,3193.0,346.0,2.8038730158730165,19720140.030000027,96.30557450343169,49.179478320953535
23502,PLAYING CARDS VINTAGE DOILY,880.16,701,92,78,1.3027956989247311,2848.0,2450.0,-398.0,1.2555777460770328,19721020.190000027,96.30987286613733,49.19675246156503
84974,S/2 ZINC HEART DESIGN PLANTERS,879.55,89,57,52,9.932758620689654,2849.0,4185.0,1336.0,9.882584269662921,19721899.74000003,96.31416824983773,49.21402660217654
72799A,BLACK PILLAR CANDLE SILVER FLOCK,877.8000000000001,612,18,14,2.4555555555555557,2850.0,2581.0,-269.0,1.434313725490196,19722777.54000003,96.31845508721165,49.23130074278805
23423,PANTRY 3 HOOK ROLLING PIN HANGER,876.9,219,66,47,4.536969696969697,2851.0,3523.0,672.0,4.004109589041096,19723654.440000027,96.3227375293319,49.24857488339955
21185,HOME SWEET HOME BLACKBOARD,876.29,132,44,34,7.369318181818182,2852.0,3891.0,1039.0,6.638560606060606,19724530.730000027,96.32701699244693,49.265849024011054
21062,PARTY INVITES SPACEMAN,875.87,1053,136,102,0.8674452554744526,2853.0,2023.0,-830.0,0.8317853751187084,19725406.600000028,96.3312944044436,49.28312316462256
35598B,BLACK CHRISTMAS TREE 60CM,874.65,931,57,37,2.5542105263157895,2854.0,2165.0,-689.0,0.9394736842105262,19726281.250000026,96.33556585842979,49.300397305234064
90200C,BLUE SWEETHEART BRACELET,874.63,206,98,32,4.244343434343435,2855.0,3569.0,714.0,4.245776699029126,19727155.880000025,96.33983721474367,49.31767144584557
20803,SMALL PINK GLASS SUNDAE DISH,874.4599999999999,1149,84,50,1.6960714285714285,2856.0,1909.0,-947.0,0.7610617928633594,19728030.340000026,96.34410774084299,49.334945586457074
21270,ANTIQUE CREAM CUTLERY CUPBOARD,874.43,76,51,24,12.022115384615384,2857.0,4281.0,1424.0,11.505657894736842,19728904.770000026,96.34837812043385,49.35221972706858
22896,PEG BAG APPLE DESIGN,874.35,387,29,27,2.4879310344827585,2858.0,3004.0,146.0,2.2593023255813955,19729779.120000027,96.3526481093355,49.36949386768008
90200E,GREEN SWEETHEART BRACELET,873.97,209,91,36,4.22054945054945,2859.0,3561.0,702.0,4.181674641148326,19730653.090000026,96.3569162424634,49.38676800829159
21338,MARAKESH LANTERN SMALL,873.25,199,13,9,6.314285714285715,2860.0,3608.0,748.0,4.38819095477387,19731526.340000026,96.36118085938838,49.404042148903095
84925F,PSYCHEDELIC WALL THERMOMETER,873.11,714,34,29,2.2376470588235295,2861.0,2431.0,-430.0,1.222843137254902,19732399.450000025,96.36544479260725,49.42131628951459
85165,CANDY PINK FRENCH BOUDOIR CLOCK,872.76,90,58,9,10.221379310344828,2862.0,4179.0,1317.0,9.697333333333333,19733272.210000027,96.36970701656084,49.4385904301261
23479,WIRE EGG BASKET,872.38,113,44,35,8.26659090909091,2863.0,3985.0,1122.0,7.720176991150442,19734144.590000026,96.37396738474064,49.4558645707376
21293,MIRRORED DOVE WALL DECORATION,872.34,343,85,29,3.0056976744186046,2864.0,3115.0,251.0,2.543265306122449,19735016.930000026,96.37822755757584,49.473138711349115
21414,SCALLOP SHELL SOAP DISH,870.89,1637,36,17,2.922972972972973,2865.0,1532.0,-1333.0,0.532003665241295,19735887.820000026,96.3824806491691,49.49041285196061
21147,JINGLE BELLS TREE DECORATION,870.48,477,118,33,2.1231932773109246,2866.0,2808.0,-58.0,1.8249056603773586,19736758.300000027,96.38673173848015,49.50768699257212
21392,RED SPOTTY PUDDING BOWL,869.23,3828,31,20,2.504516129032258,2867.0,720.0,-2147.0,0.22707157784743992,19737627.530000027,96.39097672327226,49.52496113318362
23220,REINDEER HEART DECORATION GOLD,869.1500000000001,993,103,55,1.0827884615384615,2868.0,2088.0,-780.0,0.87527693856999,19738496.680000026,96.39522131737515,49.54223527379513
84826,ASSTD DESIGN 3D PAPER STICKERS,869.08,14274,52,49,0.6437037037037037,2869.0,133.0,-2736.0,0.060885526131427774,19739365.760000024,96.39946556962498,49.559509414406634
17033,"BROCADE PURSE,SMALL ARCH BUTTON",867.8399999999999,3280,69,58,0.28536231884057967,2870.0,842.0,-2028.0,0.2645853658536585,19740233.600000024,96.40370376619202,49.57678355501814
22322,BIRD DECORATION GREEN POLKADOT,867.5899999999999,939,164,37,1.1766463414634147,2871.0,2153.0,-718.0,0.9239510117145899,19741101.190000024,96.4079407418553,49.59405769562964
17012B,ORIGAMI JASMINE INCENSE/CANDLE SET,867.4499999999999,721,126,43,2.1927777777777773,2872.0,2420.0,-452.0,1.2031206657420248,19741968.640000023,96.41217703381245,49.61133183624115
20658,RED RETROSPOT LUGGAGE TAG,866.06,584,158,72,1.6828395061728396,2873.0,2630.0,-243.0,1.4829794520547945,19742834.70000002,96.41640653754455,49.628605976852654
23545,WRAP RED VINTAGE DOILY,866.0,2100,68,63,0.41884057971014493,2874.0,1259.0,-1615.0,0.4123809523809524,19743700.70000002,96.42063574825974,49.64588011746416
21398,RED POLKADOT COFFEE MUG,864.11,1585,73,47,1.5365753424657536,2875.0,1577.0,-1298.0,0.5451798107255521,19744564.81000002,96.4248557289423,49.66315425807566
85166B,BLACK METAL BAROQUE PHOTO FRAME,864.1,510,38,28,3.8473684210526313,2876.0,2749.0,-127.0,1.694313725490196,19745428.910000023,96.42907566078873,49.68042839868716
85161,ACRYLIC GEOMETRIC LAMP,863.85,51,32,16,18.25212121212121,2877.0,4524.0,1647.0,16.938235294117646,19746292.760000024,96.43329437173136,49.697702539298675
21255,"FRENCH BOTTLE , LAVENDER",860.0799999999999,476,96,46,2.3885416666666663,2878.0,2813.0,-65.0,1.806890756302521,19747152.840000022,96.4374946714449,49.71497667991017
84632,DECORATIVE HANGING SHELVING UNIT,859.25,15,11,8,59.040909090909096,2879.0,5100.0,2221.0,57.28333333333333,19748012.090000022,96.44169091775787,49.73225082052168
22486,PLASMATRONIC LAMP,856.4,104,40,22,9.821,2880.0,4047.0,1167.0,8.234615384615385,19748868.49000002,96.44587324576766,49.74952496113318
84660A,WHITE STITCHED WALL CLOCK,855.26,860,51,34,2.2080392156862745,2881.0,2245.0,-636.0,0.9944883720930232,19749723.750000022,96.45005000645621,49.76679910174469
21635,MADRAS NOTEBOOK LARGE,855.24,398,42,35,3.29046511627907,2882.0,2982.0,100.0,2.1488442211055276,19750578.99000002,96.45422666947243,49.78407324235619
84578,ELEPHANT TOY WITH BLUE T-SHIRT,854.91,222,112,67,3.86859649122807,2883.0,3514.0,631.0,3.850945945945946,19751433.90000002,96.45840172089568,49.8013473829677
21478,SILVER SKULL HOT WATER BOTTLE,854.23,204,92,57,4.4205376344086025,2884.0,3579.0,695.0,4.187401960784314,19752288.13000002,96.46257345146061,49.8186215235792
23525,BUFFALO BILL WALL ART,852.72,248,16,15,3.6925,2885.0,3426.0,541.0,3.4383870967741936,19753140.85000002,96.46673780776669,49.8358956641907
20756,GREEN FERN POCKET BOOK,851.5600000000001,5728,64,40,0.8060937499999999,2886.0,468.0,-2418.0,0.14866620111731846,19753992.41000002,96.47089649907919,49.853169804802214
35954,SMALL FOLKART STAR CHRISTMAS DEC,850.49,2181,111,58,1.2202678571428571,2887.0,1217.0,-1670.0,0.38995414947271895,19754842.900000017,96.47504996492347,49.87044394541372
21376,LARGE TALL CAMPHOR WOOD TOADSTOOL,849.91,183,46,35,5.996086956521739,2888.0,3659.0,771.0,4.64431693989071,19755692.810000017,96.47920059827099,49.88771808602522
21458,2 PICTURE BOOK EGGS EASTER BUNNY,849.24,768,88,51,1.635,2889.0,2354.0,-535.0,1.10578125,19756542.050000016,96.48334795959636,49.90499222663672
20897,VINTAGE NOTEBOOK PARIS DAYS,848.7,351,75,29,3.8476,2890.0,3096.0,206.0,2.4179487179487182,19757390.750000015,96.48749268376955,49.92226636724823
72349b,SET/6 PURPLE BUTTERFLY T-LIGHTS,848.41,204,112,0,4.165357142857142,2891.0,3579.0,688.0,4.158872549019608,19758239.160000015,96.49163599169435,49.93954050785974
22547,MINI JIGSAW DINOSAUR,846.82,1980,189,84,0.5929687499999999,2892.0,1326.0,-1566.0,0.4276868686868687,19759085.980000015,96.49577153467106,49.95681464847124
22229,BUNNY WOODEN PAINTED WITH FLOWER,845.3,1007,185,101,1.0193650793650793,2893.0,2071.0,-822.0,0.8394240317775571,19759931.280000016,96.49989965455276,49.97408878908274
22820,GIFT BAG BIRTHDAY,845.13,1353,110,67,0.6358558558558558,2894.0,1738.0,-1156.0,0.6246341463414634,19760776.410000015,96.50402694421989,49.99136292969425
90161C,ANT COPPER LIME BOUDICCA BRACELET,843.91,169,100,28,5.0213,2895.0,3725.0,830.0,4.993550295857988,19761620.320000015,96.50814827587654,50.00863707030575
37423,WHITE WITH BLACK CATS PLATE,843.88,6168,70,17,1.330285714285714,2896.0,420.0,-2476.0,0.13681582360570688,19762464.200000014,96.51226946102473,50.025911210917265
20936,FORKED CACTUS CANDLE,843.3900000000001,333,76,42,3.6732894736842105,2897.0,3139.0,242.0,2.532702702702703,19763307.590000015,96.5163882532015,50.04318535152876
21300,ANTIQUE EDWARDIAN DRESSER,841.7,53,12,11,23.479166666666668,2898.0,4500.0,1602.0,15.8811320754717,19764149.290000014,96.52049879206868,50.06045949214026
21128,GOLD FISHING GNOME,841.63,126,57,22,9.536315789473685,2899.0,3912.0,1013.0,6.679603174603175,19764990.920000013,96.5246089890828,50.07773363275177
23564,EGG CUP MILKMAID INGRID,841.31,644,76,39,1.7567105263157894,2900.0,2544.0,-356.0,1.3063819875776397,19765832.23000001,96.52871762334007,50.09500777336328
84782A,PINK 3 TIER GLASS PLATE STAND,840.45,119,26,24,9.903846153846153,2901.0,3951.0,1050.0,7.062605042016807,19766672.68000001,96.5328220576883,50.112281913974776
23551,PACK OF 12 PAISLEY PARK TISSUES,839.8399999999999,1840,136,88,0.5168115942028985,2902.0,1395.0,-1507.0,0.45643478260869563,19767512.52000001,96.53692351303131,50.12955605458629
85231L,LAVENDER SCENTED SET/9 T-LIGHTS,838.3499999999999,1039,116,81,0.914915254237288,2903.0,2038.0,-865.0,0.8068816169393647,19768350.870000012,96.54101769178777,50.146830195197786
17039,INLAID WOOD INCENSE HOLDER,837.88,3707,43,20,0.3774418604651163,2904.0,746.0,-2158.0,0.22602643647154033,19769188.75000001,96.54510957524509,50.16410433580929
84762B,PINK PICNIC BARBECUE BUCKET,837.77,113,48,19,8.7825,2905.0,3985.0,1080.0,7.413893805309734,19770026.52000001,96.54920092150475,50.181378476420804
21552,CERAMIC BIRDHOUSE BLACK ROSE LARGE,837.6,165,35,25,6.259722222222222,2906.0,3742.0,836.0,5.076363636363636,19770864.120000012,96.55329143754984,50.1986526170323
84997a,CHILDRENS CUTLERY POLKADOT GREEN,837.29,101,60,0,8.29,2907.0,4076.0,1169.0,8.29,19771701.41000001,96.55738043967423,50.2159267576438
85071C,"CHARLIE+LOLA""EXTREMELY BUSY"" SIGN",837.23,1285,141,85,1.6756338028169013,2908.0,1784.0,-1124.0,0.6515408560311284,19772538.64000001,96.56146914878173,50.23320089825531
40018E,TEA TIME PAPER LANTERNS,837.02,384,81,37,2.8451851851851853,2909.0,3011.0,102.0,2.1797395833333333,19773375.66000001,96.56555683233002,50.25047503886682
85208,SET/12 FUNKY FELT FLOWER PEG IN BAG,836.94,420,87,56,2.1542528735632187,2910.0,2936.0,26.0,1.9927142857142859,19774212.600000013,96.56964412518911,50.267749179478315
47563A,RETRO LONGBOARD IRONING BOARD COVER,836.62,343,151,39,3.3438410596026493,2911.0,3115.0,204.0,2.439125364431487,19775049.220000014,96.57372985529136,50.28502332008983
47367B,PAIR PADDED HANGERS PINK CHECK,834.95,242,95,35,3.5288541666666666,2912.0,3439.0,527.0,3.4502066115702483,19775884.170000013,96.57780742975632,50.302297460701325
22785,SQUARECUSHION COVER PINK UNION FLAG,833.8199999999999,119,52,42,7.384038461538462,2913.0,3951.0,1038.0,7.0068907563025205,19776717.990000013,96.58187948573615,50.31957160131284
21286,RETROSPOT CANDLE LARGE,833.75,711,52,34,2.3419230769230768,2914.0,2441.0,-473.0,1.1726441631504922,19777551.740000013,96.58595119986295,50.33684574192434
84849A,HELLO SAILOR BLUE SOAP HOLDER,833.57,470,103,52,2.2339423076923075,2915.0,2825.0,-90.0,1.7735531914893619,19778385.310000014,96.590022034939,50.35411988253584
23523,TREASURE AHOY WALL ART,833.46,270,16,15,3.585,2916.0,3342.0,426.0,3.0868888888888892,19779218.770000014,96.5940923328174,50.37139402314735
20776,ABSTRACT CIRCLES NOTEBOOK,832.66,3258,84,50,1.7828235294117647,2917.0,846.0,-2071.0,0.25557397176181706,19780051.430000015,96.59815872380366,50.38866816375885
85196,EASTER BUNNIES ON A STICK,831.04,1564,71,59,0.875492957746479,2918.0,1584.0,-1334.0,0.5313554987212276,19780882.470000014,96.6022172033334,50.405942304370356
84509a,SET OF 4 ENGLISH ROSE PLACEMATS,829.18,111,74,0,7.472972972972973,2919.0,3998.0,1079.0,7.47009009009009,19781711.650000013,96.60626659933897,50.42321644498187
85213,MINI ZINC GARDEN DECORATIONS,828.9999999999999,1378,80,48,1.051,2920.0,1726.0,-1194.0,0.6015965166908562,19782540.650000013,96.6103151162938,50.440490585593366
20894,HANGING BAUBLE T-LIGHT HOLDER LARGE,827.3000000000001,267,79,47,3.453625,2921.0,3354.0,433.0,3.098501872659176,19783367.950000014,96.61435533110291,50.45776472620487
23017,APOTHECARY MEASURING JAR,826.28,67,22,20,12.759545454545453,2922.0,4361.0,1439.0,12.332537313432836,19784194.230000015,96.61839056462456,50.47503886681638
85188A,GREEN METAL SWINGING BUNNY,824.9699999999999,944,105,67,1.0245714285714285,2923.0,2144.0,-779.0,0.8739088983050847,19785019.200000014,96.62241940061037,50.49231300742788
21551,CERAMIC BIRDHOUSE BUTTERFLY LARGE,824.95,169,22,16,6.8,2924.0,3725.0,801.0,4.881360946745563,19785844.150000013,96.62644813892388,50.50958714803938
79342B,BROWN FLOWER LIGHTS,824.9499999999999,119,34,22,8.726470588235294,2925.0,3951.0,1026.0,6.93235294117647,19786669.100000013,96.63047687723738,50.52686128865089
21654,RIDGED GLASS FINGER BOWL,820.2099999999999,1183,82,53,1.2796385542168673,2926.0,1881.0,-1045.0,0.6933305156382079,19787489.310000014,96.63448246721511,50.5441354292624
82613C,"METAL SIGN,CUPCAKE SINGLE HOOK",820.01,770,187,56,1.7389304812834225,2927.0,2352.0,-575.0,1.0649480519480519,19788309.320000015,96.6384870804698,50.561409569873895
23186,FRENCH STYLE STORAGE JAR CAFE,819.4599999999999,1982,70,57,0.3409859154929577,2928.0,1325.0,-1603.0,0.41345105953582234,19789128.780000016,96.64248900773617,50.57868371048541
22685,FRENCH BLUE METAL DOOR SIGN 0,818.33,630,111,52,1.4936936936936938,2929.0,2563.0,-366.0,1.298936507936508,19789947.110000014,96.64648541651742,50.595957851096905
21375,LARGE CAMPHOR WOOD FIELD MUSHROOM,817.6,134,61,26,8.058225806451611,2930.0,3882.0,952.0,6.101492537313433,19790764.710000016,96.65047826025962,50.61323199170841
85187,S/12 MINI RABBIT EASTER,816.4799999999999,479,109,75,1.9455357142857141,2931.0,2803.0,-128.0,1.7045511482254696,19791581.190000016,96.65446563435286,50.63050613231992
21719,LOVELY BONBON STICKER SHEET,813.14,906,141,69,1.0726573426573425,2932.0,2191.0,-741.0,0.8975055187637969,19792394.330000017,96.65843669717151,50.64778027293142
20833,SHAKER THROW QUILTED,811.8,52,5,3,27.630000000000003,2933.0,4510.0,1577.0,15.61153846153846,19793206.130000018,96.66240121594586,50.66505441354293
21374,MIRRORED WALL ART SKULLS,809.67,470,71,57,2.8980281690140846,2934.0,2825.0,-109.0,1.7227021276595744,19794015.80000002,96.66635533261999,50.68232855415443
85145,JARDIN ETCHED GLASS LARGE BELL JAR,809.05,91,30,27,9.403333333333334,2935.0,4176.0,1241.0,8.89065934065934,19794824.85000002,96.6703064214527,50.699602694765936
20769,DAISY JOURNAL,808.8100000000001,438,79,48,2.561625,2936.0,2886.0,-50.0,1.8465981735159818,19795633.66000002,96.67425633821777,50.71687683537745
47594B,SCOTTIES DESIGN WASHBAG,808.39,408,122,67,2.1536065573770493,2937.0,2959.0,22.0,1.9813480392156861,19796442.05000002,96.67820420386448,50.734150975988946
84922,PINK BUTTERFLY WASHBAG,808.22,342,17,9,5.865882352941177,2938.0,3120.0,182.0,2.363216374269006,19797250.27000002,96.68215123929662,50.751425116600444
23022,SMALL BONNE JAM JAR T-LIGHT HOLDER,808.16,422,22,19,2.0316666666666667,2939.0,2926.0,-13.0,1.9150710900473933,19798058.43000002,96.68609798171185,50.768699257211956
21454,PAINTED PINK RABBIT,807.5999999999999,937,194,78,0.9064974619289339,2940.0,2157.0,-783.0,0.8618996798292422,19798866.03000002,96.6900419893026,50.78597339782346
20901,VINTAGE KEEPSAKE BOX PINK FLOWER,806.58,91,67,14,9.474626865671642,2941.0,4176.0,1235.0,8.863516483516484,19799672.610000018,96.6939810156059,50.80324753843496
84767,ZINC POLICE BOX LANTERN,806.22,195,6,4,7.395,2942.0,3618.0,676.0,4.134461538461538,19800478.830000017,96.69791828380774,50.82052167904647
17012A,ORIGAMI VANILLA INCENSE/CANDLE SET,806.16,726,95,30,2.225520833333333,2943.0,2413.0,-530.0,1.1104132231404957,19801284.990000017,96.70185525899268,50.83779581965797
84920,PINK FLOWER FABRIC PONY,805.38,201,88,43,4.446590909090909,2944.0,3590.0,646.0,4.006865671641791,19802090.370000016,96.7057884249578,50.855069960269475
37333,"RETRO ""TEA FOR ONE""",805.1,150,61,26,6.582131147540983,2945.0,3795.0,850.0,5.367333333333334,19802895.470000017,96.7097202235107,50.87234410088099
21222,SET/4 BADGES BEETLES,804.65,621,133,70,1.5156716417910447,2946.0,2576.0,-370.0,1.29573268921095,19803700.120000016,96.71364982443677,50.889618241492485
23409,PHOTO FRAME LINEN AND LACE LARGE,801.68,215,43,39,3.8148837209302324,2947.0,3537.0,590.0,3.7287441860465114,19804501.800000016,96.71756492102587,50.90689238210398
85044,RED REINDEER STRING OF 20 LIGHTS,801.4,149,40,26,6.930249999999999,2948.0,3801.0,853.0,5.378523489932886,19805303.200000014,96.72147865020271,50.924166522715495
16011,ANIMAL STICKERS,799.3199999999999,3812,112,83,0.20955357142857142,2949.0,723.0,-2226.0,0.20968520461699894,19806102.520000014,96.72538222146007,50.941440663327
22825,DECORATIVE PLANT POT WITH FRIEZE,799.02,100,38,32,8.34,2950.0,4086.0,1136.0,7.9902,19806901.540000014,96.72928432763287,50.95871480393851
20699,MOUSEY LONG LEGS SOFT TOY,797.96,294,88,42,3.062134831460674,2951.0,3262.0,311.0,2.7141496598639456,19807699.500000015,96.73318125717363,50.97598894455001
23524,HORSE & PONY WALL ART,797.3100000000001,256,17,16,3.594705882352941,2952.0,3394.0,442.0,3.1144921875000002,19808496.810000014,96.73707501236454,50.99326308516151
21455,PAINTED YELLOW WOODEN DAISY,797.27,901,167,60,0.9351461988304094,2953.0,2197.0,-756.0,0.8848723640399556,19809294.080000013,96.74096857221085,51.01053722577302
20997,ROSE DU SUD CUSHION COVER,796.74,170,83,25,4.718433734939759,2954.0,3718.0,764.0,4.686705882352941,19810090.82000001,96.74485954374111,51.027811366384526
21285,RETROSPOT CANDLE MEDIUM,796.4000000000001,744,63,39,2.0114285714285716,2955.0,2390.0,-565.0,1.0704301075268818,19810887.22000001,96.74874885484223,51.045085506996024
21558,SKULL LUNCHBOX WITH CUTLERY,796.12,298,65,32,3.2686153846153845,2956.0,3244.0,288.0,2.6715436241610737,19811683.34000001,96.75263679853113,51.062359647607536
22058,CERAMIC LOVE HEARTS DESIGN MUG,795.72,520,103,71,1.663181818181818,2957.0,2734.0,-223.0,1.5302307692307693,19812479.06000001,96.75652278877396,51.079633788219034
23487,SWEET HEART CAKE CARRIER,795.5799999999999,80,44,41,10.365454545454545,2958.0,4242.0,1284.0,9.944749999999999,19813274.640000008,96.76040809531065,51.09690792883054
17129F,DEEP BLUE GLASS GEMS IN BAG,794.4599999999999,669,64,8,1.4227692307692306,2959.0,2509.0,-450.0,1.1875336322869954,19814069.10000001,96.76428793219841,51.11418206944205
37494A,FAIRY CAKE CERAMIC BUTTER DISH,793.44,237,51,18,4.476274509803922,2960.0,3460.0,500.0,3.347848101265823,19814862.54000001,96.76816278779873,51.13145621005355
84625D,WHITE NEWBAROQUE CANDLESTICK CANDLE,793.34,650,51,36,2.3296153846153844,2961.0,2536.0,-425.0,1.220523076923077,19815655.88000001,96.77203715503751,51.14873035066505
35915C,PEACH KNITTED HEN,793.3199999999999,662,82,23,1.3530487804878046,2962.0,2519.0,-443.0,1.198368580060423,19816449.20000001,96.775911424604,51.16600449127656
47574A,ENGLISH ROSE SCENTED HANGING FLOWER,792.73,573,129,44,2.3022307692307695,2963.0,2645.0,-318.0,1.3834729493891798,19817241.93000001,96.77978281283755,51.183278631888065
23106,ZINC HEARTS PLANT POT HOLDER,792.47,283,52,48,2.9438461538461542,2964.0,3302.0,338.0,2.8002473498233216,19818034.40000001,96.78365293133115,51.20055277249956
23519,EMBROIDERED RIBBON REEL CLAIRE,792.31,224,24,18,4.484583333333333,2965.0,3510.0,545.0,3.537098214285714,19818826.71000001,96.78752226844635,51.217826913111075
85017A,ENVELOPE 50 ROMANTIC IMAGES,792.15,1157,174,45,0.8269142857142857,2966.0,1901.0,-1065.0,0.6846585998271392,19819618.860000007,96.7913908241831,51.23510105372257
45008C,DECORATIVE NET CANOPY CREAM,792.0699999999999,83,34,16,12.162647058823529,2967.0,4223.0,1256.0,9.54301204819277,19820410.930000007,96.79525898923066,51.25237519433408
22785,CUSHION COVER PINK UNION FLAG,792.0600000000001,120,28,22,7.452142857142857,2968.0,3935.0,967.0,6.6005,19821202.990000006,96.79912710544205,51.26964933494559
23335,EGG FRYING PAN IVORY,790.7800000000001,377,96,62,2.3288659793814435,2969.0,3029.0,60.0,2.097559681697613,19821993.770000007,96.80298897062607,51.28692347555709
37330,SPOTS MUG,790.6999999999999,437,21,15,2.2990476190476192,2970.0,2888.0,-82.0,1.809382151029748,19822784.470000006,96.80685044512089,51.3041976161686
21286,RETRO SPOT CANDLE LARGE,789.26,295,49,24,3.518367346938775,2971.0,3256.0,285.0,2.675457627118644,19823573.730000008,96.81070488720988,51.3214717567801
23568,EGG CUP HENRIETTA HEN CREAM,787.52,630,48,24,1.7454166666666666,2972.0,2563.0,-409.0,1.250031746031746,19824361.250000007,96.81455083180853,51.338745897391604
84970s,HANGING HEART ZINC T-LIGHT HOLDER,784.04,373,98,0,2.1014285714285714,2973.0,3040.0,67.0,2.1019839142091152,19825145.290000007,96.81837978142647,51.356020038003116
22414,DOOR MAT NEIGHBOURHOOD WITCH,783.87,96,52,30,9.153269230769231,2974.0,4140.0,1166.0,8.1653125,19825929.160000008,96.82220790082985,51.373294178614614
22408,MONEY BOX CONFECTIONERY DESIGN,783.67,638,94,71,1.467157894736842,2975.0,2554.0,-421.0,1.228322884012539,19826712.83000001,96.82603504351019,51.39056831922611
72799C,PINK PILLAR CANDLE SILVER FLOCK,783.1,471,48,32,3.06625,2976.0,2821.0,-155.0,1.6626326963906581,19827495.93000001,96.82985940252992,51.407842459837624
20989,URBAN CHIC CHOPSTICKS SET/5,782.18,407,57,29,2.269824561403509,2977.0,2965.0,-12.0,1.9218181818181816,19828278.11000001,96.83367926862368,51.42511660044913
22204,MILK PAN BLUE POLKADOT,782.16,226,92,33,3.7533333333333334,2978.0,3496.0,518.0,3.460884955752212,19829060.27000001,96.83749903704516,51.44239074106063
84247E,PACK/12 XMAS FUN CARD,780.2600000000001,270,59,56,2.993389830508475,2979.0,3342.0,363.0,2.8898518518518523,19829840.530000012,96.84130952659787,51.45966488167214
37461,FUNKY MONKEY MUG,778.64,742,95,35,1.61,2980.0,2392.0,-588.0,1.0493800539083558,19830619.170000013,96.84511210469402,51.47693902228364
21456,2 PICTURE BOOK EGGS EASTER CHICKS,776.05,738,65,42,1.447878787878788,2981.0,2397.0,-584.0,1.0515582655826559,19831395.220000014,96.84890203422697,51.49421316289514
90200B,BLACK SWEETHEART BRACELET,775.45,183,84,28,4.226190476190476,2982.0,3659.0,677.0,4.2374316939890715,19832170.670000013,96.85268903359082,51.511487303506655
84534B,FAIRY CAKE NOTEBOOK A5 SIZE,774.7099999999999,818,187,69,1.1997326203208556,2983.0,2293.0,-690.0,0.9470782396088019,19832945.380000014,96.85647241907948,51.52876144411815
21015,DARK BIRD HOUSE TREE DECORATION,771.7299999999999,1700,186,80,0.7685106382978723,2984.0,1486.0,-1498.0,0.4539588235294117,19833717.110000014,96.86024125139498,51.54603558472965
23115,RED APPLES CHOPPING BOARD,770.32,152,45,38,5.8406666666666665,2985.0,3788.0,803.0,5.0678947368421055,19834487.430000015,96.86400319781315,51.56330972534116
22684,FRENCH BLUE METAL DOOR SIGN 9,769.86,570,113,45,1.6342608695652174,2986.0,2648.0,-338.0,1.3506315789473684,19835257.290000014,96.86776289776834,51.58058386595267
21723,ALPHABET HEARTS STICKER SHEET,769.13,866,135,66,1.0296323529411764,2987.0,2237.0,-750.0,0.8881408775981524,19836026.420000013,96.87151903268447,51.59785800656418
20910,VINTAGE PHOTO ALBUM PARIS DAYS,769.12,106,47,11,8.377872340425531,2988.0,4033.0,1045.0,7.255849056603774,19836795.540000014,96.87527511876446,51.61513214717568
22985,WRAP BILLBOARD FONTS DESIGN,769.02,1831,64,52,0.42,2989.0,1401.0,-1588.0,0.42,19837564.560000014,96.87903071648294,51.63240628778718
84761,IVORY HANGING BIRD PLANTER,768.85,276,61,33,3.122295081967213,2990.0,3317.0,327.0,2.7856884057971016,19838333.410000015,96.88278548398685,51.64968042839869
21554,CERAMIC BIRDHOUSE RED ROOF LARGE,767.75,167,22,17,6.479545454545455,2991.0,3734.0,743.0,4.597305389221557,19839101.160000015,96.88653487951409,51.666954569010194
84712B,PINK JEWELLED PHOTO FRAME,767.1600000000001,98,60,29,7.797,2992.0,4125.0,1133.0,7.828163265306124,19839868.320000015,96.89028139370839,51.68422870962169
72755C,FLOWER FAIRY OIL BURNER SET ROSE,767.0,592,14,12,1.8928571428571428,2993.0,2613.0,-380.0,1.2956081081081081,19840635.320000015,96.89402712652426,51.701502850233204
35095B,RED VICTORIAN FABRIC OVAL BOX,766.64,1952,177,73,0.6162146892655367,2994.0,1335.0,-1659.0,0.39274590163934425,19841401.960000016,96.89777110123869,51.7187769908447
84029C,BROWN FURRY HOT WATER BOTTLE,766.19,204,48,27,4.5562499999999995,2995.0,3579.0,584.0,3.755833333333334,19842168.150000017,96.90151287832633,51.73605113145621
23140,TRIPLE WIRE HOOK IVORY HEART,766.1,182,52,29,4.535769230769231,2996.0,3664.0,668.0,4.2093406593406595,19842934.25000002,96.90525421588858,51.75332527206772
16259,PIECE OF CAMO STATIONERY SET,766.09,5473,55,46,0.14618181818181816,2997.0,489.0,-2508.0,0.13997624703087885,19843700.34000002,96.90899550461467,51.77059941267922
22640,SET OF 4 NAPKIN CHARMS 3 KEYS,765.39,357,87,58,2.561818181818182,2998.0,3079.0,81.0,2.143949579831933,19844465.73000002,96.91273337481017,51.78787355329072
16244B,MAXWELL 2 TONE BLUE 60 PAGE PHOTO A,765.02,345,28,8,3.872068965517241,2999.0,3111.0,112.0,2.217449275362319,19845230.75000002,96.91646943806806,51.80514769390223
84963A,PINK PAINTED KASHMIRI CHAIR,763.35,23,9,8,41.738888888888894,3000.0,4936.0,1936.0,33.18913043478261,19845994.10000002,96.92019734568868,51.82242183451373
23550,WRAP ALPHABET POSTER,763.1,1855,64,60,0.41875,3001.0,1381.0,-1620.0,0.4113746630727763,19846757.20000002,96.92392403240551,51.83969597512523
35811A,ENAMEL PINK SUGAR CONTAINER,762.97,434,84,24,2.913809523809524,3002.0,2895.0,-107.0,1.7579953917050692,19847520.17000002,96.92765008425235,51.85697011573674
23006,TRAVEL CARD WALLET FLOWER MEADOW,762.75,1758,173,88,0.5191907514450866,3003.0,1447.0,-1556.0,0.43387372013651876,19848282.92000002,96.93137506170386,51.87424425634825
23458,DOLLY CABINET 3 DRAWERS,762.4499999999999,51,30,30,14.95,3004.0,4524.0,1520.0,14.95,19849045.37000002,96.93509857407084,51.891518396959746
22492,MINI PAINT SET VINTAGE BOY+ GIRL,761.4,1260,18,17,0.6444444444444444,3005.0,1810.0,-1195.0,0.6042857142857143,19849806.77000002,96.9388169586419,51.90879253757126
84762C,GREEN PICNIC BARBECUE BUCKET,761.25,105,43,18,8.556511627906977,3006.0,4043.0,1037.0,7.25,19850568.02000002,96.94253461067069,51.92606667818276
21709,FOLDING UMBRELLA CHOCOLATE POLKADOT,760.95,163,68,38,4.781323529411765,3007.0,3756.0,749.0,4.668404907975461,19851328.970000017,96.94625079761494,51.94334081879427
23025,DRAWER KNOB VINTAGE GLASS BALL,760.8000000000001,350,54,40,2.269814814814815,3008.0,3098.0,90.0,2.173714285714286,19852089.77000002,96.94996625201694,51.960614959405774
23524,WALL ART HORSE & PONY,760.32,225,46,27,4.593478260869565,3009.0,3504.0,495.0,3.3792000000000004,19852850.09000002,96.95367936228365,51.97788910001727
23123,COCKTAIL SWORDS 50 PIECES,759.57,935,95,64,1.014421052631579,3010.0,2160.0,-850.0,0.8123743315508022,19853609.66000002,96.957388809839,51.995163240628784
21298,EDWARDIAN 2 DRAWER WALL CABINET,755.8,52,14,14,19.37857142857143,3011.0,4510.0,1499.0,14.534615384615384,19854365.46000002,96.96107984616528,52.01243738124028
85135A,YELLOW DRAGONFLY HELICOPTER,754.59,94,63,40,8.032380952380953,3012.0,4157.0,1145.0,8.027553191489362,19855120.05000002,96.9647649733172,52.02971152185179
90209C,PINK ENAMEL+GLASS HAIR COMB,754.46,399,66,15,2.0842424242424245,3013.0,2981.0,-32.0,1.8908771929824562,19855874.51000002,96.96844946559918,52.0469856624633
47581B,FAIRY CAKE WICKER PICNIC BASKET,753.77,46,36,24,16.319444444444443,3014.0,4595.0,1581.0,16.386304347826087,19856628.28000002,96.9721305881867,52.0642598030748
22124,SET OF 2 TEA TOWELS PING MICROWAVE,751.9300000000001,298,132,29,2.7221969696969697,3015.0,3244.0,229.0,2.523255033557047,19857380.21000002,96.97580272492235,52.081533943686296
17165B,ASS COL LARGE SAND GECKO P'WEIGHT,751.68,810,57,43,1.0298360655737704,3016.0,2303.0,-713.0,0.9279999999999999,19858131.89000002,96.97947364075421,52.09880808429781
21194,PINK HONEYCOMB PAPER FAN,751.5,578,95,51,2.028659793814433,3017.0,2639.0,-378.0,1.3001730103806228,19858883.39000002,96.98314367753535,52.11608222490931
23124,18PC WOODEN CUTLERY SET DISPOSABLE,751.38,567,43,23,1.751627906976744,3018.0,2654.0,-364.0,1.3251851851851852,19859634.77000002,96.98681312828266,52.13335636552081
84653,GREEN ROSE QUILT,750.48,14,12,8,54.88166666666667,3019.0,5125.0,2106.0,53.605714285714285,19860385.25000002,96.99047818377636,52.15063050613232
23223,CHRISTMAS TREE HANGING SILVER,750.19,801,88,51,1.089438202247191,3020.0,2312.0,-708.0,0.9365667915106118,19861135.44000002,96.99414182302168,52.16790464674382
21344,MOROCCAN BEATEN METAL DISH,749.82,166,26,21,8.916153846153845,3021.0,3737.0,716.0,4.516987951807229,19861885.26000002,96.99780365532938,52.185178787355326
90200A,PURPLE SWEETHEART BRACELET,749.69,177,99,32,4.227171717171717,3022.0,3683.0,661.0,4.235536723163842,19862634.95000002,97.0014648527671,52.20245292796684
84615,PINK ROUND BUTTERFLY MIRROR,748.48,240,21,13,5.614285714285714,3023.0,3447.0,424.0,3.118666666666667,19863383.430000022,97.00512014103052,52.21972706857834
35647,VINTAGE BEAD PINK SHADE,748.24,563,74,19,1.7655999999999998,3024.0,2659.0,-365.0,1.3290230905861458,19864131.67000002,97.00877425722626,52.23700120918985
84620,BLUE GINGHAM ROSE CUSHION COVER,746.61,121,50,41,6.5352,3025.0,3929.0,904.0,6.170330578512397,19864878.28000002,97.01242041312935,52.25427534980135
84663A,GRASS HOPPER WOODEN WALL CLOCK,746.39,373,64,34,4.415,3026.0,3040.0,14.0,2.0010455764075066,19865624.67000002,97.0160654946371,52.27154949041285
21284,RETRO SPOT CANDLE SMALL,744.75,408,60,31,2.3819999999999997,3027.0,2959.0,-68.0,1.8253676470588236,19866369.42000002,97.01970256701603,52.288823631024364
84842,HELLO SAILOR BATHROOM SET,744.15,1505,35,22,4.434571428571429,3028.0,1625.0,-1403.0,0.4944518272425249,19867113.57000002,97.02333670922584,52.30609777163586
21319,GLASS CHALICE GREEN SMALL,743.61,508,65,44,1.9736923076923076,3029.0,2753.0,-276.0,1.4637992125984252,19867857.18000002,97.02696821428349,52.32337191224736
72800A,S/4 BLACK DINNER CANDLE SILVER FLOC,743.26,674,46,19,2.9821739130434786,3030.0,2500.0,-530.0,1.1027596439169138,19868600.44000002,97.03059801007583,52.34064605285887
23282,FOLDING BUTTERFLY MIRROR IVORY,742.9200000000001,794,133,67,1.2622222222222224,3031.0,2324.0,-707.0,0.9356675062972293,19869343.36000002,97.03422614543905,52.35792019347038
84689,S/2 BEACH HUT TREASURE CHESTS,742.9,312,40,29,5.3012500000000005,3032.0,3204.0,172.0,2.3810897435897433,19870086.26000002,97.03785418312994,52.375194334081876
22676,"FRENCH BLUE METAL DOOR SIGN, 1",742.67,577,79,55,1.439,3033.0,2641.0,-392.0,1.2871230502599653,19870828.930000022,97.04148109758937,52.39246847469339
21377,SMALL CAMPHOR WOOD FIELD MUSHROOM,742.56,518,98,37,2.524387755102041,3034.0,2736.0,-298.0,1.4335135135135133,19871571.49000002,97.0451074748511,52.409742615304886
84821,DANISH ROSE DELUXE COASTER,742.5,1318,74,50,0.7973333333333333,3035.0,1762.0,-1273.0,0.5633535660091047,19872313.99000002,97.04873355909595,52.42701675591639
21391,FRENCH EMROIDR LAVENDER SCENT HEART,741.6,341,67,51,2.443970588235294,3036.0,3122.0,86.0,2.1747800586510264,19873055.590000022,97.05235524808715,52.4442908965279
21503,TOYBOX WRAP,740.42,1801,64,57,0.41875,3037.0,1420.0,-1617.0,0.41111604664075513,19873796.010000024,97.0559711744125,52.4615650371394
23114,VINTAGE LEAF CHOPPING BOARD,737.95,149,45,40,5.451333333333333,3038.0,3801.0,763.0,4.95268456375839,19874533.960000023,97.05957503820844,52.4788391777509
85130C,BEADED CRYSTAL HEART BLUE LARGE,737.89,659,68,51,1.3602898550724638,3039.0,2523.0,-516.0,1.119711684370258,19875271.850000024,97.06317860898746,52.49611331836241
84033,FLAG OF ST GEORGE,735.38,491,49,41,3.354509803921568,3040.0,2783.0,-257.0,1.4977189409368636,19876007.230000023,97.06676992189246,52.51338745897392
22638,SET OF 4 NAPKIN CHARMS CROWNS,735.23,405,74,56,2.3525675675675677,3041.0,2970.0,-71.0,1.8153827160493827,19876742.460000023,97.0703605022552,52.530661599585414
84715,SET OF 6 ICE CREAM SKITTLES,734.8900000000001,241,47,35,3.393617021276596,3042.0,3444.0,402.0,3.0493360995850627,19877477.350000024,97.07394942218879,52.54793574019693
90161B,ANT COPPER TURQ BOUDICCA BRACELET,734.16,147,76,21,5.021578947368421,3043.0,3812.0,769.0,4.994285714285714,19878211.510000024,97.07753477708333,52.565209880808425
84708B,PINK JEWELLED PHOTO FRAME,732.7900000000001,142,53,36,5.391851851851852,3044.0,3839.0,795.0,5.160492957746479,19878944.300000023,97.0811134414251,52.58248402141994
23435,3 RAFFIA RIBBONS VINTAGE CHRISTMAS,732.4200000000001,824,99,40,0.8976767676767677,3045.0,2285.0,-760.0,0.888859223300971,19879676.720000025,97.0846902988293,52.59975816203144
ADJUST2,ADJUSTMENT BY PETER ON JUN 25 2010,731.0500000000001,3,3,3,243.68333333333337,3046.0,5514.0,2468.0,243.68333333333337,19880407.770000026,97.08826046568073,52.61703230264294
85131B,BEADED CRYSTAL HEART GREEN ON STICK,730.74,948,216,12,0.8603703703703703,3047.0,2139.0,-908.0,0.7708227848101266,19881138.510000024,97.09182911861146,52.63430644325445
90209B,GREEN ENAMEL+GLASS HAIR COMB,730.66,380,97,9,2.0865306122448977,3048.0,3021.0,-27.0,1.9227894736842104,19881869.170000024,97.09539738085299,52.65158058386595
47503F,ASS FLORAL PRINT TORCH,729.9499999999999,2567,11,10,1.5227272727272727,3049.0,1040.0,-2009.0,0.2843591741332294,19882599.120000023,97.09896217572776,52.668854724477455
21378,SMALL TALL CAMPHOR WOOD TOADSTOOL,728.97,560,88,47,2.1554545454545457,3050.0,2665.0,-385.0,1.301732142857143,19883328.090000022,97.10252218465969,52.68612886508897
72800B,S/4 PURPLE DINNER CANDLE BLK FLOCK,728.6700000000001,650,34,17,2.823611111111111,3051.0,2536.0,-515.0,1.1210307692307693,19884056.760000024,97.1060807285071,52.703403005700466
21443,OLIVE CHALET BIRDFEEDER,727.9300000000001,257,26,18,4.631923076923077,3052.0,3390.0,338.0,2.832412451361868,19884784.690000024,97.10963565847926,52.72067714631197
20657,TROPICAL LUGGAGE TAG,726.47,1881,120,54,1.301,3053.0,1366.0,-1687.0,0.3862147793726741,19885511.160000023,97.11318345837333,52.737951286923476
21415,CLAM SHELL SMALL,726.16,348,82,41,2.6460975609756097,3054.0,3102.0,48.0,2.0866666666666664,19886237.320000023,97.11672974434671,52.75522542753498
85230F,JASMINE VOTIVE CANDLE,725.6999999999999,2946,62,48,0.2770967741935484,3055.0,915.0,-2140.0,0.24633401221995924,19886963.020000022,97.12027378385712,52.77249956814648
35095A,BLUE VICTORIAN FABRIC OVAL BOX,725.5600000000001,1809,166,61,0.6371686746987951,3056.0,1417.0,-1639.0,0.40108347153123275,19887688.58000002,97.12381713966141,52.78977370875799
23562,SET OF 6 RIBBONS PERFECTLY PRETTY,724.59,251,43,37,3.2853488372093027,3057.0,3411.0,354.0,2.886812749003984,19888413.17000002,97.127355758359,52.807047849369496
85088,CANDY SPOT HAND BAG,723.85,347,78,38,2.3424050632911393,3058.0,3103.0,45.0,2.086023054755043,19889137.020000022,97.1308907631814,52.824321989980994
84595E,LARGE TORTILLA DESIGN RED BOWL,723.5699999999999,367,43,22,3.282093023255814,3059.0,3055.0,-4.0,1.9715803814713895,19889860.590000022,97.13442440059156,52.84159613059251
21393,BLUE SPOTTY PUDDING BOWL,723.5500000000001,2679,28,20,2.3310714285714282,3060.0,1009.0,-2051.0,0.2700821201941023,19890584.140000023,97.13795794032941,52.858870271204005
84971L,LARGE HEART FLOWERS HOOK,723.51,585,58,37,1.5720338983050848,3061.0,2628.0,-433.0,1.2367692307692308,19891307.650000025,97.14149128472266,52.87614441181552
84976,RECTANGULAR SHAPED MIRROR,722.76,674,56,40,1.6939285714285715,3062.0,2500.0,-562.0,1.0723442136498516,19892030.410000026,97.14502096640454,52.89341855242702
20701,PINK CAT FLORAL CUSHION COVER,721.49,353,50,12,4.416,3063.0,3092.0,29.0,2.0438810198300286,19892751.900000025,97.1485444458952,52.91069269303852
10134,COLOURING PENCILS BROWN TUBE,721.13,625,52,44,1.2907407407407407,3064.0,2571.0,-493.0,1.153808,19893473.030000024,97.15206616728439,52.92796683365003
84684,BEACH HUT PHOTO FRAME,720.6999999999999,609,40,17,3.28775,3065.0,2584.0,-481.0,1.183415435139573,19894193.730000023,97.15558578871908,52.94524097426153
85017C,ENVELOPE 50 CURIOUS IMAGES,719.67,1087,119,44,0.8070247933884298,3066.0,1983.0,-1083.0,0.6620699172033119,19894913.400000025,97.15910038003017,52.962515114873035
23222,CHRISTMAS TREE HANGING GOLD,718.53,799,75,49,1.0467532467532468,3067.0,2316.0,-751.0,0.8992866082603254,19895631.930000026,97.16260940402,52.97978925548455
35951,FOLKART BAUBLE CHRISTMAS DECORATION,717.99,1352,46,35,1.1871739130434782,3068.0,1739.0,-1329.0,0.5310576923076923,19896349.920000024,97.16611579085765,52.997063396096046
21001,ROSE DU SUD WASHBAG,717.8000000000001,141,90,29,4.899222222222222,3069.0,3849.0,780.0,5.090780141843972,19897067.720000025,97.16962124980842,53.014337536707544
84997d,PINK 3 PIECE POLKADOT CUTLERY SET,717.4300000000001,85,16,0,8.41375,3070.0,4208.0,1138.0,8.44035294117647,19897785.150000025,97.17312490182157,53.031611677319056
84997c,BLUE 3 PIECE POLKADOT CUTLERY SET,717.25,85,17,0,8.42764705882353,3071.0,4208.0,1137.0,8.438235294117646,19898502.400000025,97.17662767478402,53.04888581793056
21026,SPACE OWL,716.73,549,124,48,1.63304,3072.0,2689.0,-383.0,1.30551912568306,19899219.130000025,97.18012790826658,53.06615995854206
21457,2 PICTURE BOOK EGGS EASTER DUCKS,716.0,685,65,45,1.5447692307692307,3073.0,2478.0,-595.0,1.0452554744525548,19899935.130000025,97.18362457671009,53.08343409915357
21076,SET/20 COLLAGE PAPER NAPKIN,714.55,843,92,60,0.9846808510638299,3074.0,2264.0,-810.0,0.8476275207591933,19900649.680000026,97.18711416391163,53.10070823976507
20850,ZINC HEART LATTICE PLANTER BOWL,713.8000000000001,820,23,19,2.8434782608695657,3075.0,2292.0,-783.0,0.8704878048780489,19901363.480000027,97.19060008840184,53.117982380376574
35915B,BLUE KNITTED HEN,713.73,563,67,31,1.2102941176470587,3076.0,2659.0,-417.0,1.267726465364121,19902077.210000027,97.19408567103896,53.13525652098809
21133,PAINTED BIRD ASSORTED CHRISTMAS,712.9100000000001,410,42,38,2.1664285714285714,3077.0,2955.0,-122.0,1.7388048780487806,19902790.120000027,97.19756724911167,53.152530661599585
23042,PAPER LANTERN 7 POINT SNOW STAR,711.51,103,28,25,7.361428571428571,3078.0,4058.0,980.0,6.9078640776699025,19903501.63000003,97.20104199012319,53.16980480221108
16015,MEDIUM CHINESE STYLE SCISSOR,711.38,1572,65,40,0.4870769230769231,3079.0,1582.0,-1497.0,0.4525318066157761,19904213.010000028,97.20451609626473,53.187078942822595
20854,BLUE PATCH PURSE PINK HEART,711.37,441,107,66,1.6635185185185184,3080.0,2881.0,-199.0,1.6130839002267574,19904924.38000003,97.20799015357012,53.2043530834341
21221,SET/4 BADGES CUTE CREATURES,709.66,535,107,55,1.4973831775700934,3081.0,2717.0,-364.0,1.3264672897196261,19905634.04000003,97.21145585989362,53.22162722404561
23070,EDWARDIAN HEART PHOTO FRAME,709.5400000000001,160,44,29,5.090909090909091,3082.0,3761.0,679.0,4.4346250000000005,19906343.580000028,97.21492098018328,53.23890136465711
22100,SKULLS SQUARE TISSUE BOX,709.5,1005,127,71,1.46125,3083.0,2073.0,-1010.0,0.7059701492537314,19907053.080000028,97.21838590512834,53.25617550526861
21365,MIRRORED WALL ART STARS,707.9200000000001,469,77,51,2.5030379746835445,3084.0,2829.0,-255.0,1.5094243070362474,19907761.00000003,97.2218431139615,53.27344964588012
21308,LOUVRE VANITY MIRROR,705.9,132,6,3,12.158333333333333,3085.0,3891.0,806.0,5.347727272727273,19908466.90000003,97.22529045789203,53.290723786491625
21265,PINK GOOSE FEATHER TREE 60CM,705.59,321,34,26,3.586470588235294,3086.0,3178.0,92.0,2.1980996884735204,19909172.49000003,97.2287362879019,53.30799792710312
21379,CAMPHOR WOOD PORTOBELLO MUSHROOM,705.46,641,125,43,1.9376,3087.0,2550.0,-537.0,1.1005616224648986,19909877.95000003,97.23218148304178,53.325272067714636
84952C,MIRROR LOVE BIRD T-LIGHT HOLDER,705.01,374,42,18,3.347674418604651,3088.0,3038.0,-50.0,1.8850534759358288,19910582.96000003,97.23562448055486,53.342546208326134
21442,GREEN BIRDHOUSE DECORATION,704.9699999999999,973,136,66,1.1215441176470589,3089.0,2110.0,-979.0,0.7245323741007194,19911287.93000003,97.23906728272331,53.35982034893764
22981,PANTRY APPLE CORER,704.13,471,105,58,1.8700925925925926,3090.0,2821.0,-269.0,1.494968152866242,19911992.06000003,97.24250598265505,53.37709448954915
84869,CANDY BUTTON PHOTO ALBUM,703.54,302,26,18,5.044615384615384,3091.0,3234.0,143.0,2.3296026490066226,19912695.600000028,97.24594180125385,53.39436863016065
20763,DAISY SKETCHBOOK,702.86,267,74,54,3.805945945945946,3092.0,3354.0,262.0,2.632434456928839,19913398.460000027,97.24937429899437,53.41164277077215
84569A,PACK 3 IRON ON DOG PATCHES,702.42,562,112,59,1.3568421052631578,3093.0,2661.0,-432.0,1.2498576512455515,19914100.88000003,97.25280464794422,53.42891691138366
21740,COSY SLIPPER SHOES LARGE RED,698.0100000000001,201,66,44,3.687910447761194,3094.0,3590.0,496.0,3.4726865671641796,19914798.89000003,97.25621346015127,53.446191051995164
84584,PINK GINGHAM CAT WITH SCARF,696.75,282,75,47,2.8196,3095.0,3307.0,212.0,2.470744680851064,19915495.64000003,97.25961611900325,53.46346519260666
85231E,STRAWBERRY SCENTED SET/9 T-LIGHTS,695.23,835,106,77,0.9473831775700935,3096.0,2273.0,-823.0,0.8326107784431138,19916190.87000003,97.26301135476021,53.480739333218175
22036,DINOSAUR BIRTHDAY CARD,695.11,1649,135,77,0.49740740740740735,3097.0,1523.0,-1574.0,0.421534263189812,19916885.98000003,97.26640600448334,53.49801347382967
23187,FRENCH STYLE STORAGE JAR BONBONS,695.06,2338,74,66,0.3154666666666667,3098.0,1147.0,-1951.0,0.2972882805816937,19917581.04000003,97.26980041002572,53.515287614441185
20898,VINTAGE NOTEBOOK TRAVELOGUE,693.9200000000001,327,53,35,3.1941818181818182,3099.0,3150.0,51.0,2.1220795107033643,19918274.96000003,97.27318924824684,53.53256175505269
72755D,FLOWER FAIRY OIL BURNER SET SUMMER,693.25,533,13,12,1.9423076923076923,3100.0,2719.0,-381.0,1.300656660412758,19918968.21000003,97.27657481444581,53.54983589566419
72131,COLUMBIAN CANDLE RECTANGLE,692.28,748,56,42,1.6534482758620688,3101.0,2381.0,-720.0,0.9255080213903742,19919660.490000032,97.2799556435381,53.5671100362757
20862,PINK PATCH PENCIL CASE BLUE HEART,691.1400000000001,325,37,21,2.6216216216216215,3102.0,3160.0,58.0,2.1265846153846155,19920351.630000032,97.28333090530911,53.5843841768872
72753A,S/3 FLWR FAIRY LILLY CANDLES,690.24,315,14,10,3.735,3103.0,3193.0,90.0,2.1912380952380954,19921041.87000003,97.28670177182649,53.6016583174987
35964,FOLKART CLIP ON STARS,689.76,1187,132,50,1.1159701492537313,3104.0,1876.0,-1228.0,0.5810951979780961,19921731.630000032,97.2900702942086,53.618932458110216
84931B,BLUE SCOTTIE DOG W FLOWER PATTERN,688.73,274,83,44,2.6616867469879515,3105.0,3327.0,222.0,2.5136131386861313,19922420.360000033,97.29343378646713,53.636206598721714
90161D,ANT COPPER PINK BOUDICCA BRACELET,687.52,138,75,18,4.992000000000001,3106.0,3860.0,754.0,4.982028985507246,19923107.880000032,97.29679136955131,53.65348073933321
84917,WHITE HAND TOWEL WITH BUTTERFLY,686.03,229,53,16,4.334150943396226,3107.0,3486.0,379.0,2.9957641921397378,19923793.910000034,97.30014167604895,53.670754879944724
85186A,EASTER BUNNY GARLAND OF FLOWERS,685.87,1473,159,76,0.6140625,3108.0,1653.0,-1455.0,0.4656279701289885,19924479.780000035,97.30349120116816,53.68802902055623
21710,FOLDING UMBRELLA PINKWHITE POLKADOT,685.6700000000001,142,61,42,5.027213114754098,3109.0,3839.0,730.0,4.828661971830987,19925165.450000037,97.30683974956433,53.70530316116773
84563A,PINK & WHITE BREAKFAST TRAY,685.15,139,62,26,6.021612903225806,3110.0,3855.0,745.0,4.929136690647482,19925850.600000035,97.31018575848063,53.72257730177924
37492D,PURPLE GREEN FLOWER PIGGY BANK,682.9899999999999,361,26,18,4.201538461538462,3111.0,3068.0,-43.0,1.8919390581717448,19926533.590000033,97.3135212187882,53.73985144239074
22847,"BREAD BIN, DINER STYLE, IVORY",682.7499999999999,45,10,9,15.55,3112.0,4605.0,1493.0,15.172222222222219,19927216.340000033,97.31685550702815,53.75712558300224
84951A,SET OF 4 PISTACHIO LOVEBIRD COASTER,682.66,516,111,33,2.1677477477477476,3113.0,2740.0,-373.0,1.322984496124031,19927899.000000034,97.32018935574274,53.774399723613755
23120,PACK OF 6 SMALL FRUIT STRAWS,682.39,1685,100,69,0.46819047619047616,3114.0,1497.0,-1617.0,0.40497922848664686,19928581.390000034,97.32352188588125,53.79167386422525
85023B,EAU DE NILE JEWELLED PHOTOFRAME,682.35,293,38,32,2.526315789473684,3115.0,3266.0,151.0,2.3288395904436863,19929263.740000036,97.32685422067516,53.80894800483675
17165D,ASS COL LARGE SAND FROG P'WEIGHT,682.32,716,89,62,1.0346236559139785,3116.0,2429.0,-687.0,0.9529608938547487,19929946.060000036,97.33018640896059,53.82622214544826
22033,BOTANICAL ROSE GREETING CARD,681.93,1603,128,80,0.481640625,3117.0,1559.0,-1558.0,0.4254086088583905,19930627.990000036,97.33351669263612,53.84349628605977
23325,RUSTIC STRAWBERRY JAM POT SMALL,681.54,426,32,24,1.8299999999999998,3118.0,2918.0,-200.0,1.5998591549295773,19931309.530000035,97.33684507170175,53.86077042667128
85084,HOLLY TOP CHRISTMAS STOCKING,681.4,682,84,53,1.0668965517241378,3119.0,2485.0,-634.0,0.9991202346041055,19931990.930000033,97.34017276706123,53.87804456728278
21674,RIDGED GLASS PENDANT LAMPSHADE,680.8499999999999,43,9,8,16.505555555555553,3120.0,4629.0,1509.0,15.833720930232555,19932671.780000035,97.34349777643241,53.895318707894276
21386,IVORY HANGING DECORATION EGG,680.78,1148,105,72,0.8370909090909091,3121.0,1910.0,-1211.0,0.59301393728223,19933352.560000036,97.34682244395054,53.91259284850579
17012F,ORIGAMI SANDLEWOOD INCENSE/CAND SET,680.65,586,107,38,1.8778504672897196,3122.0,2624.0,-498.0,1.161518771331058,19934033.210000034,97.35014647659868,53.92986698911729
21397,BLUE POLKADOT EGG CUP,679.38,1163,81,51,1.2280246913580246,3123.0,1897.0,-1226.0,0.5841616509028374,19934712.590000033,97.35346430705559,53.94714112972879
23597,PAPER BUNTING PAISLEY PARK,679.07,249,31,28,3.186129032258065,3124.0,3420.0,296.0,2.7271887550200806,19935391.660000034,97.35678062359182,53.964415270340304
47594A,CAROUSEL DESIGN WASHBAG,678.3,344,105,65,2.0837142857142856,3125.0,3112.0,-13.0,1.9718023255813952,19936069.960000034,97.36009317974438,53.9816894109518
62094B,TURQ ICE CREAM BUM BAG,677.99,305,67,20,3.935820895522388,3126.0,3229.0,103.0,2.222918032786885,19936747.950000033,97.36340422197624,53.99896355156331
84925D,LA PALMIERA WALL THERMOMETER,677.45,452,26,24,2.321153846153846,3127.0,2862.0,-265.0,1.4987831858407081,19937425.400000032,97.36671262705592,54.01623769217482
90160C,TURQ+RED BOUDICCA LARGE BRACELET,677.0,97,45,25,7.005333333333334,3128.0,4129.0,1001.0,6.979381443298969,19938102.400000032,97.37001883450878,54.03351183278632
85096,HILDA CANDY SPOT RABBIT,676.92,164,66,42,4.50089552238806,3129.0,3748.0,619.0,4.1275609756097555,19938779.320000034,97.37332465127245,54.05078597339782
84824,DANISH ROSE UMBRELLA STAND,676.4499999999999,38,32,23,18.4484375,3130.0,4694.0,1564.0,17.801315789473684,19939455.770000033,97.37662817273699,54.06806011400933
23428,IVORY RETRO KITCHEN WALL CLOCK,675.91,77,33,25,9.915454545454546,3131.0,4272.0,1141.0,8.778051948051948,19940131.680000033,97.37992905704935,54.08533425462083
22511,RETROSPOT BABUSHKA DOORSTOP,675.5600000000001,297,77,63,3.187272727272727,3132.0,3248.0,116.0,2.274612794612795,19940807.240000032,97.38322823209641,54.10260839523233
21847,GREEN DIAMANTE PEN IN GIFT BOX,675.37,347,71,20,3.2625,3133.0,3103.0,-30.0,1.9463112391930837,19941482.610000033,97.3865264792566,54.11988253584384
22641,SET OF 4 NAPKIN CHARMS INSTRUMENT,674.3,288,67,48,2.604328358208955,3134.0,3281.0,147.0,2.3413194444444443,19942156.910000034,97.38981950094858,54.13715667645535
22999,TRAVEL CARD WALLET RETRO PETALS,674.11,1544,105,61,0.4817592592592593,3135.0,1595.0,-1540.0,0.4365997409326425,19942831.020000033,97.39311159475368,54.15443081706685
20856,DENIM PATCH PURSE PINK BUTTERFLY,674.0899999999999,408,122,70,1.6599999999999997,3136.0,2959.0,-177.0,1.6521813725490193,19943505.110000033,97.39640359088646,54.17170495767836
37444C,PINK BREAKFAST CUP AND SAUCER,673.72,1654,54,14,4.633888888888889,3137.0,1520.0,-1617.0,0.40732769044740025,19944178.83000003,97.39969378008166,54.188979098289856
22034,ROBIN CHRISTMAS CARD,673.49,1617,94,71,0.4511702127659574,3138.0,1548.0,-1590.0,0.41650587507730363,19944852.32000003,97.40298284604538,54.20625323890137
22965,3 TRADITIONAL COOKIE CUTTERS SET,671.4000000000001,354,10,10,2.05,3139.0,3090.0,-49.0,1.8966101694915256,19945523.72000003,97.40626170525343,54.22352737951287
75013B,"STRING OF 8 BUTTERFLIES,PINK",669.62,390,76,48,2.02275,3140.0,2995.0,-145.0,1.716974358974359,19946193.34000003,97.40953187162653,54.24080152012437
72023F,RED ORGANIC CANDLE IN GLASS,669.62,640,49,34,1.3499999999999999,3140.0,2552.0,-588.0,1.04628125,19946862.96000003,97.41280203799964,54.258075660735884
85205B,PINK FELT EASTER RABBIT GARLAND,669.38,241,61,36,3.193064516129032,3142.0,3444.0,302.0,2.777510373443983,19947532.34000003,97.41607103230511,54.27534980134738
23024,LARGE BONNE JAM JAR T-LIGHT HOLDER,667.8500000000001,255,11,8,3.0081818181818183,3143.0,3396.0,253.0,2.619019607843138,19948200.19000003,97.4193325546794,54.29262394195889
82613A,"METAL SIGN,CUPCAKE SINGLE HOOK",667.47,492,116,63,1.6133620689655173,3144.0,2780.0,-364.0,1.3566463414634147,19948867.66000003,97.42259222127994,54.3098980825704
72750B,FLOWER FAIRY SET 3 CANDLES LAVENDER,666.85,303,30,25,3.283333333333333,3145.0,3232.0,87.0,2.200825082508251,19949534.51000003,97.4258488600391,54.3271722231819
85203,HANGING WOOD AND FELT BUTTERFLY,665.91,1463,224,94,0.5662337662337663,3146.0,1658.0,-1488.0,0.4551674641148325,19950200.42000003,97.42910090820001,54.344446363793395
21879,HEARTS GIFT TAPE,664.84,1567,152,81,0.7494771241830065,3147.0,1583.0,-1564.0,0.4242756860242502,19950865.26000003,97.43234773089273,54.36172050440491
21247,SET OF RED SALAD SERVERS,664.73,422,81,44,1.8867901234567903,3148.0,2926.0,-222.0,1.5751895734597157,19951529.990000032,97.43559401638778,54.37899464501641
90082D,DIAMANTE BOW BROOCH BLACK COLOUR,664.3499999999999,103,51,28,6.51156862745098,3149.0,4058.0,909.0,6.449999999999999,19952194.340000033,97.43883844610907,54.39626878562791
21750,LARGE SKULL WINDMILL,663.85,309,62,43,2.428548387096774,3150.0,3216.0,66.0,2.1483818770226537,19952858.190000035,97.4420804340228,54.41354292623942
21884,CAKES AND BOWS GIFT TAPE,663.61,1448,161,61,0.9903105590062111,3151.0,1670.0,-1481.0,0.45829419889502765,19953521.800000034,97.44532124986888,54.43081706685092
46776E,WOVEN CANDY CUSHION COVER,662.1,205,77,9,4.191948051948051,3152.0,3575.0,423.0,3.229756097560976,19954183.900000036,97.44855469145611,54.448091207462426
21197,MULTICOLOUR CONFETTI IN TUBE,661.81,453,45,29,1.6319565217391303,3153.0,2860.0,-293.0,1.4609492273730682,19954845.710000034,97.45178671679493,54.46536534807394
22383,LUNCHBAG SUKI DESIGN,661.63,410,35,29,1.742,3154.0,2955.0,-199.0,1.6137317073170732,19955507.340000033,97.45501786308301,54.482639488685436
23547,WRAP FLOWER SHOP,661.5,1575,62,57,0.42,3155.0,1581.0,-1574.0,0.42,19956168.840000033,97.45824837450114,54.49991362929695
17109C,FLOWER FAIRY INCENSE ROSE,661.23,3124,15,13,1.238,3156.0,876.0,-2280.0,0.21166133162612036,19956830.070000034,97.4614775673432,54.517187769908446
23482,PEARLISED IVORY HEART LARGE,661.02,418,39,32,1.765897435897436,3157.0,2944.0,-213.0,1.5813875598086125,19957491.090000033,97.46470573462605,54.53446191051995
85188B,PINK METAL SWINGING BUNNY,660.88,748,74,48,1.0734210526315788,3158.0,2381.0,-777.0,0.8835294117647059,19958151.970000032,97.46793321820279,54.55173605113146
22322,BIRD DECORATION GREEN SPOT,660.62,678,108,42,1.3082407407407406,3159.0,2491.0,-668.0,0.9743657817109145,19958812.590000033,97.47115943203958,54.56901019174296
21764,VINTAGE WOODEN PLATE RACK,659.1500000000001,17,11,11,39.49545454545455,3160.0,5056.0,1896.0,38.77352941176471,19959471.740000032,97.47437846696212,54.58628433235446
16169K,WRAP FOLK ART,658.75,2075,60,56,0.3625,3161.0,1274.0,-1887.0,0.31746987951807226,19960130.490000032,97.4775955484386,54.60355847296597
17012D,ORIGAMI ROSE INCENSE/CANDLE SET,658.72,520,116,41,1.9451724137931032,3162.0,2734.0,-428.0,1.2667692307692309,19960789.21000003,97.48081248340662,54.62083261357748
21263,GREEN GOOSE FEATHER TREE 60CM,658.29,299,56,39,3.060175438596491,3163.0,3242.0,79.0,2.201638795986622,19961447.50000003,97.48402731842013,54.638106754188975
85186C,BUNNY EGG GARLAND,658.19,1400,152,75,0.6046794871794872,3164.0,1708.0,-1456.0,0.4701357142857143,19962105.69000003,97.48724166507215,54.65538089480049
46776D,WOVEN SUNSET CUSHION COVER,658.07,153,76,7,4.279605263157895,3165.0,3785.0,620.0,4.301111111111111,19962763.76000003,97.49045542569033,54.672655035411985
20652,BLUE SPOTTY LUGGAGE TAG,657.9,1236,80,40,1.248148148148148,3166.0,1838.0,-1328.0,0.5322815533980583,19963421.66000003,97.49366835609393,54.68992917602349
22056,CERAMIC PLATE LOVE HEART DESIGN,656.87,607,34,23,1.9435294117647057,3167.0,2588.0,-579.0,1.082158154859967,19964078.53000003,97.49687625637394,54.707203316635
85028S,FRENCH CHATEAU SMALL FRUITBOWL,656.82,430,33,29,3.327058823529412,3168.0,2907.0,-261.0,1.5274883720930235,19964735.35000003,97.5000839124732,54.7244774572465
22677,"FRENCH BLUE METAL DOOR SIGN, 2",656.41,509,77,56,1.4463636363636365,3169.0,2750.0,-419.0,1.289607072691552,19965391.76000003,97.50328956629023,54.741751597858
71403,"PINK/WHITE ""KEEP CLEAN"" BULLET BIN",656.0500000000001,176,69,20,4.638260869565218,3170.0,3687.0,517.0,3.7275568181818186,19966047.810000032,97.50649346200584,54.75902573846951
21441,BLUE BIRDHOUSE DECORATION,655.4599999999999,928,133,67,1.1006716417910447,3171.0,2168.0,-1003.0,0.7063146551724138,19966703.270000033,97.5096944763885,54.776299879081016
22054,MINI CAKE STAND HANGING HEARTS,655.01,361,74,45,2.1535897435897433,3172.0,3068.0,-104.0,1.814432132963989,19967358.280000035,97.51289329314434,54.79357401969253
85028L,FRENCH CHATEAU LARGE FRUIT BOWL,654.01,271,27,22,5.863333333333333,3173.0,3339.0,166.0,2.413321033210332,19968012.290000036,97.51608722628505,54.810848160304026
85168B,BLACK BAROQUE CARRIAGE CLOCK,652.17,72,52,17,9.157884615384615,3174.0,4313.0,1139.0,9.057916666666666,19968664.46000004,97.5192721735739,54.828122300915524
90184C,BLACK CHUNKY BEAD BRACELET W STRAP,651.89,72,49,21,9.102857142857141,3175.0,4313.0,1138.0,9.054027777777778,19969316.35000004,97.52245575345047,54.845396441527036
85019C,CURIOUS IMAGES NOTEBOOK SET,651.19,423,25,18,3.3876,3176.0,2923.0,-253.0,1.5394562647754138,19969967.54000004,97.52563591479647,54.86267058213854
37474,SET/4 2 TONE EGG SHAPE MIXING BOWLS,651.05,63,44,33,10.812222222222221,3177.0,4397.0,1220.0,10.334126984126984,19970618.59000004,97.52881539243636,54.87994472275004
47310M,"SMALL POP BOX,FUNKY MONKEY",650.96,488,85,23,1.7739999999999998,3178.0,2788.0,-390.0,1.3339344262295083,19971269.55000004,97.53199443055087,54.89721886336155
21307,SET/4 BUTTERFLY MIRROR MAGNETS,650.07,749,72,41,2.1256944444444446,3179.0,2379.0,-800.0,0.867917222963952,19971919.620000042,97.5351691222479,54.91449300397305
20714,POSY SHOPPER BAG,649.8199999999999,1580,28,10,0.9467857142857142,3180.0,1579.0,-1601.0,0.4112784810126582,19972569.440000042,97.53834259304112,54.931767144584555
23224,CHERUB HEART DECORATION GOLD,649.02,738,71,44,1.0394366197183098,3181.0,2397.0,-784.0,0.8794308943089431,19973218.460000042,97.54151215694226,54.94904128519607
84993A,75 GREEN PETIT FOUR CASES,648.61,1471,177,88,0.5324719101123595,3182.0,1655.0,-1527.0,0.440931339225017,19973867.07000004,97.54467971856117,54.966315425807565
20618,QUEEN OF THE SKIES PASSPORT COVER,648.54,297,137,50,2.278905109489051,3183.0,3248.0,65.0,2.1836363636363636,19974515.61000004,97.54784693832703,54.98358956641907
21350,GINGHAM HEART WREATH,647.7500000000001,225,42,39,2.940909090909091,3184.0,3504.0,320.0,2.8788888888888895,19975163.36000004,97.5510103000369,55.000863707030575
21003,ROSE DU SUD CUSHION COVER,647.75,109,64,10,5.928125,3185.0,4007.0,822.0,5.942660550458716,19975811.11000004,97.5541736617468,55.01813784764208
17164B,ASS COL SMALL SAND GECKO P'WEIGHT,646.56,1620,81,64,0.4168292682926829,3186.0,1544.0,-1642.0,0.3991111111111111,19976457.67000004,97.55733121195466,55.03541198825358
21134,VICTORIAN METAL POSTCARD CHRISTMAS,646.4399999999999,377,46,40,2.1581249999999996,3187.0,3029.0,-158.0,1.7146949602122015,19977104.11000004,97.56048817612873,55.05268612886509
84916,HAND TOWEL PALE BLUE W FLOWERS,646.4300000000001,261,58,28,4.468965517241379,3188.0,3376.0,188.0,2.4767432950191575,19977750.54000004,97.56364509146663,55.069960269476596
22678,"FRENCH BLUE METAL DOOR SIGN, 3",645.15,501,71,50,1.4629577464788732,3189.0,2764.0,-425.0,1.2877245508982036,19978395.69000004,97.56679575577712,55.087234410088094
47597,NEW ENGLAND TEATOWELS,644.88,322,124,34,1.9637301587301585,3190.0,3176.0,-14.0,2.0027329192546586,19979040.570000038,97.56994510151155,55.104508550699606
23408,PHOTO FRAME LINEN AND LACE SMALL,644.8000000000001,310,59,53,2.08,3191.0,3215.0,24.0,2.08,19979685.37000004,97.57309405655677,55.121782691311104
85215,ASSORTED CHEESE FRIDGE MAGNETS,643.89,831,66,33,1.6874626865671642,3192.0,2279.0,-913.0,0.7748375451263537,19980329.26000004,97.5762385675122,55.139056831922616
17181,CIRCLE OF FRIENDS CANDLE HOLDER,642.66,353,65,26,3.771641791044776,3193.0,3092.0,-101.0,1.8205665722379603,19980971.92000004,97.57937707162101,55.15633097253412
22134,LADLE LOVE HEART RED,642.4,1489,145,57,0.6335172413793103,3194.0,1635.0,-1559.0,0.43143049026192076,19981614.320000038,97.58251430598986,55.17360511314562
16169M,WRAP DAISY CARPET,640.95,2060,59,56,0.35483333333333333,3195.0,1285.0,-1910.0,0.3111407766990292,19982255.270000037,97.58564445911676,55.19087925375713
17084N,FAIRY DREAMS INCENSE,640.26,2768,187,42,0.34598930481283424,3196.0,972.0,-2224.0,0.2313078034682081,19982895.53000004,97.58877124254924,55.20815339436863
84520D,PACK OF 20 FAIRY CAKE PAPER NAPKINS,639.4699999999999,699,94,53,1.1359574468085107,3197.0,2459.0,-738.0,0.91483547925608,19983535.000000037,97.59189416792573,55.225427534980135
84865,NEW BAROQUE BLACK PHOTO ALBUM,639.42,77,48,26,9.396666666666667,3198.0,4272.0,1074.0,8.304155844155844,19984174.42000004,97.59501684912148,55.24270167559165
84986B,SET OF 36 SILVER PAPER DOILIES,639.06,432,75,58,1.5328947368421053,3199.0,2901.0,-298.0,1.4793055555555554,19984813.480000038,97.59813777221575,55.259975816203145
35004P,SET OF 3 PINK FLYING DUCKS,638.97,120,43,17,6.8058139534883715,3200.0,3935.0,735.0,5.32475,19985452.450000037,97.60125825578467,55.27724995681464
21665,TRIANGULAR RIDGED GLASS POSY HOLDER,638.8,879,75,35,1.088974358974359,3201.0,2222.0,-979.0,0.7267349260523321,19986091.250000037,97.60437790913902,55.294524097426155
84601A,NEW BAROQUE IVORY CUSHION COVER,638.34,260,15,9,3.6726666666666667,3202.0,3380.0,178.0,2.4551538461538462,19986729.590000037,97.6074953160304,55.31179823803766
84766,SILVER ROCOCO CANDLE STICK,638.0,200,27,24,4.57962962962963,3203.0,3596.0,393.0,3.19,19987367.590000037,97.61061106249264,55.32907237864916
17107D,"FLOWER FAIRY,5 SUMMER B'DRAW LINERS",637.5,250,65,52,2.55,3204.0,3416.0,212.0,2.55,19988005.090000037,97.6137243671473,55.34634651926067
21816,CHRISTMAS TREE T-LIGHT HOLDER,637.3399999999999,422,50,34,1.6994117647058824,3205.0,2926.0,-279.0,1.5102843601895732,19988642.430000037,97.61683689042353,55.36362065987217
84872a,TEATIME FUNKY FLOWER BACKPACK FOR 2,636.47,58,45,0,10.975333333333333,3206.0,4446.0,1240.0,10.973620689655172,19989278.900000036,97.61994516495459,55.380894800483674
85185D,FROG SOCK PUPPET,636.11,195,66,38,3.762878787878788,3207.0,3618.0,411.0,3.2621025641025643,19989915.010000035,97.62305168138418,55.398168941095186
23492,VINTAGE JINGLE BELLS WREATH,635.38,76,28,24,8.549285714285714,3208.0,4281.0,1073.0,8.360263157894737,19990550.390000034,97.62615463277474,55.415443081706684
22391,PAPERWEIGHT HOME SWEET HOME,635.19,323,66,45,2.8237878787878787,3209.0,3171.0,-38.0,1.9665325077399383,19991185.580000035,97.62925665627841,55.432717222318196
23298,"BUNTING , SPOTTY",634.7,146,7,7,4.721428571428572,3210.0,3816.0,606.0,4.347260273972603,19991820.280000035,97.63235628681068,55.449991362929694
84507C,BLUE CIRCLES DESIGN MONKEY DOLL,634.64,433,70,27,2.7132394366197183,3211.0,2898.0,-313.0,1.4656812933025405,19992454.920000035,97.63545562432601,55.4672655035412
22510,GINGHAM BABUSHKA DOORSTOP,633.35,272,62,53,2.888225806451613,3212.0,3335.0,123.0,2.3284926470588236,19993088.270000037,97.63854866197784,55.48453964415271
20819,SILVER TEDDY BEAR,631.49,228,65,39,3.888,3213.0,3488.0,275.0,2.7696929824561405,19993719.760000035,97.64163261610547,55.50181378476421
84951B,SET OF 4 BLACK LOVEBIRD COASTERS,631.12,477,92,29,2.0094623655913977,3214.0,2808.0,-406.0,1.3231027253668763,19994350.880000036,97.64471476329551,55.51908792537571
23216,LAUREL HEART ANTIQUE GOLD,630.73,525,44,32,1.446888888888889,3215.0,2728.0,-487.0,1.2013904761904761,19994981.610000037,97.64779500587565,55.53636206598722
84964A,PINK PAINTED KASHMIRI TABLE,630.0,11,2,2,45.0,3216.0,5215.0,1999.0,57.27272727272727,19995611.610000037,97.65087168341672,55.553636206598725
23019,SMALL APOTHECARY MEASURING JAR,629.05,81,28,26,8.078571428571427,3217.0,4238.0,1021.0,7.766049382716049,19996240.660000037,97.65394372152342,55.57091034721022
85230E,STRAWBRY SCENTED VOTIVE CANDLE,628.41,2445,66,44,0.27545454545454545,3218.0,1091.0,-2127.0,0.25701840490797545,19996869.070000038,97.65701263411641,55.588184487821735
23027,DRAWER KNOB VINTAGE GLASS HEXAGON,627.95,295,30,26,2.216666666666667,3219.0,3256.0,37.0,2.1286440677966105,19997497.020000037,97.66007930024644,55.60545862843323
22263,FELT EGG COSY LADYBIRD,627.38,836,105,34,1.1693457943925232,3220.0,2272.0,-948.0,0.7504545454545455,19998124.400000036,97.66314318271583,55.62273276904474
22042,CHRISTMAS CARD SINGING ANGEL,627.19,1738,128,89,0.40689922480620155,3221.0,1456.0,-1765.0,0.36086881472957427,19998751.590000037,97.66620613729835,55.64000690965625
72814,SET OF 3 CHRISTMAS BRIAR CANDLES,626.39,176,31,26,3.8603125,3222.0,3687.0,465.0,3.559034090909091,19999377.980000038,97.66926518498875,55.65728105026775
16169N,WRAP BLUE RUSSIAN FOLKART,626.25,2025,56,52,0.3501785714285714,3223.0,1300.0,-1923.0,0.30925925925925923,20000004.230000038,97.67232354897304,55.674555190879246
71101E,STANDING FAIRY POLE SUPPORT,626.13,777,47,34,0.8364583333333333,3224.0,2345.0,-879.0,0.8058301158301159,20000630.360000037,97.6753813269235,55.69182933149076
90184B,AMETHYST CHUNKY BEAD BRACELET W STR,625.48,69,47,23,9.110212765957447,3225.0,4346.0,1121.0,9.064927536231885,20001255.840000037,97.67843593052412,55.709103472102264
85218,S/5 MINI ICE CREAM FRIDGE MAGNETS,625.1999999999999,1992,2,2,0.875,3226.0,1319.0,-1907.0,0.31385542168674696,20001881.040000036,97.6814891667125,55.72637761271376
82616A,BUBBLE GUM SCARF KNITTING KIT,624.21,316,52,42,2.9890384615384615,3227.0,3189.0,-38.0,1.975348101265823,20002505.250000037,97.6845375681219,55.743651753325274
22289,"DECORATION , HANGING METAL CHICKEN",623.96,616,42,26,1.5902325581395347,3228.0,2580.0,-648.0,1.012922077922078,20003129.21000004,97.6875847486275,55.76092589393677
85092,CANDY SPOT TEA COSY,622.57,391,24,14,4.058333333333333,3229.0,2993.0,-236.0,1.5922506393861895,20003751.78000004,97.69062514090805,55.778200034548284
20694,FLORAL PINK MONSTER,622.33,166,54,23,4.398363636363636,3230.0,3737.0,507.0,3.748975903614458,20004374.110000037,97.69366436112095,55.79547417515979
22288,HANGING METAL RABBIT DECORATION,621.97,476,59,37,1.6196825396825396,3231.0,2813.0,-418.0,1.3066596638655463,20004996.080000035,97.69670182323242,55.81274831577129
22129,PARTY CONES CANDY DECORATION,621.96,454,67,6,2.337910447761194,3232.0,2859.0,-373.0,1.3699559471365639,20005618.040000036,97.69973923650774,55.8300224563828
84596J,MIXED NUTS LIGHT GREEN BOWL,621.74,810,138,50,1.183623188405797,3233.0,2303.0,-930.0,0.7675802469135803,20006239.780000035,97.70277557538772,55.8472965969943
23425,STORAGE TIN HOME SWEET HOME,621.44,275,56,35,3.0989285714285715,3234.0,3324.0,90.0,2.2597818181818186,20006861.220000036,97.70581044918316,55.8645707376058
23180,MUM'S KITCHEN CLOCK,621.09,122,49,29,5.939387755102041,3235.0,3922.0,687.0,5.0909016393442625,20007482.310000036,97.7088436137133,55.881844878217315
16156N,"WRAP, FRIENDSHIP ON GREEN",619.5,1475,56,51,0.42,3236.0,1649.0,-1587.0,0.42,20008101.810000036,97.71186901329536,55.89911901882881
22043,CHRISTMAS CARD SCREEN PRINT,619.25,2203,125,86,0.3305511811023622,3237.0,1209.0,-2028.0,0.28109396277802995,20008721.060000036,97.71489319197362,55.91639315944031
23528,WALL ART SPACEBOY,618.59,173,37,20,5.19972972972973,3238.0,3701.0,463.0,3.575664739884393,20009339.650000036,97.7179141474659,55.93366730005182
84707B,PINK JEWELLED MIRROR TRINKET TRAY,618.52,79,51,22,8.634509803921569,3239.0,4252.0,1013.0,7.829367088607595,20009958.170000035,97.7209347611051,55.95094144066333
22837,HOT WATER BOTTLE BABUSHKA LARGE,618.0,136,14,14,4.621428571428572,3240.0,3872.0,632.0,4.544117647058823,20010576.170000035,97.72395283526446,55.968215581274826
20696,FLORAL SOFT CAR TOY,617.9399999999999,151,60,28,4.625666666666667,3241.0,3791.0,550.0,4.092317880794702,20011194.110000037,97.72697061640689,55.98548972188634
23471,SIX DRAWER OFFICE TIDY,616.79,65,27,26,10.162592592592592,3242.0,4377.0,1135.0,9.489076923076922,20011810.900000036,97.7299827813919,56.00276386249784
23453,OVAL MINI PORTRAIT FRAME,615.98,316,47,40,1.9883673469387753,3243.0,3189.0,-54.0,1.9493037974683545,20012426.880000036,97.73299099064864,56.02003800310934
72772,SET/4 SCENTED CANDLES IN RAMEKINS,615.84,457,9,8,2.531111111111111,3244.0,2854.0,-390.0,1.3475711159737418,20013042.720000036,97.73599851619927,56.037312143720854
84952B,BLACK LOVE BIRD T-LIGHT HOLDER,615.49,364,44,15,3.0925,3245.0,3063.0,-182.0,1.6909065934065934,20013658.210000034,97.7390043324846,56.05458628433235
84932C,SMALL ORIENTAL BLUE FOLDING STOOL,615.4,282,34,31,3.105882352941176,3246.0,3307.0,61.0,2.1822695035460993,20014273.610000033,97.74200970924456,56.071860424943864
20689,RETRO SISTERS EXPRESSO CUPS,614.1,429,41,25,6.176585365853659,3247.0,2912.0,-335.0,1.4314685314685316,20014887.710000034,97.74500873730484,56.08913456555536
84859A,SILVER DISCO HANDBAG,613.53,293,58,40,3.3916666666666666,3248.0,3266.0,18.0,2.0939590443686007,20015501.240000036,97.7480049817045,56.10640870616687
47583A,SET OF 3 WICKER BASKET ROSE,612.8199999999999,71,6,5,26.30333333333333,3249.0,4328.0,1079.0,8.631267605633802,20016114.060000036,97.75099775873738,56.12368284677838
85114c,RED ENCHANTED FOREST PLACEMAT,612.64,185,42,0,3.3133333333333335,3250.0,3648.0,398.0,3.3115675675675673,20016726.700000037,97.75398965671955,56.14095698738988
37351,ORANGE FLOWER MUG,612.5099999999999,5404,11,7,3.7536363636363634,3251.0,497.0,-2754.0,0.11334381939304217,20017339.21000004,97.75698091983176,56.158231128001376
23018,LARGE APOTHECARY MEASURING JAR,612.1600000000001,51,21,19,12.900476190476192,3252.0,4524.0,1272.0,12.003137254901963,20017951.37000004,97.75997047367866,56.17550526861289
79315W,FLYING SAUCER TABLE LIGHT IN WHITE,611.51,199,13,6,4.3561538461538465,3253.0,3608.0,355.0,3.0729145728643217,20018562.88000004,97.76295685317572,56.19277940922439
35972,DAISY FOLKART HEART DECORATION,611.38,440,87,43,1.7579545454545453,3254.0,2884.0,-370.0,1.3895,20019174.26000004,97.76594259780279,56.21005354983589
84858C,PINK RIVIERA HANDBAG,611.0699999999999,347,30,22,5.593999999999999,3255.0,3103.0,-152.0,1.761008645533141,20019785.33000004,97.76892682850918,56.2273276904474
22538,MINI JIGSAW GO TO THE FAIR,610.43,1443,86,56,0.5362790697674419,3256.0,1676.0,-1580.0,0.423028413028413,20020395.76000004,97.77190793370187,56.2446018310589
22680,"FRENCH BLUE METAL DOOR SIGN, 5",610.11,477,65,51,1.4050769230769231,3257.0,2808.0,-449.0,1.2790566037735849,20021005.87000004,97.77488747613774,56.261875971670406
gift_0001_30,DOTCOMGIFTSHOP GIFT VOUCHER £30.00,610.09,24,24,0,25.420416666666668,3258.0,4897.0,1639.0,25.420416666666668,20021615.96000004,97.77786692090127,56.27915011228192
23454,THREE MINI HANGING FRAMES,610.0,142,50,39,4.540566037735849,3259.0,3839.0,580.0,4.295774647887324,20022225.96000004,97.78084592613946,56.29642425289342
90198A,VINTAGE ROSE BEAD BRACELET RASPBERR,609.4300000000001,144,84,21,4.223928571428571,3260.0,3821.0,561.0,4.232152777777778,20022835.390000038,97.783822147717,56.31369839350492
21392,RED POLKADOT PUDDING BOWL,608.9,3717,17,12,2.17,3261.0,744.0,-2517.0,0.1638149044928706,20023444.290000036,97.78679578097852,56.33097253411643
20655,QUEEN OF SKIES LUGGAGE TAG,608.48,414,189,55,1.70125,3262.0,2950.0,-312.0,1.4697584541062803,20024052.770000037,97.7897673631217,56.34824667472793
84051,ASS COLOUR GLOWING TIARAS,607.98,746,60,50,0.8963934426229508,3263.0,2385.0,-878.0,0.8149865951742628,20024660.750000037,97.79273650345729,56.36552081533943
21173,LOO ROLL METAL SIGN,607.9599999999999,340,77,44,2.2123076923076925,3264.0,3124.0,-140.0,1.7881176470588234,20025268.71000004,97.79570554612059,56.38279495595094
20695,FLORAL BLUE MONSTER,604.58,142,61,24,4.856393442622951,3265.0,3839.0,574.0,4.257605633802817,20025873.290000036,97.79865808216466,56.40006909656245
85169D,PINK LOVE BIRD CANDLE,603.98,521,88,39,1.4993181818181818,3266.0,2733.0,-533.0,1.1592706333973128,20026477.270000037,97.80160768803968,56.41734323717395
79190B,RETRO PLASTIC POLKA TRAY,603.08,1485,136,57,0.539264705882353,3267.0,1638.0,-1629.0,0.40611447811447815,20027080.350000035,97.80455289866106,56.43461737778546
21416,CLAM SHELL LARGE,603.0600000000002,751,22,15,4.120434782608696,3268.0,2373.0,-895.0,0.8030093209054596,20027683.410000034,97.80749801161014,56.451891518396955
84247G,"DECOUPAGE,GREETING CARD,",602.67,1414,107,54,0.48644859813084107,3269.0,1695.0,-1574.0,0.4262164073550212,20028286.080000035,97.81044121994931,56.46916565900847
21711,FOLDING UMBRELLA WHITE/RED POLKADOT,602.6600000000001,120,43,27,5.442093023255814,3270.0,3935.0,665.0,5.022166666666667,20028888.740000036,97.81338437945234,56.48643979961997
84932A,SMALL GREEN PEONY FOLDING STOOL,602.6,262,24,22,3.860416666666667,3271.0,3371.0,100.0,2.3000000000000003,20029491.340000037,97.81632724593847,56.50371394023147
20863,BLUE PATCH PENCIL CASE PINK HEART,601.53,293,50,35,2.4202,3272.0,3266.0,-6.0,2.053003412969283,20030092.87000004,97.81926488695638,56.52098808084298
82095,HEART BUTTONS JEWELLERY BOX,600.91,100,48,21,6.192916666666666,3273.0,4086.0,813.0,6.0091,20030693.78000004,97.8221995001329,56.53826222145448
23520,EMBROIDERED RIBBON REEL RUBY,600.55,167,32,30,3.9675,3274.0,3734.0,460.0,3.5961077844311373,20031294.33000004,97.82513235520797,56.555536362065986
84876D,BLUE HEART COMPACT MIRROR,600.52,331,35,24,3.5862857142857143,3275.0,3145.0,-130.0,1.8142598187311179,20031894.85000004,97.82806506377459,56.5728105026775
85146,JARDIN ETCHED GLASS SMALL BELL JAR,599.38,118,29,23,5.614516129032259,3276.0,3956.0,680.0,5.0794915254237285,20032494.230000038,97.83099220501992,56.590084643288996
90143,SILVER BRACELET W PASTEL FLOWER,599.13,79,41,15,7.63390243902439,3277.0,4252.0,975.0,7.583924050632912,20033093.360000037,97.83391812536149,56.607358783900494
17109D,FLOWER FAIRY INCENSE BOUQUET,598.3100000000001,1257,38,33,1.406153846153846,3278.0,1817.0,-1461.0,0.4759824980111377,20033691.670000035,97.83684004113861,56.62463292451201
21440,12 MINI TOADSTOOL PEGS,597.56,472,95,72,1.32875,3279.0,2819.0,-460.0,1.2660169491525421,20034289.230000034,97.8397582942044,56.64190706512351
84682,CLASSICAL ROSE DISH,596.94,295,49,31,3.3329411764705887,3280.0,3256.0,-24.0,2.0235254237288136,20034886.170000035,97.8426735194288,56.65918120573501
22679,"FRENCH BLUE METAL DOOR SIGN, 4",596.34,468,62,48,1.4125806451612903,3281.0,2830.0,-451.0,1.2742307692307693,20035482.510000035,97.84558581448411,56.67645534634652
82011C,BATHROOM SCALES FOOTPRINTS IN SAND,595.18,131,71,36,5.237887323943662,3282.0,3896.0,614.0,4.5433587786259535,20036077.690000035,97.84849244454585,56.69372948695802
85117,NIGHTINGALE COATHOOK WHITE,594.3199999999999,347,61,29,2.2267213114754094,3283.0,3103.0,-180.0,1.7127377521613831,20036672.010000035,97.85139487469857,56.71100362756953
47469,ASSORTED SHAPES PHOTO CLIP SILVER,594.28,1220,29,21,0.6308333333333334,3284.0,1848.0,-1436.0,0.48711475409836064,20037266.290000036,97.85429710950669,56.72827776818104
72122,COFFEE SCENT PILLAR CANDLE,593.3299999999999,586,120,80,1.1326612903225806,3285.0,2624.0,-661.0,1.0125085324232082,20037859.620000035,97.8571947048804,56.745551908792535
16236,KITTY PENCIL ERASERS,593.29,2652,260,108,0.30335849056603775,3286.0,1016.0,-2270.0,0.22371417797888385,20038452.910000034,97.86009210490951,56.76282604940405
20849,ZINC HEART LATTICE DOUBLE PLANTER,593.03,674,24,15,4.047083333333333,3287.0,2500.0,-787.0,0.8798664688427299,20039045.940000035,97.8629882351987,56.780100190015546
22092,BLUE PAISLEY TISSUE BOX,592.91,933,140,105,0.8154285714285714,3288.0,2162.0,-1126.0,0.6354876741693462,20039638.850000035,97.86588377945407,56.79737433062705
62096A,PINK/YELLOW FLOWERS HANDBAG,592.79,383,89,47,2.2487912087912085,3289.0,3013.0,-276.0,1.5477545691906005,20040231.640000034,97.86877873767561,56.81464847123856
23377,PACK OF 12 DOLLY GIRL TISSUES,592.4499999999999,1351,133,69,0.5607462686567164,3290.0,1740.0,-1550.0,0.4385270170244263,20040824.090000033,97.87167203546801,56.83192261185006
85113,POLKA DOT PISTACHIO PAIL,591.6600000000001,285,48,36,2.310612244897959,3291.0,3292.0,1.0,2.076,20041415.750000034,97.87456147520443,56.84919675246156
21304,ARCHED GREY MIRROR,591.58,86,18,16,11.132222222222222,3292.0,4204.0,912.0,6.8788372093023264,20042007.33000003,97.87745052425166,56.86647089307307
84963B,BLUE PAINTED KASHMIRI CHAIR,591.5,18,6,5,42.958333333333336,3293.0,5037.0,1744.0,32.861111111111114,20042598.83000003,97.88033918260966,56.883745033684576
20794,BLUE TILE HOOK,591.02,212,48,27,3.4424489795918363,3294.0,3549.0,255.0,2.787830188679245,20043189.85000003,97.8832254968324,56.901019174296074
21322,GLASS SPHERE CANDLE STAND LARGE,590.45,301,14,12,4.9678571428571425,3295.0,3235.0,-60.0,1.9616279069767444,20043780.30000003,97.8861090273945,56.91829331490759
84563B,BLUE & WHITE BREAKFAST TRAY,590.04,128,59,27,5.206271186440678,3296.0,3907.0,611.0,4.6096875,20044370.34000003,97.8889905556744,56.935567455519084
20661,BLUE SPOTTY PURSE,589.9000000000001,483,70,29,2.9594366197183097,3297.0,2796.0,-501.0,1.2213250517598346,20044960.24000003,97.89187140024816,56.95284159613059
21256,"FRENCH BOTTLE, BRASSERIE DES ARTIST",588.64,326,65,31,2.422923076923077,3298.0,3153.0,-145.0,1.8056441717791412,20045548.88000003,97.89474609146687,56.9701157367421
21893,POTTING SHED SEED TIN,587.8,172,20,13,5.4975000000000005,3299.0,3712.0,413.0,3.417441860465116,20046136.68000003,97.89761668044883,56.9873898773536
21167,WHITE SAGE INCENSE,587.52,2440,114,32,0.3299122807017544,3300.0,1094.0,-2206.0,0.24078688524590164,20046724.20000003,97.90048590201857,57.0046640179651
21223,SET/4 BADGES WOODLAND ANIMAL,587.08,492,43,33,1.4345454545454546,3301.0,2780.0,-521.0,1.1932520325203253,20047311.280000027,97.90335297479764,57.02193815857661
84934,ASSTD DESIGN POP ART SLIM PEN,586.5,687,13,12,0.9153846153846155,3302.0,2475.0,-827.0,0.8537117903930131,20047897.780000027,97.90621721507992,57.039212299188115
22683,"FRENCH BLUE METAL DOOR SIGN, 8",586.36,458,63,48,1.4271875,3303.0,2850.0,-453.0,1.2802620087336245,20048484.140000027,97.9090807716561,57.05648643979963
23565,EGG CUP MILKMAID HELGA,586.31,410,63,28,1.8453968253968254,3304.0,2955.0,-349.0,1.4300243902439023,20049070.450000025,97.9119440840515,57.073760580411125
23499,SET 12 VINTAGE DOILY CHALK,586.23,1312,110,86,0.4831858407079646,3305.0,1765.0,-1540.0,0.44682164634146343,20049656.680000026,97.91480700575768,57.09103472102262
90199C,5 STRAND GLASS NECKLACE CRYSTAL,585.29,99,31,24,6.3130303030303025,3306.0,4117.0,811.0,5.9120202020202015,20050241.970000025,97.91766533686564,57.108308861634136
90195A,PURPLE GEMSTONE BRACELET,585.1999999999999,70,44,24,8.693181818181818,3307.0,4338.0,1031.0,8.36,20050827.170000024,97.92052322844825,57.12558300224564
84569C,PACK 4 FLOWER/BUTTERFLY PATCHES,584.93,415,89,45,1.792696629213483,3308.0,2947.0,-361.0,1.4094698795180722,20051412.100000024,97.92337980145476,57.14285714285714
21016,LIGHT BIRD HOUSE TREE DECORATION,582.85,834,82,58,0.9679310344827585,3309.0,2275.0,-1034.0,0.6988609112709833,20051994.950000025,97.92622621654176,57.16013128346865
82001s,SILVER RECORD COVER FRAME,581.88,78,15,0,7.46,3310.0,4259.0,949.0,7.46,20052576.830000024,97.92906789452208,57.17740542408015
21553,CERAMIC BIRDHOUSE FINCH BLUE LARGE,581.27,90,39,24,7.881282051282051,3311.0,4179.0,868.0,6.458555555555555,20053158.100000024,97.93190659349716,57.194679564691654
22785,SQUARECUSHION COVER PINK UNION JACK,581.23,173,42,27,7.178571428571429,3312.0,3701.0,389.0,3.3597109826589597,20053739.330000024,97.93474509712765,57.211953705303166
20781,GOLD EAR MUFF HEADPHONES,579.93,103,61,34,6.378196721311475,3313.0,4058.0,745.0,5.630388349514563,20054319.260000024,97.93757725205843,57.229227845914664
20804,GLASS CHICKEN BUTTER DISH,579.3100000000001,325,61,21,2.6788524590163934,3314.0,3160.0,-154.0,1.7824923076923078,20054898.570000023,97.94040637914782,57.24650198652617
22999,TRAVEL CARD WALLET VINTAGE LEAF,578.48,1350,117,65,0.48307692307692307,3315.0,1741.0,-1574.0,0.4285037037037037,20055477.050000023,97.94323145283664,57.263776127137675
85232A,SET/3 POLKADOT STACKING TINS,578.46,113,44,31,5.750227272727273,3316.0,3985.0,669.0,5.1191150442477875,20056055.510000024,97.94605642885317,57.28105026774918
90010B,BLACK/WHITE GLASS/SILVER BRACELET,578.02,63,34,16,9.342647058823529,3317.0,4397.0,1080.0,9.174920634920635,20056633.530000024,97.94887925607904,57.29832440836068
15056p,EDWARDIAN PARASOL PINK,577.84,46,38,0,12.569473684210527,3318.0,4595.0,1277.0,12.561739130434784,20057211.370000023,97.95170120425416,57.31559854897219
21419,CONCH SHELL,577.6899999999999,1259,19,12,4.353157894736842,3319.0,1812.0,-1507.0,0.4588482922954725,20057789.060000025,97.95452241988704,57.332872689583695
22685,"FRENCH BLUE METAL DOOR SIGN, 0",577.51,461,54,45,1.272909090909091,3320.0,2841.0,-479.0,1.2527331887201736,20058366.570000026,97.95734275646917,57.3501468301952
23324,RUSTIC STRAWBERRY JAM POT LARGE,577.48,279,38,32,2.2357894736842105,3321.0,3314.0,-7.0,2.069820788530466,20058944.050000027,97.96016294654287,57.367420970806705
35922,EASTER BUNNY WREATH,575.99,97,36,20,7.111666666666666,3322.0,4129.0,807.0,5.938041237113402,20059520.040000025,97.96297586002997,57.3846951114182
85144,JARDIN ETCHED GLASS CHEESE DISH,575.45,219,40,37,3.889024390243902,3323.0,3523.0,200.0,2.627625570776256,20060095.490000024,97.96578613636491,57.401969252029716
23016,GLASS TWIST BON BON JAR,575.25,74,24,19,8.714583333333332,3324.0,4301.0,977.0,7.773648648648648,20060670.740000024,97.96859543597682,57.41924339264122
23125,6PC WOOD PLATE SET DISPOSABLE,574.88,459,38,15,1.9131578947368422,3325.0,2846.0,-479.0,1.2524618736383442,20061245.620000023,97.97140292865112,57.43651753325272
84932D,SMALL ORIENTAL RED FOLDING STOOL,574.71,239,21,16,4.629047619047619,3326.0,3454.0,128.0,2.404644351464435,20061820.330000024,97.97420959111086,57.45379167386423
20935,ROUND CACTUS CANDLE,574.48,300,46,35,3.0772340425531914,3327.0,3237.0,-90.0,1.9149333333333334,20062394.810000025,97.97701513033911,57.47106581447573
47421,ASSORTED COLOUR LIZARD SUCTION HOOK,572.7,1463,74,23,0.41481481481481486,3328.0,1658.0,-1670.0,0.3914559125085441,20062967.510000024,97.9798119767324,57.488339955087234
22684,"FRENCH BLUE METAL DOOR SIGN, 9",572.58,450,54,46,1.3645454545454545,3329.0,2863.0,-466.0,1.2724000000000002,20063540.090000022,97.98260823709187,57.505614095698746
17013D,ORIGAMI ROSE INCENSE IN TUBE,572.4,1068,31,17,1.7083870967741936,3330.0,2006.0,-1324.0,0.5359550561797752,20064112.49000002,97.9854036184006,57.522888236310244
84675,FROG KING WATERING CAN,571.71,206,62,39,3.6961290322580647,3331.0,3569.0,238.0,2.7752912621359225,20064684.20000002,97.9881956300149,57.54016237692174
84924A,WAKE UP COCKEREL CALENDAR SIGN,571.0,133,62,41,4.855483870967742,3332.0,3887.0,555.0,4.293233082706767,20065255.20000002,97.99098417426245,57.557436517533255
20615,BLUE SPOTTY PASSPORT COVER,570.85,316,88,32,2.5984269662921347,3333.0,3189.0,-144.0,1.8064873417721519,20065826.050000023,97.99377198596774,57.57471065814476
16162L,THE KING GIFT BAG,570.43,8101,30,16,0.7496666666666667,3334.0,307.0,-3027.0,0.07041476360943093,20066396.480000023,97.99655774655464,57.59198479875626
84509C,SET OF 4 POLKADOT PLACEMATS,570.19,149,60,29,4.089166666666666,3335.0,3801.0,466.0,3.826778523489933,20066966.670000024,97.99934233507393,57.60925893936777
85202,HANGING WOOD AND FELT HEART,570.09,1208,208,79,0.5805045871559633,3336.0,1860.0,-1476.0,0.4719288079470199,20067536.760000024,98.0021264352317,57.62653307997927
85129A,"WHITE PEARL BEADED HEART, SMALL",569.16,444,75,51,1.427,3337.0,2876.0,-461.0,1.2818918918918918,20068105.920000024,98.00490599362737,57.64380722059077
85086A,CANDY SPOT HEART DECORATION,568.73,587,152,44,1.1639869281045752,3338.0,2621.0,-717.0,0.9688756388415674,20068674.650000025,98.00768345206855,57.661081361202285
23219,LAUREL STAR ANTIQUE SILVER,568.6,430,61,41,1.52765625,3339.0,2907.0,-432.0,1.322325581395349,20069243.250000026,98.01046027563976,57.67835550181378
84806B,WHITE CANDYSTUFT ARTIFICIAL FLOWER,568.02,450,32,28,1.3784375,3340.0,2863.0,-477.0,1.2622666666666666,20069811.270000026,98.01323426671416,57.695629642425295
84846A,SCENTED CANDLE IN DIGITALIS TIN,567.55,251,54,39,2.573888888888889,3341.0,3411.0,70.0,2.2611553784860554,20070378.820000026,98.01600596248947,57.71290378303679
85119,WATERING CAN SINGLE HOOK PISTACHIO,567.48,413,39,36,1.7169999999999999,3342.0,2952.0,-390.0,1.374043583535109,20070946.300000027,98.01877731641171,57.7301779236483
22425,ENAMEL COLLANDER CREAM,567.12,122,23,21,5.085652173913044,3343.0,3922.0,579.0,4.648524590163935,20071513.420000028,98.02154691223251,57.74745206425981
16169C,WRAP BLUE REINDEER,567.0,1350,43,42,0.42,3344.0,1741.0,-1603.0,0.42,20072080.420000028,98.02431592201947,57.76472620487131
85169C,EAU DE NIL LOVE BIRD CANDLE,566.82,505,71,27,1.372676056338028,3345.0,2757.0,-588.0,1.1224158415841585,20072647.24000003,98.02708405275571,57.78200034548281
22699,TEACUP AND SAUCER REGENCY ROSES,566.7,210,14,13,2.835714285714286,3346.0,3557.0,211.0,2.698571428571429,20073213.940000027,98.02985159745813,57.79927448609432
21285,RETRO SPOT CANDLE MEDIUM,566.22,263,36,20,2.848611111111111,3347.0,3364.0,17.0,2.1529277566539924,20073780.160000026,98.03261679802529,57.816548626705824
21899,GARAGE KEY FOB,565.81,778,148,81,0.9021476510067113,3348.0,2344.0,-1004.0,0.7272622107969151,20074345.970000025,98.03537999631023,57.83382276731732
20838,FRENCH LATTICE CUSHION COVER,565.8,446,63,36,1.9461904761904762,3349.0,2871.0,-478.0,1.268609865470852,20074911.770000026,98.03814314575902,57.851096907928834
37444A,YELLOW BREAKFAST CUP AND SAUCER,563.43,2709,43,16,3.199767441860465,3350.0,999.0,-2351.0,0.207984496124031,20075475.200000025,98.04089472103992,57.86837104854033
23381,PACK OF 12 VINTAGE LEAF TISSUES,562.88,1496,80,59,0.4760493827160494,3351.0,1630.0,-1721.0,0.37625668449197863,20076038.080000024,98.04364361033248,57.88564518915184
23272,TREE T-LIGHT HOLDER WILLIE WINKIE,562.2199999999999,364,44,34,1.916818181818182,3352.0,3063.0,-289.0,1.5445604395604393,20076600.300000023,98.04638927643906,57.90291932976335
23413,VINTAGE COFFEE GRINDER BOX,561.23,109,30,20,6.259333333333333,3353.0,4007.0,654.0,5.148899082568808,20077161.530000024,98.04913010776664,57.92019347037485
37345,ASSTD HEARTS DESIGN MUGS,561.05,321,9,5,4.038888888888889,3354.0,3178.0,-176.0,1.7478193146417444,20077722.580000024,98.0518700600435,57.937467610986346
85230B,CINNAMON SCENTED VOTIVE CANDLE,561.04,2120,68,49,0.278235294117647,3355.0,1247.0,-2108.0,0.26464150943396225,20078283.620000023,98.05460996348421,57.95474175159786
84773,RED ROSE AND LACE C/COVER,560.5,190,48,34,2.95,3356.0,3636.0,280.0,2.95,20078844.120000023,98.05734722977273,57.97201589220936
16049,TEATIME GEL PENS ASST,560.48,3169,32,22,0.381875,3357.0,863.0,-2494.0,0.1768633638371726,20079404.600000024,98.06008439838895,57.989290032820875
22682,"FRENCH BLUE METAL DOOR SIGN, 7",560.05,443,58,47,1.3586206896551725,3358.0,2878.0,-480.0,1.264221218961625,20079964.650000025,98.06281946705067,58.00656417343237
16238,PARTY TIME PENCIL ERASERS,559.54,2447,236,104,0.30966244725738395,3359.0,1090.0,-2269.0,0.22866366979975478,20080524.190000024,98.06555204506866,58.02383831404387
85090,CANDY SPOT APRON,559.28,106,53,26,5.87925925925926,3360.0,4033.0,673.0,5.27622641509434,20081083.470000025,98.06828335334671,58.041112454655384
22447,PIN CUSHION BABUSHKA BLUE,558.28,180,59,26,3.365254237288136,3361.0,3671.0,310.0,3.1015555555555556,20081641.750000026,98.07100977800964,58.05838659526689
21160,KEEP OUT GIRLS DOOR HANGER,557.49,794,58,44,1.5117241379310344,3362.0,2324.0,-1038.0,0.7021284634760705,20082199.240000024,98.07373234461657,58.07566073587839
84306,S/3 PINK SQUARE PLANTERS ROSES,557.4799999999999,48,31,18,12.064193548387097,3363.0,4566.0,1203.0,11.614166666666664,20082756.720000025,98.07645486238737,58.0929348764899
22950,SET OF 36 DOILIES VINTAGE CHRISTMAS,557.4,444,2,2,1.35,3364.0,2876.0,-488.0,1.2554054054054054,20083314.120000023,98.07917698946893,58.1102090171014
84569B,PACK 3 FIRE ENGINE/CAR PATCHES,557.18,433,76,54,1.427763157894737,3365.0,2898.0,-467.0,1.2867898383371823,20083871.300000023,98.08189804215517,58.1274831577129
23069,EDWARDIAN PHOTO FRAME,556.21,88,32,27,6.4440625,3366.0,4189.0,823.0,6.3205681818181825,20084427.510000024,98.08461435773475,58.144757298324414
23451,SQUARE MINI PORTRAIT FRAME,556.17,277,52,38,2.273396226415094,3367.0,3316.0,-51.0,2.0078339350180503,20084983.680000026,98.0873304779697,58.16203143893591
72586,SET OF 6 HALLOWEEN GHOST T-LIGHTS,556.11,1244,125,65,0.60624,3368.0,1832.0,-1536.0,0.4470337620578778,20085539.790000025,98.09004630518776,58.17930557954741
21371,MIRRORED WALL ART POPPIES,556.01,404,64,33,2.59578125,3369.0,2972.0,-397.0,1.3762623762376238,20086095.800000027,98.09276164404427,58.19657972015892
21881,CUTE CATS TAPE,554.95,1332,118,49,0.8329661016949151,3370.0,1755.0,-1615.0,0.41662912912912914,20086650.750000026,98.09547180626875,58.21385386077043
90120D,WHITE MURANO TWIST BRACELET,554.13,134,40,16,4.20025,3371.0,3882.0,511.0,4.135298507462687,20087204.880000025,98.0981779639288,58.231128001381926
84859C,PINK DISCO HANDBAG,552.72,304,39,29,3.041,3372.0,3231.0,-141.0,1.8181578947368422,20087757.600000024,98.10087723569151,58.24840214199344
23473,WOODLAND SMALL RED FELT HEART,552.02,678,51,41,0.9533333333333333,3373.0,2491.0,-882.0,0.814188790560472,20088309.620000023,98.1035730889236,58.265676282604936
22452,MEASURING TAPE RUSSIAN DOLL PINK,551.7,182,48,30,3.2583333333333333,3374.0,3664.0,290.0,3.0313186813186817,20088861.320000023,98.10626737939886,58.28295042321644
84805B,BLUE CLIMBING HYDRANGA ART FLOWER,551.4000000000001,340,9,7,2.461111111111111,3375.0,3124.0,-251.0,1.6217647058823532,20089412.72000002,98.10896020478957,58.30022456382795
79030G,TUMBLER NEW ENGLAND,551.1899999999999,1261,53,35,1.408867924528302,3376.0,1807.0,-1569.0,0.43710547184773985,20089963.910000023,98.11165200462109,58.31749870443945
22044,CHRISTMAS CARD STACK OF PRESENTS,550.28,1946,89,80,0.32055555555555554,3377.0,1339.0,-2038.0,0.2827749229188078,20090514.190000024,98.11433936036286,58.33477284505096
22681,"FRENCH BLUE METAL DOOR SIGN, 6",550.1,430,56,43,1.4710526315789472,3378.0,2907.0,-471.0,1.2793023255813953,20091064.290000025,98.11702583705389,58.35204698566246
23456,MEDIUM PARLOUR PICTURE FRAME,550.0,136,34,31,4.126470588235295,3379.0,3872.0,493.0,4.044117647058823,20091614.290000025,98.1197118253834,58.36932112627397
21373,MIRRORED WALL ART SNOWFLAKES,548.89,636,61,52,1.2465573770491802,3380.0,2556.0,-824.0,0.8630345911949685,20092163.180000026,98.12239239290011,58.38659526688548
85071D,CHARLIE+LOLA MY ROOM DOOR SIGN,548.86,884,112,78,1.2823684210526316,3381.0,2211.0,-1170.0,0.6208823529411764,20092712.040000025,98.12507281390835,58.40386940749698
85091,CANDY SPOT BREAD BASKETS,548.81,343,20,14,5.513,3382.0,3115.0,-267.0,1.6000291545189502,20093260.850000024,98.12775299073583,58.421143548108475
22584,PACK OF 6 PANETTONE GIFT BOXES,548.63,233,18,14,3.1944444444444446,3383.0,3471.0,88.0,2.3546351931330474,20093809.480000023,98.13043228851258,58.43841768871999
72800B,4 PURPLE FLOCK DINNER CANDLES,548.11,335,57,40,2.4956896551724137,3384.0,3130.0,-254.0,1.6361492537313433,20094357.590000022,98.13310904680947,58.45569182933149
23549,WRAP BIRD GARDEN,548.1,1305,52,46,0.42,3385.0,1771.0,-1614.0,0.42000000000000004,20094905.690000024,98.13578575627021,58.47296596994299
20888,SET 3 JARDIN DE FEMME SCENT CANDLES,547.74,367,19,10,3.8852631578947374,3386.0,3055.0,-331.0,1.4924795640326975,20095453.430000022,98.13846070762948,58.4902401105545
23074,EMBOSSED HEART TRINKET BOX,547.27,246,48,32,2.623125,3387.0,3430.0,43.0,2.2246747967479674,20096000.70000002,98.14113336368965,58.507514251166
85184C,SET 4 VALENTINE DECOUPAGE HEART BOX,545.75,169,62,38,3.8452380952380953,3388.0,3725.0,337.0,3.2292899408284024,20096546.45000002,98.14379859665479,58.524788391777506
21339,MARAKESH LANTERN LARGE,544.5,30,12,12,19.257692307692306,3389.0,4805.0,1416.0,18.15,20097090.95000002,98.14645772510102,58.54206253238902
22394,PAPERWEIGHT KINGS CHOICE,544.29,346,55,43,2.540909090909091,3390.0,3110.0,-280.0,1.5730924855491328,20097635.24000002,98.14911582798804,58.559336673000516
84596K,JELLY BABIES YELLOW SMALL BOWL,543.41,428,93,48,1.4280645161290322,3391.0,2913.0,-478.0,1.2696495327102804,20098178.65000002,98.15176963329375,58.57661081361202
22983,"CARD, BILLBOARD FONT",543.34,1300,100,67,0.5289108910891089,3392.0,1774.0,-1618.0,0.4179538461538462,20098721.99000002,98.15442309674638,58.593884954223526
18094C,WHITE AND BLUE CERAMIC OIL BURNER,542.61,400,85,21,1.8468235294117645,3393.0,2975.0,-418.0,1.356525,20099264.60000002,98.15707299516,58.61115909483503
35969,FOLKART CROWN TABLE DECORATIONS,542.4699999999999,523,76,36,1.9160526315789475,3394.0,2731.0,-663.0,1.037227533460803,20099807.07000002,98.15972220986745,58.62843323544654
47021G,SET/6 BEAD COASTERS GAUZE BAG GOLD,541.96,713,70,28,2.199577464788732,3395.0,2434.0,-961.0,0.7601122019635345,20100349.03000002,98.1623689339312,58.64570737605804
20943,SET/6 GINGERBREAD STAR T-LIGHTS,540.21,381,71,46,1.6716901408450704,3396.0,3018.0,-378.0,1.4178740157480316,20100889.24000002,98.16500711166846,58.66298151666955
21311,SET/4 BIRD MIRROR MAGNETS,539.67,701,94,62,1.5697894736842104,3397.0,2450.0,-947.0,0.7698573466476462,20101428.910000023,98.16764265225353,58.68025565728105
85027L,FRENCH CHATEAU LARGE PLATTER,538.5,190,40,36,4.65,3398.0,3636.0,238.0,2.8342105263157893,20101967.410000023,98.17027247900889,58.69752979789256
16048,TEATIME ROUND PENCIL SHARPENER,537.06,3461,105,59,0.40254716981132077,3399.0,799.0,-2600.0,0.15517480496966193,20102504.47000002,98.1728952733584,58.714803938504055
84592,CROCHET ROSE PURSE WITH SUEDE BACK,536.4000000000001,173,47,33,3.443829787234043,3400.0,3701.0,301.0,3.1005780346820813,20103040.87000002,98.17551484452196,58.73207807911557
84414B,FUSCHIA/GREEN STRIPE WOOLLY BLANKET,536.24,78,9,7,13.965555555555556,3401.0,4259.0,858.0,6.874871794871795,20103577.110000018,98.17813363430706,58.74935221972707
21017,RED BIRD HOUSE TREE DECORATION,535.89,659,87,32,1.354942528735632,3402.0,2523.0,-879.0,0.8131866464339909,20104113.00000002,98.18075071482689,58.76662636033857
23398,HANGING HEART BONHEUR,535.35,606,69,53,1.0450666666666666,3403.0,2591.0,-812.0,0.8834158415841584,20104648.35000002,98.18336515819453,58.78390050095008
23660,HENRIETTA HEN MUG,534.66,306,42,30,2.2404761904761905,3404.0,3224.0,-180.0,1.7472549019607841,20105183.01000002,98.18597623186773,58.80117464156158
72800D,S/4 BLUE DINNER CANDLE SILVER FLOCK,534.58,418,36,26,2.5780555555555553,3405.0,2944.0,-461.0,1.2788995215311005,20105717.59000002,98.1885869148517,58.818448782173085
90203,SILVER CHARM NECKLACE 70CM,534.27,71,34,18,7.547941176470588,3406.0,4328.0,922.0,7.524929577464788,20106251.860000018,98.19119608391497,58.8357229227846
21418,STARFISH SOAP DISH,533.84,194,66,24,3.4825373134328355,3407.0,3622.0,215.0,2.751752577319588,20106785.700000018,98.19380315302375,58.852997063396096
16169P,WRAP GREEN RUSSIAN FOLKART,533.75,1750,48,46,0.3577083333333333,3408.0,1452.0,-1956.0,0.305,20107319.450000018,98.19640978260716,58.870271204007594
20823,GOLD WINE GOBLET,533.71,253,19,14,3.6510526315789478,3409.0,3402.0,-7.0,2.109525691699605,20107853.16000002,98.19901621684598,58.887545344619106
20659,ECONOMY LUGGAGE TAG,533.51,369,138,55,1.5739285714285713,3410.0,3054.0,-356.0,1.4458265582655827,20108386.67000002,98.20162167436176,58.90481948523061
85020,ROUND PINK HEART MIRROR,533.48,240,58,36,2.571896551724138,3411.0,3447.0,36.0,2.2228333333333334,20108920.15000002,98.20422698536908,58.92209362584211
85030,FRENCH CHATEAU OVAL PLATTER,531.4499999999999,211,29,26,5.05344827586207,3412.0,3553.0,141.0,2.5187203791469193,20109451.60000002,98.20682238263765,58.93936776645362
84661B,BLACK SQUARE TABLE CLOCK,530.22,243,51,21,3.2335294117647058,3413.0,3436.0,23.0,2.1819753086419755,20109981.82000002,98.20941177305961,58.95664190706512
72267,PREMIUM CHURCH CANDLE,530.16,265,45,38,2.175869565217391,3414.0,3361.0,-53.0,2.0006037735849054,20110511.98000002,98.21200087046465,58.97391604767663
21734,SMALL MARAKESH LANTERN ON STICK,529.49,97,29,14,5.727666666666667,3415.0,4129.0,714.0,5.458659793814433,20111041.470000017,98.21458669584753,58.99119018828814
90160D,PINK BOUDICCA LARGE BRACELET,529.22,76,25,18,6.9764,3416.0,4281.0,865.0,6.963421052631579,20111570.690000016,98.21717120265433,59.008464328899635
21943,CAKES AND RABBITS DESIGN FLANNEL,529.16,591,149,37,1.1034228187919464,3417.0,2615.0,-802.0,0.8953637901861251,20112099.850000016,98.21975541644423,59.02573846951115
84799,SPRIG LAVENDER ARTIFICIAL FLOWER,528.78,678,31,26,1.0358064516129033,3418.0,2491.0,-927.0,0.7799115044247787,20112628.630000018,98.22233777446037,59.043012610122645
20653,CHERRY BLOSSOM LUGGAGE TAG,528.77,2004,81,26,1.3807407407407408,3419.0,1312.0,-2107.0,0.2638572854291417,20113157.400000017,98.22492008364037,59.06028675073415
23139,SINGLE WIRE HOOK PINK HEART,528.6999999999999,414,27,20,1.6128571428571428,3420.0,2950.0,-470.0,1.2770531400966183,20113686.100000016,98.2275020509673,59.07756089134566
16202B,PASTEL BLUE PHOTO ALBUM,528.56,1039,22,13,4.7690909090909095,3421.0,2038.0,-1383.0,0.5087199230028874,20114214.660000015,98.2300833345881,59.09483503195716
23060,HEART BEADED TRELLIS DECORATION,528.1700000000001,249,42,34,2.2197727272727272,3422.0,3420.0,-2.0,2.1211646586345383,20114742.830000017,98.23266271359901,59.11210917256866
90175D,TIGRIS EYE CHUNKY CHARM BRACELET,527.8199999999999,58,41,11,9.128780487804878,3423.0,4446.0,1023.0,9.100344827586206,20115270.650000017,98.23524038334462,59.12938331318017
21336,GOLD WASHBAG,527.5600000000001,1823,43,13,3.43906976744186,3424.0,1407.0,-2017.0,0.2893911135490949,20115798.210000016,98.23781678335027,59.146657453791676
22344,PARTY PIZZA DISH PINK POLKADOT,526.64,1296,88,38,0.71,3425.0,1778.0,-1647.0,0.406358024691358,20116324.850000016,98.24038869043001,59.163931594403174
71270,PHOTO CLIP LINE,525.4,370,81,29,1.67,3426.0,3053.0,-373.0,1.42,20116850.250000015,98.24295454182696,59.181205735014686
22898,CHILDRENS APRON APPLE DESIGN,524.71,291,26,25,2.0023076923076926,3427.0,3274.0,-153.0,1.803127147766323,20117374.960000016,98.24551702352947,59.198479875626184
72728,ROSE SCENT CANDLES IN GLASS,523.1500000000001,643,54,44,0.8452727272727273,3428.0,2548.0,-880.0,0.8136080870917576,20117898.110000014,98.24807188679235,59.21575401623769
21403,BLUE EGG SPOON,523.07,2319,157,80,0.33420382165605095,3429.0,1159.0,-2270.0,0.22555843035791293,20118421.180000015,98.25062635936601,59.2330281568492
22861,EASTER TIN CHICKS IN GARDEN,522.93,305,50,36,2.0107999999999997,3430.0,3229.0,-201.0,1.7145245901639343,20118944.110000014,98.25318014823355,59.2503022974607
85226C,BLUE PULL BACK RACING CAR,522.3100000000001,989,83,54,0.7651190476190476,3431.0,2090.0,-1341.0,0.5281193124368049,20119466.420000013,98.25573090925971,59.26757643807221
23537,WALL ART I LOVE LONDON,521.73,99,32,18,7.0649999999999995,3432.0,4117.0,685.0,5.2700000000000005,20119988.150000013,98.25827883778908,59.28485057868371
21459,YELLOW EASTER EGG HUNT START POST,520.55,263,44,33,2.300909090909091,3433.0,3364.0,-69.0,1.9792775665399238,20120508.700000014,98.26082100365258,59.302124719295215
23336,EGG FRYING PAN PINK,519.25,225,85,46,2.604418604651163,3434.0,3504.0,70.0,2.307777777777778,20121027.950000014,98.26335682081641,59.31939885990673
BANK CHARGES,BANK CHARGES,519.241,34,33,19,15.271794117647058,3435.0,4749.0,1314.0,15.271794117647058,20121547.191000015,98.26589259402768,59.336673000518225
20793,BLUE TILED TRAY,518.5,281,22,13,8.935,3436.0,3312.0,-124.0,1.8451957295373667,20122065.691000015,98.26842474848014,59.35394714112972
20868,SILVER FABRIC MIRROR,518.07,882,71,40,0.9214084507042254,3437.0,2215.0,-1222.0,0.5873809523809524,20122583.761000015,98.27095480297808,59.371221281741235
35810B,ENAMEL BLUE RIM COFFEE CONTAINER,517.71,325,68,43,2.2813235294117646,3438.0,3160.0,-278.0,1.5929538461538462,20123101.471000016,98.27348309937459,59.38849542235274
84657,GREEN ROSE CUSHION COVER,517.48,246,20,14,4.4990000000000006,3439.0,3430.0,-9.0,2.1035772357723577,20123618.951000016,98.2760102725396,59.40576956296424
84762A,WHITE PICNIC BARBECUE BUCKET,517.4300000000001,59,29,24,9.866551724137931,3440.0,4434.0,994.0,8.770000000000001,20124136.381000016,98.27853720152385,59.42304370357575
84683,CLASSICAL ROSE CANDLESTAND,516.85,537,46,18,1.6375510204081631,3441.0,2713.0,-728.0,0.9624767225325885,20124653.231000017,98.28106129801132,59.44031784418725
85039C,S/4 BLACK MINI ROSE CANDLE IN BOWL,516.31,536,114,27,1.7143859649122808,3442.0,2716.0,-726.0,0.9632649253731342,20125169.541000016,98.2835827573466,59.45759198479875
90114,SUMMER DAISIES BAG CHARM,514.18,205,111,19,2.48972972972973,3443.0,3575.0,132.0,2.508195121951219,20125683.721000016,98.28609381458163,59.474866125410266
84931A,PINK SCOTTIE DOG W FLOWER PATTERN,513.69,204,82,42,2.7070731707317073,3444.0,3579.0,135.0,2.518088235294118,20126197.411000017,98.28860247884525,59.492140266021764
46118,FUNKY MONKEY CUSHION COVER,513.58,373,72,23,3.027945205479452,3445.0,3040.0,-405.0,1.3768900804289546,20126710.991000015,98.29111060591119,59.50941440663327
16168M,FUNKY MONKEY GIFT BAG MEDIUM,512.38,1686,101,42,0.5918811881188119,3446.0,1496.0,-1950.0,0.3039027283511269,20127223.371000014,98.29361287263896,59.526688547244774
82605,OLD DOC RUSSEL METAL SIGN,512.13,227,101,62,2.4473529411764705,3447.0,3493.0,46.0,2.256079295154185,20127735.501000013,98.29611391846294,59.54396268785628
72807c,SET/3 VANILLA SCENTED CANDLE IN BOX,511.98,60,44,0,8.494545454545454,3448.0,4421.0,973.0,8.533,20128247.481000014,98.29861423174465,59.56123682846778
23136,IVORY WIRE SWEETHEART LETTER TRAY,511.89,135,49,39,4.034081632653061,3449.0,3877.0,428.0,3.7917777777777775,20128759.371000014,98.30111410550101,59.57851096907929
47559b,TEA TIME OVEN GLOVE,511.46,154,44,0,3.2895454545454546,3450.0,3782.0,332.0,3.321168831168831,20129270.831000015,98.30361187930285,59.595785109690794
85179A,GREEN BITTY LIGHT CHAIN,511.07,217,70,24,3.2454285714285716,3451.0,3533.0,82.0,2.3551612903225805,20129781.901000015,98.30610774849478,59.6130592503023
84875B,GREEN SQUARE COMPACT MIRROR,511.01,373,40,16,1.9637499999999999,3452.0,3040.0,-412.0,1.3699999999999999,20130292.911000017,98.3086033246698,59.630333390913805
85129C,BEADED CRYSTAL HEART BLUE SMALL,510.23,390,65,37,1.606969696969697,3453.0,2995.0,-458.0,1.3082820512820514,20130803.141000018,98.31109509162502,59.6476075315253
84989B,75 BLACK FAIRY CAKE CASES,510.15,1009,57,34,0.6828070175438596,3454.0,2066.0,-1388.0,0.505599603567889,20131313.291000016,98.31358646789103,59.664881672136815
84782C,GREEN 3 TIER GLASS PLATE STAND,509.9,74,18,18,9.616666666666667,3455.0,4301.0,846.0,6.89054054054054,20131823.191000015,98.31607662325322,59.68215581274832
21540,DAIRY MAID CERAMIC BUTTER DISH,509.62,114,48,27,4.9504166666666665,3456.0,3980.0,524.0,4.470350877192982,20132332.811000016,98.31856541120321,59.69942995335982
90058B,CRYSTAL STUD EARRINGS ASSORTED COL,509.08,1082,29,27,0.47379310344827585,3457.0,1990.0,-1467.0,0.47049907578558225,20132841.891000014,98.32105156200099,59.71670409397133
20753,RETRO PINK SPOT WASHING UP GLOVES,509.0,218,56,30,2.6607142857142856,3458.0,3529.0,71.0,2.334862385321101,20133350.891000014,98.32353732210957,59.73397823458283
22135,LADLE LOVE HEART PINK,508.75,1096,151,40,0.682251655629139,3459.0,1968.0,-1491.0,0.4641879562043796,20133859.641000014,98.32602186131437,59.75125237519433
20615,BLUE POLKADOT PASSPORT COVER,506.96,325,109,32,2.5990825688073396,3460.0,3160.0,-300.0,1.559876923076923,20134366.601000015,98.32849765884805,59.768526515805846
23043,PAPER LANTERN 9 POINT HOLLY STAR L,506.01,75,20,15,7.492,3461.0,4290.0,829.0,6.7467999999999995,20134872.611000016,98.33096881694738,59.785800656417344
20654,FIRST CLASS LUGGAGE TAG,505.41,398,120,65,1.3760330578512396,3462.0,2982.0,-480.0,1.2698743718592966,20135378.021000016,98.33343704487758,59.80307479702884
35004S,SET OF 3 SILVER FLYING DUCKS,505.4,145,24,12,7.283333333333332,3463.0,3820.0,357.0,3.48551724137931,20135883.421000015,98.33590522397164,59.820348937640354
23527,WALL ART ANIMALS AND NATURE,504.59,153,31,25,4.163870967741936,3464.0,3785.0,321.0,3.29797385620915,20136388.011000015,98.33836944733744,59.83762307825186
37352,BIRD IN TREE MUG,504.55,4643,8,6,1.10625,3465.0,597.0,-2868.0,0.10866896403187594,20136892.561000016,98.34083347535862,59.85489721886336
22286,DECORATION WOBBLY RABBIT METAL,504.46,830,67,35,1.225820895522388,3466.0,2280.0,-1186.0,0.6077831325301205,20137397.021000016,98.34329706385446,59.87217135947487
84877B,GREEN ROUND COMPACT MIRROR,504.43,291,43,13,2.682093023255814,3467.0,3274.0,-193.0,1.7334364261168385,20137901.451000016,98.34576050584182,59.88944550008637
22541,MINI JIGSAW LEAP FROG,503.92,1245,66,34,0.5591044776119403,3468.0,1830.0,-1638.0,0.40475502008032127,20138405.371000018,98.34822145718549,59.90671964069788
84218,BOX/12 CHICK & EGG IN BASKET,503.51,261,96,74,2.0510204081632653,3469.0,3376.0,-93.0,1.9291570881226052,20138908.88100002,98.35068040624694,59.923993781309385
85169B,BLACK LOVE BIRD CANDLE,502.90999999999997,428,93,31,1.510851063829787,3470.0,2913.0,-557.0,1.1750233644859813,20139411.79100002,98.35313642513928,59.94126792192088
85142,JARDIN ETCHED GLASS GINGER JAR,502.58,57,34,26,9.403823529411765,3471.0,4456.0,985.0,8.81719298245614,20139914.371000018,98.35559083243864,59.958542062532395
20845,ZINC HEART LATTICE 2 WALL PLANTER,502.27,76,24,15,7.169583333333333,3472.0,4281.0,809.0,6.608815789473684,20140416.641000018,98.3580437258173,59.97581620314389
21117,BLOND DOLL DOORSTOP,502.08000000000004,328,26,23,1.912692307692308,3473.0,3148.0,-325.0,1.5307317073170732,20140918.721000016,98.36049569130907,59.9930903437554
79337,BLUE FLOCK GLASS CANDLEHOLDER,502.03,1194,21,16,1.0266666666666666,3474.0,1872.0,-1602.0,0.42046063651591287,20141420.751000017,98.36294741262009,60.01036448436691
84804B,BLUE DELPHINIUM ARTIFICIAL FLOWER,501.9700000000001,355,19,17,2.5040000000000004,3475.0,3085.0,-390.0,1.4140000000000001,20141922.721000016,98.36539884091421,60.02763862497841
90010E,AMBER GLASS/SILVER BRACELET,501.65,56,35,16,8.912285714285714,3476.0,4468.0,992.0,8.958035714285714,20142424.371000014,98.36784870645147,60.044912765589906
23117,POPPY FIELDS CHOPPING BOARD,501.23,93,45,39,5.598888888888888,3477.0,4164.0,687.0,5.389569892473118,20142925.601000015,98.37029652087038,60.06218690620142
47591B,SCOTTIES DES CHILD'S APRON,500.83,300,98,52,1.706734693877551,3478.0,3237.0,-241.0,1.6694333333333333,20143426.431000013,98.37274238184322,60.07946104681292
23021,GLASS BONNE JAM JAR,500.82000000000005,120,27,24,4.441851851851852,3479.0,3935.0,456.0,4.173500000000001,20143927.251000013,98.37518819397994,60.09673518742442
20865,PATCHWORK PENCIL CASE BUTTERFLY,500.49,251,33,24,2.196060606060606,3480.0,3411.0,-69.0,1.99398406374502,20144427.74100001,98.37763239452363,60.114009328035934
71143,SILVER BOOK MARK WITH BEADS,500.34,332,96,10,2.0165624999999996,3481.0,3142.0,-339.0,1.5070481927710844,20144928.08100001,98.38007586252505,60.13128346864743
84706D,CHERRY BLOSSOM TABLE CLOCK,500.19,219,16,14,4.771249999999999,3482.0,3523.0,41.0,2.283972602739726,20145428.271000013,98.38251859798423,60.14855760925894
16219,HOUSE SHAPE PENCIL SHARPENER,499.55,3357,128,58,0.555703125,3483.0,826.0,-2657.0,0.1488084599344653,20145927.821000014,98.3849582079297,60.16583174987045
21882,SKULLS TAPE,499.44,1052,119,61,0.7752892561983471,3484.0,2024.0,-1460.0,0.4747528517110266,20146427.261000015,98.3873972806775,60.18310589048195
35471A,SET OF 3 BIRD L.BLUE FEATHER,499.31,421,83,41,1.6135294117647059,3485.0,2933.0,-552.0,1.1860095011876484,20146926.571000014,98.38983571855533,60.200380031093445
23560,SET OF 6 RIBBONS COUNTRY STYLE,499.18,172,26,20,3.543846153846154,3486.0,3712.0,226.0,2.9022093023255815,20147425.751000013,98.39227352156318,60.21765417170496
84247L,FAWN AND MUSHROOM GREETING CARD,498.21,1137,110,62,0.5278181818181817,3487.0,1921.0,-1566.0,0.43817941952506595,20147923.961000014,98.39470658746437,60.23492831231646
20864,DENIM PATCH PENCIL CASE BUTTERFLY,498.14,252,29,20,2.2,3488.0,3406.0,-82.0,1.9767460317460317,20148422.101000015,98.39713931151249,60.252202452927975
47592A,CAROUSEL DES CHILD'S OVERALL,497.81,257,74,28,1.8847297297297296,3489.0,3390.0,-99.0,1.9370038910505836,20148919.911000013,98.39957042396759,60.26947659353947
35600D,PINK AND WHITE CHRISTMAS TREE 180CM,497.70000000000005,141,13,11,7.084615384615384,3490.0,3849.0,359.0,3.5297872340425536,20149417.611000013,98.40200099922504,60.28675073415097
85230A,OPIUM SCENTED VOTIVE CANDLE,497.03999999999996,1992,48,31,0.2683333333333333,3491.0,1319.0,-2172.0,0.2495180722891566,20149914.65100001,98.40442835129647,60.30402487476248
21399,BLUE SPOTTY COFFEE MUG,495.98,241,35,23,2.5700000000000003,3492.0,3444.0,-48.0,2.058008298755187,20150410.631000012,98.4068505267359,60.32129901537399
72800C,S/4 PINK DINNER CANDLE SILVER FLOCK,494.39000000000004,394,28,22,2.642333333333333,3493.0,2989.0,-504.0,1.2547969543147208,20150905.021000013,98.40926493722722,60.338573155985486
22031,BOTANICAL LAVENDER BIRTHDAY CARD,493.99,1125,142,65,0.5171830985915493,3494.0,1938.0,-1556.0,0.4391022222222222,20151399.01100001,98.41167739427247,60.355847296597
84798B,PURPLE FOXGLOVE ARTIIFCIAL FLOWER,492.90000000000003,326,10,8,2.125,3495.0,3153.0,-342.0,1.5119631901840491,20151891.91100001,98.41408452817721,60.373121437208496
16239,BALLERINA HEART DECORATION.,492.17,347,21,13,2.6557142857142857,3496.0,3103.0,-393.0,1.41835734870317,20152384.08100001,98.41648809704292,60.39039557782
90160B,RED BOUDICCA LARGE BRACELET,490.92,71,29,19,6.8420689655172415,3497.0,4328.0,831.0,6.9143661971830985,20152875.001000013,98.4188855613897,60.407669718431514
84827,ASS DES PHONE SPONGE CRAFT STICKER,489.79,1027,29,23,0.5545161290322581,3498.0,2046.0,-1452.0,0.4769133398247323,20153364.791000012,98.42127750725136,60.42494385904301
37482P,CUBIC MUG PINK POLKADOT,489.6,549,56,36,2.7157894736842105,3499.0,2689.0,-810.0,0.8918032786885246,20153854.391000014,98.42366852522613,60.44221799965451
21004,ROSE DU SUD CHILDS APRON,489.14,106,52,28,4.899811320754717,3500.0,4033.0,533.0,4.614528301886792,20154343.531000014,98.42605729673795,60.45949214026602
35967,FOLK ART METAL STAR T-LIGHT HOLDER,488.51,936,112,50,0.765625,3501.0,2158.0,-1343.0,0.5219123931623931,20154832.041000016,98.42844299157223,60.47676628087753
84876B,GREEN HEART COMPACT MIRROR,488.31,344,40,22,2.4007317073170733,3502.0,3112.0,-390.0,1.4195058139534884,20155320.351000015,98.43082770968347,60.494040421489025
21663,VINTAGE GLASS SUGAR CADDY,488.16,76,32,21,7.245625,3503.0,4281.0,778.0,6.423157894736843,20155808.511000015,98.43321169525244,60.51131456210054
51020B,STRIPY DESIGN SHOWER CAP,488.11999999999995,1084,60,40,0.962,3504.0,1987.0,-1517.0,0.45029520295202946,20156296.631000016,98.43559548547681,60.528588702712035
84970l,SINGLE HEART ZINC T-LIGHT HOLDER,487.14,233,65,0,2.0984615384615384,3505.0,3471.0,-34.0,2.0907296137339055,20156783.771000016,98.43797448975835,60.54586284332355
22892,SALT AND PEPPER SHAKERS TOADSTOOLS,486.35,397,30,26,1.3696666666666666,3506.0,2986.0,-520.0,1.2250629722921915,20157270.121000018,98.4403496359839,60.56313698393505
72800D,4 BLUE DINNER CANDLES SILVER FLOCK,485.63,213,50,29,2.8042,3507.0,3542.0,35.0,2.2799530516431923,20157755.751000017,98.44272126600654,60.58041112454655
22897,OVEN MITT APPLE DESIGN,485.0,343,34,30,1.5732352941176468,3508.0,3115.0,-393.0,1.41399416909621,20158240.751000017,98.44508981935167,60.59768526515806
22407,MONEY BOX FIRST ADE DESIGN,484.34000000000003,394,64,49,1.4015625,3509.0,2989.0,-520.0,1.229289340101523,20158725.091000017,98.44745514951079,60.61495940576956
84875D,BLUE SQUARE COMPACT MIRROR,483.75,371,37,17,1.722972972972973,3510.0,3051.0,-459.0,1.3039083557951483,20159208.841000017,98.44981759833696,60.632233546381066
23218,LAUREL STAR ANTIQUE GOLD,483.03,379,40,27,1.57225,3511.0,3024.0,-487.0,1.274485488126649,20159691.871000018,98.45217653096024,60.64950768699258
22259,FELT FARM ANIMAL HEN,482.95,590,72,31,1.297162162162162,3512.0,2616.0,-896.0,0.8185593220338983,20160174.821000017,98.45453507289432,60.666781827604076
22038,BOTANICAL LAVENDER GIFT WRAP,481.0,1150,45,43,0.4182222222222222,3513.0,1906.0,-1607.0,0.4182608695652174,20160655.821000017,98.45688409177885,60.684055968215574
84984B,RED PEONY CUSHION COVER,480.85,309,10,7,3.9300000000000006,3514.0,3216.0,-298.0,1.5561488673139159,20161136.67100002,98.45923237812111,60.70133010882709
85227,SET/6 3D KIT CARDS FOR KIDS,480.69,592,50,27,1.1601960784313725,3515.0,2613.0,-902.0,0.8119763513513514,20161617.36100002,98.46157988308497,60.71860424943859
22346,PARTY PIZZA DISH GREEN POLKADOT,479.6,1159,68,26,0.6523188405797101,3516.0,1899.0,-1617.0,0.41380500431406386,20162096.96100002,98.4639220649083,60.73587839005009
23169,CLASSIC GLASS SWEET JAR,479.45,119,14,14,4.092857142857143,3517.0,3951.0,434.0,4.028991596638655,20162576.41100002,98.46626351418936,60.7531525306616
16244A,MAXWELL 2 TONE PINK 60 PAGE PHOTO A,479.40999999999997,186,28,6,4.073571428571428,3518.0,3646.0,128.0,2.5774731182795696,20163055.82100002,98.46860476812583,60.7704266712731
23422,PANTRY HOOK BALLOON WHISK,477.89,213,47,29,2.777872340425532,3519.0,3542.0,23.0,2.2436150234741783,20163533.71100002,98.47093859896727,60.787700811884605
37492C,GREEN BLUE FLOWER PIGGY BANK,477.29999999999995,242,24,19,3.81,3520.0,3439.0,-81.0,1.9723140495867766,20164011.011000022,98.47326954847576,60.80497495249612
21620,S/4 ROSE BOTANICAL CANDLE,477.12,127,38,33,3.83425,3521.0,3911.0,390.0,3.7568503937007875,20164488.131000023,98.47559961893354,60.822249093107615
21132,SILVER STANDING GNOME,476.61,93,47,25,5.723191489361702,3522.0,4164.0,642.0,5.1248387096774195,20164964.741000023,98.4779271987476,60.83952323371912
72750C,"F.FAIRY S/3 CANDLE/GLASS, ROSE",476.4,232,15,12,2.75,3523.0,3478.0,-45.0,2.0534482758620687,20165441.14100002,98.48025375300246,60.856797374330625
23561,SET OF 6 RIBBONS PARTY,476.0,170,16,13,3.40875,3524.0,3718.0,194.0,2.8,20165917.14100002,98.48257835381126,60.87407151494213
72801G,S/4 BURGUNDY WINE DINNER CANDLES,475.91999999999996,786,26,19,1.4284615384615384,3525.0,2334.0,-1191.0,0.6054961832061068,20166393.061000023,98.48490256393087,60.89134565555364
85170B,SET/6 BLACK BIRD T-LIGHT CANDLES,475.91,283,58,19,2.615689655172414,3526.0,3302.0,-224.0,1.681660777385159,20166868.971000023,98.48722672521433,60.90861979616514
85109,PINK BOUDOIR T-LIGHT HOLDER,475.43000000000006,4211,20,17,0.787,3527.0,660.0,-2867.0,0.11290192353360248,20167344.401000023,98.4895485423625,60.925893936776646
84809A,WHITE CHRYSANTHEMUMS ART FLOWER,474.84,276,21,18,2.020952380952381,3528.0,3317.0,-211.0,1.7204347826086956,20167819.241000023,98.49186747817775,60.94316807738815
21507,ELEPHANT BIRTHDAY CARD,474.78000000000003,1110,95,63,0.5482105263157895,3529.0,1950.0,-1579.0,0.4277297297297298,20168294.021000024,98.4941861209761,60.960442217999656
21536,DAIRY MAID SMALL MILK JUG,474.74,221,61,42,2.2688888888888887,3530.0,3517.0,-13.0,2.1481447963800906,20168768.761000022,98.49650456842981,60.977716358611154
85136B,BLUE SHARK HELICOPTER,473.77000000000004,59,47,39,8.020638297872342,3531.0,4434.0,903.0,8.030000000000001,20169242.53100002,98.49881827877684,60.994990499222666
22697,TEACUP AND SAUCER REGENCY GREEN,472.5,174,13,13,2.8576923076923078,3532.0,3696.0,164.0,2.7155172413793105,20169715.03100002,98.50112578693265,61.01226463983417
40046A,RED DAISY PAPER LAMPSHADE,472.07,355,62,26,1.7974193548387096,3533.0,3085.0,-448.0,1.329774647887324,20170187.101000022,98.50343119513396,61.02953878044567
22951,72 CAKE CASES DOLLY GIRL DESIGN,471.84999999999997,943,25,25,0.5448000000000001,3534.0,2146.0,-1388.0,0.5003711558854719,20170658.951000024,98.50573552893992,61.04681292105718
84926E,FLOWERS TILE COASTER,471.57,1081,52,40,0.7690384615384616,3535.0,1992.0,-1543.0,0.4362349676225717,20171130.521000024,98.50803849533365,61.06408706166868
85144,JARDIN ETCHED GLASS BUTTER DISH,471.4,68,30,25,7.191935483870967,3536.0,4354.0,818.0,6.93235294117647,20171601.921000022,98.51034063151278,61.081361202280185
20662,FIRST CLASS HOLIDAY PURSE,471.33000000000004,728,49,23,2.718571428571429,3537.0,2412.0,-1125.0,0.6474313186813188,20172073.25100002,98.51264242583888,61.0986353428917
84901,BLACK FACE LAMB WITH PANTS,471.13,123,74,44,3.8594594594594596,3538.0,3920.0,382.0,3.8303252032520323,20172544.38100002,98.51494324344192,61.115909483503195
gift_0001_20,DOTCOMGIFTSHOP GIFT VOUCHER £20.00,471.06,28,26,0,16.807692307692307,3539.0,4828.0,1289.0,16.82357142857143,20173015.44100002,98.51724371919191,61.13318362411469
23521,WALL ART CAT AND BIRD,469.73,143,40,18,4.424,3540.0,3830.0,290.0,3.284825174825175,20173485.17100002,98.51953769973377,61.150457764726205
21518,BANK ACCOUNT GREETING CARD,469.28000000000003,1107,109,58,0.504862385321101,3541.0,1953.0,-1588.0,0.4239205058717254,20173954.45100002,98.52182948264881,61.16773190533771
90192,JADE DROP EARRINGS W FILIGREE,469.18,94,53,10,5.0220754716981135,3542.0,4157.0,615.0,4.991276595744681,20174423.63100002,98.52412077720234,61.18500604594922
22686,"FRENCH BLUE METAL DOOR SIGN, NO",468.94,356,48,33,1.5912499999999998,3543.0,3081.0,-462.0,1.317247191011236,20174892.57100002,98.52641089968824,61.20228018656072
72799B,PURPLE PILLAR CANDLE BLACK FLOCK,467.71000000000004,322,16,7,3.664375,3544.0,3176.0,-368.0,1.4525155279503106,20175360.28100002,98.5286950153275,61.21955432717222
85211,S/4 GROOVY CAT MAGNETS,467.4,306,75,43,2.055128205128205,3545.0,3224.0,-321.0,1.5274509803921568,20175827.68100002,98.53097761704606,61.23682846778373
35911A,MULTICOLOUR RABBIT EGG WARMER,466.69,388,96,38,1.5051546391752577,3546.0,3001.0,-545.0,1.2028092783505155,20176294.37100002,98.53325675139789,61.254102608395236
72225C,LAVENDER SCENT CAKE CANDLE,466.38,1926,38,25,0.2689473684210526,3547.0,1347.0,-2200.0,0.24214953271028036,20176760.75100002,98.535534371829,61.271376749006734
23379,PACK OF 12 RED APPLE TISSUES,465.36,1220,76,49,0.5376623376623376,3548.0,1848.0,-1700.0,0.3814426229508197,20177226.11100002,98.53780701097267,61.288650889618246
51020A,SUMMER FUN DESIGN SHOWER CAP,463.30999999999995,1303,50,37,0.8276,3549.0,1773.0,-1776.0,0.3555717574827321,20177689.42100002,98.54006963870529,61.305925030229744
23455,SMALL PARLOUR PICTURE FRAME,462.45,165,33,30,2.8782352941176472,3550.0,3742.0,192.0,2.8027272727272727,20178151.871000018,98.54232806652891,61.32319917084125
90120C,GREEN MURANO TWIST BRACELET,462.32,109,58,12,4.241379310344827,3551.0,4007.0,456.0,4.2414678899082565,20178614.19100002,98.54458585948254,61.34047331145276
84972L,GIANT PINK HEART MEMO HOLDER,462.15000000000003,117,46,41,3.95,3552.0,3962.0,410.0,3.95,20179076.341000017,98.54684282222159,61.35774745206426
72132,COLUMBIAN CUBE CANDLE,462.15,549,28,22,1.6935714285714287,3553.0,2689.0,-864.0,0.8418032786885246,20179538.491000015,98.54909978496065,61.37502159267576
72789,BASKET/8 SCENTED LOVE TOKEN CANDLES,461.53,122,45,42,3.837608695652174,3554.0,3922.0,368.0,3.783032786885246,20180000.021000016,98.55135371985833,61.39229573328727
85204,HANGING WOOD AND FELT FLOWER,460.9,2353,154,69,0.3968789808917197,3555.0,1137.0,-2418.0,0.1958776030599235,20180460.921000015,98.55360457807845,61.409569873898775
90195B,BLACK GEMSTONE BRACELET,460.69,52,26,19,8.768846153846154,3556.0,4510.0,954.0,8.859423076923077,20180921.611000016,98.5558544107394,61.42684401451027
23691,WRAP KEEP CALM BIRTHDAY,460.5,1125,36,34,0.4183333333333333,3557.0,1938.0,-1619.0,0.4093333333333333,20181382.111000016,98.55810331551346,61.444118155121785
84915,HAND TOWEL PINK FLOWER AND DAISY,459.56,234,37,15,4.340810810810811,3558.0,3466.0,-92.0,1.963931623931624,20181841.671000015,98.5603476296893,61.46139229573328
84948,SILVER HANGING T-LIGHT HOLDER DOME,459.21,273,36,28,1.7905405405405406,3559.0,3329.0,-230.0,1.682087912087912,20182300.881000016,98.56259023459984,61.47866643634479
22193,RED WALL CLOCK,459.0,60,1,1,7.65,3560.0,4421.0,861.0,7.65,20182759.881000016,98.56483181395119,61.4959405769563
22191,IVORY WALL CLOCK,459.0,60,1,1,7.65,3560.0,4421.0,861.0,7.65,20183218.881000016,98.56707339330255,61.5132147175678
47422,ASSORTED MONKEY SUCTION CUP HOOK,458.34000000000003,1177,66,28,0.4140845070422535,3562.0,1887.0,-1675.0,0.38941376380628717,20183677.221000016,98.5693117494679,61.53048885817931
16207B,PINK HEART RED HANDBAG,457.65000000000003,265,46,12,2.654782608695652,3563.0,3361.0,-202.0,1.7269811320754718,20184134.871000014,98.57154673593881,61.54776299879081
22345,PARTY PIZZA DISH BLUE POLKADOT,457.58,1183,81,33,0.657710843373494,3564.0,1881.0,-1683.0,0.3867962806424345,20184592.451000012,98.57378138055665,61.565037139402314
23045,PAPER LANTERN 5 POINT STAR MOON,456.48,108,20,17,4.564,3565.0,4016.0,451.0,4.226666666666667,20185048.931000013,98.57601065319784,61.582311280013826
90145,SILVER HOOP EARRINGS WITH FLOWER,455.86,75,45,16,6.132666666666667,3566.0,4290.0,724.0,6.078133333333334,20185504.791000012,98.57823689799764,61.599585420625324
84509A,ENGLISH ROSE PLACEMATS,455.18,117,32,19,4.470625,3567.0,3962.0,395.0,3.8904273504273506,20185959.971000012,98.58045982193914,61.61685956123682
90201B,BLACK ENAMEL FLOWER RING,454.31000000000006,154,54,14,2.9568518518518516,3568.0,3782.0,214.0,2.9500649350649355,20186414.28100001,98.58267849713546,61.634133701848334
21757,LIGHTHOUSE PRINTED METAL SIGN,454.3,80,42,15,6.3058139534883715,3569.0,4242.0,673.0,5.67875,20186868.58100001,98.58489712349564,61.65140784245984
72586,"S/6 HALLOWEEN GHOST T LIGHTS, 5CM H",453.99,1059,58,39,0.5444827586206896,3570.0,2014.0,-1556.0,0.4286968838526912,20187322.57100001,98.58711423593512,61.66868198307134
84508B,STRIPES DESIGN TEDDY,453.76,169,74,40,2.8228378378378376,3571.0,3725.0,154.0,2.6849704142011834,20187776.33100001,98.58933022514313,61.68595612368285
22813,PACK 3 BOXES BIRD PANETTONE,451.84,204,31,11,3.4170967741935483,3572.0,3579.0,7.0,2.2149019607843137,20188228.17100001,98.59153683781004,61.70323026429435
20621,ECONOMY PASSPORT COVER,451.67,207,33,23,2.3584848484848484,3573.0,3568.0,-5.0,2.1819806763285023,20188679.841000013,98.59374262026239,61.72050440490585
23548,WRAP MAGIC FOREST,451.5,1075,43,42,0.42,3574.0,1998.0,-1576.0,0.42,20189131.341000013,98.59594757250017,61.737778545517365
23509,MINI PLAYING CARDS FUN FAIR,451.46000000000004,1062,65,51,0.4865151515151515,3575.0,2011.0,-1564.0,0.4251035781544256,20189582.801000014,98.59815232939333,61.75505268612886
90120B,BLUE MURANO TWIST BRACELET,451.44,107,42,17,4.192619047619048,3576.0,4026.0,450.0,4.219065420560748,20190034.241000015,98.60035698861421,61.77232682674037
82081,PINK HEARTS PHOTO ALBUM,451.35,174,23,11,5.259130434782609,3577.0,3696.0,119.0,2.5939655172413794,20190485.591000017,98.60256120830971,61.78960096735187
84597C,RETRO PINK BALL ASHTRAY,450.98,364,44,21,1.4622727272727274,3578.0,3063.0,-515.0,1.238956043956044,20190936.571000017,98.6047636210676,61.80687510796338
16012,FOOD/DRINK SPONGE STICKERS,449.82,2142,63,53,0.21,3579.0,1237.0,-2342.0,0.21,20191386.391000018,98.60696036883193,61.82414924857489
21393,BLUE POLKADOT PUDDING BOWL,449.26,2565,15,14,1.788125,3580.0,1041.0,-2539.0,0.17515009746588694,20191835.65100002,98.60915438177179,61.84142338918639
20616,CHERRY BLOSSOM PASSPORT COVER,449.26,283,121,31,2.0985123966942147,3580.0,3302.0,-278.0,1.5874911660777384,20192284.91100002,98.61134839471164,61.858697529797894
16218,CARTOON PENCIL SHARPENERS,448.13,4629,98,60,0.4536734693877551,3582.0,601.0,-2981.0,0.09680924605746381,20192733.04100002,98.61353688916637,61.8759716704094
90014A,SILVER/MOP ORBIT NECKLACE,447.21,44,34,15,10.20705882352941,3583.0,4613.0,1030.0,10.163863636363637,20193180.25100002,98.61572089069519,61.893245811020904
17164D,ASS COL SMALL SAND FROG P'WEIGHT,447.0,1150,28,26,0.41516129032258065,3584.0,1906.0,-1678.0,0.38869565217391305,20193627.25100002,98.6179038666648,61.9105199516324
72127,COLUMBIAN CANDLE ROUND,445.94,366,65,49,1.3138805970149254,3585.0,3057.0,-528.0,1.218415300546448,20194073.191000022,98.62008166600236,61.927794092243914
79030D,"TUMBLER, BAROQUE",445.45,484,21,15,4.163333333333334,3586.0,2794.0,-792.0,0.9203512396694215,20194518.64100002,98.62225707236851,61.94506823285542
84857C,PINK MONTE CARLO HANDBAG,445.03,197,17,13,4.375294117647059,3587.0,3614.0,27.0,2.2590355329949237,20194963.671000022,98.6244304276163,61.96234237346692
21529,RED RETROSPOT TOASTRACK,444.36,120,49,32,4.132448979591837,3588.0,3935.0,347.0,3.7030000000000003,20195408.03100002,98.62660051084194,61.97961651407843
90010A,MIDNIGHT BLUE GLASS/SILVER BRACELET,443.84999999999997,49,30,12,9.071666666666665,3589.0,4556.0,967.0,9.058163265306122,20195851.881000023,98.62876810342385,61.99689065468993
72128,COLUMBIAN CANDLE ROUND,442.23999999999995,714,88,61,0.8893406593406593,3590.0,2431.0,-1159.0,0.6193837535014005,20196294.12100002,98.63092783338539,62.01416479530143
62096B,PURPLE/TURQ FLOWERS HANDBAG,441.99,257,82,42,2.315542168674699,3591.0,3390.0,-201.0,1.719805447470817,20196736.11100002,98.63308634244312,62.031438935912945
90198B,VINTAGE ROSE BEAD BRACELET BLACK,441.9,104,49,22,4.244693877551021,3592.0,4047.0,455.0,4.249038461538461,20197178.01100002,98.63524441197549,62.04871307652444
16243B,BROWN COZY SQUARE PHOTO ALBUM,441.77,212,8,1,5.49625,3593.0,3549.0,-44.0,2.083820754716981,20197619.781000018,98.6374018466379,62.06598721713594
90154,LAZER CUT NECKLACE W PASTEL BEADS,439.65,59,7,6,8.707142857142857,3594.0,4434.0,840.0,7.451694915254237,20198059.431000017,98.63954892803622,62.08326135774745
16161M,WRAP PINK FLOCK,439.0,1050,39,36,0.41794871794871796,3595.0,2028.0,-1567.0,0.4180952380952381,20198498.431000017,98.64169283508467,62.10053549835896
79030A,"TUMBLER, ENGLISH ROSE",438.25,171,33,18,5.692424242424242,3596.0,3715.0,119.0,2.5628654970760234,20198936.681000017,98.64383307942178,62.117809638970456
23023,RIDGED BONNE JAM JAR T-LIGHT HOLDER,437.82,274,25,23,1.7651999999999999,3597.0,3327.0,-270.0,1.5978832116788322,20199374.501000017,98.64597122380438,62.13508377958197
90013A,MIDNIGHT BLUE VINTAGE EARRINGS,434.27,115,77,8,3.788961038961039,3598.0,3976.0,378.0,3.7762608695652173,20199808.771000016,98.6480920313532,62.15235792019347
22343,PARTY PIZZA DISH RED WHITE SPOT,434.07,488,34,21,1.1191176470588236,3599.0,2788.0,-811.0,0.8894877049180328,20200242.841000017,98.650211862179,62.16963206080498
79071B,ENGLISH ROSE METAL WASTE BIN,433.70000000000005,142,66,51,3.1742424242424243,3600.0,3839.0,239.0,3.0542253521126765,20200676.541000016,98.6523298860672,62.186906201416484
21027,NINJA RABBIT PINK,433.61,355,77,39,1.2543037974683544,3601.0,3085.0,-516.0,1.22143661971831,20201110.151000015,98.65444747043003,62.20418034202798
84859B,BLUE DISCO HANDBAG,433.46,282,18,14,2.8922222222222222,3602.0,3307.0,-295.0,1.5370921985815602,20201543.611000016,98.65656432225059,62.221454482639494
84510F,SET OF 4 NEW ENGLAND COASTERS,432.75,1099,38,23,1.4618421052631578,3603.0,1964.0,-1639.0,0.3937670609645132,20201976.361000016,98.65867770670441,62.23872862325099
84798A,PINK FOXGLOVE ARTIIFCIAL FLOWER,432.45000000000005,195,10,9,2.505,3604.0,3618.0,14.0,2.217692307692308,20202408.811000016,98.66078962607368,62.2560027638625
37464,ROBOT MUG IN DISPLAY BOX,431.18,316,82,45,1.7680722891566265,3605.0,3189.0,-416.0,1.364493670886076,20202839.991000015,98.6628953432517,62.27327690447401
84858B,BLUE RIVIERA HANDBAG,431.0,326,9,8,2.816666666666667,3606.0,3153.0,-453.0,1.322085889570552,20203270.991000015,98.66500018137901,62.29055104508551
23058,CHRISTMAS HANGING SNOWFLAKE,430.86,490,48,39,1.2252083333333335,3607.0,2784.0,-823.0,0.8793061224489797,20203701.851000015,98.66710433580019,62.307825185697006
72800C,4 PINK DINNER CANDLE SILVER FLOCK,430.45,266,50,33,2.6636,3608.0,3358.0,-250.0,1.6182330827067668,20204132.301000014,98.66920648793916,62.32509932630852
20851,ZINC HEART LATTICE TRAY OVAL,429.57,335,28,21,5.966206896551724,3609.0,3130.0,-479.0,1.2822985074626865,20204561.871000014,98.67130434249682,62.34237346692002
16045,POPART WOODEN PENCILS ASST,429.44,9312,74,65,0.049600000000000005,3610.0,255.0,-3355.0,0.04611683848797251,20204991.311000016,98.67340156218451,62.35964760753152
90013B,BLACK VINTAGE EARRINGS,428.92,104,79,5,4.186835443037975,3611.0,4047.0,436.0,4.12423076923077,20205420.231000017,98.67549624239233,62.37692174814303
84966B,BLUE KASHMIRI BOXED MIRROR,428.0,33,4,3,16.0,3612.0,4759.0,1147.0,12.969696969696969,20205848.231000017,98.6775864296742,62.39419588875453
84422,PINK/BLUE DISC/MIRROR STRING,427.95,782,38,19,1.0126315789473683,3613.0,2337.0,-1276.0,0.5472506393861892,20206276.181000017,98.6796763727753,62.411470029366036
84801A,PINK HYDRANGEA ART FLOWER,427.44000000000005,272,15,14,1.976,3614.0,3335.0,-279.0,1.5714705882352944,20206703.621000018,98.68176382523271,62.42874416997755
23457,LARGE PARLOUR PICTURE FRAME,427.03000000000003,85,29,25,5.135862068965517,3615.0,4208.0,593.0,5.023882352941177,20207130.65100002,98.6838492754079,62.44601831058905
23522,DOG AND BALL WALL ART,425.87999999999994,252,4,3,2.26,3616.0,3406.0,-210.0,1.6899999999999997,20207556.531000018,98.68592910942566,62.46329245120056
85230G,ORANGE VOTIVE CANDLE,425.75999999999993,1680,46,32,0.2691304347826087,3617.0,1500.0,-2117.0,0.2534285714285714,20207982.29100002,98.68800835740961,62.48056659181206
20715,LITTLE FLOWER SHOPPER BAG,424.0,400,1,1,1.06,3618.0,2975.0,-643.0,1.06,20208406.29100002,98.69007901023092,62.49784073242356
21028,NINJA RABBIT BLACK,423.9,323,92,31,1.6121739130434782,3619.0,3171.0,-448.0,1.3123839009287925,20208830.19100002,98.69214917469068,62.515114873035074
45016,DECORATIVE NET CANOPY LEOPARD,423.73,101,25,8,5.946923076923077,3620.0,4076.0,456.0,4.195346534653465,20209253.92100002,98.69421850893589,62.53238901364657
16207A,PINK STRAWBERRY HANDBAG,423.53000000000003,143,76,17,3.001578947368421,3621.0,3830.0,209.0,2.961748251748252,20209677.45100002,98.69628686645807,62.54966315425807
21678,PAISLEY PATTERN STICKERS,423.0,572,80,39,0.97425,3622.0,2646.0,-976.0,0.7395104895104895,20210100.45100002,98.69835263566422,62.56693729486958
16008,SMALL FOLDING SCISSOR(POINTED EDGE),422.96,3141,85,64,0.15623529411764706,3623.0,871.0,-2752.0,0.1346577523081821,20210523.41100002,98.70041820952578,62.58421143548109
21729,SMALL MARAKESH METAL LANTERN,422.9,124,30,19,4.051290322580646,3624.0,3916.0,292.0,3.4104838709677416,20210946.31100002,98.70248349037041,62.601485576092585
22446,PIN CUSHION RUSSIAN DOLL PINK,422.45000000000005,122,34,24,3.7544117647058823,3625.0,3922.0,297.0,3.462704918032787,20211368.76100002,98.70454657358823,62.6187597167041
22840,"CAKE TIN, ROUND, VINTAGE RED,CREAM",421.05,59,10,10,7.55,3626.0,4434.0,808.0,7.136440677966102,20211789.81100002,98.70660281974484,62.636033857315596
47579,TEA TIME BREAKFAST BASKET,420.87,185,55,37,2.5601785714285716,3627.0,3648.0,21.0,2.274972972972973,20212210.68100002,98.70865818685074,62.6533079979271
46126A,ELVIS WALLHANGING / CURTAIN,419.99,317,48,23,1.5891666666666666,3628.0,3185.0,-443.0,1.3248895899053628,20212630.67100002,98.7107092563753,62.67058213853861
84967C,GREEN KASHMIRI OCCASIONAL TABLE,419.85,9,4,3,67.4625,3629.0,5289.0,1660.0,46.650000000000006,20213050.52100002,98.71275964219375,62.68785627915011
84770,ROUND GEORGIAN SILVER MIRROR,419.25000000000006,135,16,14,3.825,3630.0,3877.0,247.0,3.105555555555556,20213469.77100002,98.71480709784312,62.70513041976161
72780,BLACK SILOUETTE CANDLE PLATE,418.18,514,44,36,0.8411363636363636,3631.0,2743.0,-888.0,0.813579766536965,20213887.95100002,98.71684932802425,62.72240456037312
22032,BOTANICAL LILY GREETING CARD,418.12,980,111,64,0.46522522522522525,3632.0,2099.0,-1533.0,0.4266530612244898,20214306.07100002,98.71889126518852,62.739678700984626
72750A,FLOWER FAIRY SET OF 3 LILY CANDLES,417.7,206,8,6,2.45,3633.0,3569.0,-64.0,2.0276699029126215,20214723.77100002,98.7209311512344,62.756952841596124
84532B,FAIRY CAKES RECTANGLUAR BOXES,417.58,54,31,21,7.502903225806452,3634.0,4484.0,850.0,7.732962962962962,20215141.35100002,98.72297045124645,62.77422698220764
85097B,BLUE ROCKING SINGING CANARY,417.17,106,40,25,4.135365853658537,3635.0,4033.0,398.0,3.9355660377358492,20215558.52100002,98.72500774897632,62.791501122819135
37482P,CUBIC MUG PINK POLKA DOT,416.71000000000004,118,27,17,6.839259259259259,3636.0,3956.0,320.0,3.531440677966102,20215975.23100002,98.72704280024321,62.80877526343065
35240,ENAMEL BLUE RIM OVAL TRAY SET/2,416.01,49,39,35,8.49,3637.0,4556.0,919.0,8.49,20216391.241000023,98.72907443297952,62.82604940404215
85014b,RED RETROSPOT UMBRELLA,414.82000000000005,33,30,0,12.555333333333333,3638.0,4759.0,1121.0,12.570303030303032,20216806.061000023,98.73110025421377,62.84332354465365
84529C,YELLOW KNITTED KIDS RUCKSACK,414.74,78,37,9,5.033783783783784,3639.0,4259.0,620.0,5.317179487179487,20217220.80100002,98.73312568475883,62.86059768526516
84997b,RED 3 PIECE MINI DOTS CUTLERY SET,414.18,49,7,0,8.348571428571429,3640.0,4556.0,916.0,8.45265306122449,20217634.98100002,98.73514838047942,62.87787182587666
22395,PAPERWEIGHT VINTAGE PAISLEY,413.76,234,53,31,3.0911320754716978,3641.0,3466.0,-175.0,1.768205128205128,20218048.741000023,98.73716902508163,62.895145966488165
84007,MAGIC GARDEN MOUNT FUJI,413.12,157,39,30,2.6815384615384614,3642.0,3770.0,128.0,2.6313375796178344,20218461.861000024,98.73918654417015,62.91242010709968
85112,S/3 TEAR DROP CUT GLASS DECORATION,412.77,465,34,20,1.6549999999999998,3643.0,2835.0,-808.0,0.8876774193548387,20218874.631000023,98.74120235399337,62.929694247711176
23459,DOLLY CABINET 2 DRAWERS,412.5,33,19,19,12.5,3644.0,4759.0,1115.0,12.5,20219287.131000023,98.74321684524051,62.946968388322674
20666,ECONOMY HOLIDAY PURSE,412.45000000000005,911,46,22,2.408478260869565,3645.0,2185.0,-1460.0,0.45274423710208567,20219699.581000023,98.74523109230688,62.964242528934186
23415,HOME SWEET HOME HOOK,412.17999999999995,328,47,42,1.4517021276595745,3646.0,3148.0,-498.0,1.2566463414634146,20220111.761000022,98.74724402079717,62.98151666954569
21520,BOOZE & WOMEN GREETING CARD,411.63,957,108,61,0.5285185185185185,3647.0,2130.0,-1517.0,0.4301253918495298,20220523.39100002,98.74925426329911,62.99879081015719
84884a,ANT WHITE WIRE HEART SPIRAL,410.89,49,35,0,8.37742857142857,3648.0,4556.0,908.0,8.385510204081632,20220934.28100002,98.75126089192588,63.0160649507687
20857,BLUE ROSE PATCH PURSE PINK BUTTERFL,410.84999999999997,249,73,57,1.65,3649.0,3420.0,-229.0,1.65,20221345.131000023,98.75326732520801,63.0333390913802
21341,KASBAH LANTERN WITH GLASS,410.64,72,29,15,7.1865517241379315,3650.0,4313.0,663.0,5.703333333333333,20221755.771000024,98.75527273293099,63.050613231991704
90149,SILVER FLOWR PINK SHELL NECKLACE,410.26000000000005,62,9,6,7.371111111111111,3651.0,4403.0,752.0,6.617096774193549,20222166.031000026,98.7572762848802,63.06788737260322
84509B,FAIRY CAKE PLACEMATS,409.94,107,28,20,4.573571428571428,3652.0,4026.0,374.0,3.831214953271028,20222575.971000027,98.75927827407257,63.085161513214715
37444B,BLUE BREAKFAST CUP AND SAUCER,409.6,2010,28,14,3.8150000000000004,3653.0,1307.0,-2346.0,0.2037810945273632,20222985.57100003,98.76127860283579,63.10243565382623
16169F,WRAP BLIZZARD,409.5,975,34,34,0.42,3654.0,2107.0,-1547.0,0.42,20223395.07100003,98.7632784432375,63.119709794437725
84595B,LARGE TRIFLE DESIGN L BLUE BOWL,408.9,230,16,13,3.09375,3655.0,3483.0,-172.0,1.7778260869565217,20223803.971000027,98.76527535347009,63.13698393504923
22786,PILLOWCUSHION COVER PINK UNION JACK,408.83000000000004,67,22,17,6.412727272727273,3656.0,4361.0,705.0,6.101940298507463,20224212.801000025,98.76727192184964,63.15425807566074
21252,SET OF MEADOW FLOWER STICKERS,408.66,168,22,14,3.3613636363636363,3657.0,3732.0,75.0,2.4325,20224621.461000025,98.76926766001462,63.17153221627224
22323,BAG FOR CHILDREN VINTAGE PINK,408.0,96,1,1,4.25,3658.0,4140.0,482.0,4.25,20225029.461000025,98.7712601749936,63.188806356883745
22324,BAG FOR CHILDREN VINTAGE BLUE,408.0,96,1,1,4.25,3658.0,4140.0,482.0,4.25,20225437.461000025,98.77325268997258,63.20608049749525
72803B,OCEAN SCENT CANDLE JEWELLED DRAWER,407.88,92,36,28,4.472105263157895,3660.0,4171.0,511.0,4.433478260869565,20225845.341000024,98.77524461891774,63.223354638106755
22776,"CAKESTAND, 3 TIER, LOVEHEART",405.5,46,7,7,9.328571428571427,3661.0,4595.0,934.0,8.815217391304348,20226250.841000024,98.77722492485887,63.24062877871825
84984A,GREEN PEONY CUSHION COVER,403.75,255,12,8,3.8000000000000003,3662.0,3396.0,-266.0,1.5833333333333333,20226654.591000024,98.77919668447348,63.257902919329766
82076,BEECH WOOD PHOTO FRAME,403.64,290,19,5,2.726842105263158,3663.0,3278.0,-385.0,1.3918620689655172,20227058.231000025,98.78116790689043,63.27517705994127
90206C,CRYSTAL DIAMANTE STAR BROOCH,402.61,80,57,9,5.043684210526316,3664.0,4242.0,578.0,5.032625,20227460.841000024,98.78313409918378,63.29245120055277
84932B,SMALL PINK PEONY FOLDING STOOL,401.3,189,17,17,3.105882352941176,3665.0,3640.0,-25.0,2.1232804232804234,20227862.141000025,98.7850938939413,63.30972534116428
22134,MINI LADLE LOVE HEART RED,401.18,865,153,28,0.6414285714285715,3666.0,2240.0,-1426.0,0.4637919075144509,20228263.321000025,98.787053102665,63.32699948177578
23339,EGG FRYING PAN BLUE,400.84000000000003,173,76,43,2.511578947368421,3667.0,3701.0,34.0,2.3169942196531794,20228664.161000025,98.78901065095954,63.344273622387284
23576,SNACK TRAY RED VINTAGE DOILY,400.03999999999996,198,37,28,2.4010526315789473,3668.0,3611.0,-57.0,2.02040404040404,20229064.201000024,98.79096429236198,63.361547762998796
23429,RED RETRO KITCHEN WALL CLOCK,400.01,47,23,19,8.887391304347826,3669.0,4588.0,919.0,8.510851063829787,20229464.211000025,98.79291778725594,63.378821903610294
23039,T-LIGHT HOLDER SILVER HEART HANDLE,399.71,199,28,22,2.3906896551724137,3670.0,3608.0,-62.0,2.0085929648241203,20229863.921000026,98.79486981706539,63.39609604422179
85007,SET OF 3 VINTAGE TEA TIME BOXES,399.62,143,21,16,4.180454545454546,3671.0,3830.0,159.0,2.7945454545454544,20230263.541000027,98.79682140734947,63.413370184833305
23466,TUSCAN VILLA DOVECOTE BIRD FEEDER,399.03,43,23,17,10.403478260869566,3672.0,4629.0,957.0,9.279767441860464,20230662.57100003,98.79877011630062,63.43064432544481
21698,MOCK LOBSTER FRIDGE MAGNET,399.01,530,112,38,1.2316964285714285,3673.0,2723.0,-950.0,0.7528490566037735,20231061.58100003,98.80071872757945,63.44791846605632
20889,JARDIN DE FEMME SCENTED CANDLE,398.04,657,13,12,2.3376923076923077,3674.0,2527.0,-1147.0,0.6058447488584475,20231459.62100003,98.80266260175159,63.46519260666782
D,DISCOUNT,397.89,196,5,5,41.378,3675.0,3616.0,-59.0,2.030051020408163,20231857.51100003,98.80460574338147,63.48246674727932
79191B,RETRO PLASTIC POLKA TRAY,397.37,479,70,46,1.0322857142857143,3676.0,2803.0,-873.0,0.8295824634655532,20232254.88100003,98.80654634553146,63.49974088789083
85167A,WHITE GRAND BAROQUE PHOTO FRAME,396.8,176,14,12,4.235714285714286,3677.0,3687.0,10.0,2.2545454545454544,20232651.68100003,98.80848416402083,63.517015028502335
90180A,BLACK+WHITE NECKLACE W TASSEL,396.64,44,28,18,9.73,3678.0,4613.0,935.0,9.014545454545454,20233048.321000032,98.81042120113177,63.53428916911383
84804A,CREAM DELPHINIUM ARTIFICIAL FLOWER,396.38000000000005,218,18,15,2.7022222222222223,3679.0,3529.0,-150.0,1.8182568807339452,20233444.70100003,98.81235696850277,63.551563309725346
21025,SPACE FROG,396.12,300,81,30,1.520864197530864,3680.0,3237.0,-443.0,1.3204,20233840.821000032,98.81429146613384,63.568837450336844
90120A,PINK MURANO TWIST BRACELET,395.68,93,41,14,4.258536585365854,3681.0,4164.0,483.0,4.254623655913979,20234236.50100003,98.81622381497424,63.58611159094835
23484,HEART TRELLIS TRIPLE T-LIGHT HOLDER,395.11,129,30,20,3.8125806451612902,3682.0,3902.0,220.0,3.062868217054264,20234631.61100003,98.818153380154,63.60338573155986
84726,LILLIES CANVAS PICTURE,394.85,233,5,4,2.17,3683.0,3471.0,-212.0,1.6946351931330472,20235026.461000033,98.82008167559384,63.62065987217136
84873A,FUNKY FLOWER PICNIC BAG FOR 4,394.15,32,16,5,13.243749999999999,3684.0,4775.0,1091.0,12.3171875,20235420.61100003,98.82200655250307,63.63793401278286
21736,GOLD SCROLL GLASS T-LIGHT HOLDER,393.69,193,27,22,2.343571428571429,3685.0,3625.0,-60.0,2.039844559585492,20235814.301000033,98.82392918294933,63.65520815339437
23661,MILK MAIDS MUG,393.59,219,33,23,2.2335294117647058,3686.0,3523.0,-163.0,1.797214611872146,20236207.891000032,98.82585132503408,63.672482294005874
84952A,CLEAR LOVE BIRD T-LIGHT HOLDER,392.53,148,39,13,3.135897435897436,3687.0,3806.0,119.0,2.6522297297297297,20236600.421000034,98.82776829048679,63.68975643461737
90201D,GREEN ENAMEL FLOWER RING,391.37,133,57,12,2.9396491228070176,3688.0,3887.0,199.0,2.9426315789473683,20236991.791000035,98.82967959094591,63.707030575228885
84673B,BLUE FLY SWAT,391.31,503,133,65,0.9244776119402984,3689.0,2761.0,-928.0,0.7779522862823062,20237383.101000033,98.83159059838813,63.72430471584038
90124B,BLUE MURANO TWIST NECKLACE,391.18,39,30,11,10.054333333333334,3690.0,4682.0,992.0,10.03025641025641,20237774.281000033,98.83350097096039,63.741578856451895
84711A,SILVER OVAL SHAPE TRINKET BOX,390.95,42,24,13,9.000416666666666,3691.0,4641.0,950.0,9.308333333333334,20238165.231000032,98.83541022030114,63.7588529970634
23150,IVORY SWEETHEART SOAP DISH,390.75,148,49,33,2.9436734693877553,3692.0,3806.0,114.0,2.6402027027027026,20238555.981000032,98.83731849291888,63.7761271376749
20661,BLUE POLKADOT PURSE,390.16,415,53,9,3.068490566037736,3693.0,2947.0,-746.0,0.940144578313253,20238946.141000032,98.83922388420369,63.79340127828641
47562,ENGLISH ROSE IRONING BOARD COVER,390.0,104,41,16,3.75,3694.0,4047.0,353.0,3.75,20239336.141000032,98.84112849411007,63.81067541889791
84802B,PURPLE ANEMONE ARTIFICIAL FLOWER,389.79,411,17,16,1.5405882352941176,3695.0,2954.0,-741.0,0.9483941605839417,20239725.93100003,98.84303207845726,63.82794955950941
84081,WHITE CERAMIC PARTY SET (5PCS),389.3,100,20,14,5.212000000000001,3696.0,4086.0,390.0,3.8930000000000002,20240115.231000032,98.84493326983305,63.845223700120926
16044,POP-ART FLUORESCENT PENS,389.22,6193,3,2,0.3,3697.0,419.0,-3278.0,0.06284837720006459,20240504.45100003,98.8468340705196,63.86249784073242
23337,EGG FRYING PAN MINT,388.75,180,69,49,2.287971014492754,3698.0,3671.0,-27.0,2.1597222222222223,20240893.20100003,98.84873257590706,63.87977198134392
84497,BUTTONS AND STRIPES NOTEBOOK,387.13,97,37,29,4.15102564102564,3699.0,4129.0,430.0,3.9910309278350513,20241280.33100003,98.85062316983797,63.897046121955434
23103,BELL HEART DECORATION,387.0,252,9,9,1.6277777777777775,3700.0,3406.0,-294.0,1.5357142857142858,20241667.33100003,98.8525131288989,63.91432026256694
90158,ST TROPEZ NECKLACE,386.32,77,63,11,5.028888888888889,3701.0,4272.0,571.0,5.017142857142857,20242053.65100003,98.85439976710157,63.93159440317844
84292,ROSE PINK METAL FOLDING CHAIR,385.98,44,14,11,10.534285714285714,3702.0,4613.0,911.0,8.772272727272728,20242439.63100003,98.85628474487507,63.94886854378995
90070,RUBY GLASS CLUSTER BRACELET,385.15000000000003,63,35,9,6.216571428571429,3703.0,4397.0,694.0,6.113492063492064,20242824.78100003,98.858165669248,63.96614268440145
22698,TEACUP AND SAUCER REGENCY PINK,384.0,144,9,9,2.816666666666667,3704.0,3821.0,117.0,2.6666666666666665,20243208.78100003,98.8600409774635,63.98341682501295
22838,"CAKE TIN, 3 TIER RED/IVORY",383.4,28,8,8,14.399999999999999,3705.0,4828.0,1123.0,13.692857142857141,20243592.181000028,98.86191335550991,64.00069096562446
84509c,SET OF 4 POLKADOT PLACEMATS,383.18,51,32,0,7.515,3706.0,4524.0,818.0,7.513333333333334,20243975.361000028,98.863784659161,64.01796510623596
90201A,PURPLE ENAMEL FLOWER RING,382.84000000000003,130,54,16,2.9424074074074076,3707.0,3900.0,193.0,2.944923076923077,20244358.201000027,98.86565430238295,64.03523924684747
23116,VEGETABLE GARDEN CHOPPING BOARD,382.44,76,22,17,6.240909090909091,3708.0,4281.0,573.0,5.032105263157895,20244740.64100003,98.86752199215884,64.05251338745897
71053,WHITE MOROCCAN METAL LANTERN,381.54999999999995,69,26,9,6.704615384615384,3709.0,4346.0,637.0,5.529710144927535,20245122.19100003,98.86938533551725,64.06978752807048
90035B,"PEARL & SHELL 42""NECKL. PINK",380.89,43,4,4,10.185,3710.0,4629.0,919.0,8.857906976744186,20245503.08100003,98.87124545568967,64.08706166868198
72801E,S/4 FESTIVE GREEN DINNER CANDLES,380.84,718,22,17,1.231818181818182,3711.0,2425.0,-1286.0,0.5304178272980501,20245883.92100003,98.87310533168133,64.10433580929349
90184A,AMBER CHUNKY BEAD BRACELET W STRAP,380.82,42,25,11,9.146799999999999,3712.0,4641.0,929.0,9.067142857142857,20246264.74100003,98.87496511000067,64.121609949905
72750B,"F.FAIRY S/3 CANDLE/GLASS,LAVENDER",380.35,193,9,8,2.3944444444444444,3713.0,3625.0,-88.0,1.9707253886010363,20246645.09100003,98.87682259302093,64.1388840905165
20670,VIP HOLIDAY PURSE,378.85,694,48,20,2.8625000000000003,3714.0,2466.0,-1248.0,0.5458933717579251,20247023.941000033,98.87867275061845,64.156158231128
84533B,FAIRY CAKES ROUND NESTING BOXES,377.93,59,24,17,7.096666666666667,3715.0,4434.0,719.0,6.405593220338983,20247401.871000033,98.88051841529003,64.17343237173951
20976,12 PENCILS SMALL TUBE POSY,376.34000000000003,549,76,51,0.748421052631579,3716.0,2689.0,-1027.0,0.6855009107468124,20247778.211000033,98.88235631501354,64.19070651235101
85033G,SET/6 GOLD REINDEER T-LIGHT CANDLES,376.05,236,32,16,2.742424242424242,3717.0,3462.0,-255.0,1.5934322033898305,20248154.261000033,98.88419279848866,64.20798065296252
16258A,SWIRLY CIRCULAR RUBBERS IN BAG,375.93,1063,101,58,0.5233009708737864,3718.0,2010.0,-1708.0,0.3536500470366886,20248530.191000033,98.88602869592995,64.22525479357401
23396,LA JARDIN BOTANIQUE CUSHION COVER,375.53,87,28,23,5.007142857142857,3719.0,4199.0,480.0,4.3164367816091955,20248905.721000034,98.88786263992519,64.24252893418553
23128,DOLLCRAFT BOY JEAN-PAUL,373.9,82,12,12,4.883333333333334,3720.0,4231.0,511.0,4.559756097560975,20249279.621000033,98.88968862362773,64.25980307479703
84680,CLASSICAL ROSE URN,372.3,94,17,14,7.06764705882353,3721.0,4157.0,436.0,3.9606382978723405,20249651.921000034,98.89150679354607,64.27707721540853
84741C,CITRUS GARLAND FELT FLOWERS,372.14,185,51,42,2.125576923076923,3722.0,3648.0,-74.0,2.0115675675675675,20250024.061000034,98.89332418208596,64.29435135602004
84877D,BLUE ROUND COMPACT MIRROR,371.84999999999997,160,43,14,2.9727906976744185,3723.0,3761.0,38.0,2.3240624999999997,20250395.911000036,98.89514015437749,64.31162549663154
84429A,MEDIUM PINK BUDDHA HEAD,371.78000000000003,109,42,22,4.005,3724.0,4007.0,283.0,3.4108256880733947,20250767.691000037,98.89695578481593,64.32889963724304
16216,LETTER SHAPE PENCIL SHARPENER,371.64,4158,88,69,0.21955056179775279,3725.0,665.0,-3060.0,0.08937950937950938,20251139.331000037,98.89877073154825,64.34617377785456
22511,DOORSTOP RUSSIAN DOLL RETROSPOT,371.1,102,36,31,3.733783783783784,3726.0,4068.0,342.0,3.6382352941176475,20251510.43100004,98.90058304112841,64.36344791846605
90134,OLD ROSE COMBO BEAD NECKLACE,370.92,126,96,2,2.9409375,3727.0,3912.0,185.0,2.943809523809524,20251881.35100004,98.90239447165784,64.38072205907757
78033,FLAG OF ST GEORGE CHAIR,370.6,156,19,13,4.652631578947369,3728.0,3776.0,48.0,2.3756410256410256,20252251.951000042,98.90420433943042,64.39799619968906
22559,SEASIDE FRISBEE,370.54,308,26,21,1.3807692307692307,3729.0,3220.0,-509.0,1.2030519480519482,20252622.49100004,98.90601391418609,64.41527034030057
79336,LIGHT PINK FLOCK GLASS CANDLEHOLDER,369.78000000000003,840,21,13,1.4557142857142857,3730.0,2268.0,-1462.0,0.4402142857142857,20252992.271000043,98.90781977739425,64.43254448091209
20663,QUEEN OF THE SKIES HOLIDAY PURSE,369.41,1074,44,13,2.5777272727272726,3731.0,1999.0,-1732.0,0.3439571694599628,20253361.681000043,98.90962383366481,64.44981862152358
20652,BLUE POLKADOT LUGGAGE TAG,369.39,284,94,34,1.5206382978723405,3732.0,3296.0,-436.0,1.300669014084507,20253731.071000043,98.91142779226307,64.46709276213508
90082B,DIAMANTE BOW BROOCH RED COLOUR,368.29999999999995,58,25,18,6.35,3733.0,4446.0,713.0,6.35,20254099.371000044,98.9132264277208,64.48436690274659
20906,VINTAGE NOTEBOOK BEAUTY GIRL,368.24,101,47,25,4.0925,3734.0,4076.0,342.0,3.645940594059406,20254467.611000042,98.91502477016164,64.50164104335809
85026B,EAU DE NILE JEWELLED T-LIGHT HOLDER,367.55,300,29,20,1.1020689655172413,3735.0,3237.0,-498.0,1.2251666666666667,20254835.161000043,98.91681974290802,64.5189151839696
47503G,ASS FLORAL PRINT TAPE MEASURE,367.36,284,35,21,1.5697222222222222,3736.0,3296.0,-440.0,1.2935211267605635,20255202.521000043,98.91861378776753,64.5361893245811
23575,SNACK TRAY PAISLEY PARK,367.34999999999997,179,32,22,2.5823529411764703,3737.0,3677.0,-60.0,2.0522346368715083,20255569.871000044,98.92040778379089,64.5534634651926
47504G,ENGLISH ROSE TAPE MEASURE,366.81,266,57,38,1.92859649122807,3738.0,3358.0,-380.0,1.378984962406015,20255936.681000043,98.92219914266207,64.57073760580411
35915A,CREAM KNITTED HEN,365.76,288,1,1,1.27,3739.0,3281.0,-458.0,1.27,20256302.441000044,98.92398537373734,64.58801174641562
90002D,FLOWER BURST SILVER RING CRYSTAL,365.74,104,34,17,3.7570588235294116,3740.0,4047.0,307.0,3.516730769230769,20256668.181000043,98.9257715071403,64.60528588702712
84926D,LA PALMIERA TILE COASTER,365.34999999999997,773,47,29,1.0852083333333333,3741.0,2351.0,-1390.0,0.4726390685640362,20257033.531000044,98.92755573593338,64.62256002763863
79190A,RETRO PLASTIC 70'S TRAY,364.25,790,119,42,0.577983193277311,3742.0,2329.0,-1413.0,0.4610759493670886,20257397.781000044,98.92933459274978,64.63983416825013
35968,FOLK ART METAL HEART T-LIGHT HOLDER,363.34000000000003,761,75,49,0.6993421052631579,3743.0,2359.0,-1384.0,0.4774507227332458,20257761.121000044,98.93110900547642,64.65710830886164
90164B,WHITE ROSEBUD PEARL BRACELET,362.94,67,35,8,6.648571428571429,3744.0,4361.0,617.0,5.417014925373135,20258124.061000045,98.93288146475699,64.67438244947313
90160A,PURPLE BOUDICCA LARGE BRACELET,362.51,52,25,18,6.98,3745.0,4510.0,765.0,6.971346153846154,20258486.571000047,98.93465182408305,64.69165659008465
85094,CANDY SPOT EGG WARMER RABBIT,360.99,760,108,40,0.8366666666666667,3746.0,2360.0,-1386.0,0.47498684210526315,20258847.561000045,98.93641476031408,64.70893073069615
21880,RED AND WHITE SPOT TAPE,360.93,483,71,35,1.138732394366197,3747.0,2796.0,-951.0,0.7472670807453416,20259208.491000045,98.9381774035282,64.72620487130766
84760S,SMALL HANGING GLASS+ZINC LANTERN,360.21,222,36,24,1.9478378378378376,3748.0,3514.0,-234.0,1.6225675675675675,20259568.701000046,98.93993653053943,64.74347901191916
21946,PARTY TIME DESIGN FLANNEL,358.96999999999997,625,67,25,0.9995522388059701,3749.0,2571.0,-1178.0,0.574352,20259927.671000045,98.94168960186788,64.76075315253065
84402D,PINK DRESS JEWELLERY STAND,358.93,373,13,9,2.2946153846153847,3750.0,3040.0,-710.0,0.9622788203753352,20260286.601000044,98.9434424778517,64.77802729314217
90036E,"FLOWER GLASS GARLD NECKL36""AMETHYST",358.87,45,28,10,7.991785714285714,3751.0,4605.0,854.0,7.974888888888889,20260645.471000046,98.94519506081865,64.79530143375368
23579,SNACK TRAY I LOVE LONDON,358.75,169,35,22,2.6265714285714283,3752.0,3725.0,-27.0,2.1227810650887573,20261004.221000046,98.94694705775176,64.81257557436517
84711B,PINK OVAL SHAPE TRINKET BOX,357.71,39,30,11,8.988,3753.0,4682.0,929.0,9.172051282051282,20261361.931000046,98.94869397572512,64.82984971497669
84997a,GREEN 3 PIECE MINI DOTS CUTLERY SET,357.41,43,11,0,8.006363636363638,3754.0,4629.0,875.0,8.311860465116279,20261719.341000047,98.95043942861395,64.84712385558818
84800M,MEDIUM WHITE/PINK ROSE ART FLOWER,357.22,250,27,25,1.5892592592592591,3755.0,3416.0,-339.0,1.4288800000000001,20262076.561000045,98.95218395361589,64.86439799619968
22555,PLASTERS IN TIN MR STRONG,357.0,228,11,11,1.6318181818181818,3756.0,3488.0,-268.0,1.5657894736842106,20262433.561000045,98.95392740422248,64.8816721368112
35912B,WHITE/PINK CHICK DECORATION,355.58000000000004,288,30,22,1.8506666666666667,3757.0,3281.0,-476.0,1.2346527777777778,20262789.141000044,98.95566392009559,64.8989462774227
21038,SET/4 MODERN VINTAGE COTTON NAPKINS,355.48,166,52,39,2.2201923076923076,3758.0,3737.0,-21.0,2.1414457831325304,20263144.621000044,98.95739994760717,64.9162204180342
20799,PINK MILKSHAKE GLASS,355.33,200,26,11,3.1257692307692304,3759.0,3596.0,-163.0,1.7766499999999998,20263499.951000042,98.95913524257648,64.9334945586457
72487,ROSES WHITE ROUND CANDLE,355.05,827,14,13,1.1528571428571428,3760.0,2283.0,-1477.0,0.429322853688029,20263855.001000043,98.96086917013356,64.95076869925721
90019A,SILVER M.O.P ORBIT BRACELET,354.59000000000003,68,51,16,5.2829411764705885,3761.0,4354.0,593.0,5.214558823529412,20264209.591000043,98.96260085122768,64.96804283986872
72801C,4 ROSE PINK DINNER CANDLES,354.45,537,28,20,1.3875,3762.0,2713.0,-1049.0,0.6600558659217877,20264564.041000042,98.96433184861566,64.98531698048022
47310M,SMALL POP BOX FUNKY MONKEY,353.98,258,87,20,1.5590909090909089,3763.0,3385.0,-378.0,1.3720155038759692,20264918.021000043,98.96606055070454,65.00259112109173
90082A,DIAMANTE BOW BROOCH GREEN COLOUR,353.71,55,32,16,6.4799999999999995,3764.0,4477.0,713.0,6.4310909090909085,20265271.731000043,98.96778793421733,65.01986526170323
90013C,GREEN VINTAGE EARRINGS,353.55,88,56,10,4.1125,3765.0,4189.0,424.0,4.017613636363636,20265625.281000044,98.96951453635168,65.03713940231474
20950,SET/6 ANGEL T-LIGHTS WHITE/GOLD,353.39,687,83,57,0.7546428571428571,3766.0,2475.0,-1291.0,0.514395924308588,20265978.671000045,98.97124035710763,65.05441354292624
22039,BOTANICAL LILY GIFT WRAP,353.0,850,30,27,0.41466666666666663,3767.0,2254.0,-1513.0,0.4152941176470588,20266331.671000045,98.97296427325367,65.07168768353775
84898F,YELLOW FLOWERS FELT HANDBAG KIT,352.75,165,52,37,2.1796153846153845,3768.0,3742.0,-26.0,2.1378787878787877,20266684.421000045,98.9746869684959,65.08896182414925
46000R,POLYESTER FILLER PAD 45X30CM,352.34999999999997,303,62,42,1.4266129032258066,3769.0,3232.0,-537.0,1.1628712871287128,20267036.771000046,98.97640771029211,65.10623596476076
84809B,PINK CHRYSANTHEMUMS ART FLOWER,351.6,296,8,7,1.7875,3770.0,3253.0,-517.0,1.1878378378378378,20267388.371000048,98.97812478937693,65.12351010537226
23420,PANTRY HOOK TEA STRAINER,351.37,164,32,26,2.33625,3771.0,3748.0,-23.0,2.1425,20267739.74100005,98.97984074523029,65.14078424598377
82001s,VINYL RECORD FRAME SILVER,351.09999999999997,47,14,0,7.482857142857143,3772.0,4588.0,816.0,7.470212765957446,20268090.84100005,98.98155538250755,65.15805838659526
90201C,RED ENAMEL FLOWER RING,350.94000000000005,119,46,16,2.9495652173913043,3773.0,3951.0,178.0,2.9490756302521013,20268441.78100005,98.9832692384064,65.17533252720678
90161A,ANT COPPER RED BOUDICCA BRACELET,349.96,70,43,14,5.023953488372093,3774.0,4338.0,564.0,4.999428571428571,20268791.741000053,98.98497830836239,65.19260666781828
22268,DECORATION SITTING BUNNY,349.53999999999996,1480,83,32,0.422,3775.0,1646.0,-2129.0,0.23617567567567566,20269141.28100005,98.98668532720001,65.20988080842977
23421,PANTRY HOOK SPATULA,349.2,160,33,24,2.5148484848484847,3776.0,3761.0,-15.0,2.1825,20269490.48100005,98.9883906856085,65.22715494904129
72750A,"F.FAIRY S/3 CANDLE/GLASS,LILY/VALLY",349.15000000000003,177,8,8,2.45,3777.0,3683.0,-94.0,1.9725988700564974,20269839.63100005,98.99009579983621,65.24442908965278
22029,SPACE BOY BIRTHDAY CARD,349.12,823,67,51,0.5092537313432836,3778.0,2286.0,-1492.0,0.4242041312272175,20270188.75100005,98.99180076755549,65.26170323026429
82011B,BATHROOM SCALES RUBBER DUCKS,348.8,93,48,23,4.251041666666667,3779.0,4164.0,385.0,3.750537634408602,20270537.55100005,98.99350417251792,65.27897737087581
23044,PAPER LANTERN 9 POINT HOLLY STAR S,348.59000000000003,83,20,19,4.347142857142858,3780.0,4223.0,443.0,4.199879518072289,20270886.14100005,98.99520655192116,65.2962515114873
23057,GEMSTONE CHANDELIER T-LIGHT HOLDER,347.7,78,7,7,4.835714285714286,3781.0,4259.0,478.0,4.457692307692308,20271233.84100005,98.99690458490691,65.3135256520988
84249D,FAIRY CAKE GREETINGS CARD,347.3,823,64,48,0.4790625,3782.0,2286.0,-1496.0,0.42199270959902796,20271581.14100005,98.99860066444663,65.33079979271031
84535A,ENGLISH ROSE NOTEBOOK A6 SIZE,346.93,607,64,44,0.8453846153846154,3783.0,2588.0,-1195.0,0.5715485996705107,20271928.07100005,99.00029493704872,65.34807393332181
22257,FELT FARM ANIMAL SHEEP,345.47999999999996,419,57,23,1.2447457627118643,3784.0,2942.0,-842.0,0.8245346062052505,20272273.55100005,99.00198212840887,65.36534807393333
84801B,WHITE HYDRANGEA ART FLOWER,345.0,214,18,14,2.0194444444444444,3785.0,3539.0,-246.0,1.6121495327102804,20272618.55100005,99.00366697563375,65.38262221454482
90148,LONG SILVER NECKLACE PASTEL FLOWER,343.98,27,18,15,12.735,3786.0,4846.0,1060.0,12.74,20272962.53100005,99.00534684157117,65.39989635515633
35004c,SET OF 3 COLOURED FLYING DUCKS,343.72,27,25,0,12.731200000000001,3787.0,4846.0,1059.0,12.730370370370371,20273306.25100005,99.00702543776866,65.41717049576783
84881,BLUE WIRE SPIRAL CANDLE HOLDER,342.94,52,24,21,6.8808333333333325,3788.0,4510.0,722.0,6.595,20273649.19100005,99.00870022474635,65.43444463637934
21306,SET/4 DAISY MIRROR MAGNETS,342.8,681,68,48,1.3966176470588234,3789.0,2487.0,-1302.0,0.5033773861967695,20273991.991000053,99.0103743280179,65.45171877699084
20940,SET/6 GARDEN GNOME T-LIGHT CANDLES,342.75,118,22,15,3.475454545454546,3790.0,3956.0,166.0,2.9046610169491527,20274334.741000053,99.0120481871087,65.46899291760235
90191,SILVER LARIAT 40CM,342.6,40,21,13,11.324761904761905,3791.0,4667.0,876.0,8.565000000000001,20274677.341000054,99.01372131365724,65.48626705821385
35833P,4 PINK FLOCK CHRISTMAS BALLS,342.17,185,64,32,2.33578125,3792.0,3648.0,-144.0,1.8495675675675676,20275019.511000056,99.01539234025127,65.50354119882536
72814,SET/3 CHRISTMAS BRIAR CANDLES,341.53,90,23,18,3.925217391304348,3793.0,4179.0,386.0,3.7947777777777776,20275361.041000057,99.01706024133159,65.52081533943687
72811,SMALL ZINC/GLASS CANDLEHOLDER,340.45,445,22,18,1.4468181818181818,3794.0,2873.0,-921.0,0.7650561797752808,20275701.491000056,99.01872286810756,65.53808948004837
23523,WALL ART TREASURE AHOY,340.35,90,25,21,4.158399999999999,3795.0,4179.0,384.0,3.7816666666666667,20276041.841000058,99.02038500652202,65.55536362065986
75149N,STRING CRYSTALS NATURAL,340.0,272,25,18,1.25,3796.0,3335.0,-461.0,1.25,20276381.841000058,99.02204543567117,65.57263776127138
79303B,BLUE STAR BLOCK TABLE LAMP,339.57,109,10,4,4.752000000000001,3797.0,4007.0,210.0,3.115321100917431,20276721.411000058,99.02370376486581,65.58991190188289
84925A,WAKE UP COCKEREL WALL THERMOMETER,339.29,179,17,14,2.808235294117647,3798.0,3677.0,-121.0,1.8954748603351956,20277060.701000057,99.0253607266482,65.60718604249438
84576,BLUE CAT BISCUIT BARREL PINK HEART,337.04,96,32,19,4.8925,3799.0,4140.0,341.0,3.5108333333333337,20277397.741000056,99.02700670029652,65.6244601831059
23127,DOLLCRAFT GIRL NICOLE,336.6,68,12,12,4.95,3800.0,4354.0,554.0,4.95,20277734.341000058,99.02865052515419,65.64173432371739
35914,PINK CHICK EGG WARMER + EGG CUP,336.58,243,56,25,1.637758620689655,3801.0,3436.0,-365.0,1.3851028806584362,20278070.921000056,99.03029425233953,65.6590084643289
17011F,ORIGAMI SANDLEWOOD INCENSE+FLOWER,336.2,385,20,15,2.12,3802.0,3009.0,-793.0,0.8732467532467533,20278407.121000055,99.03193612375114,65.67628260494041
20847,ZINC HEART LATTICE CHARGER LARGE,334.35,80,27,17,4.747407407407407,3803.0,4242.0,439.0,4.179375,20278741.471000057,99.03356896047472,65.6935567455519
17109A,FLOWER FAIRY INCENSE LILY,333.61,709,13,12,1.1861538461538461,3804.0,2443.0,-1361.0,0.4705359661495064,20279075.081000056,99.0351981833231,65.71083088616342
21402,RED EGG SPOON,333.42,1698,151,81,0.3663815789473684,3805.0,1489.0,-2316.0,0.19636042402826856,20279408.501000058,99.03682647828461,65.72810502677491
90175C,BLUE GLASS CHUNKY CHARM BRACELET,332.95,37,20,15,9.04,3806.0,4706.0,900.0,8.998648648648649,20279741.451000057,99.03845247794699,65.74537916738642
20688,BEAUTY SPEED EXPRESSO CUPS,332.9,464,11,9,6.004545454545454,3807.0,2836.0,-971.0,0.7174568965517241,20280074.351000056,99.0400782334286,65.76265330799794
47583B,SET OF 3 WICKER BASKET TEA AND CAKE,332.6,27,6,6,21.958333333333332,3808.0,4846.0,1038.0,12.31851851851852,20280406.951000057,99.0417025238257,65.77992744860943
21420,OYSTER TRINKET BOX,332.16,120,31,21,3.613125,3809.0,3935.0,126.0,2.7680000000000002,20280739.111000057,99.04332466543212,65.79720158922093
35637C,PINK STRING CURTAIN WITH POLE,331.14,100,19,14,6.51,3810.0,4086.0,276.0,3.3114,20281070.251000058,99.0449418257511,65.81447572983244
85024B,EAU DE NILE JEWELLED PHOTOFRAME,330.9,218,20,19,1.6404761904761902,3811.0,3529.0,-282.0,1.5178899082568806,20281401.151000056,99.04655781400243,65.83174987044394
84870C,GREEN GEISHA GIRL,330.36,93,41,21,3.4463414634146345,3812.0,4164.0,352.0,3.552258064516129,20281731.511000056,99.04817116510158,65.84902401105545
35921,EASTER BUNNY HANGING GARLAND,330.32,183,49,23,2.8282,3813.0,3659.0,-154.0,1.8050273224043716,20282061.831000056,99.04978432085613,65.86629815166695
90129B,TURQUOISE GLASS TASSLE BAG CHARM,329.95,146,62,17,2.0748387096774197,3814.0,3816.0,2.0,2.259931506849315,20282391.781000055,99.05139566967308,65.88357229227846
37467,PIG MUG IN TWO COLOUR DESIGNS,328.51,273,64,28,2.58890625,3815.0,3329.0,-486.0,1.2033333333333334,20282720.291000057,99.05299998608422,65.90084643288996
72739B,WHITE CHOCOLATE SCENT CANDLE,328.39,394,28,10,1.835357142857143,3816.0,2989.0,-827.0,0.8334771573604061,20283048.681000058,99.05460371646156,65.91812057350147
90014B,GOLD M PEARL ORBIT NECKLACE,327.81,32,26,11,10.25153846153846,3817.0,4775.0,958.0,10.2440625,20283376.491000056,99.05620461434208,65.93539471411297
21722,SWEET PUDDING STICKER SHEET,327.75,347,79,33,1.1548101265822783,3818.0,3103.0,-715.0,0.9445244956772334,20283704.241000056,99.05780521920572,65.95266885472448
23236,DOILEY BISCUIT TIN,327.59999999999997,120,13,13,2.8592307692307695,3819.0,3935.0,116.0,2.7299999999999995,20284031.841000058,99.05940509152708,65.96994299533598
84902,PINK KNITTED COW STUFFED TOY,326.33,84,53,28,3.930377358490566,3820.0,4213.0,393.0,3.884880952380952,20284358.171000056,99.0609987616572,65.98721713594749
84706A,ENGLISH ROSE TABLE CLOCK,325.88,137,7,6,7.339999999999999,3821.0,3868.0,47.0,2.3786861313868615,20284684.051000055,99.06259023416051,66.004491276559
21309,LOUVRE CHALKBOARD,325.6,49,5,5,9.16,3822.0,4556.0,734.0,6.644897959183674,20285009.651000056,99.06418033925158,66.0217654171705
90209A,PURPLE ENAMEL+GLASS HAIR COMB,325.5,173,10,7,1.9949999999999999,3823.0,3701.0,-122.0,1.8815028901734103,20285335.151000056,99.06576995598114,66.039039557782
22045,SPACE BOY GIFT WRAP,325.5,775,27,26,0.42,3823.0,2349.0,-1474.0,0.42,20285660.651000056,99.06735957271069,66.05631369839351
23037,CANDLE HOLDER SILVER MADELINE,325.15999999999997,196,20,17,1.886,3825.0,3616.0,-209.0,1.6589795918367345,20285985.811000057,99.0689475290111,66.07358783900501
23478,WOODLAND LARGE PINK FELT HEART,324.40000000000003,285,13,9,1.5130769230769232,3826.0,3292.0,-534.0,1.1382456140350878,20286310.211000055,99.07053177376399,66.0908619796165
23521,CAT AND BIRD WALL ART,323.64,270,4,3,2.005,3827.0,3342.0,-485.0,1.1986666666666665,20286633.851000056,99.07211230696939,66.10813612022802
90175B,PINK GLASS CHUNKY CHARM BRACELET,322.85,36,27,6,8.966666666666667,3828.0,4719.0,891.0,8.968055555555557,20286956.701000057,99.07368898211881,66.12541026083953
84870B,BLUE GEISHA GIRL,322.61,90,40,22,3.658,3829.0,4179.0,350.0,3.5845555555555557,20287279.311000057,99.07526448520059,66.14268440145102
90197B,BLACK GLASS BRACELET W HEART CHARMS,322.52,64,51,2,5.046666666666667,3830.0,4384.0,554.0,5.039375,20287601.831000056,99.07683954875701,66.15995854206254
90178A,AMBER CHUNKY GLASS+BEAD NECKLACE,322.40999999999997,27,21,14,11.938571428571427,3831.0,4846.0,1015.0,11.94111111111111,20287924.241000056,99.07841407511577,66.17723268267403
23205,CHARLOTTE BAG ALPHABET DESIGN,320.5,400,22,22,0.838181818181818,3832.0,2975.0,-857.0,0.80125,20288244.741000056,99.07997927376961,66.19450682328554
72801G,4 BURGUNDY WINE DINNER CANDLES,320.2,537,38,28,1.3038461538461539,3833.0,2713.0,-1120.0,0.5962756052141527,20288564.941000056,99.0815430073389,66.21178096389706
85131C,BEADED CRYSTAL HEART BLUE ON STICK,320.15,439,72,20,0.9393150684931506,3834.0,2885.0,-949.0,0.7292710706150342,20288885.091000054,99.08310649672742,66.22905510450855
85070,ANT WHITE SWEETHEART TABLE W 3 DRAW,320.0,3,3,3,106.66666666666667,3835.0,5514.0,1679.0,106.66666666666667,20289205.091000054,99.08466925357368,66.24632924512005
22287,DECORATION WOBBLY CHICKEN,319.14,560,45,25,1.181111111111111,3836.0,2665.0,-1171.0,0.5698928571428571,20289524.231000055,99.08622781051092,66.26360338573156
84795b,SUNSET CHECK HAMMOCK,317.71999999999997,19,17,0,16.712352941176473,3837.0,5018.0,1181.0,16.722105263157893,20289841.951000053,99.08777943271464,66.28087752634306
85089,CANDY SPOT BUNNY,317.54,99,29,15,3.9010000000000002,3838.0,4117.0,279.0,3.207474747474748,20290159.491000053,99.08933017586764,66.29815166695458
85033S,SET/6 SILVER REINDEER T-LIGHTS,317.34999999999997,258,49,34,1.567,3839.0,3385.0,-454.0,1.2300387596899223,20290476.841000054,99.09087999113379,66.31542580756607
84933C,LARGE BLUE ORIENTAL FOLDING STOOL,317.0,136,6,6,4.716666666666667,3840.0,3872.0,32.0,2.3308823529411766,20290793.841000054,99.09242809713461,66.33269994817758
90018A,SILVER M.O.P ORBIT DROP EARRINGS,316.99,75,56,15,4.218928571428572,3841.0,4290.0,449.0,4.226533333333333,20291110.831000052,99.09397615429927,66.34997408878908
17091B,JASMINE TEA INCENSE IN TIN,316.98,276,51,35,1.4219230769230768,3842.0,3317.0,-525.0,1.1484782608695654,20291427.811000053,99.0955241626278,66.36724822940059
21401,BLUE PUDDING SPOON,315.7,1437,121,72,0.3197540983606557,3843.0,1681.0,-2162.0,0.2196938065414057,20291743.511000052,99.09706591992894,66.38452237001209
84509G,FAIRY CAKE PLACEMATS,315.55,82,27,18,4.586296296296296,3844.0,4231.0,387.0,3.848170731707317,20292059.061000053,99.0986069446878,66.4017965106236
85129B,BEADED CRYSTAL HEART GREEN SMALL,315.11,233,56,26,1.7257142857142858,3845.0,3471.0,-374.0,1.3524034334763948,20292374.171000052,99.10014582065601,66.4190706512351
84673A,PINK FLY SWAT,314.84,500,99,57,0.740990099009901,3846.0,2765.0,-1081.0,0.6296799999999999,20292689.011000052,99.10168337804812,66.43634479184661
84933A,LARGE GREEN PEONY FOLDING STOOL,314.34999999999997,131,6,5,4.716666666666666,3847.0,3896.0,49.0,2.3996183206106867,20293003.361000054,99.10321854246882,66.45361893245811
90000D,COPPER/OLIVE GREEN FLOWER NECKLACE,313.75,51,34,13,6.20764705882353,3848.0,4524.0,676.0,6.151960784313726,20293317.111000054,99.10475077672044,66.47089307306962
46000U,POLYESTER FILLER PAD 30CMX30CM,313.75,271,52,39,1.2259615384615385,3848.0,3339.0,-509.0,1.1577490774907748,20293630.861000054,99.10628301097204,66.48816721368111
35638B,PINK/BLUE STRING CURTAIN,313.28999999999996,118,11,7,6.6036363636363635,3850.0,3956.0,106.0,2.655,20293944.151000053,99.10781299876066,66.50544135429263
37343,POLKADOT MUG PINK,313.26,193,30,18,2.0513333333333335,3851.0,3625.0,-226.0,1.6231088082901555,20294257.411000054,99.10934284004087,66.52271549490413
23695,DOILY THANK YOU CARD,313.24,741,57,41,0.5042105263157894,3852.0,2393.0,-1459.0,0.42272604588394064,20294570.651000053,99.11087258364873,66.53998963551562
23130,MISELTOE HEART WREATH,312.8,80,5,5,4.07,3853.0,4242.0,389.0,3.91,20294883.451000053,99.11240017846596,66.55726377612714
84802A,WHITE ANEMONE ARTIFICIAL FLOWER,312.65000000000003,185,24,21,1.6900000000000002,3854.0,3648.0,-206.0,1.6900000000000002,20295196.101000052,99.1139270407409,66.57453791673863
84838,ANT WHITE HIGH RISE BIRD BOX,312.5,50,4,3,7.875,3855.0,4539.0,684.0,6.25,20295508.601000052,99.11545317047357,66.59181205735014
90016B,GOLD/M.O.P PENDANT ORBIT NECKLACE,312.14,37,30,14,8.433333333333334,3856.0,4706.0,850.0,8.436216216216216,20295820.741000053,99.1169775421048,66.60908619796166
84522,PINK PARTY SUNGLASSES,311.86,186,26,19,1.8596153846153847,3857.0,3646.0,-211.0,1.6766666666666667,20296132.601000052,99.11850054632379,66.62636033857315
84984C,ORIENTAL BLUE CUSHION COVER,311.57,219,8,6,4.2775,3858.0,3523.0,-335.0,1.4226940639269405,20296444.171000052,99.12002213429439,66.64363447918467
35979,SIX STRING SCANDINAVIAN HEART DECS,311.03000000000003,94,27,19,3.823571428571429,3859.0,4157.0,298.0,3.308829787234043,20296755.201000053,99.1215410851128,66.66090861979616
62095B,TURQOISE ICE CREAM SUNHAT,310.83,292,21,18,1.558095238095238,3860.0,3271.0,-589.0,1.0644863013698629,20297066.03100005,99.12305905920817,66.67818276040767
84623,PINK GINGHAM ROSE FLOOR CUSHION,310.44,56,14,8,8.072142857142858,3861.0,4468.0,607.0,5.543571428571428,20297376.471000053,99.12457512869366,66.69545690101918
84933B,LARGE PINK PEONY FOLDING STOOL,309.15,136,6,5,3.408333333333333,3862.0,3872.0,10.0,2.273161764705882,20297685.62100005,99.1260848983156,66.71273104163068
84661A,WHITE SQUARE TABLE CLOCK,308.99,222,43,22,2.9223255813953486,3863.0,3514.0,-349.0,1.3918468468468468,20297994.61100005,99.12759388655911,66.73000518224218
20795,LARGE BLUE PROVENCAL CERAMIC BALL,308.7,135,29,15,2.956896551724138,3864.0,3877.0,13.0,2.2866666666666666,20298303.31100005,99.12910145855423,66.74727932285369
22844,VINTAGE DOG FOOD CONTAINER,308.64,36,6,6,8.61,3865.0,4719.0,854.0,8.573333333333332,20298611.95100005,99.13060873753246,66.76455346346519
77081,FLOWER WINDMILL,308.38,242,33,17,1.7766666666666666,3866.0,3439.0,-427.0,1.274297520661157,20298920.33100005,99.13211474677072,66.7818276040767
21196,ROUND WHITE CONFETTI IN TUBE,306.89,178,22,16,1.9382608695652173,3867.0,3682.0,-185.0,1.7241011235955055,20299227.22100005,99.13361347942245,66.7991017446882
22453,MEASURING TAPE RUSSIAN DOLL BLUE,306.81000000000006,103,28,22,3.0557142857142856,3868.0,4058.0,190.0,2.9787378640776705,20299534.031000048,99.13511182138495,66.8163758852997
84671B,CROCHET BEAR WITH BLUE STRIPES,306.77,109,32,20,3.185151515151515,3869.0,4007.0,138.0,2.8144036697247703,20299840.801000047,99.13660996800284,66.83365002591121
23495,SET OF 3 PANTRY WOODEN SPOONS,306.66,225,41,21,1.7221951219512195,3870.0,3504.0,-366.0,1.3629333333333336,20300147.461000048,99.13810757742307,66.85092416652272
90173,PAIR BUTTERFLY HAIR CLIPS,306.64,81,51,7,3.7961538461538464,3871.0,4238.0,367.0,3.7856790123456787,20300454.10100005,99.139605089171,66.86819830713422
72130,COLUMBIAN CANDLE ROUND,306.35,753,57,39,0.6849152542372882,3872.0,2370.0,-1502.0,0.4068393094289509,20300760.45100005,99.14110118467055,66.88547244774571
16254,TRANSPARENT ACRYLIC TAPE DISPENSER,305.66,941,40,17,1.2665853658536586,3873.0,2148.0,-1725.0,0.3248246546227418,20301066.11100005,99.14259391047564,66.90274658835723
23131,MISELTOE HEART WREATH WHITE,304.5,78,4,4,4.050000000000001,3874.0,4259.0,385.0,3.9038461538461537,20301370.61100005,99.14408097128715,66.92002072896874
20800,LARGE GLASS SUNDAE DISH CLEAR,303.96,1005,5,2,3.618,3875.0,2073.0,-1802.0,0.30244776119402983,20301674.57100005,99.1455653949465,66.93729486958024
84219,BOX/12 MOTHER & CHICK IN BASKET/BOW,303.86,137,28,24,2.5967857142857143,3876.0,3868.0,-8.0,2.217956204379562,20301978.43100005,99.14704933024433,66.95456901019175
72753D,S/3 FLWR FAIRY SUMMER CANDLES,302.40000000000003,144,9,9,2.1,3877.0,3821.0,-56.0,2.1,20302280.83100005,99.14852613546404,66.97184315080324
90036D,"FLOWER GLASS GARLAND NECKL.36""BLACK",302.29,38,16,11,7.961875,3878.0,4694.0,816.0,7.955000000000001,20302583.121000048,99.15000240348608,66.98911729141476
84968e,SET OF 16 VINTAGE BLACK CUTLERY,302.16999999999996,12,9,0,25.195555555555554,3879.0,5179.0,1300.0,25.18083333333333,20302885.29100005,99.15147808547432,67.00639143202626
85147,JARDIN ETCHED GLASS CANDLEHLDR LONG,301.95,61,16,14,4.95,3880.0,4410.0,530.0,4.95,20303187.24100005,99.15295269306722,67.02366557263775
23430,BLUE RETRO KITCHEN WALL CLOCK,301.88,36,18,16,8.621111111111112,3881.0,4719.0,838.0,8.385555555555555,20303489.121000048,99.15442695880705,67.04093971324927
35645,VINTAGE BEAD PINK JEWEL BOX,301.81,61,34,18,5.501764705882353,3882.0,4410.0,528.0,4.947704918032787,20303790.931000046,99.15590088269383,67.05821385386076
21321,GLASS CHALICE BLUE LARGE,301.8,122,18,10,3.076111111111111,3883.0,3922.0,39.0,2.4737704918032786,20304092.731000047,99.15737475774446,67.07548799447227
23522,WALL ART DOG AND BALL,301.56,102,28,17,3.883571428571429,3884.0,4068.0,184.0,2.956470588235294,20304394.291000046,99.15884746072746,67.09276213508379
90098,NECKLACE+BRACELET PINK BUTTERFLY,301.28,137,55,22,2.3189090909090906,3885.0,3868.0,-17.0,2.199124087591241,20304695.571000047,99.16031879629821,67.11003627569528
90035C,"PEARL & SHELL 42""NECKL. IVORY",301.0,28,5,5,10.75,3886.0,4828.0,942.0,10.75,20304996.571000047,99.16178876445673,67.12731041630678
22852,ENAMEL DOG BOWL CREAM,300.48,76,3,3,4.206666666666667,3887.0,4281.0,394.0,3.953684210526316,20305297.051000047,99.16325619313537,67.14458455691829
84509E,SET OF 4 CAROUSEL PLACEMATS,300.3,157,29,9,4.032068965517242,3888.0,3770.0,-118.0,1.9127388535031848,20305597.35100005,99.16472274276327,67.1618586975298
23440,PAINT YOUR OWN EGGS IN CRATE,299.36,164,5,5,2.022,3889.0,3748.0,-141.0,1.8253658536585367,20305896.711000048,99.16618470179296,67.1791328381413
17001,HEAVENS SCENT FRAGRANCE OILS ASSTD,299.34999999999997,1211,23,20,0.27956521739130435,3890.0,1854.0,-2036.0,0.24719240297274978,20306196.06100005,99.1676466119865,67.1964069787528
90124A,PINK MURANO TWIST NECKLACE,299.28,30,20,16,9.989,3891.0,4805.0,914.0,9.975999999999999,20306495.34100005,99.16910818032696,67.21368111936431
18096C,WHITE ROUND PORCELAIN TLIGHT HOLDER,298.7,117,20,12,3.4455,3892.0,3962.0,70.0,2.552991452991453,20306794.04100005,99.17056691617063,67.23095525997581
35981C,WHITE SNOW SCANDINAVIAN STOCKING,297.62,589,67,55,0.6566666666666667,3893.0,2618.0,-1275.0,0.5052971137521223,20307091.66100005,99.17202037770997,67.24822940058732
84627,CANDY STRIPE ROSE C/COVER,297.5,50,19,15,5.95,3894.0,4539.0,645.0,5.95,20307389.16100005,99.17347325321548,67.26550354119883
84247N,PACK/12 BLUE FOLKART CARDS,297.48,113,53,33,2.3926415094339624,3895.0,3985.0,90.0,2.632566371681416,20307686.64100005,99.17492603104868,67.28277768181033
84509C,SET OF 4 DOTTY PLACEMATS,297.48,70,23,11,5.061304347826087,3895.0,4338.0,443.0,4.249714285714286,20307984.12100005,99.17637880888189,67.30005182242184
22135,MINI LADLE LOVE HEART PINK,297.4,528,166,20,0.6704216867469879,3897.0,2725.0,-1172.0,0.5632575757575757,20308281.52100005,99.17783119602588,67.31732596303334
21157,RED RETROSPOT WASHBAG,296.99,103,44,13,3.3674999999999997,3898.0,4058.0,160.0,2.8833980582524275,20308578.51100005,99.17928158088766,67.33460010364485
17012E,ORIGAMI OPIUM INCENSE/CANDLE SET,296.78999999999996,263,29,12,2.488965517241379,3899.0,3364.0,-535.0,1.1284790874524713,20308875.301000047,99.1807309890264,67.35187424425635
79190D,RETRO PLASTIC DAISY TRAY,296.58,641,112,44,0.5636607142857143,3900.0,2550.0,-1350.0,0.4626833073322933,20309171.881000046,99.18217937160597,67.36914838486786
35920,FOUR RABBIT EASTER DECORATIONS,296.34,1070,24,18,1.6679166666666667,3901.0,2004.0,-1897.0,0.27695327102803735,20309468.221000046,99.18362658211791,67.38642252547936
47471,RAINBOW PEGS PHOTO CLIP STRING,295.72,428,63,35,0.9604761904761905,3902.0,2913.0,-989.0,0.6909345794392524,20309763.941000044,99.18507076478845,67.40369666609087
DCGSSGIRL,GIRLS PARTY BAG,295.63,92,23,0,3.2317391304347827,3903.0,4171.0,268.0,3.2133695652173913,20310059.571000043,99.18651450793364,67.42097080670236
79051A,SMOKEY GREY COLOUR D.O.F. GLASS,295.58,702,39,30,0.836046511627907,3904.0,2448.0,-1456.0,0.42105413105413103,20310355.15100004,99.18795800689806,67.43824494731388
90129A,PINK GLASS TASSLE BAG CHARM,295.38,151,73,14,1.9371621621621622,3905.0,3791.0,-114.0,1.956158940397351,20310650.53100004,99.18940052913945,67.45551908792538
20869,GOLD FABRIC MIRROR,295.12,529,53,30,0.9422222222222223,3906.0,2724.0,-1182.0,0.557882797731569,20310945.65100004,99.19084178164093,67.47279322853687
21697,SET 5 MINI DOUGHNUT FRIDGE MAGNET,295.08000000000004,372,7,6,1.4914285714285713,3907.0,3048.0,-859.0,0.793225806451613,20311240.73100004,99.19228283879778,67.49006736914839
23126,DOLLCRAFT GIRL AMELIE KIT,294.7,66,8,8,4.8500000000000005,3908.0,4370.0,462.0,4.465151515151515,20311535.43100004,99.19372204018086,67.50734150975988
90185D,CRYSTAL DIAMANTE EXPANDABLE RING,293.33,69,35,14,4.252571428571429,3909.0,4346.0,437.0,4.251159420289855,20311828.761000037,99.19515455101123,67.52461565037139
84926A,WAKE UP COCKEREL TILE COASTER,293.08,664,51,29,0.9750980392156862,3910.0,2514.0,-1396.0,0.44138554216867465,20312121.841000035,99.19658584093779,67.5418897909829
84482,BUTTONS DESIGN JEWELLERY BOX,293.02,75,32,22,4.106666666666667,3911.0,4290.0,379.0,3.906933333333333,20312414.861000035,99.19801683784743,67.5591639315944
72801F,S/4 FESTIVE RED DINNER CANDLES,292.5,234,25,20,1.25,3912.0,3466.0,-446.0,1.25,20312707.361000035,99.19944529527723,67.57643807220592
90030B,RED KUKUI COCONUT SEED NECKLACE,292.08000000000004,139,36,17,4.014722222222222,3913.0,3855.0,-58.0,2.1012949640287775,20312999.441000033,99.20087170158864,67.59371221281741
37422,WHITE WITH BLACK CATS BOWL,292.08,434,73,14,1.3546575342465754,3914.0,2895.0,-1019.0,0.6729953917050691,20313291.52100003,99.20229810790005,67.61098635342891
84800S,SMALL WHITE/PINK ROSE ART FLOWER,292.03999999999996,388,19,19,1.0989473684210527,3915.0,3001.0,-914.0,0.7526804123711339,20313583.56100003,99.20372431886688,67.62826049404043
22952,SET 72 CAKE CASES VINTAGE CHRISTMAS,291.6,672,4,4,0.5175000000000001,3916.0,2505.0,-1411.0,0.43392857142857144,20313875.161000032,99.20514838104303,67.64553463465192
23567,EGG CUP HENRIETTA HEN PINK,291.58,211,37,15,1.823157894736842,3917.0,3553.0,-364.0,1.3818957345971563,20314166.74100003,99.20657234554687,67.66280877526343
21030,SPACE CADET RED,290.9,239,51,37,1.2030769230769232,3918.0,3454.0,-464.0,1.2171548117154811,20314457.64100003,99.20799298919242,67.68008291587493
84529A,PINK KNITTED KIDS RUCKSACK,290.78,50,19,9,6.563684210526316,3919.0,4539.0,620.0,5.8156,20314748.42100003,99.20941304680416,67.69735705648644
20826,SILVER APERITIF GLASS,290.72,355,14,11,1.3478571428571429,3920.0,3085.0,-835.0,0.8189295774647888,20315039.14100003,99.21083281139899,67.71463119709794
16202A,PASTEL PINK PHOTO ALBUM,290.45,662,21,16,4.4852380952380955,3921.0,2519.0,-1402.0,0.4387462235649547,20315329.591000028,99.21225125741772,67.73190533770945
21388,IVORY HANGING DECORATION CHICKEN,290.16999999999996,311,29,27,0.9158620689655173,3922.0,3209.0,-713.0,0.9330225080385851,20315619.76100003,99.21366833602421,67.74917947832095
23410,CURIO CABINET LINEN AND LACE,290.1,36,18,16,8.027777777777779,3923.0,4719.0,796.0,8.058333333333334,20315909.86100003,99.21508507277767,67.76645361893246
84882,GREEN WIRE STANDING CANDLE HOLDER,289.43,66,36,22,4.704166666666667,3924.0,4370.0,446.0,4.385303030303031,20316199.29100003,99.21649853750895,67.78372775954396
85014a,BLACK/BLUE POLKADOT UMBRELLA,288.92,23,19,0,12.569473684210527,3925.0,4936.0,1011.0,12.561739130434784,20316488.211000033,99.21790951159653,67.80100190015547
23015,CORDIAL GLASS JUG,288.88,34,16,13,8.742941176470588,3926.0,4749.0,823.0,8.496470588235294,20316777.09100003,99.21932029033948,67.81827604076696
20987,GEISHA GIRL CHOPSTICKS SET/5,288.35,131,22,11,3.0181818181818185,3927.0,3896.0,-31.0,2.201145038167939,20317065.441000033,99.22072848076643,67.83555018137848
23047,PAPER LANTERN 5 POINT SEQUIN STAR,287.5,50,21,21,5.75,3928.0,4539.0,611.0,5.75,20317352.941000033,99.2221325201205,67.85282432198998
21144,PINK POODLE HANGING DECORATION,287.47,543,60,40,1.03672131147541,3929.0,2701.0,-1228.0,0.5294106813996318,20317640.411000032,99.2235364129661,67.87009846260148
84997a,GREEN 3 PIECE POLKADOT CUTLERY SET,287.08000000000004,34,10,0,8.379999999999999,3930.0,4749.0,819.0,8.443529411764708,20317927.49100003,99.2249384012018,67.887372603213
16212,FUNKY GIRLZ ASST MAGNETIC MEMO PAD,287.01,438,38,29,1.637857142857143,3931.0,2886.0,-1045.0,0.6552739726027397,20318214.50100003,99.22634004758444,67.90464674382449
20821,GOLDIE LOOKING MIRROR,286.42,42,25,10,7.882000000000001,3932.0,4641.0,709.0,6.81952380952381,20318500.921000034,99.22773881263416,67.921920884436
37413,ICON MUG REVOLUTIONARY,284.49,703,81,52,0.4107228915662651,3933.0,2446.0,-1487.0,0.40467994310099575,20318785.411000032,99.22912815230663,67.93919502504751
90185B,AMETHYST DIAMANTE EXPANDABLE RING,284.43,67,34,12,4.2385294117647065,3934.0,4361.0,427.0,4.245223880597015,20319069.84100003,99.23051719896219,67.956469165659
84247E,PACK OF 12 CHRISTMAS FUN CARDS,283.79,106,37,13,2.632162162162162,3935.0,4033.0,98.0,2.6772641509433965,20319353.63100003,99.23190312010406,67.97374330627052
82093,HEART SHAPE BUTTON FRAME,283.49,139,28,7,3.1478571428571427,3936.0,3855.0,-81.0,2.039496402877698,20319637.12100003,99.23328757616139,67.99101744688201
20980,36 PENCILS TUBE POSY,282.31,233,58,35,1.4045762711864407,3937.0,3471.0,-466.0,1.2116309012875537,20319919.431000028,99.23466626955285,68.00829158749352
22546,MINI JIGSAW FIDO,282.24,672,10,10,0.42000000000000004,3938.0,2505.0,-1433.0,0.42000000000000004,20320201.671000026,99.23604462109124,68.02556572810504
85049g,CHOCOLATE BOX RIBBONS,281.44,115,52,0,2.43,3939.0,3976.0,37.0,2.447304347826087,20320483.111000028,99.23741906573753,68.04283986871653
84977,WIRE FLOWER T-LIGHT HOLDER,281.33,223,44,34,1.3086363636363636,3940.0,3512.0,-428.0,1.2615695067264574,20320764.441000026,99.23879297318614,68.06011400932803
16052,TEATIME PUSH DOWN RUBBER,281.32,848,35,18,0.5685714285714285,3941.0,2257.0,-1684.0,0.3317452830188679,20321045.761000026,99.2401668317986,68.07738814993954
23481,PEARLISED IVORY HEART SMALL,281.17,228,29,23,1.28125,3942.0,3488.0,-454.0,1.233201754385965,20321326.931000028,99.24153995786882,68.09466229055104
90163A,PINK ROSEBUD & PEARL NECKLACE,280.71,37,24,5,7.605416666666667,3943.0,4706.0,763.0,7.586756756756756,20321607.64100003,99.24291083747605,68.11193643116255
47578A,ENGLISH ROSE SMALL SCENTED FLOWER,279.88,307,69,42,1.0512162162162162,3944.0,3222.0,-722.0,0.9116612377850163,20321887.521000028,99.2442776636827,68.12921057177405
84508C,BLUE CIRCLES DESIGN TEDDY,279.82,103,43,22,2.949302325581395,3945.0,4058.0,113.0,2.7166990291262136,20322167.341000028,99.24564419687246,68.14648471238556
72739C,DARK CHOCOLATE SCENTCANDLE,279.08,326,23,10,1.6782608695652175,3946.0,3153.0,-793.0,0.8560736196319018,20322446.421000026,99.24700711618699,68.16375885299706
84625B,BLCK NEW BAROQUE CANDLESTICK CANDLE,279.0,180,17,15,2.3323529411764707,3947.0,3671.0,-276.0,1.55,20322725.421000026,99.24836964481233,68.18103299360857
21412,VINTAGE GOLD TINSEL REEL,279.0,275,67,33,1.7285135135135135,3947.0,3324.0,-623.0,1.0145454545454546,20323004.421000026,99.24973217343766,68.19830713422007
90115,SUMMER BUTTERFLIES BAG CHARM,278.96,108,60,11,2.632166666666666,3949.0,4016.0,67.0,2.582962962962963,20323283.381000027,99.2510945067184,68.21558127483158
22954,HEN PARTY CORDON BARRIER TAPE,278.89,226,49,27,1.3906122448979592,3950.0,3496.0,-454.0,1.2340265486725663,20323562.271000028,99.25245649814607,68.23285541544308
84457,SET/3 RABBITS FLOWER SKIPPPING ROPE,278.72999999999996,291,64,37,1.1467692307692305,3951.0,3274.0,-677.0,0.9578350515463916,20323841.001000028,99.25381770819531,68.25012955605459
21367,MIRRORED WALL ART GENTS,278.47999999999996,211,60,37,2.5669999999999997,3952.0,3553.0,-399.0,1.3198104265402841,20324119.48100003,99.25517769734077,68.2674036966661
84926F,PSYCHEDELIC TILE COASTER,277.9,484,42,24,1.4188095238095237,3953.0,2794.0,-1159.0,0.5741735537190082,20324397.381000027,99.25653485398944,68.2846778372776
23413,DECORATIVE VINTAGE COFFEE BOX,277.0,52,22,13,6.240909090909091,3954.0,4510.0,556.0,5.326923076923077,20324674.381000027,99.25788761538448,68.3019519778891
44235,ASS COL CIRCLE MOBILE,276.96,752,15,12,0.4125,3955.0,2371.0,-1584.0,0.3682978723404255,20324951.341000028,99.25924018143493,68.31922611850061
90146,FINE SILVER NECKLACE W PASTEL FLOWE,276.49,41,19,12,7.4495000000000005,3956.0,4658.0,702.0,6.743658536585366,20325227.831000026,99.26059045218624,68.33650025911211
22889,NUMBER TILE VINTAGE FONT NO,276.42,173,36,7,3.6169444444444445,3957.0,3701.0,-256.0,1.5978034682080926,20325504.251000028,99.2619403810845,68.3537743997236
84966C,GREEN KASHMIRI BOXED MIRROR,276.0,23,2,1,12.0,3958.0,4936.0,978.0,12.0,20325780.251000028,99.2632882588644,68.37104854033512
DCGS0076,SUNJAR LED NIGHT NIGHT LIGHT,275.96,17,14,0,16.255,3959.0,5056.0,1097.0,16.232941176470586,20326056.21100003,99.2646359412997,68.38832268094663
23137,ZINC WIRE SWEETHEART LETTER TRAY,275.62,83,23,18,3.9765217391304346,3960.0,4223.0,263.0,3.320722891566265,20326331.83100003,99.26598196330585,68.40559682155812
90085,CRYSTAL STILETTO PHONE CHARM,275.53,311,29,14,1.1817241379310344,3961.0,3209.0,-752.0,0.8859485530546622,20326607.36100003,99.26732754578664,68.42287096216964
21095,SET/6 POSIES PAPER PLATES,274.57,295,40,24,1.0065853658536585,3962.0,3256.0,-706.0,0.9307457627118644,20326881.93100003,99.26866843999689,68.44014510278113
84924F,PSYCHEDELIC METAL SIGN CALENDAR,274.55,975,10,8,2.952,3963.0,2107.0,-1856.0,0.2815897435897436,20327156.481000032,99.27000923653483,68.45741924339264
21193,WHITE HONEYCOMB PAPER FAN,274.37,111,22,14,2.8434782608695657,3964.0,3998.0,34.0,2.471801801801802,20327430.851000033,99.27134915402205,68.47469338400415
75178,ASSTD COL BUTTERFLY/CRYSTAL W/CHIME,273.93,497,25,11,1.4991999999999999,3965.0,2770.0,-1195.0,0.5511670020120725,20327704.781000033,99.2726869227186,68.49196752461565
90122A,PINK CRYSTAL+GLASS BRACELET,273.89,55,31,14,5.000967741935484,3966.0,4477.0,511.0,4.979818181818182,20327978.671000034,99.27402449607055,68.50924166522715
84927F,PSYCHEDELIC TILE HOOK,273.32,335,62,44,1.60390625,3967.0,3130.0,-837.0,0.8158805970149253,20328251.991000034,99.27535928576185,68.52651580583866
23141,TRIPLE WIRE HOOK PINK HEART,272.91,79,25,18,4.2404,3968.0,4252.0,284.0,3.454556962025317,20328524.901000034,99.27669207317096,68.54378994645016
84924D,LA PALMIERA METAL SIGN CALENDAR,272.61,764,15,11,3.7993333333333337,3969.0,2358.0,-1611.0,0.3568193717277487,20328797.511000033,99.27802339549552,68.56106408706168
23203,JUMBO BAG VINTAGE DOILEY,272.57,144,7,6,2.3314285714285714,3970.0,3821.0,-149.0,1.8928472222222221,20329070.081000034,99.27935452247547,68.57833822767317
79303D,LILAC FLOWER BLOCK TABLE LAMP,272.45,78,19,5,4.860526315789474,3971.0,4259.0,288.0,3.492948717948718,20329342.531000033,99.2806850634216,68.59561236828468
35096A,BLUE VICTORIAN FABRIC HEART BOX,272.45,765,50,18,0.6742,3971.0,2356.0,-1615.0,0.3561437908496732,20329614.981000032,99.28201560436774,68.61288650889618
84499,BLACK FLOWER CANDLE PLATE,272.16999999999996,326,41,16,1.238780487804878,3973.0,3153.0,-820.0,0.8348773006134969,20329887.151000034,99.28334477790165,68.63016064950769
90185C,BLACK DIAMANTE EXPANDABLE RING,271.96,64,32,17,4.24875,3974.0,4384.0,410.0,4.249375,20330159.111000035,99.28467292587636,68.64743479011919
90032,IVORY SHELL HEART NECKLACE,271.88,48,24,12,6.118333333333333,3975.0,4566.0,591.0,5.664166666666667,20330430.991000034,99.28600068316187,68.6647089307307
90014C,SILVER/BLACK ORBIT NECKLACE,271.33,27,18,12,10.098888888888887,3976.0,4846.0,870.0,10.049259259259259,20330702.321000032,99.28732575445903,68.6819830713422
84192,ASSORTED COLOUR METAL CAT,271.1,226,38,29,1.2402564102564102,3977.0,3496.0,-481.0,1.1995575221238939,20330973.421000034,99.28864970252474,68.69925721195371
23474,WOODLAND SMALL BLUE FELT HEART,270.96000000000004,312,37,26,1.0405263157894737,3978.0,3204.0,-774.0,0.8684615384615386,20331244.381000035,99.28997296688429,68.71653135256521
21629,SQUARE FLOOR CUSHION VINTAGE PINK,270.47,19,14,3,14.652142857142858,3979.0,5018.0,1039.0,14.235263157894739,20331514.851000033,99.29129383827244,68.73380549317672
47586A,PINK FAIRY CAKE CUSHION COVER,270.43,200,29,23,2.32,3980.0,3596.0,-384.0,1.35215,20331785.281000033,99.29261451431599,68.75107963378821
47351B,BLUE VOILE LAMPSHADE,269.90000000000003,98,14,11,2.9214285714285717,3981.0,4125.0,144.0,2.7540816326530617,20332055.18100003,99.2939326020435,68.76835377439973
85195,HANGING HEART BASKET,269.44000000000005,146,17,14,2.205294117647059,3982.0,3816.0,-166.0,1.8454794520547948,20332324.621000033,99.29524844330805,68.78562791501123
90122C,TURQUOISE CRYSTAL+GLASS BRACELET,269.1,54,30,12,5.009,3983.0,4484.0,501.0,4.983333333333333,20332593.721000034,99.29656262414348,68.80290205562272
72793,BLACK BOX MIRROR LANTERN,268.75,55,10,5,5.5600000000000005,3984.0,4477.0,493.0,4.886363636363637,20332862.471000034,99.29787509571358,68.82017619623424
20818,GOLD TEDDY BEAR,268.5,87,30,20,4.491666666666666,3985.0,4199.0,214.0,3.086206896551724,20333130.971000034,99.29918634637988,68.83745033684573
21372,MIRRORED WALL ART TABLE LAMP,267.01,156,50,28,2.5941176470588236,3986.0,3776.0,-210.0,1.711602564102564,20333397.981000036,99.30049032045964,68.85472447745725
79030D,TUMBLER BAROQUE,266.19,525,40,22,0.9255000000000001,3987.0,2728.0,-1259.0,0.5070285714285714,20333664.171000037,99.30179028997497,68.87199861806876
23489,"GARLAND, VINTAGE BELLS",265.88,92,10,10,2.89,3988.0,4171.0,183.0,2.89,20333930.051000036,99.30308874556961,68.88927275868025
47481,50CM METAL STRING WITH 7 CLIPS,265.4,326,44,31,1.1075,3989.0,3153.0,-836.0,0.8141104294478527,20334195.451000035,99.30438485702896,68.90654689929177
23476,WOODLAND LARGE RED FELT HEART,264.72,205,22,18,1.4700000000000002,3990.0,3575.0,-415.0,1.2913170731707317,20334460.171000034,99.30567764763005,68.92382103990326
21950,SET OF 6 DOTS CHOPSTICKS,263.63,211,18,2,2.3994444444444443,3991.0,3553.0,-438.0,1.249431279620853,20334723.801000033,99.30696511509059,68.94109518051476
90157,RIVIERA NECKLACE,263.28000000000003,53,24,14,4.982916666666667,3992.0,4500.0,508.0,4.967547169811321,20334987.081000034,99.30825087328586,68.95836932112628
90129E,PURPLE GLASS TASSLE BAG CHARM,263.14,129,59,10,1.9168333333333334,3993.0,3902.0,-91.0,2.03984496124031,20335250.221000034,99.309535947775,68.97564346173777
84906,PINK B'FLY C/COVER W BOBBLES,262.62,43,16,11,6.373125,3994.0,4629.0,635.0,6.107441860465117,20335512.841000035,99.31081848278427,68.99291760234928
84806A,PINK CANDYSTUFT ARTIFICIAL FLOWER,261.90999999999997,319,20,19,1.135,3995.0,3180.0,-815.0,0.8210344827586206,20335774.751000036,99.3120975504268,69.01019174296079
23194,GYMKHANNA TREASURE BOOK BOX,261.84000000000003,120,14,14,2.189285714285714,3996.0,3935.0,-61.0,2.1820000000000004,20336036.591000035,99.31337627621623,69.02746588357229
21268,VINTAGE BLUE TINSEL REEL,261.66,397,49,31,1.2884615384615385,3997.0,2986.0,-1011.0,0.6590931989924433,20336298.251000036,99.31465412295498,69.0447400241838
79328,BLUE FLOCK GLASS CANDLEHOLDER,260.76,594,17,6,1.4888235294117647,3998.0,2611.0,-1387.0,0.438989898989899,20336559.011000037,99.31592757444007,69.0620141647953
72799D,BLUE PILLAR CANDLE SILVER FLOCK,260.67,78,18,12,3.742105263157895,3999.0,4259.0,260.0,3.341923076923077,20336819.68100004,99.3172005863998,69.0792883054068
44234,ASSORTED CIRCULAR MOBILE,260.39,1213,56,28,0.3788524590163934,4000.0,1853.0,-2147.0,0.21466611706512778,20337080.07100004,99.31847223094731,69.09656244601831
84597B,RETRO BROWN BALL ASHTRAY,259.37,205,27,11,1.612962962962963,4001.0,3575.0,-426.0,1.265219512195122,20337339.44100004,99.31973889420736,69.11383658662982
85095,THREE CANVAS LUGGAGE TAGS,259.09,174,49,9,1.7959183673469388,4002.0,3696.0,-306.0,1.4890229885057469,20337598.53100004,99.32100419005516,69.13111072724132
23032,DOORKNOB CRACKED GLAZE IVORY,258.3,174,5,5,1.6099999999999999,4003.0,3696.0,-307.0,1.4844827586206897,20337856.83100004,99.322265627847,69.14838486785283
84613C,BLUE NEW BAROQUE FLOCK CANDLESTICK,258.06,62,12,11,4.580000000000001,4004.0,4403.0,399.0,4.162258064516129,20338114.89100004,99.3235258935712,69.16565900846433
72801D,4 SKY BLUE DINNER CANDLES,257.93,381,29,19,1.446551724137931,4005.0,3018.0,-987.0,0.676981627296588,20338372.82100004,99.32478552442544,69.18293314907584
90035A,"PEARL & SHELL 42""NECKL. GREEN",257.55,24,16,7,10.721874999999999,4006.0,4897.0,891.0,10.731250000000001,20338630.37100004,99.32604329950593,69.20020728968734
84520b,PACK 20 ENGLISH ROSE PAPER NAPKINS,257.4,110,10,0,2.085,4007.0,4001.0,-6.0,2.34,20338887.77100004,99.32730034204414,69.21748143029885
85179C,PINK BITTY LIGHT CHAIN,257.15,116,40,10,3.185,4008.0,3969.0,-39.0,2.216810344827586,20339144.921000037,99.32855616367856,69.23475557091035
84371,BIG PINK POODLE,257.1,30,6,4,17.375,4009.0,4805.0,796.0,8.57,20339402.02100004,99.32981174113222,69.25202971152186
90040B,MURANO STYLE GLASS BRACELET BLACK,255.97,71,36,17,3.6669444444444443,4010.0,4328.0,318.0,3.605211267605634,20339657.991000038,99.33106180010077,69.26930385213336
22870,NUMBER TILE COTTAGE GARDEN 2,254.56,98,43,15,3.2436363636363637,4011.0,4125.0,114.0,2.5975510204081633,20339912.551000036,99.33230497317197,69.28657799274485
17038,PORCELAIN BUDAH INCENSE HOLDER,254.51000000000002,2559,55,21,0.4290909090909091,4012.0,1042.0,-2970.0,0.0994568190699492,20340167.061000038,99.33354790206242,69.30385213335637
10123C,HEARTS WRAPPING TAPE,254.41000000000003,650,63,39,0.7906349206349207,4013.0,2536.0,-1477.0,0.3914,20340421.471000038,99.33479034259135,69.32112627396788
22869,NUMBER TILE COTTAGE GARDEN 1,253.94,100,46,19,3.1365217391304347,4014.0,4086.0,72.0,2.5394,20340675.41100004,99.33603048782118,69.33840041457937
84461,12 PINK HEN+CHICKS IN BASKET,253.79,99,40,33,2.60775,4015.0,4117.0,102.0,2.5635353535353533,20340929.20100004,99.3372699005087,69.35567455519089
gift_0001_50,DOTCOMGIFTSHOP GIFT VOUCHER £50.00,253.59,6,6,0,42.265,4016.0,5385.0,1369.0,42.265,20341182.79100004,99.33850833647321,69.37294869580238
21493,VINTAGE DESIGN GIFT TAGS,252.45,272,29,22,1.0483333333333333,4017.0,3335.0,-682.0,0.928125,20341435.241000038,99.33974120511645,69.39022283641388
79338,DARK PINK FLOCK GLASS CANDLEHOLDER,252.29,553,13,8,1.4692307692307693,4018.0,2681.0,-1337.0,0.45622061482820975,20341687.531000037,99.34097329238128,69.4074969770254
21032,SPACE CADET WHITE,252.16,203,50,28,1.4007999999999998,4019.0,3588.0,-431.0,1.242167487684729,20341939.691000037,99.34220474477613,69.4247711176369
21370,MIRRORED WALL ART FOXY,251.97,54,22,15,7.356363636363636,4020.0,4484.0,464.0,4.666111111111111,20342191.661000036,99.3434352692841,69.4420452582484
90208,PAIR OF ENAMEL FLOWER CLUSTER SLIDE,251.59,105,30,5,2.5366666666666666,4021.0,4043.0,22.0,2.396095238095238,20342443.251000036,99.34466393801831,69.4593193988599
23149,ANTIQUE IVORY WIRE BOWL SMALL,251.45,99,21,17,2.7252380952380952,4022.0,4117.0,95.0,2.53989898989899,20342694.701000035,99.34589192304641,69.47659353947141
DCGSSBOY,BOYS PARTY BAG,251.35,77,21,0,3.2261904761904763,4023.0,4272.0,249.0,3.2642857142857142,20342946.051000036,99.34711941971301,69.49386768008293
90081C,LILY BROOCH OLIVE COLOUR,250.47,50,36,13,5.032500000000001,4024.0,4539.0,515.0,5.0094,20343196.521000035,99.34834261879826,69.51114182069442
90073,VINTAGE ENAMEL & CRYSTAL EARRINGS,250.34,50,34,7,5.029411764705882,4025.0,4539.0,514.0,5.0068,20343446.861000035,99.34956518301354,69.52841596130592
20836,FRENCH PAISLEY CUSHION COVER,250.00000000000003,224,22,18,1.1209090909090909,4026.0,3510.0,-516.0,1.1160714285714286,20343696.861000035,99.35078608679969,69.54569010191743
21460,GREEN EASTER EGG HUNT START POST,249.64999999999998,113,27,20,2.3655555555555554,4027.0,3985.0,-42.0,2.2092920353982297,20343946.511000033,99.35200528132052,69.56296424252893
90170,DAISY HAIR BAND,249.57999999999998,150,73,10,1.6715068493150684,4028.0,3795.0,-233.0,1.6638666666666666,20344196.09100003,99.35322413398829,69.58023838314044
90087,CRYSTAL SEA HORSE PHONE CHARM,249.55999999999997,311,53,13,1.381320754716981,4029.0,3209.0,-820.0,0.8024437299035369,20344445.65100003,99.35444288898377,69.59751252375194
22984,"CARD, GINGHAM ROSE",249.44,596,47,38,0.46446808510638293,4030.0,2606.0,-1424.0,0.4185234899328859,20344695.09100003,99.35566105794543,69.61478666436345
22812,PACK 3 BOXES CHRISTMAS PANETTONE,248.48,76,24,9,3.3125,4031.0,4281.0,250.0,3.269473684210526,20344943.571000032,99.35687453863655,69.63206080497496
84030c,KNITTED RAINBOW HOT WATER BOTTLE,248.0,32,13,0,7.718461538461539,4032.0,4775.0,743.0,7.75,20345191.571000032,99.35808567519241,69.64933494558646
22328,"ROUND SNACK BOXES ,SET 4, FRUITS",247.8,84,5,5,2.95,4033.0,4213.0,180.0,2.95,20345439.371000033,99.35929583502524,69.66660908619797
23168,CLASSIC SUGAR DISPENSER,247.32,216,12,12,1.1975,4034.0,3534.0,-500.0,1.145,20345686.691000033,99.36050365072279,69.68388322680946
84621,BLUE GINGHAM ROSE FLOOR CUSHION,247.26,29,15,9,9.064,4035.0,4816.0,781.0,8.526206896551724,20345933.951000035,99.36171117340345,69.70115736742098
90036C,"FLOWER GLASS GARLAND NECKL.36""BLUE",246.83,31,15,7,7.975333333333334,4036.0,4791.0,755.0,7.96225806451613,20346180.781000033,99.36291659612955,69.71843150803248
82011A,"BATHROOM SCALES, TROPICAL BEACH",246.58,59,34,19,4.359705882352941,4037.0,4434.0,397.0,4.1793220338983055,20346427.36100003,99.3641207979519,69.73570564864397
47503H,ASS FLORAL PRINT SPIRIT LEVEL,246.12,160,60,45,1.9179365079365078,4038.0,3761.0,-277.0,1.5382500000000001,20346673.481000032,99.36532275331129,69.75297978925549
46307,ROSES BLUE BASE CUSHION COVER,246.03,51,33,4,5.2645454545454555,4039.0,4524.0,485.0,4.824117647058824,20346919.511000033,99.3665242691453,69.77025392986698
22175,PINK OWL DECORATION,244.8,96,1,1,2.55,4040.0,4140.0,100.0,2.5500000000000003,20347164.311000034,99.3677197781327,69.78752807047849
22176,BLUE OWL DECORATION,244.8,96,1,1,2.55,4040.0,4140.0,100.0,2.5500000000000003,20347409.111000035,99.3689152871201,69.80480221109
90028,NEW BAROQUE LARGE NECKLACE BLK/WHIT,244.79,29,24,5,8.43625,4042.0,4816.0,774.0,8.44103448275862,20347653.901000034,99.37011074727133,69.8220763517015
84993B,75 BLACK PETIT FOUR CASES,243.66,551,86,57,0.4597674418604651,4043.0,2684.0,-1359.0,0.4422141560798548,20347897.561000034,99.37130068893745,69.83935049231302
90096,NECKLACE+BRACELET SET BLUE BLOSSOM,243.60999999999999,104,49,10,2.4723529411764704,4044.0,4047.0,3.0,2.342403846153846,20348141.171000034,99.37249038642281,69.85662463292451
90129C,GREEN GLASS TASSLE BAG CHARM,243.38,107,51,16,2.1127450980392157,4045.0,4026.0,-19.0,2.2745794392523364,20348384.551000033,99.3736789606767,69.87389877353601
90119,METALIC LEAVES BAG CHARMS,243.07,97,42,6,2.5385714285714283,4046.0,4129.0,83.0,2.5058762886597936,20348627.621000033,99.3748660210099,69.89117291414753
90081A,LILY BROOCH AMETHYST COLOUR,242.8,49,24,15,4.960416666666667,4047.0,4556.0,509.0,4.955102040816326,20348870.421000034,99.37605176276699,69.90844705475902
90196A,PURPLE GEMSTONE NECKLACE 45CM,242.25,19,11,9,12.75,4048.0,5018.0,970.0,12.75,20349112.671000034,99.37723481853577,69.92572119537053
23475,WOODLAND SMALL PINK FELT HEART,242.18,286,31,25,0.959032258064516,4049.0,3290.0,-759.0,0.8467832167832168,20349354.851000033,99.37841753245146,69.94299533598203
35818P,"ACRYLIC JEWEL ICICLE, PINK",242.15,559,25,18,0.9732,4050.0,2668.0,-1382.0,0.4331842576028623,20349597.00100003,99.37960009985872,69.96026947659354
90196B,BLACK GEMSTONE NECKLACE 45CM,241.98,19,14,9,12.730714285714285,4051.0,5018.0,967.0,12.73578947368421,20349838.981000032,99.3807818370514,69.97754361720504
16156L,"WRAP, CAROUSEL",241.5,575,22,20,0.42,4052.0,2644.0,-1408.0,0.42,20350080.481000032,99.38196123010881,69.99481775781655
23143,ZINC WIRE KITCHEN ORGANISER,239.97,30,16,12,9.929375,4053.0,4805.0,752.0,7.999,20350320.45100003,99.38313315123504,70.01209189842805
84984D,ORIENTAL RED CUSHION COVER,239.8,132,10,9,3.97,4054.0,3891.0,-163.0,1.8166666666666667,20350560.25100003,99.38430424214673,70.02936603903956
23324,RUSTIC STRAWBERRY JAMPOT LARGE,238.56,120,6,6,2.0416666666666665,4055.0,3935.0,-120.0,1.988,20350798.81100003,99.3854692773756,70.04664017965106
23028,DOORKNOB CRACKED GLAZE BLUE,238.5,162,3,3,1.5833333333333333,4056.0,3757.0,-299.0,1.4722222222222223,20351037.31100003,99.38663401958759,70.06391432026257
22447,PIN CUSHION RUSSIAN DOLL BLUE,238.06,68,23,18,3.7960869565217394,4057.0,4354.0,297.0,3.5008823529411766,20351275.37100003,99.38779661300889,70.08118846087406
84629,WHITE 3 FRAME BIRDS AND TREE,237.8,24,13,12,12.796153846153846,4058.0,4897.0,839.0,9.908333333333333,20351513.17100003,99.38895793669028,70.09846260148558
82553,POP'S GREASY SPOON METAL SIGN,237.73,114,42,14,2.5773809523809526,4059.0,3980.0,-79.0,2.0853508771929823,20351750.90100003,99.3901189185186,70.11573674209708
22882,NUMBER TILE VINTAGE FONT 3,237.72,118,49,18,2.966326530612245,4060.0,3956.0,-104.0,2.014576271186441,20351988.62100003,99.39127985151075,70.13301088270859
84510C,SET OF 4 POLKADOT COASTERS,237.59,152,61,30,1.7508196721311475,4061.0,3788.0,-273.0,1.563092105263158,20352226.21100003,99.39244014963295,70.1502850233201
90133,TEAL/FUSCHIA COL BEAD NECKLACE,236.46,47,36,7,5.055833333333333,4062.0,4588.0,526.0,5.031063829787234,20352462.67100003,99.39359492927004,70.16755916393159
44217M,MULTICOLOUR FEATHERS CURTAIN,236.40000000000003,72,3,1,3.616666666666667,4063.0,4313.0,250.0,3.2833333333333337,20352699.07100003,99.3947494158902,70.1848333045431
20891,LARGE GLASS ROSE SCENTED CANDLE,236.33,684,3,1,8.126666666666667,4064.0,2482.0,-1582.0,0.34551169590643277,20352935.401000027,99.3959035606573,70.20210744515461
82585,SWEET VALENCIA CANDLE+CUP,235.9,164,47,18,1.8791836734693876,4065.0,3748.0,-317.0,1.4384146341463415,20353171.301000025,99.3970556054699,70.2193815857661
90210D,PURPLE ACRYLIC FACETED BANGLE,235.73000000000002,142,23,10,2.4991304347826087,4066.0,3839.0,-227.0,1.6600704225352114,20353407.031000026,99.39820682006794,70.23665572637762
23580,SNACK TRAY HAPPY FOREST,234.92,116,25,20,2.2116,4067.0,3969.0,-98.0,2.0251724137931033,20353641.951000027,99.3993540789377,70.25392986698911
20855,PINK PATCH PURSE BLUE HEART,234.29999999999998,142,47,41,1.65,4068.0,3839.0,-229.0,1.65,20353876.251000028,99.40049830996608,70.27120400760062
84796a,PINK HAWAIIAN PICNIC HAMPER FOR 2,234.28,28,20,0,8.370999999999999,4069.0,4828.0,759.0,8.367142857142857,20354110.53100003,99.40164244332215,70.28847814821214
84660c,PINK STITCHED WALL CLOCK,233.98,31,28,0,7.551428571428572,4070.0,4791.0,721.0,7.547741935483871,20354344.51100003,99.40278511159369,70.30575228882363
20736,PINK MINI TAPE MEASURE,233.5,290,19,18,0.8431578947368421,4071.0,3278.0,-793.0,0.8051724137931034,20354578.01100003,99.40392543572993,70.32302642943513
84247K,"FOLK ART GREETING CARD,PACK/12",233.48000000000002,75,28,20,3.2764285714285717,4072.0,4290.0,218.0,3.113066666666667,20354811.49100003,99.40506566219389,70.34030057004664
90185A,AMBER DIAMANTE EXPANDABLE RING,233.29,55,26,8,4.233076923076923,4073.0,4477.0,404.0,4.241636363636363,20355044.78100003,99.40620496077096,70.35757471065814
37483,ENGLISH ROSE MUG IN GIFT BOX,232.89,143,10,10,2.46,4074.0,3830.0,-244.0,1.6286013986013985,20355277.67100003,99.40734230590198,70.37484885126965
84797b,BLUE SAVANNAH PICNIC HAMPER FOR 4,232.62,21,19,0,11.083157894736841,4075.0,4974.0,899.0,11.077142857142857,20355510.29100003,99.40847833245692,70.39212299188115
23036,T-LIGHT HOLDER SILVER PETIT FOUR,232.42000000000002,184,16,14,1.325625,4076.0,3655.0,-421.0,1.2631521739130436,20355742.711000033,99.40961338228882,70.40939713249266
16256B,FLOWER PENCIL/RUBBER+5 MINI PENCILS,232.35,524,35,17,0.5841666666666667,4077.0,2730.0,-1347.0,0.44341603053435114,20355975.061000034,99.41074809026766,70.42667127310416
35991,SET/6 BLACK SNOWFLAKE T-LIGHTS,232.08,402,54,43,0.8748214285714286,4078.0,2973.0,-1105.0,0.5773134328358209,20356207.141000032,99.41188147967041,70.44394541371567
90210B,CLEAR ACRYLIC FACETED BANGLE,232.04000000000002,102,24,15,2.705833333333333,4079.0,4068.0,-11.0,2.2749019607843137,20356439.18100003,99.41301467372855,70.46121955432717
23447,PINK BUNNY EASTER EGG BASKET,231.9,158,4,4,1.5999999999999999,4080.0,3768.0,-312.0,1.4677215189873418,20356671.08100003,99.41414718408058,70.47849369493868
22878,NUMBER TILE COTTAGE GARDEN NO,231.54,83,40,12,3.4802500000000003,4081.0,4223.0,142.0,2.7896385542168676,20356902.62100003,99.41527793633114,70.49576783555018
90181B,AMETHYST GLASS/SHELL/PEARL NECKLACE,231.27,25,24,0,9.255,4082.0,4883.0,801.0,9.2508,20357133.89100003,99.41640737000562,70.51304197616169
16202C,BEIGE PHOTO ALBUM,230.59,97,12,10,3.9766666666666666,4083.0,4129.0,46.0,2.377216494845361,20357364.48100003,99.41753348282181,70.5303161167732
22842,"BISCUIT TIN, RED,IVORY, VINTAGE",230.55,37,7,7,6.521428571428571,4084.0,4706.0,622.0,6.231081081081081,20357595.03100003,99.41865940029338,70.5475902573847
21226,POCKET MIRROR WOODLAND,230.55,213,37,17,1.073157894736842,4084.0,3542.0,-542.0,1.082394366197183,20357825.58100003,99.41978531776496,70.5648643979962
90164A,PINK ROSEBUD PEARL BRACELET,230.39,40,25,7,6.93,4086.0,4667.0,581.0,5.7597499999999995,20358055.97100003,99.42091045385813,70.58213853860771
23446,BLUE BUNNY EASTER EGG BASKET,230.25,157,3,3,1.5833333333333333,4087.0,3770.0,-317.0,1.46656050955414,20358286.22100003,99.42203490624516,70.59941267921921
37508,NEW ENGLAND CERAMIC CAKE SERVER,229.57,89,46,35,2.60695652173913,4088.0,4185.0,97.0,2.579438202247191,20358515.79100003,99.4231560377739,70.6166868198307
72781,BLACK SILOUETTE CANDLE PLATE,229.5,121,15,11,2.0453333333333332,4089.0,3929.0,-160.0,1.896694214876033,20358745.29100003,99.42427682744957,70.63396096044222
90122B,JADE CRYSTAL+GLASS BRACELET,228.99,46,26,14,4.999615384615385,4090.0,4595.0,505.0,4.97804347826087,20358974.28100003,99.42539512648152,70.65123510105373
21639,ASSORTED TUTTI FRUTTI KEYRING,228.64999999999998,259,15,12,0.9633333333333333,4091.0,3382.0,-709.0,0.8828185328185327,20359202.931000028,99.42651176508433,70.66850924166522
90199B,5 STRAND GLASS NECKLACE AMETHYST,228.60999999999999,36,31,12,6.350322580645161,4092.0,4719.0,627.0,6.3502777777777775,20359431.541000027,99.42762820834253,70.68578338227674
90090,PINK CRYSTAL HEART PHONE CHARM,227.72,263,22,12,1.0168,4093.0,3364.0,-729.0,0.8658555133079848,20359659.261000026,99.42874030518323,70.70305752288823
35809B,ENAMEL BLUE RIM TEA CONTAINER,227.54,104,33,21,2.5727272727272728,4094.0,4047.0,-47.0,2.187884615384615,20359886.801000025,99.42985152297322,70.72033166349973
71028B,SILVER BLUE EGG T-LIGHT HOLDER,227.48,494,13,7,1.8407692307692307,4095.0,2776.0,-1319.0,0.46048582995951415,20360114.281000026,99.43096244774631,70.73760580411125
21395,BLUE SPOTTY BEAKER,227.44,112,23,18,2.2447826086956524,4096.0,3993.0,-103.0,2.0307142857142857,20360341.721000027,99.4320731771748,70.75487994472275
84705C,PINK FLOCK PHOTO FRAME,227.33,162,8,5,3.92875,4097.0,3757.0,-340.0,1.4032716049382716,20360569.051000025,99.4331833694056,70.77215408533426
22899,CHILDRENS APRON DOLLY GIRL,226.81,107,17,15,2.2241176470588235,4098.0,4026.0,-72.0,2.1197196261682243,20360795.861000024,99.43429102215653,70.78942822594576
72750D,F.FAIRY S/3 CANDLE/GLASS,226.5,110,11,11,2.6772727272727272,4099.0,4001.0,-98.0,2.059090909090909,20361022.361000024,99.43539716098677,70.80670236655726
23003,TRAVEL CARD WALLET VINTAGE ROSE,226.2,542,53,38,0.41888888888888887,4100.0,2703.0,-1397.0,0.41734317343173427,20361248.561000023,99.43650183473247,70.82397650716878
90003D,CRYSTAL PAIR HEART HAIR SLIDES,226.17,60,32,15,3.7734375,4101.0,4421.0,320.0,3.7695,20361474.731000025,99.43760636196973,70.84125064778027
90155,RESIN NECKLACE W PASTEL BEADS,226.16,30,21,12,7.555238095238095,4102.0,4805.0,703.0,7.538666666666667,20361700.891000025,99.43871084037083,70.85852478839178
84966A,PINK KASHMIRI BOXED MIRROR,225.95,13,4,3,25.4875,4103.0,5149.0,1046.0,17.38076923076923,20361926.841000024,99.43981429321273,70.87579892900328
90116,FRUIT SALAD BAG CHARM,225.51999999999998,106,63,11,2.3252380952380953,4104.0,4033.0,-71.0,2.1275471698113204,20362152.361000024,99.44091564610014,70.89307306961479
21369,MIRRORED WALL ART SPLODGES,225.36,133,22,15,2.914090909090909,4105.0,3887.0,-218.0,1.694436090225564,20362377.721000023,99.44201621760911,70.91034721022629
TEST001,THIS IS A TEST PRODUCT.,225.0,60,11,4,3.6818181818181817,4106.0,4421.0,315.0,3.75,20362602.721000023,99.44311503101663,70.9276213508378
84927E,FLOWERS TILE HOOK,224.31,494,29,22,2.0863333333333336,4107.0,2776.0,-1331.0,0.4540688259109312,20362827.03100002,99.44421047472972,70.9448954914493
35597B,BLACKCHRISTMAS TREE 30CM,224.1,78,7,6,1.5514285714285714,4108.0,4259.0,151.0,2.873076923076923,20363051.131000023,99.44530489288361,70.9621696320608
90125D,PURPLE BERTIE GLASS BEAD BAG CHARM,223.74,136,36,9,2.7491666666666665,4109.0,3872.0,-237.0,1.6451470588235295,20363274.87100002,99.44639755293605,70.97944377267231
72812,LARGE ZINC GLASS CANDLEHOLDER,223.23,78,22,9,3.4099999999999997,4110.0,4259.0,149.0,2.861923076923077,20363498.101000022,99.44748772234477,70.99671791328382
17084P,DRAGONS BLOOD INCENSE,222.75,990,70,23,0.34428571428571425,4111.0,2089.0,-2022.0,0.225,20363720.851000022,99.44857554761822,71.01399205389531
47591A,CAROUSEL DES CHILD'S APRON,221.57,134,58,30,1.654310344827586,4112.0,3882.0,-230.0,1.6535074626865671,20363942.421000022,99.4496576102258,71.03126619450683
17011C,ORIGAMI LAVENDER INCENSE+FLOWER,221.4,335,2,1,2.475,4113.0,3130.0,-983.0,0.6608955223880597,20364163.82100002,99.4507388426188,71.04854033511833
21102,"CANDLE IN JAR COLLAGE , VANILLA",221.08,82,20,10,3.0614999999999997,4114.0,4231.0,117.0,2.69609756097561,20364384.90100002,99.45181851225496,71.06581447572982
16258B,DAISY ERASERS IN BAG,221.06,1016,15,13,0.36,4115.0,2055.0,-2060.0,0.21757874015748033,20364605.961000018,99.45289808421882,71.08308861634134
17013B,ORIGAMI JASMINE INCENSE IN TUBE,221.03,256,3,2,1.7066666666666668,4116.0,3394.0,-722.0,0.8633984375,20364826.99100002,99.45397750967422,71.10036275695283
72807b,SET/3 OCEAN SCENT CANDLE JEWEL BOX,220.94000000000003,26,19,0,8.488947368421051,4117.0,4867.0,750.0,8.497692307692308,20365047.93100002,99.45505649560427,71.11763689756435
35833G,4 GOLD FLOCK CHRISTMAS BALLS,220.66,134,34,23,1.657058823529412,4118.0,3882.0,-236.0,1.6467164179104476,20365268.59100002,99.45613411412207,71.13491103817586
62086A,PINK RETRO BIG FLOWER BAG,220.35,113,24,20,1.95,4119.0,3985.0,-134.0,1.95,20365488.941000022,99.45721021871917,71.15218517878735
90124C,GREEN MURANO TWIST NECKLACE,220.20999999999998,22,16,7,10.031875,4120.0,4956.0,836.0,10.009545454545453,20365709.151000023,99.45828563961017,71.16945931939887
72225D,VANILLA SCENT CAKE CANDLE,219.45999999999998,962,11,9,0.26818181818181813,4121.0,2123.0,-1998.0,0.2281288981288981,20365928.611000024,99.45935739778979,71.18673346001036
85168A,WHITE BAROQUE CARRIAGE CLOCK,218.89999999999998,22,15,12,9.95,4122.0,4956.0,834.0,9.95,20366147.511000022,99.46042642114493,71.20400760062186
90058A,CRYSTAL STUD EARRINGS CLEAR DISPLAY,218.88,576,13,12,0.38,4123.0,2643.0,-1480.0,0.38,20366366.39100002,99.46149534682776,71.22128174123338
48173c,DOOR MAT BLACK FLOCK,218.58,16,12,0,13.666666666666666,4124.0,5076.0,952.0,13.66125,20366584.97100002,99.46256280742605,71.23855588184487
84509C,DOTTY PLACEMATS,218.29000000000002,58,13,9,4.6061538461538465,4125.0,4446.0,321.0,3.763620689655173,20366803.26100002,99.46362885177597,71.25583002245638
22845,VINTAGE CAT FOOD CONTAINER,218.14,34,5,5,6.462000000000001,4126.0,4749.0,623.0,6.415882352941176,20367021.40100002,99.4646941635836,71.27310416306788
72801d,4 SKY BLUE DINNER CANDLES,217.32999999999998,88,51,0,2.4698039215686274,4127.0,4189.0,62.0,2.4696590909090905,20367238.731000017,99.46575551966296,71.29037830367939
22588,CARDHOLDER GINGHAM HEART,216.9,102,2,2,2.325,4128.0,4068.0,-60.0,2.126470588235294,20367455.631000016,99.46681477578781,71.3076524442909
90005A,JADE GREEN ENAMEL HAIR COMB,216.87,106,57,5,2.0808771929824563,4129.0,4033.0,-96.0,2.045943396226415,20367672.501000017,99.46787388540422,71.3249265849024
84725,FREESTYLE CANVAS ART PICTURE,216.49999999999997,134,29,24,2.1155172413793104,4130.0,3882.0,-248.0,1.6156716417910446,20367889.001000017,99.468931188083,71.3422007255139
35793,S/3 PUPPIES CHRISTMAS DECORATIONS,216.33,108,15,7,3.776875,4131.0,4016.0,-115.0,2.0030555555555556,20368105.331000015,99.46998766054723,71.35947486612541
23360,SET 8 CANDLES VINTAGE DOILEY,216.29999999999998,122,7,7,1.907142857142857,4132.0,3922.0,-210.0,1.772950819672131,20368321.631000016,99.471043986503,71.37674900673692
37492A,YELLOW RED FLOWER PIGGY BANK,216.07,108,11,7,4.274545454545454,4133.0,4016.0,-117.0,2.000648148148148,20368537.701000016,99.4720991892273,71.39402314734842
84807,RED POPPY ARTIFICIAL FLOWER,215.93,233,7,7,1.5414285714285714,4134.0,3471.0,-663.0,0.9267381974248927,20368753.631000016,99.47315370824545,71.41129728795993
90036A,FLOWER GARLAND NECKLACE RED,215.76000000000002,27,20,10,8.005500000000001,4135.0,4846.0,711.0,7.9911111111111115,20368969.391000018,99.47420739704906,71.42857142857143
21543,BUTTERFLY WATER TRANSFER TATTOOS,215.0,284,24,13,1.1958333333333333,4136.0,3296.0,-840.0,0.7570422535211268,20369184.391000018,99.47525737430513,71.44584556918294
22834,MINI HAND WARMER BABUSHKA DESIGN,214.8,108,5,5,2.05,4137.0,4016.0,-121.0,1.988888888888889,20369399.19100002,99.47630637483819,71.46311970979444
84690,S/2 BEACH HUT STOOLS,214.65,27,14,12,7.95,4138.0,4846.0,708.0,7.95,20369613.841000017,99.47735464282897,71.48039385040595
48179,DOOR MAT SWEET HOME,214.47,34,11,6,9.736363636363636,4139.0,4749.0,610.0,6.307941176470588,20369828.311000016,99.47840203176901,71.49766799101744
90123A,PINK HEART OF GLASS BRACELET,214.07,36,19,14,5.943157894736842,4140.0,4719.0,579.0,5.9463888888888885,20370042.381000016,99.479447467263,71.51494213162896
51012C,"FEATHER DUSTER, COAL BLACK",213.75,171,27,22,1.25,4141.0,3715.0,-426.0,1.25,20370256.131000016,99.48049134000016,71.53221627224046
90214A,"LETTER ""A"" BLING KEY RING",213.65,213,104,27,1.054423076923077,4142.0,3542.0,-600.0,1.0030516431924883,20370469.781000014,99.48153472437579,71.54949041285195
90019C,SILVER BLACK ORBIT BRACELET,213.38,40,34,7,5.3561764705882355,4143.0,4667.0,524.0,5.3345,20370683.161000013,99.48257679017533,71.56676455346347
16201A,PASTEL PINK PHOTO ALBUM,213.37,101,9,7,3.7744444444444443,4144.0,4076.0,-68.0,2.1125742574257425,20370896.531000014,99.48361880713873,71.58403869407496
21400,RED PUDDING SPOON,213.07,1078,91,54,0.3,4145.0,1993.0,-2152.0,0.19765306122448978,20371109.601000015,99.48465935901758,71.60131283468647
22880,NUMBER TILE VINTAGE FONT 1,212.91,103,36,10,3.212222222222222,4146.0,4058.0,-88.0,2.067087378640777,20371322.511000015,99.48569912951801,71.61858697529799
84805A,CREAM CLIMBING HYDRANGA ART FLOWER,212.85,147,8,7,2.7625,4147.0,3812.0,-335.0,1.4479591836734693,20371535.361000016,99.48673860700154,71.63586111590948
85039a,SET/4 RED MINI ROSE CANDLE IN BOWL,212.45,64,44,0,3.318636363636364,4148.0,4384.0,236.0,3.31953125,20371747.811000016,99.487776131039,71.65313525652098
84313A,PINK TV TRAY TABLE,212.42,38,19,10,6.26,4149.0,4694.0,545.0,5.59,20371960.231000017,99.48881350856801,71.67040939713249
84247C,PACK/12 BLUE REINDEER CARD,212.40000000000003,72,22,22,2.95,4150.0,4313.0,163.0,2.9500000000000006,20372172.631000016,99.48985078842472,71.687683537744
90024B,NEW BAROQUE B'FLY NECKLACE RED,212.24,25,22,6,8.488181818181818,4151.0,4883.0,732.0,8.489600000000001,20372384.871000014,99.49088728690299,71.7049576783555
35817P,"ACRYLIC JEWEL SNOWFLAKE,PINK",212.14,408,10,8,1.7159999999999997,4152.0,2959.0,-1193.0,0.5199509803921568,20372597.011000015,99.49192329701975,71.722231818967
47593B,SCOTTIES DESIGN BABY BIB,212.06,194,52,15,1.0496226415094339,4153.0,3622.0,-531.0,1.0930927835051547,20372809.071000014,99.49295891644732,71.73950595957851
21368,MIRRORED WALL ART LADIES,212.04,201,47,32,1.8668085106382977,4154.0,3590.0,-564.0,1.0549253731343282,20373021.111000013,99.49399443820256,71.75678010019001
84927D,LA PALMIERA TILE HOOK,211.29,953,28,22,1.762857142857143,4155.0,2136.0,-2019.0,0.22171038824763903,20373232.40100001,99.49502629724645,71.77405424080152
20827,GOLD APERITIF GLASS,209.36,173,8,5,1.63375,4156.0,3701.0,-455.0,1.2101734104046245,20373441.76100001,99.49604873091312,71.79132838141302
20814,SILVER FINCH DECORATION,208.89000000000001,189,13,7,1.2061538461538461,4157.0,3640.0,-517.0,1.1052380952380954,20373650.65100001,99.49706886928067,71.80860252202453
84706F,RED PEONY TABLE CLOCK,208.3,34,17,15,5.616666666666666,4158.0,4749.0,591.0,6.126470588235295,20373858.951000012,99.49808612631527,71.82587666263603
47574B,ENGLISH ROSE SCENTED HANGING HEART,208.25,49,27,25,4.25,4159.0,4556.0,397.0,4.25,20374067.201000012,99.49910313916914,71.84315080324754
90211B,JET BLACK LAS VEGAS NECKLACE 45CM,208.21,35,26,8,5.948846153846154,4160.0,4747.0,587.0,5.948857142857143,20374275.411000013,99.50011995667839,71.86042494385904
90056,CHUNKY CRACKED GLAZE NECKLACE IVORY,207.94,19,14,1,11.013571428571428,4161.0,5018.0,857.0,10.94421052631579,20374483.351000015,99.50113545561156,71.87769908447055
90016A,SILVER/M.O.P PENDANT ORBIT NECKLACE,207.86,29,16,8,8.21,4162.0,4816.0,654.0,7.167586206896552,20374691.211000014,99.50215056385551,71.89497322508205
37485,ENGLISH ROSE TEA SET IN GIFT BOX,207.69,49,15,10,4.5975,4163.0,4556.0,393.0,4.238571428571428,20374898.901000015,99.50316484188488,71.91224736569356
90210A,GREY ACRYLIC FACETED BANGLE,207.34,88,21,12,2.6804761904761905,4164.0,4189.0,25.0,2.3561363636363635,20375106.241000015,99.50417741064895,71.92952150630506
90040A,MURANO STYLE GLASS BRACELET RED,207.05,53,34,10,4.013823529411765,4165.0,4500.0,335.0,3.906603773584906,20375313.291000016,99.50518856316465,71.94679564691656
47343A,FUSCHIA FLOWER PURSE WITH BEADS,206.26,200,23,21,1.1875,4166.0,3596.0,-570.0,1.0312999999999999,20375519.551000018,99.50619585762436,71.96406978752808
17014D,ORIGAMI ROSE INCENSE CONES,204.36,479,8,5,1.7966666666666664,4167.0,2803.0,-1364.0,0.4266388308977036,20375723.911000017,99.5071938732153,71.98134392813958
90186A,AMETHYST HOOP EARRING FLORAL LEAF,203.73000000000002,69,33,14,2.952058823529412,4168.0,4346.0,178.0,2.952608695652174,20375927.641000018,99.50818881212872,71.99861806875107
35962,SET/12 ZINC CHRISTMAS DECORATIONS,203.73000000000002,94,16,15,2.2241176470588235,4168.0,4157.0,-11.0,2.1673404255319153,20376131.371000018,99.50918375104212,72.01589220936259
35824B,"HANGING FLOWERS+MIRROR,BLUE",203.24,528,6,4,0.8133333333333334,4170.0,2725.0,-1445.0,0.38492424242424245,20376334.611000016,99.51017629698408,72.03316634997408
20890,SMALL GLASS ROSE SCENTED CANDLE,202.62,605,4,1,2.9925,4171.0,2596.0,-1575.0,0.33490909090909093,20376537.231000017,99.5111658150847,72.0504404905856
22872,NUMBER TILE COTTAGE GARDEN 4,202.1,80,37,16,3.195945945945946,4172.0,4242.0,70.0,2.52625,20376739.33100002,99.51215279370541,72.0677146311971
22881,NUMBER TILE VINTAGE FONT 2,201.45999999999998,104,35,9,3.179142857142857,4173.0,4047.0,-126.0,1.9371153846153844,20376940.79100002,99.51313664681244,72.0849887718086
84723,CHERRY BLOSSOM CANVAS ART PICTURE,201.3,54,12,11,5.95,4174.0,4484.0,310.0,3.727777777777778,20377142.09100002,99.51411971854104,72.10226291242012
72754A,FLOWER FAIRY POTPOURRI CUSHION LILY,201.24,292,5,4,1.066,4175.0,3271.0,-904.0,0.6891780821917809,20377343.33100002,99.51510249725273,72.1195370530316
20672,PINK TEATIME PRINT BOWL,201.0,138,36,21,1.75,4176.0,3860.0,-316.0,1.4565217391304348,20377544.33100002,99.51608410389679,72.13681119364311
22884,NUMBER TILE VINTAGE FONT 5,199.9,102,38,14,3.026842105263158,4177.0,4068.0,-109.0,1.9598039215686276,20377744.231000017,99.51706033856418,72.15408533425463
90144,SILVER DROP EARRINGS WITH FLOWER,199.45,53,33,11,3.7712121212121215,4178.0,4500.0,322.0,3.763207547169811,20377943.681000017,99.51803437560476,72.17135947486612
79403,FROSTED WHITE BASE,199.01999999999998,216,36,19,1.1430555555555555,4179.0,3534.0,-645.0,0.9213888888888888,20378142.701000016,99.51900631269083,72.18863361547763
90000A,RASPBERRY ANT COPPER FLOWER NECKLAC,198.98000000000002,33,21,14,6.049047619047619,4180.0,4759.0,579.0,6.02969696969697,20378341.681000017,99.51997805443229,72.20590775608913
84797a,PINK HAWAIIAN PICNIC HAMPER FOR 4,198.84,18,17,0,11.048235294117646,4181.0,5037.0,856.0,11.046666666666667,20378540.521000016,99.52094911246763,72.22318189670064
22330,72 ROUND PINK DOILIES,197.89999999999998,128,22,15,1.87,4182.0,3907.0,-275.0,1.5460937499999998,20378738.421000015,99.52191557990474,72.24045603731214
84855,BLOKEY SILVER TOOL SET,196.70000000000002,36,15,10,5.875,4183.0,4719.0,536.0,5.4638888888888895,20378935.121000014,99.52287618700367,72.25773017792365
47504F,ENGLISH ROSE TORCH,196.45999999999998,527,14,12,1.6721428571428572,4184.0,2727.0,-1457.0,0.3727893738140417,20379131.581000015,99.52383562203497,72.27500431853515
22849,"BREAD BIN, DINER STYLE, MINT",196.35,13,4,4,15.45,4185.0,5149.0,964.0,15.103846153846153,20379327.931000017,99.52479451986862,72.29227845914666
22883,NUMBER TILE VINTAGE FONT 4,195.69,101,33,9,3.322121212121212,4186.0,4076.0,-110.0,1.9375247524752475,20379523.621000018,99.52575019451626,72.30955259975816
90029,NEW BAROQUE SMALL NECKLACE BLACK,195.14,23,12,10,8.47,4187.0,4936.0,749.0,8.484347826086957,20379718.76100002,99.52670318317558,72.32682674036967
84985B,SET OF 72 BLACK PAPER DOILIES,194.95999999999998,128,24,12,1.77625,4188.0,3907.0,-281.0,1.5231249999999998,20379913.72100002,99.52765529278416,72.34410088098116
22326,"ROUND SNACK BOXES ,SET4, WOODLAND",194.70000000000002,66,3,3,2.9500000000000006,4189.0,4370.0,181.0,2.95,20380108.42100002,99.52860613265281,72.36137502159268
23697,A PRETTY THANK YOU CARD,194.58,456,35,26,0.5208333333333334,4190.0,2855.0,-1335.0,0.4267105263157895,20380303.001000017,99.52955638648763,72.37864916220418
22289,HANGING METAL CHICKEN DECORATION,193.52,148,34,19,1.4934285714285713,4191.0,3806.0,-385.0,1.3075675675675675,20380496.521000016,99.5305014636904,72.39592330281569
21582,KINGS CHOICE SMALL TUBE MATCHES,193.04999999999998,117,16,15,1.65,4192.0,3962.0,-230.0,1.65,20380689.571000017,99.53144424559407,72.4131974434272
22885,NUMBER TILE VINTAGE FONT 6,192.89999999999998,104,34,13,3.027647058823529,4193.0,4047.0,-146.0,1.8548076923076922,20380882.471000016,99.53238629495544,72.43047158403868
35819B,"ACRYLIC HANGING JEWEL,BLUE",192.3,385,32,26,0.712,4194.0,3009.0,-1185.0,0.4994805194805195,20381074.771000016,99.53332541414774,72.4477457246502
90036F,"FLOWER GLASS GARLD NECKL36""TURQUOIS",192.17000000000002,24,15,4,8.041333333333334,4195.0,4897.0,702.0,8.007083333333334,20381266.94100002,99.53426389847009,72.46501986526171
84899F,YELLOW PURPLE DAISY FELT PURSE KIT,192.17,121,53,20,1.899811320754717,4196.0,3929.0,-267.0,1.5881818181818181,20381459.11100002,99.53520238279243,72.4822940058732
90003C,MIDNIGHT BLUE PAIR HEART HAIR SLIDE,191.54,51,35,10,3.758857142857143,4197.0,4524.0,327.0,3.7556862745098036,20381650.65100002,99.53613779043722,72.49956814648472
90178B,PURPLE CHUNKY GLASS+BEAD NECKLACE,191.40999999999997,16,11,9,11.969090909090909,4198.0,5076.0,878.0,11.963124999999998,20381842.06100002,99.53707256321204,72.51684228709621
72051S,BAG OF SILVER STONES,190.89,300,54,18,0.6721818181818182,4199.0,3237.0,-962.0,0.6363,20382032.95100002,99.53800479650698,72.53411642770772
22841,"CAKE TIN, ROUND, VINTAGE MINT,IVORY",190.65,27,4,4,7.45,4200.0,4846.0,646.0,7.061111111111111,20382223.60100002,99.53893585773429,72.55139056831923
37506,NEW ENGLAND MILK JUG W GIFT BOX,190.4,32,26,21,5.950000000000001,4201.0,4775.0,574.0,5.95,20382414.001000017,99.53986569805781,72.56866470893073
84255B,ORANGE COCKTAIL GLASS LAMP,190.16,65,18,11,4.4911111111111115,4202.0,4377.0,175.0,2.9255384615384616,20382604.161000017,99.5407943663137,72.58593884954223
84926C,FAIRY CAKES TILE COASTER,189.6,138,31,17,1.7590322580645161,4203.0,3860.0,-343.0,1.373913043478261,20382793.76100002,99.54172029974512,72.60321299015374
23229,DONKEY TAIL GAME,189.54000000000002,54,4,4,3.66,4204.0,4484.0,280.0,3.5100000000000002,20382983.301000018,99.54264594015962,72.62048713076524
84803A,PINK ALLIUM ARTIFICIAL FLOWER,189.28,112,17,16,1.69,4205.0,3993.0,-212.0,1.69,20383172.58100002,99.54357031083417,72.63776127137675
85128,PLANTPOT SINGLE HOOK PISTACHIO,188.95000000000002,167,4,2,2.4125,4206.0,3734.0,-472.0,1.1314371257485032,20383361.531000018,99.54449306991575,72.65503541198825
84744,S/6 SEW ON CROCHET FLOWERS,188.77,149,31,26,1.3263636363636362,4207.0,3801.0,-406.0,1.2669127516778524,20383550.301000018,99.54541494994658,72.67230955259976
84706B,FAIRY CAKES TABLE CLOCK,188.73,20,9,8,10.03111111111111,4208.0,4992.0,784.0,9.436499999999999,20383739.031000018,99.54633663463281,72.68958369321126
90159,COTE D'AZURE NECKLACE,188.58,38,20,13,4.974,4209.0,4694.0,485.0,4.962631578947369,20383927.611000016,99.54725758677677,72.70685783382277
72801D,S/4 SKY BLUE DINNER CANDLES,188.24,172,32,19,1.454375,4210.0,3712.0,-498.0,1.0944186046511628,20384115.851000015,99.54817687849157,72.72413197443427
22510,DOORSTOP RUSSIAN DOLL GINGHAM,188.22,44,28,20,4.579285714285715,4211.0,4613.0,402.0,4.277727272727272,20384304.071000014,99.54909607253407,72.74140611504578
90130B,TURQ STONE/CRYSTAL EARRINGS,188.09,64,49,4,2.9373469387755105,4212.0,4384.0,172.0,2.93890625,20384492.161000013,99.55001463170662,72.75868025565728
20837,FRENCH FLORAL CUSHION COVER,188.07000000000002,165,18,17,1.1844444444444444,4213.0,3742.0,-471.0,1.1398181818181818,20384680.231000014,99.55093309320685,72.77595439626879
90094,NECKLACE+BRACELET SET FRUIT SALAD,187.62,74,38,20,2.5356410256410253,4214.0,4301.0,87.0,2.5354054054054056,20384867.851000015,99.55184935708029,72.79322853688029
85114b,IVORY ENCHANTED FOREST PLACEMAT,186.76,56,19,0,3.3194736842105264,4215.0,4468.0,253.0,3.335,20385054.611000016,99.55276142104469,72.8105026774918
90210C,RED ACRYLIC FACETED BANGLE,186.56,118,14,9,2.4185714285714286,4216.0,3956.0,-260.0,1.5810169491525423,20385241.171000015,99.55367250828606,72.8277768181033
84893,ANT WHITE IRON BASKET,186.35000000000002,33,15,12,5.883333333333334,4217.0,4759.0,542.0,5.646969696969697,20385427.521000016,99.55458256996825,72.84505095871481
84452,METAL RABBIT LADDER EASTER,186.16,198,44,23,1.1748888888888889,4218.0,3611.0,-607.0,0.9402020202020202,20385613.681000017,99.55549170376356,72.86232509932631
16053,POPART COL BALLPOINT PEN ASST,185.73,4313,10,8,0.174,4219.0,643.0,-3576.0,0.04306283329469047,20385799.411000017,99.55639873760437,72.8795992399378
84510a,SET OF 4 ENGLISH ROSE COASTERS,185.7,75,58,0,2.477241379310345,4220.0,4290.0,70.0,2.476,20385985.111000016,99.5573056249367,72.89687338054932
84877A,PINK ROUND COMPACT MIRROR,185.66,74,17,14,3.401764705882353,4221.0,4301.0,80.0,2.5089189189189187,20386170.771000016,99.55821231692444,72.91414752116083
85114a,BLACK ENCHANTED FOREST PLACEMAT,185.64,56,17,0,3.3105882352941176,4222.0,4468.0,246.0,3.315,20386356.411000017,99.55911891123989,72.93142166177232
20968,GREEN FLORAL FELTCRAFT SHOULDER BAG,185.11,43,19,14,4.749499999999999,4223.0,4629.0,406.0,4.304883720930233,20386541.521000016,99.5600229172393,72.94869580238384
23436,GIFT BAG LARGE VINTAGE CHRISTMAS,185.0,148,9,9,1.25,4224.0,3806.0,-418.0,1.25,20386726.521000016,99.56092638604103,72.96596994299533
35911B,PINK/FLOWER RABBIT EGG WARMER,184.76,159,24,12,1.50125,4225.0,3767.0,-458.0,1.1620125786163522,20386911.281000018,99.56182868277516,72.98324408360683
23416,CHAMBRE HOOK,184.67999999999998,132,25,18,1.7564,4226.0,3891.0,-335.0,1.399090909090909,20387095.961000018,99.56273058882005,73.00051822421835
20957,PORCELAIN HANGING BELL SMALL,184.61,126,15,12,1.5773333333333333,4227.0,3912.0,-315.0,1.4651587301587303,20387280.571000017,99.56363215301188,73.01779236482984
35838A,S/6 MULTICOLOUR ORNAMENETAL CANDLE,184.4,180,20,18,1.175,4228.0,3671.0,-557.0,1.0244444444444445,20387464.971000016,99.56453269164453,73.03506650544136
84029D,LEOPARD PRINT HOT WATER BOTTLE,183.98000000000002,51,15,12,4.223333333333334,4229.0,4524.0,295.0,3.6074509803921573,20387648.951000016,99.56543117915884,73.05234064605285
90125A,PINK BERTIE GLASS BEAD BAG CHARM,183.97,149,18,9,2.0233333333333334,4230.0,3801.0,-429.0,1.2346979865771812,20387832.921000015,99.56632961783698,73.06961478666436
90129F,RED GLASS TASSLE BAG CHARM,183.26000000000002,81,41,14,2.1609756097560973,4231.0,4238.0,7.0,2.2624691358024696,20388016.181000017,99.56722458914837,73.08688892727588
21530,DAIRY MAID CERAMIC TOASTRACK,183.06000000000003,59,19,13,3.4005,4232.0,4434.0,202.0,3.10271186440678,20388199.241000015,99.56811858373673,73.10416306788737
90086,CRYSTAL FROG PHONE CHARM,182.79,216,46,12,1.4219565217391303,4233.0,3534.0,-699.0,0.84625,20388382.031000014,99.569011259749,73.12143720849888
21018,BIRD BOX CHRISTMAS TREE DECORATION,182.71,213,42,30,0.8877272727272728,4234.0,3542.0,-692.0,0.857793427230047,20388564.741000015,99.56990354507207,73.13871134911038
17090A,LAVENDER INCENSE 40 CONES IN TIN,182.65,173,26,24,1.2038461538461538,4235.0,3701.0,-534.0,1.0557803468208093,20388747.391000014,99.57079553737822,73.15598548972189
20796,SMALL BLUE PROVENCAL CERAMIC BALL,182.15999999999997,99,22,11,2.3495454545454546,4236.0,4117.0,-119.0,1.8399999999999996,20388929.551000014,99.57168513671294,73.17325963033339
22344,PARTY PIZZA DISH PINK RETROSPOT,181.54999999999998,185,24,18,1.01875,4237.0,3648.0,-589.0,0.9813513513513512,20389111.101000015,99.57257175704245,73.1905337709449
37379B,BLUE CHERRY BLOSSOM CUP & SAUCER,181.5,1122,3,3,0.8833333333333333,4238.0,1944.0,-2294.0,0.16176470588235295,20389292.601000015,99.5734581331912,73.2078079115564
22545,MINI JIGSAW BUNNIES AT HOME,181.44,432,9,9,0.42,4239.0,2901.0,-1338.0,0.42,20389474.041000016,99.57434421632303,73.2250820521679
90214S,"LETTER ""S"" BLING KEY RING",181.34,184,86,26,1.036279069767442,4240.0,3655.0,-585.0,0.9855434782608696,20389655.381000016,99.57522981109335,73.24235619277941
79144B,PAINTED LIGHTBULB STAR+ MOON,181.03,350,91,36,0.6481521739130435,4241.0,3098.0,-1143.0,0.5172285714285715,20389836.411000017,99.57611389194298,73.25963033339092
90065A,WHITE VINTAGE CRYSTAL BRACELET,180.46,26,16,7,7.0600000000000005,4242.0,4867.0,625.0,6.940769230769231,20390016.871000018,99.57699518913196,73.27690447400241
16043,POP ART PUSH DOWN RUBBER,180.29999999999998,2145,13,11,0.31846153846153846,4243.0,1235.0,-3008.0,0.08405594405594405,20390197.17100002,99.57787570494253,73.29417861461393
22871,NUMBER TILE COTTAGE GARDEN 3,180.19,71,28,10,3.36,4244.0,4328.0,84.0,2.537887323943662,20390377.36100002,99.57875568355543,73.31145275522543
79144C,PAINTED LIGHTBULB RAINBOW DESIGN,180.14,306,97,19,0.7314432989690722,4245.0,3224.0,-1021.0,0.5886928104575163,20390557.50100002,99.57963541798757,73.32872689583694
35818B,"ACRYLIC JEWEL ICICLE, BLUE",180.04999999999998,408,11,8,1.1527272727272726,4246.0,2959.0,-1287.0,0.44129901960784307,20390737.55100002,99.58051471289437,73.34600103644844
22384,LUNCHBAG PINK RETROSPOT,179.91,108,14,13,1.772142857142857,4247.0,4016.0,-231.0,1.6658333333333333,20390917.46100002,99.58139332409502,73.36327517705993
90180B,PURPLE AMETHYST NECKLACE W TASSEL,179.88,18,14,10,10.005714285714285,4248.0,5037.0,789.0,9.993333333333332,20391097.34100002,99.58227178878722,73.38054931767145
47347B,BLUE FLOWER T-LIGHT HOLDER,179.88,240,11,6,1.64,4248.0,3447.0,-801.0,0.7494999999999999,20391277.22100002,99.58315025347943,73.39782345828296
84962,SET/3 COLOUR PAINTED KASHMIRI STOOL,179.85000000000002,3,2,2,59.95,4250.0,5514.0,1264.0,59.95000000000001,20391457.07100002,99.58402857166317,73.41509759889445
84661C,PINK SQUARE TABLE CLOCK,179.75,150,25,12,2.8407999999999998,4251.0,3795.0,-456.0,1.1983333333333333,20391636.82100002,99.58490640148541,73.43237173950597
21310,CAPIZ CHANDELIER,179.7,6,4,3,29.95,4252.0,5385.0,1133.0,29.95,20391816.52100002,99.58578398712689,73.44964588011746
17011A,ORIGAMI VANILLA INCENSE+FLOWER,179.56,261,12,6,2.7708333333333335,4253.0,3376.0,-877.0,0.6879693486590038,20391996.08100002,99.58666088906224,73.46692002072896
84464,S/60 PINK FLUFFY CHICKS IN BOX,179.1,82,11,10,2.4954545454545456,4254.0,4231.0,-23.0,2.1841463414634146,20392175.18100002,99.58753554453463,73.48419416134048
85123A,CREAM HANGING HEART T-LIGHT HOLDER,178.51000000000002,61,9,7,3.536666666666667,4255.0,4410.0,155.0,2.926393442622951,20392353.691000022,99.5884073186741,73.50146830195197
90063A,WHITE VINT ART DECO CRYSTAL NECKLAC,178.48,21,13,10,8.49846153846154,4256.0,4974.0,718.0,8.49904761904762,20392532.171000022,99.5892789463051,73.51874244256348
22345,PARTY PIZZA DISH BLUE RETROSPOT,178.34,206,28,23,0.9657142857142856,4257.0,3569.0,-688.0,0.8657281553398058,20392710.511000022,99.59014989022998,73.53601658317498
23126,DOLLCRAFT GIRL AMELIE,178.2,36,8,8,4.95,4258.0,4719.0,461.0,4.949999999999999,20392888.71100002,99.59102015044874,73.55329072378649
90013D,PURPLE VINTAGE EARRINGS,178.11,46,17,7,3.998823529411765,4259.0,4595.0,336.0,3.8719565217391305,20393066.82100002,99.59188997114214,73.570564864398
90000B,MIDNIGHT BLUE COPPER FLOWER NECKLAC,177.29000000000002,29,21,9,6.135714285714285,4260.0,4816.0,556.0,6.11344827586207,20393244.11100002,99.59275578727112,73.5878390050095
72801C,S/4 ROSE PINK DINNER CANDLES,176.91,171,28,21,1.3485714285714285,4261.0,3715.0,-546.0,1.034561403508772,20393421.02100002,99.59361974762633,73.605113145621
22839,"CAKE TIN, 3 TIER MINT/IVORY",176.75,13,4,4,14.399999999999999,4262.0,5149.0,887.0,13.596153846153847,20393597.77100002,99.59448292660315,73.62238728623251
21031,SPACE CADET BLACK,176.7,144,39,23,1.294102564102564,4263.0,3821.0,-442.0,1.2270833333333333,20393774.47100002,99.59534586139918,73.63966142684401
90072,RUBY DROP CHANDELIER EARRINGS,176.31,44,30,4,4.110666666666667,4264.0,4613.0,349.0,4.007045454545454,20393950.781000018,99.59620689158531,73.65693556745552
82607C,GLASS BONBON JAR. SUPERFINES,175.60999999999999,115,43,16,1.901627906976744,4265.0,3976.0,-289.0,1.5270434782608695,20394126.391000018,99.59706450324084,73.67420970806702
84564,6 SEGMENT COLOURED SNACK BOWL,175.48000000000002,21,11,9,8.725454545454546,4266.0,4974.0,708.0,8.356190476190477,20394301.871000018,99.59792148002641,73.69148384867853
84967A,PINK KASHMIRI OCCASIONAL TABLE,174.9,3,3,2,58.300000000000004,4267.0,5514.0,1247.0,58.300000000000004,20394476.771000016,99.5987756243152,73.70875798929004
75011,BLUE DAISY MOBILE,172.51,181,15,11,1.3900000000000001,4268.0,3667.0,-601.0,0.9530939226519336,20394649.281000018,99.59961809676379,73.72603212990154
90123D,WHITE HEART OF GLASS BRACELET,172.39,29,14,7,5.938571428571429,4269.0,4816.0,547.0,5.944482758620689,20394821.67100002,99.60045998317857,73.74330627051305
84951B,S/4 BLACK LOVEBIRD COASTERS,171.60999999999999,88,28,3,2.1678571428571427,4270.0,4189.0,-81.0,1.9501136363636362,20394993.281000018,99.60129806037352,73.76058041112455
85185C,COW SOCK PUPPET,171.10000000000002,58,27,24,2.95,4271.0,4446.0,175.0,2.95,20395164.38100002,99.60213364692476,73.77785455173606
21461,BLUE EASTER EGG HUNT START POST,171.04,82,23,17,2.336086956521739,4272.0,4231.0,-41.0,2.0858536585365854,20395335.42100002,99.60296894045909,73.79512869234756
84706C,PINK FLOCK TABLE CLOCK,170.8,84,4,4,3.6999999999999997,4273.0,4213.0,-60.0,2.0333333333333337,20395506.22100002,99.60380306192577,73.81240283295905
90063B,BLACK VINT ART DEC CRYSTAL NECKLACE,170.17000000000002,20,14,8,8.512142857142857,4274.0,4992.0,718.0,8.508500000000002,20395676.39100002,99.60463410671494,73.82967697357057
17014A,ORIGAMI VANILLA INCENSE CONES,170.13,276,16,9,1.66,4275.0,3317.0,-958.0,0.6164130434782609,20395846.52100002,99.60546495615948,73.84695111418208
85040a,S/4 PINK FLOWER CANDLES IN BOWL,169.75,51,34,0,3.3249999999999997,4276.0,4524.0,248.0,3.3284313725490198,20396016.27100002,99.60629394983027,73.86422525479357
47593A,CAROUSEL DESIGN BABY BIB,169.4,164,53,13,0.9556603773584905,4277.0,3748.0,-529.0,1.0329268292682927,20396185.67100002,99.60712123423575,73.88149939540509
47570b,TEA TIME TABLE CLOTH,169.4,8,8,0,21.175,4277.0,5312.0,1035.0,21.175,20396355.071000017,99.60794851864124,73.89877353601658
84531A,PINK KNITTED EGG COSY,169.35999999999999,191,45,35,1.294468085106383,4279.0,3635.0,-644.0,0.8867015706806282,20396524.431000017,99.60877560770211,73.91604767662808
90166,PINK & WHITE ROSEBUD RING,168.94,40,31,7,4.216451612903226,4280.0,4667.0,387.0,4.2235,20396693.371000018,99.60960064564465,73.9333218172396
90019B,GOLD M.O.P ORBIT BRACELET,168.62,32,28,6,5.3149999999999995,4281.0,4775.0,494.0,5.269375,20396861.99100002,99.61042412083032,73.95059595785109
90204,PAIR OF ENAMEL BUTTERFLY HAIRCLIP,168.46,50,37,9,3.373513513513514,4282.0,4539.0,257.0,3.3692,20397030.45100002,99.61124681463758,73.96787009846261
85205A,IVORY FELT EASTER RABBIT GARLAND,168.3,66,21,21,2.55,4283.0,4370.0,87.0,2.5500000000000003,20397198.75100002,99.61206872706641,73.9851442390741
90186B,CRYSTAL HOOP EARRING FLORAL LEAF,168.26000000000002,57,31,13,2.95,4284.0,4456.0,172.0,2.951929824561404,20397367.011000022,99.61289044415065,74.00241837968561
21087,SET/6 POSIES PAPER CUPS,168.08,260,32,19,0.7493939393939394,4285.0,3380.0,-905.0,0.6464615384615385,20397535.09100002,99.61371128218414,74.01969252029713
35916C,PINK FELT HANGING HEART W FLOWER,167.54999999999998,157,42,9,1.220952380952381,4286.0,3770.0,-516.0,1.0671974522292993,20397702.64100002,99.61452953190162,74.03696666090862
37491C,GREEN/BLUE CERAMIC CANDLE HOLDER,167.52,58,10,7,2.163,4287.0,4446.0,159.0,2.8882758620689657,20397870.16100002,99.61534763511062,74.05424080152012
82587,TEXRIO TOMATOES CANDLE+CUP,166.78,128,40,26,1.4558536585365853,4288.0,3907.0,-381.0,1.30296875,20398036.941000022,99.61616212444444,74.07151494213163
90211A,DIAMOND LAS VEGAS NECKLACE 45CM,166.57000000000002,28,21,5,5.955714285714286,4289.0,4828.0,539.0,5.9489285714285725,20398203.511000022,99.61697558821908,74.08878908274313
84231,EASTER BUNNY WITH BASKET ON BACK,166.21,230,50,28,0.8629411764705882,4290.0,3483.0,-807.0,0.7226521739130435,20398369.721000023,99.61778729389226,74.10606322335464
90060F,FIRE POLISHED GLASS NECKL GREEN,166.14000000000001,28,18,7,5.924444444444444,4291.0,4828.0,537.0,5.933571428571429,20398535.861000024,99.61859865771238,74.12333736396614
84951A,S/4 PISTACHIO LOVEBIRD COASTERS,166.1,106,24,5,1.9474999999999998,4292.0,4033.0,-259.0,1.5669811320754716,20398701.961000025,99.6194098261879,74.14061150457765
gift_0001_40,DOTCOMGIFTSHOP GIFT VOUCHER £40.00,166.09,5,5,0,33.218,4293.0,5421.0,1128.0,33.218,20398868.051000025,99.62022094582726,74.15788564518915
90214L,"LETTER ""L"" BLING KEY RING",166.06,176,68,20,1.0161764705882352,4294.0,3687.0,-607.0,0.9435227272727272,20399034.111000024,99.62103191895815,74.17515978580066
90003B,ROSE COLOUR PAIR HEART HAIR SLIDES,165.81,44,25,9,3.7780769230769233,4295.0,4613.0,318.0,3.768409090909091,20399199.921000022,99.62184167118528,74.19243392641216
21394,RED SPOTTY BEAKER,165.75,85,16,14,1.95,4296.0,4208.0,-88.0,1.95,20399365.671000022,99.62265113039548,74.20970806702366
10123G,ARMY CAMO WRAPPING TAPE,165.55999999999997,2251,16,12,0.8205882352941177,4297.0,1187.0,-3110.0,0.0735495335406486,20399531.23100002,99.62345966171881,74.22698220763517
90093,CLEAR CRYSTAL STAR PHONE CHARM,165.34,209,25,15,1.0844,4298.0,3561.0,-737.0,0.7911004784688995,20399696.57100002,99.62426711864681,74.24425634824668
84984D,ORIENTAL RED C/COVER,165.11,27,11,5,7.966363636363636,4299.0,4846.0,547.0,6.115185185185186,20399861.68100002,99.62507345234333,74.26153048885817
23694,PAISLEY PARK CARD,165.08,376,41,23,0.5885365853658536,4300.0,3033.0,-1267.0,0.4390425531914894,20400026.76100002,99.62587963953139,74.27880462946969
90018B,GOLD M.O.P ORBIT DROP EARRINGS,164.62,39,31,10,4.22,4301.0,4682.0,381.0,4.2210256410256415,20400191.38100002,99.6266835802565,74.29607877008118
84531B,BLUE KNITTED EGG COSY,164.01,194,42,35,1.1726190476190477,4302.0,3622.0,-680.0,0.8454123711340206,20400355.39100002,99.62748454197636,74.3133529106927
84510C,SET OF 4 POLKADOTS COASTERS,164.0,122,40,22,1.56325,4303.0,3922.0,-381.0,1.3442622950819672,20400519.39100002,99.62828545486006,74.3306270513042
85024C,PINK SMALL JEWELLED PHOTOFRAME,163.35,99,42,33,1.65,4304.0,4117.0,-187.0,1.65,20400682.741000023,99.62908319339394,74.3479011919157
85232b,SET/3 RUSSIAN DOLL STACKING TINS,162.94,16,14,0,10.185714285714285,4305.0,5076.0,771.0,10.18375,20400845.681000024,99.6298789296456,74.36517533252722
22874,NUMBER TILE COTTAGE GARDEN 6,162.82,70,26,14,2.844074074074074,4306.0,4338.0,32.0,2.326,20401008.501000024,99.63067407986344,74.3824494731387
16202E,BLACK PHOTO ALBUM,162.73,82,14,12,3.395,4307.0,4231.0,-76.0,1.984512195121951,20401171.231000025,99.63146879055591,74.39972361375021
90039D,FIRE POLISHED GLASS BRACELET GREEN,162.66,43,24,4,3.79625,4308.0,4629.0,321.0,3.7827906976744186,20401333.891000025,99.63226315939534,74.41699775436173
90214C,"LETTER ""C"" BLING KEY RING",162.53,165,69,21,1.0227536231884058,4309.0,3742.0,-567.0,0.985030303030303,20401496.421000026,99.63305689336478,74.43427189497322
90162B,ANT SILVER LIME GREEN BOUDICCA RING,162.25000000000003,55,20,14,2.95,4310.0,4477.0,167.0,2.9500000000000006,20401658.671000026,99.63384925992199,74.45154603558473
20693,FLORAL DINOSAUR GREEN,161.89000000000001,33,18,10,5.207777777777778,4311.0,4759.0,448.0,4.905757575757576,20401820.561000027,99.63463986837773,74.46882017619623
90190C,SILVER/AMETHYST DROP EARRINGS LEAF,161.82,55,36,10,2.9380555555555556,4312.0,4477.0,165.0,2.942181818181818,20401982.381000027,99.63543013498044,74.48609431680774
90129D,AMBER GLASS TASSLE BAG CHARM,161.57000000000002,67,34,12,2.151764705882353,4313.0,4361.0,48.0,2.4114925373134333,20402143.951000027,99.63621918067935,74.50336845741924
90214J,"LETTER ""J"" BLING KEY RING",161.47,157,88,19,1.054318181818182,4314.0,3770.0,-544.0,1.0284713375796177,20402305.421000026,99.63700773801673,74.52064259803075
90042A,FRESHWATER PEARL BRACELET GOLD,160.79,63,33,6,2.554242424242424,4315.0,4397.0,82.0,2.552222222222222,20402466.211000025,99.63779297449582,74.53791673864225
90123C,GREEN HEART OF GLASS BRACELET,160.75,27,12,7,5.958333333333333,4316.0,4846.0,530.0,5.953703703703703,20402626.961000025,99.6385780156303,74.55519087925376
21353,SILVER SLEIGHBELL WREATH,160.45,19,9,8,8.994444444444445,4317.0,5018.0,701.0,8.444736842105263,20402787.411000025,99.63936159168026,74.57246501986526
84599,CANDY STRIPE ROSE FLOOR CUSHION,160.15,15,6,2,12.04,4318.0,5100.0,782.0,10.676666666666668,20402947.561000023,99.64014370264564,74.58973916047677
37479P,CUBIC MUG FLOCK PINK ON BROWN,160.08,170,34,17,2.251714285714286,4319.0,3718.0,-601.0,0.9416470588235295,20403107.64100002,99.64092547175798,74.60701330108827
23305,SET 4 PICNIC CUTLERY BLUEBERRY,159.9,82,9,9,1.9500000000000002,4320.0,4231.0,-89.0,1.9500000000000002,20403267.54100002,99.64170636181959,74.62428744169978
23545,WRAP RED DOILEY,159.6,380,16,15,0.42,4321.0,3021.0,-1300.0,0.42,20403427.14100002,99.64248578679667,74.64156158231128
22645,CERAMIC HEART CAKE MONEY BANK,159.6,120,5,5,1.41,4321.0,3935.0,-386.0,1.3299999999999998,20403586.741000023,99.64326521177375,74.65883572292279
37379A,PINK CHERRY BLOSSOM CUP & SAUCER,159.2,41,16,5,7.996874999999999,4323.0,4658.0,335.0,3.8829268292682926,20403745.941000022,99.64404268330476,74.6761098635343
16054,POPART RECT PENCIL SHARPENER ASST,159.0,1210,39,32,0.17384615384615382,4324.0,1856.0,-2468.0,0.13140495867768595,20403904.941000022,99.64481917811274,74.69338400414578
85166A,WHITE METAL BAROQUE PHOTO FRAME,158.9,77,12,8,4.676666666666667,4325.0,4272.0,-53.0,2.0636363636363635,20404063.84100002,99.64559518455921,74.7106581447573
90048,GREEN WITH METAL BAG CHARM,158.89000000000001,31,8,4,5.63,4326.0,4791.0,465.0,5.125483870967742,20404222.73100002,99.64637114216953,74.72793228536881
22864,MUG AND COASTER SET RED CIRCLES,158.76,378,2,1,0.42,4327.0,3026.0,-1301.0,0.42,20404381.491000023,99.6471464649099,74.7452064259803
90214K,"LETTER ""K"" BLING KEY RING",158.4,154,83,23,1.1232530120481927,4328.0,3782.0,-546.0,1.0285714285714287,20404539.89100002,99.64792002954879,74.76248056659182
16012,FOOD/DRINK SPUNGE STICKERS,158.19,759,20,18,0.20749999999999996,4329.0,2361.0,-1968.0,0.2084189723320158,20404698.081000023,99.6486925686285,74.77975470720331
48175,DOOR MAT CAMOUFLAGE,158.04,39,2,1,5.02,4330.0,4682.0,352.0,4.052307692307692,20404856.12100002,99.64946437516595,74.79702884781481
22853,ENAMEL CAT BOWL CREAM,157.8,52,3,3,3.15,4331.0,4510.0,179.0,3.034615384615385,20405013.921000022,99.65023500963576,74.81430298842633
84927A,WAKE UP COCKEREL TILE HOOK,157.61,226,33,22,2.222727272727273,4332.0,3496.0,-836.0,0.6973893805309735,20405171.53100002,99.65100471621871,74.83157712903783
21489,BLUE WHITE SCARF HOT WATER BOTTLE,157.60000000000002,28,14,6,5.964285714285714,4333.0,4828.0,495.0,5.628571428571429,20405329.131000023,99.65177437396548,74.84885126964933
16156L,WRAP CAROUSEL,157.5,375,14,13,0.42,4334.0,3035.0,-1299.0,0.42,20405486.631000023,99.65254354335076,74.86612541026084
23417,BATHROOM HOOK,157.5,146,27,21,1.5964285714285713,4334.0,3816.0,-518.0,1.0787671232876712,20405644.131000023,99.65331271273602,74.88339955087234
90059A,DIAMANTE HAIR GRIP PACK/2 CRYSTAL,156.98,94,48,3,1.6727083333333332,4336.0,4157.0,-179.0,1.67,20405801.111000024,99.65407934264142,74.90067369148385
22868,NUMBER TILE COTTAGE GARDEN 0,156.97,67,24,12,3.046666666666667,4337.0,4361.0,24.0,2.3428358208955222,20405958.081000023,99.65484592371065,74.91794783209535
22886,NUMBER TILE VINTAGE FONT 7,156.8,90,28,8,2.9442857142857144,4338.0,4179.0,-159.0,1.7422222222222223,20406114.881000023,99.65561167456534,74.93522197270686
23468,TUSCAN VILLA BIRD TABLE,156.75,19,11,11,8.25,4339.0,5018.0,679.0,8.25,20406271.631000023,99.65637718123924,74.95249611331836
72140E,BEST DAD CANDLE LETTERS,156.72,218,29,26,0.8927586206896552,4340.0,3529.0,-811.0,0.7188990825688073,20406428.351000022,99.6571425414047,74.96977025392987
17178,FLAT PALM T-LIGHT HOLDER,156.65,133,24,20,1.234,4341.0,3887.0,-454.0,1.1778195488721805,20406585.00100002,99.65790755971709,74.98704439454137
46138B,BLUE CHENILLE SHAGGY CUSHION COVER,156.29,71,25,12,2.678,4342.0,4328.0,-14.0,2.2012676056338027,20406741.29100002,99.65867081992802,75.00431853515288
84914A,PINK ROSE PICNIC RUG,155.7,6,5,2,25.95,4343.0,5385.0,1042.0,25.95,20406896.99100002,99.65943119880603,75.02159267576438
90183A,AMBER DROP EARRINGS W LONG BEADS,155.65,53,31,6,2.9306451612903226,4344.0,4500.0,156.0,2.936792452830189,20407052.641000018,99.66019133350326,75.03886681637589
20664,TROPICAL HOLIDAY PURSE,155.41,57,31,11,2.712903225806452,4345.0,4456.0,111.0,2.7264912280701754,20407208.051000018,99.66095029613288,75.05614095698739
22875,NUMBER TILE COTTAGE GARDEN 7,154.94,66,27,16,2.8411111111111107,4346.0,4370.0,24.0,2.3475757575757576,20407362.99100002,99.66170696346339,75.0734150975989
72351a,SET/6 TURQUOISE BUTTERFLY T-LIGHTS,154.89,37,28,0,4.184285714285714,4347.0,4706.0,359.0,4.1862162162162155,20407517.88100002,99.66246338661313,75.0906892382104
90065B,BLACK VINT ART DEC CRYSTAL BRACELET,154.87,22,16,4,7.0025,4348.0,4956.0,608.0,7.039545454545455,20407672.75100002,99.66321971209058,75.1079633788219
90123B,TURQUOISE HEART OF GLASS BRACELET,154.69,26,13,8,5.94923076923077,4349.0,4867.0,518.0,5.9496153846153845,20407827.441000022,99.6639751585173,75.12523751943341
22587,"FELTCRAFT HAIRBAND, S/2, RED/BLUE",154.68,204,6,6,0.8283333333333333,4350.0,3579.0,-771.0,0.7582352941176471,20407982.12100002,99.66473055610786,75.1425116600449
23496,PANTRY KITCHEN THERMOMETER,154.52,112,31,21,1.562258064516129,4351.0,3993.0,-358.0,1.3796428571428572,20408136.64100002,99.66548517231999,75.15978580065642
22877,NUMBER TILE COTTAGE GARDEN 9,154.32999999999998,69,23,15,2.61695652173913,4352.0,4346.0,-6.0,2.2366666666666664,20408290.97100002,99.66623886064525,75.17705994126793
23196,RETRO LEAVES MAGNETIC NOTEPAD,154.08999999999997,105,19,17,1.5376190476190477,4353.0,4043.0,-310.0,1.4675238095238092,20408445.06100002,99.66699137690287,75.19433408187942
37342,SPOTTY COFFEE CUP & SAUCER,153.78,40,14,6,4.660000000000001,4354.0,4667.0,313.0,3.8445,20408598.84100002,99.66774237923981,75.21160822249094
47369B,BLUE GREEN EMBROIDERY COSMETIC BAG,153.18,54,29,10,3.187241379310345,4355.0,4484.0,129.0,2.836666666666667,20408752.02100002,99.66849045140765,75.22888236310243
47518F,ICON PLACEMAT POP ART ELVIS,153.14,903,34,22,0.4135294117647059,4356.0,2195.0,-2161.0,0.16959025470653377,20408905.16100002,99.66923832823089,75.24615650371395
79192A,RETRO PLASTIC 70'S TRAY,152.64,114,35,26,1.4317142857142857,4357.0,3980.0,-377.0,1.3389473684210524,20409057.80100002,99.66998376324656,75.26343064432545
84622,PINK GINGHAM ROSE CUSHION COVER,152.6,23,9,7,7.699999999999999,4358.0,4936.0,578.0,6.634782608695652,20409210.401000023,99.67072900291764,75.28070478493694
23484,HEART TRELLISTRIPLE T-LIGHT HOLDER,152.24,56,5,5,2.81,4359.0,4468.0,109.0,2.718571428571429,20409362.64100002,99.67147248448724,75.29797892554846
22873,NUMBER TILE COTTAGE GARDEN 5,151.35,63,28,14,2.9678571428571425,4360.0,4397.0,37.0,2.4023809523809523,20409513.991000023,99.67221161963937,75.31525306615995
90030C,BROWN KUKUI COCONUT SEED NECKLACE,151.3,87,16,10,3.4718750000000003,4361.0,4199.0,-162.0,1.739080459770115,20409665.291000023,99.67295051061075,75.33252720677146
22536,MAGIC DRAWING SLATE FIDO,151.2,360,8,8,0.42,4362.0,3073.0,-1289.0,0.42,20409816.491000023,99.67368891322059,75.34980134738298
20952,PORCELAIN CHERUB BELL SMALL,150.72,329,24,19,0.6812499999999999,4363.0,3147.0,-1216.0,0.45811550151975683,20409967.21100002,99.67442497169519,75.36707548799447
84989a,75 GREEN FAIRY CAKE CASES,150.57,74,41,0,2.020243902439024,4364.0,4301.0,-63.0,2.0347297297297295,20410117.78100002,99.6751602976275,75.38434962860597
79161A,ST GEORGE SET OF 10 PARTY LIGHTS,150.45000000000002,51,16,16,2.95,4365.0,4524.0,159.0,2.95,20410268.23100002,99.67589503752599,75.40162376921748
17107D,FLOWER FAIRY 5 DRAWER LINERS,150.45,59,20,18,2.55,4366.0,4434.0,68.0,2.55,20410418.68100002,99.6766297774245,75.41889790982898
90042C,FRESHWATER PEARL BRACELET IVORY,150.21,59,26,8,2.5430769230769235,4367.0,4434.0,67.0,2.545932203389831,20410568.89100002,99.67736334525537,75.43617205044049
84228,HEN HOUSE W CHICK STANDING,150.19,340,43,16,0.6430232558139535,4368.0,3124.0,-1244.0,0.44173529411764706,20410719.081000023,99.67809681541394,75.453446191052
23254,KIDS CUTLERY DOLLY GIRL,149.4,36,8,8,4.15,4369.0,4719.0,350.0,4.15,20410868.48100002,99.67882642751653,75.4707203316635
23256,KIDS CUTLERY SPACEBOY,149.4,36,8,8,4.15,4369.0,4719.0,350.0,4.15,20411017.88100002,99.67955603961911,75.487994472275
17108D,FLOWER FAIRY SUMMER BOUQUET SACHET,149.1,355,23,17,0.42,4371.0,3085.0,-1286.0,0.42,20411166.98100002,99.68028418663717,75.50526861288651
90040D,MURANO STYLE GLASS BRACELET PINK,148.87,41,25,9,3.7148000000000003,4372.0,4658.0,286.0,3.6309756097560975,20411315.851000022,99.68101121042375,75.52254275349802
23465,TUSCAN VILLA BIRD FEEDER,148.63,17,9,8,9.181111111111111,4373.0,5056.0,683.0,8.742941176470588,20411464.48100002,99.68173706214269,75.5398168941095
71496A,A4 WALL TIDY BLUE OFFICE,148.01000000000002,244,17,8,1.0505882352941176,4374.0,3434.0,-940.0,0.6065983606557378,20411612.491000023,99.68245988602024,75.55709103472103
35980C,REDWHITE STRIPE SCANDINAVIAN HEART,147.64,377,29,28,0.4555172413793103,4375.0,3029.0,-1346.0,0.3916180371352785,20411760.131000023,99.68318090296017,75.57436517533253
84720,DOT MATRIX CANVAS ART PICTURE,147.05,35,3,3,6.883333333333333,4376.0,4747.0,371.0,4.201428571428572,20411907.181000024,99.68389903856719,75.59163931594404
90040C,MURANO STYLE GLASS BRACELET GOLD,146.75,41,21,10,3.643809523809524,4377.0,4658.0,281.0,3.5792682926829267,20412053.931000024,99.68461570908967,75.60891345655554
84527,FLAMES SUNGLASSES PINK LENSES,146.10999999999999,77,22,19,2.1160869565217393,4378.0,4272.0,-106.0,1.8975324675324674,20412200.041000023,99.68532925409843,75.62618759716703
23292,SPACE BOY CHILDRENS CUP,145.76,131,6,5,1.4183333333333332,4379.0,3896.0,-483.0,1.1126717557251908,20412345.801000025,99.68604108984191,75.64346173777855
90016C,SILVER/BLACK PENDANT ORBIT NECKLACE,144.07,17,14,4,8.47,4380.0,5056.0,676.0,8.474705882352941,20412489.871000025,99.68674467227578,75.66073587839006
35610B,BLACK CHRISTMAS FLOCK DROPLET,144.07,179,13,13,1.1314285714285715,4380.0,3677.0,-703.0,0.8048603351955307,20412633.941000026,99.68744825470966,75.67801001900155
79191D,RETRO PLASTIC DAISY TRAY,143.87,138,56,28,1.2092857142857143,4382.0,3860.0,-522.0,1.042536231884058,20412777.811000027,99.68815086042052,75.69528415961307
90036B,"FLOWER GLASS GARLAND NECKL.36""GREEN",143.1,18,10,8,7.95,4383.0,5037.0,654.0,7.949999999999999,20412920.91100003,99.68884970574771,75.71255830022456
22876,NUMBER TILE COTTAGE GARDEN 8,143.02,62,21,11,3.0033333333333334,4384.0,4403.0,19.0,2.3067741935483874,20413063.931000028,99.68954816038568,75.72983244083606
22887,NUMBER TILE VINTAGE FONT 8,143.0,84,27,10,2.9840740740740737,4385.0,4213.0,-172.0,1.7023809523809523,20413206.931000028,99.69024651735135,75.74710658144758
10120,DOGGY RUBBER,142.74,664,73,52,0.24013698630136987,4386.0,2514.0,-1872.0,0.2149698795180723,20413349.671000026,99.69094360457709,75.76438072205907
84874B,BLUE TRAVEL FIRST AID KIT,141.76,86,36,26,1.6462162162162162,4387.0,4204.0,-183.0,1.6483720930232557,20413491.431000028,99.69163590585998,75.78165486267058
90202D,PINK ENAMEL FLOWER HAIR TIE,141.49,48,24,5,2.94375,4388.0,4566.0,178.0,2.9477083333333334,20413632.921000026,99.69232688856678,75.79892900328208
72740A,LARGE STRAWBERRY CHOCOLATE CANDLE,141.23,65,12,5,3.8616666666666664,4389.0,4377.0,-12.0,2.1727692307692306,20413774.151000027,99.69301660153366,75.81620314389359
47590b,PINK HAPPY BIRTHDAY BUNTING,140.5,13,10,0,10.812999999999999,4390.0,5149.0,759.0,10.807692307692308,20413914.651000027,99.69370274946147,75.8334772845051
47369A,PINK GREEN EMBROIDERY COSMETIC BAG,140.4,48,25,10,3.0524,4391.0,4566.0,175.0,2.9250000000000003,20414055.051000025,99.69438840902775,75.8507514251166
84617,NEW BAROQUE BLACK BOXES,140.25,11,7,7,12.75,4392.0,5215.0,823.0,12.75,20414195.301000025,99.69507333605178,75.8680255657281
84765,SILVER ROCOCO CANDELABRA,140.23,9,6,4,16.996666666666666,4393.0,5289.0,896.0,15.58111111111111,20414335.531000026,99.6957581654035,75.88529970633961
90212B,JET BLACK LAS VEGAS BRACELET ROUND,140.07,37,28,7,3.7971428571428567,4394.0,4706.0,312.0,3.7856756756756753,20414475.601000026,99.6964422133768,75.90257384695111
78026,SEAGRASS S/3 SQU LAUNDRY BOX,139.95,12,2,1,19.975,4395.0,5179.0,784.0,11.6625,20414615.551000025,99.69712567531627,75.91984798756262
90214M,"LETTER ""M"" BLING KEY RING",139.82,138,64,19,1.09015625,4396.0,3860.0,-536.0,1.0131884057971015,20414755.371000025,99.6978085023858,75.93712212817412
23306,SET OF 36 PANTRY PAPER DOILIES,139.78,67,33,14,2.3147058823529414,4397.0,4361.0,-36.0,2.086268656716418,20414895.151000027,99.69849113411071,75.95439626878563
22869,"NUMBER TILE COTTAGE GARDEN, 1",139.69,67,11,7,2.7718181818181815,4398.0,4361.0,-37.0,2.0849253731343285,20415034.841000028,99.69917332631026,75.97167040939713
23091,METAL HERB GERDEN CONTAINER,139.68,24,5,5,6.078,4399.0,4897.0,498.0,5.82,20415174.521000028,99.69985546967365,75.98894455000864
90022,EDWARDIAN DROP EARRINGS JET BLACK,139.67,37,32,4,3.77875,4400.0,4706.0,306.0,3.7748648648648646,20415314.19100003,99.7005375642009,76.00621869062014
47592A,CAROUSEL CHILDRENS OVERALL,139.56,74,27,4,1.7251851851851852,4401.0,4301.0,-100.0,1.885945945945946,20415453.751000028,99.70121912153047,76.02349283123164
90199A,5 STRAND GLASS NECKLACE BLACK,139.5,22,16,9,6.3374999999999995,4402.0,4956.0,554.0,6.340909090909091,20415593.251000028,99.70190038584313,76.04076697184315
23463,VINTAGE ZINC WATERING CAN,139.39999999999998,13,8,7,11.206249999999999,4403.0,5149.0,746.0,10.72307692307692,20415732.651000027,99.70258116179428,76.05804111245466
90214E,"LETTER ""E"" BLING KEY RING",139.28,142,67,25,1.0738805970149254,4404.0,3839.0,-565.0,0.9808450704225352,20415871.931000028,99.70326135171163,76.07531525306615
90199D,5 STRAND GLASS NECKLACE AMBER,139.28,22,16,9,6.3237499999999995,4404.0,4956.0,552.0,6.330909090909091,20416011.21100003,99.70394154162896,76.09258939367767
22195,HEART MEASURING SPOONS LARGE,138.59999999999997,84,5,4,1.65,4406.0,4213.0,-193.0,1.6499999999999997,20416149.81100003,99.704618410688,76.10986353428916
23304,SET 4 PICNIC CUTLERY CHERRY,138.45,71,9,9,1.9500000000000002,4407.0,4328.0,-79.0,1.9499999999999997,20416288.26100003,99.70529454720477,76.12713767490067
72754B,F FAIRY POTPOURRI CUSHIONS LAVENDER,137.54,170,8,8,1.17,4408.0,3718.0,-690.0,0.8090588235294117,20416425.80100003,99.70596623963175,76.14441181551219
35816P,"ACRYLIC JEWEL ANGEL,PINK",137.43,297,9,7,1.1433333333333333,4409.0,3248.0,-1161.0,0.46272727272727276,20416563.23100003,99.70663739486106,76.16168595612368
90156,RESIN BRACELET W PASTEL BEADS,137.37,25,14,7,5.922857142857143,4410.0,4883.0,473.0,5.494800000000001,20416700.60100003,99.70730825707348,76.17896009673518
47593A,CAROUSEL PONIES BABY BIB,137.27,139,44,24,0.9230434782608696,4411.0,3855.0,-556.0,0.9875539568345324,20416837.87100003,99.70797863092436,76.19623423734669
84549,CROCHET WHITE RABBIT KEYRING,137.26999999999998,75,16,9,2.368125,4412.0,4290.0,-122.0,1.8302666666666665,20416975.14100003,99.70864900477527,76.21350837795819
S,SAMPLES,136.85,3,3,0,45.61666666666667,4413.0,5514.0,1101.0,45.61666666666667,20417111.99100003,99.7093173275078,76.23078251856971
84709A,SILVER OVAL JEWELLED MIRROR,136.85,23,13,11,5.95,4413.0,4936.0,523.0,5.95,20417248.84100003,99.70998565024034,76.2480566591812
37330,BIG POLKADOT MUG,136.76,80,7,5,2.3299999999999996,4415.0,4242.0,-173.0,1.7094999999999998,20417385.601000033,99.71065353344753,76.26533079979271
35824P,"HANGING FLOWERS+MIRROR,PINK",136.44,324,3,2,0.75,4416.0,3166.0,-1250.0,0.4211111111111111,20417522.041000035,99.71131985389785,76.28260494040421
90151,SILVER/NATURAL SHELL NECKLACE,136.17000000000002,16,9,5,8.518888888888888,4417.0,5076.0,659.0,8.510625000000001,20417658.211000036,99.7119848557721,76.29987908101572
90024E,NEW BAROQUE B'FLY NECKLACE MONTANA,135.98,16,11,7,8.498181818181818,4418.0,5076.0,658.0,8.49875,20417794.191000037,99.71264892975945,76.31715322162722
21004,ROSE DU SUD CHILDRENS APRON,135.93,31,18,14,4.482222222222223,4419.0,4791.0,372.0,4.384838709677419,20417930.121000037,99.71331275956605,76.33442736223873
90194,SILVER LARIAT BLACK STONE EARRINGS,135.84,32,21,14,4.242380952380953,4420.0,4775.0,355.0,4.245,20418065.961000036,99.7139761498473,76.35170150285023
90038A,GLASS AND PAINTED BEADS BRACELET TO,135.8,36,22,4,3.786363636363636,4421.0,4719.0,298.0,3.7722222222222226,20418201.761000037,99.71463934478393,76.36897564346174
90177D,DROP DIAMANTE EARRINGS PURPLE,135.76000000000002,46,25,9,2.9524,4422.0,4595.0,173.0,2.9513043478260874,20418337.52100004,99.71530234437597,76.38624978407324
17011D,ORIGAMI ROSE INCENSE+FLOWER,135.7,209,4,2,1.8375,4423.0,3561.0,-862.0,0.6492822966507177,20418473.221000038,99.71596505095107,76.40352392468475
77079,DOLPHIN WINDMILL,135.68,64,12,10,2.12,4424.0,4384.0,-40.0,2.12,20418608.901000038,99.71662765985388,76.42079806529625
90208,PAIR OF PINK FLOWER CLUSTER SLIDE,135.24,54,38,4,2.498684210526316,4425.0,4484.0,59.0,2.5044444444444447,20418744.141000036,99.71728811996603,76.43807220590776
85132a,CHARLIE + LOLA BISCUITS TINS,135.13,10,10,0,13.513,4426.0,5241.0,815.0,13.513,20418879.271000035,99.71794804288051,76.45534634651926
90002A,FLOWER BURST SILVER RING OPAL,135.0,36,14,14,3.75,4427.0,4719.0,292.0,3.75,20419014.271000035,99.71860733092502,76.47262048713075
72134,COLUMBIAN CUBE CANDLE,134.85,339,29,15,0.8983333333333333,4428.0,3127.0,-1301.0,0.397787610619469,20419149.121000037,99.71926588642728,76.48989462774227
16020C,CLEAR STATIONERY BOX SET,134.5,160,39,22,0.843,4429.0,3761.0,-668.0,0.840625,20419283.621000037,99.71992273266423,76.50716876835378
35015,JACOBS LADDER SMALL,134.08,2072,39,35,0.09128205128205129,4430.0,1276.0,-3154.0,0.06471042471042472,20419417.701000035,99.7205775277828,76.52444290896528
22241,"GARLAND , WOODEN "" HAPPY EASTER""",133.89,105,11,9,1.49,4431.0,4043.0,-388.0,1.275142857142857,20419551.591000035,99.72123139501451,76.54171704957679
84555A,YELLOW VW BEETLE CERAMIC MONEY BOX,133.85000000000002,47,16,13,2.926470588235294,4432.0,4588.0,156.0,2.8478723404255324,20419685.441000037,99.72188506690162,76.55899119018828
35609A,PINK FEATHER CHRISTMAS DECORATION,133.23,447,24,17,0.8216666666666667,4433.0,2869.0,-1564.0,0.2980536912751678,20419818.671000037,99.72253571094733,76.5762653307998
46137D,GREEN CHENILLE SHAGGY RUG,132.75,45,4,2,2.95,4434.0,4605.0,171.0,2.95,20419951.421000037,99.72318401085776,76.5935394714113
90190B,GOLD/AMBER DROP EARRINGS W LEAF,132.58,45,15,6,2.938,4435.0,4605.0,170.0,2.9462222222222225,20420084.001000036,99.72383148055363,76.6108136120228
90137,PINK COMBO MINI CRYSTALS NECKLACE,132.52,26,15,8,5.204666666666667,4436.0,4867.0,431.0,5.096923076923077,20420216.521000035,99.72447865723257,76.62808775263431
23066,SMALL JEWELLERY STAND,132.0,16,6,6,8.25,4437.0,5076.0,639.0,8.25,20420348.521000035,99.72512329443165,76.6453618932458
23081,GREEN METAL BOX TOP SECRET,132.0,16,4,4,8.25,4437.0,5076.0,639.0,8.25,20420480.521000035,99.72576793163074,76.66263603385731
45013,FOLDING SHOE TIDY,132.0,48,8,8,2.9000000000000004,4437.0,4566.0,129.0,2.75,20420612.521000035,99.72641256882983,76.67991017446883
90023,FILIGREE DIAMANTE EARRINGS,131.74,31,21,7,4.24952380952381,4440.0,4791.0,351.0,4.249677419354839,20420744.261000033,99.72705593628896,76.69718431508032
90165B,WHITE ROSEBUD PEARL EARRINGS,131.65,52,35,5,2.5237142857142856,4441.0,4510.0,69.0,2.5317307692307693,20420875.911000032,99.72769886422273,76.71445845569183
35933,PINK STOCKING CHRISTMAS DECORATION,131.38,319,28,20,0.6982142857142858,4442.0,3180.0,-1262.0,0.41184952978056427,20421007.29100003,99.72834047358042,76.73173259630333
90101,WHITE FRANGIPANI NECKLACE,131.16,52,29,4,2.5248275862068965,4443.0,4510.0,67.0,2.522307692307692,20421138.45100003,99.72898100854279,76.74900673691484
84656,WHITE ROSE C/COVER,130.9,22,13,12,5.950000000000001,4444.0,4956.0,512.0,5.95,20421269.35100003,99.7296202737652,76.76628087752634
22888,NUMBER TILE VINTAGE FONT 9,130.82999999999998,79,23,9,3.058695652173913,4445.0,4252.0,-193.0,1.6560759493670885,20421400.181000028,99.73025919713456,76.78355501813785
16119,FUNKY GIRL ADDRESS BOOK,130.71,273,8,7,1.0325,4446.0,3329.0,-1117.0,0.47879120879120884,20421530.89100003,99.7308975344701,76.80082915874935
84925E,FLOWERS WALL THERMOMETER,130.05,75,3,3,2.2666666666666666,4447.0,4290.0,-157.0,1.7340000000000002,20421660.94100003,99.73153264861966,76.81810329936086
20899,VINTAGE NOTEBOOK RED ROSE,129.8,44,12,12,2.95,4448.0,4613.0,165.0,2.95,20421790.74100003,99.73216654186542,76.83537743997236
90099,NECKLACE+BRACELET SET BLUE HIBISCUS,129.69,42,25,16,3.2527999999999997,4449.0,4641.0,192.0,3.0878571428571426,20421920.43100003,99.73279989791354,76.85265158058387
90190A,SILVER/CRYSTAL DROP EARRINGS W LEAF,129.59,44,31,8,2.944516129032258,4450.0,4613.0,163.0,2.945227272727273,20422050.02100003,99.73343276560011,76.86992572119537
10080,GROOVY CACTUS INFLATABLE,129.29,315,27,23,0.505,4451.0,3193.0,-1258.0,0.41044444444444445,20422179.31100003,99.73406416820215,76.88719986180688
85160a,WHITE BIRD GARDEN DESIGN MUG,129.04,8,3,0,16.13,4452.0,5312.0,860.0,16.13,20422308.35100003,99.73469434990041,76.90447400241838
84858A,NATURAL RIVIERA HANDBAG,128.83,53,8,7,6.135,4453.0,4500.0,47.0,2.430754716981132,20422437.181000028,99.73532350603948,76.92174814302989
90181A,AMBER GLASS/SHELL/PEARL NECKLACE,128.64,14,14,2,9.188571428571427,4454.0,5125.0,671.0,9.188571428571427,20422565.82100003,99.73595173429167,76.93902228364139
22848,"BREAD BIN, DINER STYLE, PINK",127.6,8,3,3,16.28333333333333,4455.0,5312.0,857.0,15.95,20422693.42100003,99.73657488358413,76.95629642425288
84251G,"GREETING CARD, OVERCROWDED POOL.",127.55999999999999,472,91,32,0.45175824175824175,4456.0,2819.0,-1637.0,0.2702542372881356,20422820.98100003,99.73719783753195,76.9735705648644
90024D,NEW BAROQUE B'FLY NECKLACE PINK,127.5,15,13,11,8.5,4457.0,5100.0,643.0,8.5,20422948.48100003,99.7378204984629,76.99084470547591
84782B,BLACK 3 TIER GLASS PLATE STAND,127.5,10,6,6,12.75,4457.0,5241.0,784.0,12.75,20423075.98100003,99.73844315939382,77.0081188460874
85014a,BLACK/BLUE DOTS RUFFLED UMBRELLA,127.2,10,9,0,12.72,4459.0,5241.0,782.0,12.72,20423203.181000028,99.7390643552402,77.02539298669892
85018C,S/6 PAPER BOXES CURIOUS IMAGES,127.2,36,4,4,4.035,4459.0,4719.0,260.0,3.533333333333333,20423330.381000027,99.73968555108658,77.04266712731041
16168S,FUNKY MONKEY GIFT BAG SMALL,126.82999999999998,1283,11,4,0.31363636363636366,4461.0,1786.0,-2675.0,0.09885424785658611,20423457.211000025,99.74030493999537,77.05994126792191
23303,SET 4 PICNIC CUTLERY FONDANT,126.75,65,6,6,1.95,4462.0,4377.0,-85.0,1.95,20423583.961000025,99.74092393821495,77.07721540853343
84559D,3D SHEET OF SEA WORLD STICKERS,126.71,147,31,23,0.9067741935483871,4463.0,3812.0,-651.0,0.8619727891156462,20423710.671000026,99.74154274108992,77.09448954914492
84367,LA STREGA CANVAS PICTURE,126.29999999999998,74,8,6,2.175,4464.0,4301.0,-163.0,1.7067567567567565,20423836.971000027,99.74215954168267,77.11176368975643
82607E,GLASS BONBON JAR. D'AMANDES,126.25,101,25,18,1.25,4465.0,4076.0,-389.0,1.25,20423963.221000027,99.74277609809468,77.12903783036793
gift_0001_10,DOTCOMGIFTSHOP GIFT VOUCHER £10.00,126.21,15,14,0,8.42,4466.0,5100.0,634.0,8.414,20424089.431000028,99.74339245916207,77.14631197097944
90174,BUTTERFLY HAIR BAND,126.12,50,32,4,2.5178125,4467.0,4539.0,72.0,2.5224,20424215.55100003,99.74400838070412,77.16358611159096
90108,BLUE BLOSSOM HAIR CLIP,125.83,109,21,12,1.591904761904762,4468.0,4007.0,-461.0,1.1544036697247706,20424341.381000027,99.74462288599774,77.18086025220245
23578,SNACK TRAY RED GINGHAM,125.72,60,14,11,2.417142857142857,4469.0,4421.0,-48.0,2.0953333333333335,20424467.101000026,99.7452368540937,77.19813439281396
90138,WHITE/PINK MINI CRYSTALS NECKLACE,125.64,24,17,5,5.319411764705883,4470.0,4897.0,427.0,5.235,20424592.741000026,99.74585043150049,77.21540853342546
47592B,SCOTTIES DESIGN CHILD'S OVERALL,125.6,64,28,14,1.9271428571428573,4471.0,4384.0,-87.0,1.9625,20424718.341000028,99.74646381356264,77.23268267403697
84968a,SET OF 16 VINTAGE ROSE CUTLERY,125.32999999999998,5,3,0,25.136666666666667,4472.0,5421.0,949.0,25.065999999999995,20424843.671000026,99.7470758770487,77.24995681464847
84558a,3D DOG PICTURE PLAYING CARDS,125.17,21,19,0,5.952105263157895,4473.0,4974.0,501.0,5.96047619047619,20424968.841000028,99.74768715915636,77.26723095525998
23065,LARGE JEWELLERY STAND,125.0,10,4,4,12.5,4474.0,5241.0,767.0,12.5,20425093.841000028,99.74829761104942,77.28450509587148
84614A,PINK BAROQUE FLOCK CANDLE HOLDER,124.83,17,10,7,7.726000000000001,4475.0,5056.0,581.0,7.342941176470588,20425218.671000026,99.74890723272792,77.30177923648299
90002C,FLOWER BURST SILVER RING MIDN'T BLU,124.38,33,19,8,3.783157894736842,4476.0,4759.0,283.0,3.769090909090909,20425343.051000025,99.7495146567796,77.31905337709449
90162C,ANT SILVER FUSCHIA BOUDICCA RING,123.90000000000002,42,16,10,2.95,4477.0,4641.0,164.0,2.9500000000000006,20425466.951000024,99.75011973669599,77.336327517706
22359,"GLASS JAR, KINGS CHOICE SOAP",123.9,42,8,8,2.95,4478.0,4641.0,163.0,2.95,20425590.851000022,99.7507248166124,77.3536016583175
85185B,PINK HORSE SOCK PUPPET KIT,123.9,42,14,13,2.95,4478.0,4641.0,163.0,2.95,20425714.75100002,99.7513298965288,77.370875798929
90168,2 DAISIES HAIR COMB,123.76,42,24,3,2.9425000000000003,4480.0,4641.0,161.0,2.9466666666666668,20425838.511000022,99.75193429273911,77.38814993954051
17191A,ROSE FLOWER CANDLE+INCENSE 16X16CM,123.75,33,12,9,3.75,4481.0,4759.0,278.0,3.75,20425962.261000022,99.75253864011324,77.405424080152
22850,BREAD BIN DINER STYLE BLACK,123.6,8,1,1,15.95,4482.0,5312.0,830.0,15.45,20426085.861000024,99.75314225494512,77.42269822076352
20816,GOLD FLOWER CUSHION COVER,123.6,24,7,5,5.378571428571428,4482.0,4897.0,415.0,5.1499999999999995,20426209.461000025,99.753745869777,77.43997236137503
23477,WOODLAND LARGE BLUE FELT HEART,123.47,92,13,8,1.7153846153846155,4484.0,4171.0,-313.0,1.3420652173913044,20426332.931000024,99.75434884973889,77.45724650198652
23454,SET OF 3 MINI HANGING PORTRAITS,123.2,32,2,2,3.95,4485.0,4775.0,290.0,3.85,20426456.131000023,99.75495051112469,77.47452064259804
23457,LARGE PARLOUR FRAME,122.85,27,2,2,4.725,4486.0,4846.0,360.0,4.55,20426578.981000025,99.75555046324521,77.49179478320953
72133,COLUMBIAN CANDLE RECTANGLE,122.63,109,31,24,1.3336363636363635,4487.0,4007.0,-480.0,1.125045871559633,20426701.611000024,99.75614934097038,77.50906892382105
22832,SWEETHEART WIRE WALL TIDY,122.6,12,3,3,10.483333333333333,4488.0,5179.0,691.0,10.216666666666667,20426824.211000025,99.75674807218712,77.52634306443255
21228,"POCKET MIRROR ""GLAMOROUS""",122.57,97,31,25,1.29125,4489.0,4129.0,-360.0,1.2636082474226804,20426946.781000026,99.75734665689538,77.54361720504404
85190,PINK FLOWER HANGING HEART,122.46,138,17,14,1.153529411764706,4490.0,3860.0,-630.0,0.8873913043478261,20427069.241000026,99.757944704406,77.56089134565556
79308B,MOSAIC CANDLE DISH BLUE PURPLE,122.4,144,2,1,0.85,4491.0,3821.0,-670.0,0.8500000000000001,20427191.641000025,99.75854245889968,77.57816548626705
90205C,LARGE CRYSTAL DIAMANTE HAIRSLIDE,122.31,78,24,5,1.6591666666666667,4492.0,4259.0,-233.0,1.5680769230769231,20427313.951000024,99.75913977386801,77.59543962687856
44242B,PINK FEATHERS CURTAIN,121.53,109,9,8,1.1477777777777778,4493.0,4007.0,-486.0,1.114954128440367,20427435.481000025,99.75973327961654,77.61271376749008
79532,MOSAIC GLASS BALL CANDLEHOLDER,121.25,97,18,15,1.25,4494.0,4129.0,-365.0,1.25,20427556.731000025,99.76032541795281,77.62998790810157
84199,GLOW IN DARK DOLPHINS,121.08,554,69,58,0.22138888888888889,4495.0,2678.0,-1817.0,0.21855595667870037,20427677.811000023,99.7609167260745,77.64726204871307
22536,MAGIC SLATE FIDO,120.96000000000001,288,6,6,0.42,4496.0,3281.0,-1215.0,0.42000000000000004,20427798.771000024,99.76150744816239,77.66453618932458
22535,MAGIC SLATE BUNNIES AT HOME,120.96000000000001,288,6,6,0.42,4496.0,3281.0,-1215.0,0.42000000000000004,20427919.731000025,99.7620981702503,77.68181032993608
22534,MAGIC SLATE SPACEBOY,120.96000000000001,288,6,6,0.42,4496.0,3281.0,-1215.0,0.42000000000000004,20428040.691000026,99.76268889233818,77.69908447054759
90003E,GREEN PAIR HEART HAIR SLIDES,120.31,32,22,3,3.766818181818182,4499.0,4775.0,276.0,3.7596875,20428161.001000024,99.76327644007621,77.7163586111591
23467,VINTAGE ZINC PLANTER,120.08,32,11,5,4.366363636363636,4500.0,4775.0,275.0,3.7525,20428281.081000023,99.76386286458276,77.7336327517706
84509F,NEW ENGLAND PLACEMATS,120.0,32,10,6,3.75,4501.0,4775.0,274.0,3.75,20428401.081000023,99.76444889840012,77.7509068923821
23438,GIFT BAG LARGE SPOT,120.0,96,6,6,1.25,4501.0,4140.0,-361.0,1.25,20428521.081000023,99.76503493221746,77.76818103299361
23209,LUNCH BAG VINTAGE DOILEY,119.63,71,5,4,2.146,4503.0,4328.0,-175.0,1.6849295774647888,20428640.71100002,99.7656191590972,77.78545517360511
84886,BLUE METAL WALL SHELF,119.39999999999999,12,9,8,9.95,4504.0,5179.0,675.0,9.95,20428760.11100002,99.76620226274545,77.80272931421662
84288B,SET/2 BLUE NOODLE BASKETS,118.95,61,24,19,1.95,4505.0,4410.0,-95.0,1.95,20428879.06100002,99.76678316876689,77.82000345482813
23359,SET OF 12 T-LIGHTS VINTAGE DOILEY,118.94999999999999,61,6,6,1.95,4506.0,4410.0,-96.0,1.9499999999999997,20428998.01100002,99.76736407478833,77.83727759543963
23280,FOLDING MIRROR HOT PINK,118.92000000000002,156,5,5,0.808,4507.0,3776.0,-731.0,0.7623076923076925,20429116.93100002,99.76794483430133,77.85455173605114
22972,CHILDRENS SPACEBOY MUG,118.79999999999998,72,5,5,1.65,4508.0,4313.0,-195.0,1.6499999999999997,20429235.73100002,99.76852500778051,77.87182587666264
90018C,SILVER BLACK ORBIT DROP EARRINGS,118.51,28,20,7,4.226000000000001,4509.0,4828.0,319.0,4.2325,20429354.241000023,99.76910376501131,77.88910001727413
35607A,PINK FLUFFY CHRISTMAS DECORATION,118.43,554,31,27,0.33129032258064517,4510.0,2678.0,-1832.0,0.21377256317689533,20429472.671000022,99.76968213155287,77.90637415788565
20887,BOX OF 6 PEBBLE CANDLES,118.39,18,8,4,5.615,4511.0,5037.0,526.0,6.577222222222222,20429591.061000023,99.77026030274985,77.92364829849716
90139,FLOWER BROOCH 4 ASSORTED COLOURS,118.24000000000001,23,18,3,5.152222222222223,4512.0,4936.0,424.0,5.1408695652173915,20429709.30100002,99.77083774140453,77.94092243910865
84510E,SET OF 4 GREEN CAROUSEL COASTERS,117.77,148,28,12,1.8128571428571427,4513.0,3806.0,-707.0,0.7957432432432432,20429827.07100002,99.7714128847601,77.95819657972017
22877,"NUMBER TILE COTTAGE GARDEN, 9",117.30999999999999,59,5,4,2.402,4514.0,4434.0,-80.0,1.9883050847457626,20429944.38100002,99.7719857816527,77.97547072033166
35824C,"HANGING FLOWERS+MIRROR,CLEAR",117.05,235,8,8,0.935,4515.0,3464.0,-1051.0,0.4980851063829787,20430061.43100002,99.77255740880537,77.99274486094316
22879,NUMBER TILE VINTAGE FONT 0,117.04,74,20,7,3.023,4516.0,4301.0,-215.0,1.5816216216216217,20430178.47100002,99.7731289871219,78.01001900155468
23244,STORAGE TIN VINTAGE LEAF,117.0,60,7,7,1.95,4517.0,4421.0,-96.0,1.95,20430295.47100002,99.7737003700938,78.02729314216617
72038P,PRICE'S CANDLE PEACH,116.5,1050,9,9,0.15222222222222223,4518.0,2028.0,-2490.0,0.11095238095238096,20430411.97100002,99.77426931125815,78.04456728277768
16206B,RED PURSE WITH PINK HEART,116.4,96,16,14,1.23125,4519.0,4140.0,-379.0,1.2125000000000001,20430528.371000018,99.77483776406096,78.06184142338918
84751B,BLACK MEDIUM GLASS CAKE STAND,115.86,38,19,18,3.0100000000000002,4520.0,4694.0,174.0,3.0489473684210524,20430644.231000017,99.77540357971162,78.07911556400069
20848,ZINC HEART LATTICE CHARGER SMALL,115.05000000000001,39,12,10,2.9500000000000006,4521.0,4682.0,161.0,2.95,20430759.281000018,99.77596543963399,78.09638970461219
20896,VINTAGE NOTEBOOK PINK FLOWER,115.05000000000001,39,14,13,2.95,4521.0,4682.0,161.0,2.95,20430874.33100002,99.77652729955638,78.1136638452237
84462,3 PINK HEN+CHICKS IN BASKET,114.86,100,14,13,1.3264285714285715,4523.0,4086.0,-437.0,1.1486,20430989.19100002,99.77708823159189,78.1309379858352
23185,FRENCH STYLE STORAGE JAR JAM,114.85,317,30,27,0.3516129032258064,4524.0,3185.0,-1339.0,0.36230283911671923,20431104.04100002,99.77764911479125,78.14821212644671
20698,LITTLE PINK MONSTER SOFT TOY,114.44999999999999,47,21,17,2.509090909090909,4525.0,4588.0,63.0,2.435106382978723,20431218.49100002,99.77820804454454,78.16548626705821
23151,ZINC SWEETHEART SOAP DISH,114.33000000000001,61,21,18,2.2395238095238095,4526.0,4410.0,-116.0,1.8742622950819674,20431332.821000017,99.778766388264,78.18276040766972
84509c,SET OF 4 DOTTY PLACEMATS,114.3,15,11,0,7.620000000000001,4527.0,5100.0,573.0,7.62,20431447.121000018,99.77932458547504,78.20003454828122
90049,IVORY GOLD METAL BAG CHARM,114.24,20,6,3,7.489999999999999,4528.0,4992.0,464.0,5.712,20431561.361000016,99.77988248966915,78.21730868889273
23535,WALL ART BICYCLE SAFTEY,114.15,21,3,3,5.75,4529.0,4974.0,445.0,5.435714285714286,20431675.511000015,99.78043995433788,78.23458282950423
90030A,SPOTTED WHITE NATURAL SEED NECKLACE,113.76,79,10,8,2.496,4530.0,4252.0,-278.0,1.4400000000000002,20431789.271000016,99.78099551439674,78.25185697011574
84510c,SET OF 4 POLKADOT COASTERS,113.75999999999999,46,26,0,2.4734615384615384,4531.0,4595.0,64.0,2.4730434782608692,20431903.031000018,99.78155107445559,78.26913111072724
22875,"NUMBER TILE COTTAGE GARDEN, 7",113.41,57,3,2,2.703333333333333,4532.0,4456.0,-76.0,1.9896491228070174,20432016.44100002,99.78210492524914,78.28640525133875
22870,"NUMBER TILE COTTAGE GARDEN, 2",113.40999999999998,57,3,2,2.703333333333333,4533.0,4456.0,-77.0,1.9896491228070172,20432129.85100002,99.7826587760427,78.30367939195025
22868,"NUMBER TILE COTTAGE GARDEN, 0",113.40999999999998,57,3,2,2.703333333333333,4533.0,4456.0,-77.0,1.9896491228070172,20432243.26100002,99.78321262683623,78.32095353256176
84705B,FAIRY CAKES PHOTO FRAME,113.27,84,3,2,4.006666666666667,4535.0,4213.0,-322.0,1.348452380952381,20432356.531000018,99.78376579392365,78.33822767317325
84249A,"GREETING CARD,SQUARE, DOUGHNUTS",113.22,252,34,18,0.6129411764705882,4536.0,3406.0,-1130.0,0.4492857142857143,20432469.751000017,99.78431871683031,78.35550181378477
90179C,BLACK FINE BEAD NECKLACE W TASSEL,112.78,19,16,7,5.933125,4537.0,5018.0,481.0,5.935789473684211,20432582.531000018,99.78486949094632,78.37277595439627
21089,SET/6 GREEN SPRING PAPER CUPS,112.54,323,40,32,0.49725,4538.0,3171.0,-1367.0,0.34842105263157896,20432695.071000017,99.78541909299469,78.39005009500777
44236,PINK/PURPLE CIRCLE CURTAIN,112.32000000000001,64,12,9,2.868461538461539,4539.0,4384.0,-155.0,1.7550000000000001,20432807.391000018,99.78596762064772,78.40732423561928
71510,SQUARE METAL CANDLEHOLDER BASE,112.05,177,17,11,0.7935294117647059,4540.0,3683.0,-857.0,0.6330508474576271,20432919.44100002,99.78651482972468,78.42459837623078
35916A,YELLOW FELT HANGING HEART W FLOWER,112.03999999999999,129,44,7,1.0156818181818181,4541.0,3902.0,-639.0,0.8685271317829457,20433031.481000017,99.78706198996548,78.4418725168423
71495B,CD WALL TIDY RED FLOWERS,111.57000000000001,294,18,8,0.5449999999999999,4542.0,3262.0,-1280.0,0.37948979591836735,20433143.051000018,99.78760685490715,78.4591466574538
35966,FOLKART CHRISTMAS TREE T-LIGHT HOLD,111.34,255,26,20,0.6815384615384615,4543.0,3396.0,-1147.0,0.4366274509803922,20433254.391000018,99.78815059661736,78.47642079806529
10138,ASSORTED COLOUR JUMBO PEN,111.22,261,21,14,0.4776190476190476,4544.0,3376.0,-1168.0,0.4261302681992337,20433365.611000016,99.78869375229372,78.49369493867681
22873,"NUMBER TILE COTTAGE GARDEN, 5",111.14999999999999,57,3,3,1.95,4545.0,4456.0,-89.0,1.95,20433476.761000015,99.78923656611704,78.5109690792883
84493,BLUE/PINK NEST STRIPE BOX,111.12,1142,5,5,1.5619999999999998,4546.0,1917.0,-2629.0,0.09730297723292469,20433587.881000016,99.78977923343191,78.5282432198998
90103,PURPLE FRANGIPANI NECKLACE,110.85,44,30,5,2.521333333333333,4547.0,4613.0,66.0,2.5193181818181816,20433698.731000017,99.7903205821707,78.54551736051133
82069,BEECH WOOD P/FRAME,109.85,17,11,2,6.275454545454545,4548.0,5056.0,508.0,6.461764705882352,20433808.58100002,99.79085704729432,78.56279150112282
22872,"NUMBER TILE COTTAGE GARDEN, 4",109.19999999999999,56,2,2,1.95,4549.0,4468.0,-81.0,1.9499999999999997,20433917.781000018,99.79139033806811,78.58006564173432
22874,"NUMBER TILE COTTAGE GARDEN, 6",109.19999999999999,56,2,2,1.95,4549.0,4468.0,-81.0,1.9499999999999997,20434026.981000017,99.79192362884189,78.59733978234583
22876,"NUMBER TILE COTTAGE GARDEN, 8",109.19999999999999,56,2,2,1.95,4549.0,4468.0,-81.0,1.9499999999999997,20434136.181000017,99.79245691961567,78.61461392295733
22871,"NUMBER TILE COTTAGE GARDEN, 3",109.19999999999999,56,2,2,1.95,4549.0,4468.0,-81.0,1.9499999999999997,20434245.381000016,99.79299021038945,78.63188806356884
85185F,LION SOCK PUPPET,109.15,37,19,16,2.95,4553.0,4706.0,153.0,2.95,20434354.531000014,99.79352325698247,78.64916220418034
84247H,PACK/12 DECOUPAGE CARD,109.13000000000001,42,20,12,2.317,4554.0,4641.0,87.0,2.5983333333333336,20434463.661000013,99.79405620590319,78.66643634479185
90177C,DROP DIAMANTE EARRINGS CRYSTAL,109.03,37,24,6,2.9458333333333333,4555.0,4706.0,151.0,2.946756756756757,20434572.691000015,99.79458866646242,78.68371048540335
90071,RUBY GLASS CLUSTER EARRINGS,108.99,87,73,2,1.253013698630137,4556.0,4199.0,-357.0,1.252758620689655,20434681.681000013,99.79512093167702,78.70098462601486
20667,CHERRY BLOSSOM PURSE,108.69,40,24,6,2.6437500000000003,4557.0,4667.0,110.0,2.71725,20434790.371000014,99.79565173180708,78.71825876662636
90104,PURPLE FRANGIPANI HAIRCLIP,108.11,129,49,11,0.8342,4558.0,3902.0,-656.0,0.8380620155038759,20434898.481000014,99.79617969944036,78.73553290723785
23041,PAPER LANTERN 6 POINT SNOW STAR,107.9,26,6,6,4.15,4559.0,4867.0,308.0,4.15,20435006.381000012,99.79670664151445,78.75280704784937
72753C,S/3 FLWR FAIRY ROSE CANDLES,107.68,43,6,5,4.021666666666667,4560.0,4629.0,69.0,2.504186046511628,20435114.06100001,99.79723250919321,78.77008118846088
90118,PINK DAISY BAG CHARM,107.39,42,29,3,2.576206896551724,4561.0,4641.0,80.0,2.556904761904762,20435221.451000012,99.7977569606236,78.78735532907238
35840,FLAT GLASS BAUBLE WHITE FLOCK,107.13,45,11,5,3.7590909090909093,4562.0,4605.0,43.0,2.3806666666666665,20435328.58100001,99.79828014231403,78.80462946968389
23626,SET 10 CARDS DINKY TREE 17076,107.07000000000001,43,16,0,2.49,4563.0,4629.0,66.0,2.49,20435435.65100001,99.79880303098754,78.82190361029538
23455,SMALL PARLOUR FRAME,106.98000000000002,42,2,2,2.6900000000000004,4564.0,4641.0,77.0,2.5471428571428576,20435542.631000012,99.79932548013572,78.8391777509069
90059D,DIAMANTE HAIR GRIP PACK/2 PERIDOT,106.74,64,40,5,1.67575,4565.0,4384.0,-181.0,1.6678125,20435649.37100001,99.79984675721624,78.8564518915184
84562B,BLUE/WHITE RIBBED MELAMINE JUG,106.59,10,7,5,10.530000000000001,4566.0,5241.0,675.0,10.659,20435755.96100001,99.8003673017545,78.8737260321299
48103,DOORMAT KISS MY.......,106.58,22,2,2,6.035,4567.0,4956.0,389.0,4.844545454545455,20435862.54100001,99.80088779745661,78.89100017274141
35096B,RED VICTORIAN FABRIC HEART BOX,106.49000000000001,293,25,20,0.46759999999999996,4568.0,3266.0,-1302.0,0.3634470989761093,20435969.031000007,99.80140785363334,78.9082743133529
90165A,PINK ROSEBUD PEARL EARRINGS,106.49,42,27,2,2.524074074074074,4569.0,4641.0,72.0,2.5354761904761904,20436075.521000005,99.80192790981008,78.92554845396441
22445,PENCIL CASE GINGHAM FOREST,106.20000000000002,36,4,4,2.95,4570.0,4719.0,149.0,2.9500000000000006,20436181.721000005,99.80244654973842,78.94282259457593
84867A,PINK BABY GIRLS PHOTO ALBUM,105.82000000000001,16,4,3,8.355,4571.0,5076.0,505.0,6.6137500000000005,20436287.541000005,99.80296333389302,78.96009673518742
90051,CRACKED GLAZE NECKLACE RED,105.72,15,11,4,7.0590909090909095,4572.0,5100.0,528.0,7.048,20436393.261000004,99.8034796296861,78.97737087579893
35610A,PINK CHRISTMAS FLOCK DROPLET,105.43,143,12,8,1.5366666666666664,4573.0,3830.0,-743.0,0.7372727272727273,20436498.691000003,99.80399450923079,78.99464501641043
84458,S/3 RABBIT FLOWER/EGG/CARROT ROPE,105.39999999999999,124,20,17,0.85,4574.0,3916.0,-658.0,0.85,20436604.091000002,99.80450924226703,79.01191915702194
22433,WATERING CAN PINK BUNNY,105.3,54,5,5,1.95,4575.0,4484.0,-91.0,1.95,20436709.391000003,99.80502348694175,79.02919329763344
17090D,VANILLA INCENSE 40 CONES IN TIN,105.2,88,28,21,1.2366666666666668,4576.0,4189.0,-387.0,1.1954545454545455,20436814.591000002,99.80553724325495,79.04646743824495
23574,PACKING CHARGE,105.0,14,14,9,7.5,4577.0,5125.0,548.0,7.5,20436919.591000002,99.80605002284513,79.06374157885645
16169D,WRAP WINTER FOREST,105.0,250,9,9,0.42,4577.0,3416.0,-1161.0,0.42,20437024.591000002,99.80656280243531,79.08101571946796
90141A,GREEN PENDANT TRIPLE SHELL NECKLACE,104.95,20,17,4,5.300000000000001,4579.0,4992.0,413.0,5.2475000000000005,20437129.541,99.80707533784474,79.09828986007946
90079,VINTAGE ENAMEL & CRYSTAL NECKLACE,104.77,21,13,5,5.006153846153846,4580.0,4974.0,394.0,4.989047619047619,20437234.311,99.80758699420342,79.11556400069097
21118,SHOPPING BAG DOORSTOP,104.25,69,7,7,2.5357142857142856,4581.0,4346.0,-235.0,1.5108695652173914,20437338.561,99.80809611108225,79.13283814130247
21337,SILVER WASHBAG,103.53000000000002,33,12,7,3.465,4582.0,4759.0,177.0,3.1372727272727277,20437442.091000002,99.80860171175816,79.15011228191398
72801c,4 ROSE PINK DINNER CANDLES,103.47,42,26,0,2.4619230769230773,4583.0,4641.0,58.0,2.4635714285714285,20437545.561,99.80910701941717,79.16738642252548
35910A,MULTICOLOUR EASTER RABBIT,103.35,53,13,12,1.9499999999999997,4584.0,4500.0,-84.0,1.95,20437648.911000002,99.80961174104237,79.18466056313699
84679,CLASSICAL ROSE TABLE LAMP,103.3,14,4,4,8.95,4585.0,5125.0,540.0,7.378571428571428,20437752.211000003,99.8101162184868,79.20193470374849
35594,WOODEN CHRISTMAS TREE 3 HANGING,103.06,165,39,18,0.9984615384615384,4586.0,3742.0,-844.0,0.6246060606060606,20437855.271,99.8106195238636,79.21920884435998
84613A,PINK NEW BAROQUE FLOCK CANDLESTICK,102.3,22,10,9,4.65,4587.0,4956.0,369.0,4.6499999999999995,20437957.571000002,99.81111911769288,79.2364829849715
84968e,S/16 VINTAGE BLACK CUTLERY,101.96,4,4,0,25.49,4588.0,5467.0,879.0,25.49,20438059.531000003,99.81161705109302,79.25375712558301
90125C,TURQUOISE BERTIE GLASS BEAD CHARM,101.35,92,10,5,1.6649999999999998,4589.0,4171.0,-418.0,1.1016304347826087,20438160.881000005,99.81211200548795,79.2710312661945
72369A,PINK CLEAR GLASS CANDLE PLATE,101.28999999999999,67,14,8,1.7473333333333334,4590.0,4361.0,-229.0,1.5117910447761194,20438262.171000004,99.81260666686593,79.28830540680602
16248B,BLUE HOLE PUNCH,101.25,81,12,12,1.25,4591.0,4238.0,-353.0,1.25,20438363.421000004,99.81310113289932,79.30557954741751
84921,CREAM AND PINK FLOWERS PONY,101.25,27,14,13,3.75,4591.0,4846.0,255.0,3.75,20438464.671000004,99.81359559893271,79.32285368802901
85050,FRENCH ENAMEL SOAP DISH WITH LID,100.8,48,1,1,2.1,4593.0,4566.0,-27.0,2.1,20438565.471000005,99.81408786733927,79.34012782864053
72821,CUPID SCENTED CANDLE IN GLASS,100.64999999999999,61,14,13,1.65,4594.0,4410.0,-184.0,1.65,20438666.121000003,99.81457940320357,79.35740196925202
75172,PAINTED SEA SHELL METAL WINDCHIME,100.31,97,11,11,2.1354545454545457,4595.0,4129.0,-466.0,1.0341237113402062,20438766.431,99.81506927863872,79.37467610986353
78027,SEAGRASS S/2 CORNER LAUNDRY,100.15,6,5,3,18.03,4596.0,5385.0,789.0,16.691666666666666,20438866.581,99.81555837269543,79.39195025047503
23611,SET 10 CARDS RED RIDING HOOD 17214,99.60000000000001,40,16,0,2.49,4597.0,4667.0,70.0,2.49,20438966.181,99.81604478076385,79.40922439108654
23464,VINTAGE ZINC WATERING CAN SMALL,99.2,18,8,6,6.2125,4598.0,5037.0,439.0,5.511111111111111,20439065.381,99.81652923538617,79.42649853169806
37471,MULTICOLOUR DOTS PLATE,99.02,692,6,2,4.694999999999999,4599.0,2469.0,-2130.0,0.14309248554913295,20439164.401,99.81701281095779,79.44377267230955
23466,TUSCAN VILLA DOVECOTE,99.0,12,4,4,8.25,4600.0,5179.0,579.0,8.25,20439263.401,99.8174962888571,79.46104681292105
22736,"RIBBON REEL, MAKING SNOWMEN",99.0,60,5,5,1.65,4600.0,4421.0,-179.0,1.65,20439362.401,99.81797976675641,79.47832095353256
23465,TUSCAN VILLA FEEDING STATION,99.0,12,7,7,8.25,4600.0,5179.0,579.0,8.25,20439461.401,99.81846324465573,79.49559509414406
23191,BUNDLE OF 3 RETRO EXERCISE BOOKS,98.99999999999999,60,5,5,1.65,4603.0,4421.0,-182.0,1.6499999999999997,20439560.401,99.81894672255504,79.51286923475557
21266,VINTAGE SILVER TINSEL REEL,98.9,23,9,0,4.3,4604.0,4936.0,332.0,4.3,20439659.301,99.81942971209283,79.53014337536708
90169,DAISY HAIR COMB,98.87,39,23,3,2.527391304347826,4605.0,4682.0,77.0,2.5351282051282054,20439758.171,99.81991255512219,79.54741751597858
37471,MULTICOLOUR POLKADOT PLATE,98.83,713,4,2,2.1075,4606.0,2434.0,-2172.0,0.13861150070126227,20439857.001,99.8203952028069,79.56469165659009
84575A,PINK DOG CANNISTER,98.8,24,13,13,5.334615384615385,4607.0,4897.0,290.0,4.116666666666666,20439955.801,99.82087770398319,79.58196579720159
22878,"NUMBER TILE COTTAGE GARDEN, NO",98.72,45,5,3,2.944,4608.0,4605.0,-3.0,2.1937777777777776,20440054.520999998,99.82135981447026,79.5992399378131
90163B,WHITE ROSEBUD & PEARL NECKLACE,98.45,13,9,2,7.5744444444444445,4609.0,5149.0,540.0,7.573076923076924,20440152.970999997,99.82184060638124,79.6165140784246
84705D,CHERRY BLOSSOM PHOTO FRAME,97.9,22,14,3,4.386,4610.0,4956.0,346.0,4.45,20440250.870999996,99.82231871230388,79.6337882190361
90150,BLUE SHELL+SILVER NECKLACE,97.5,13,8,7,7.5,4611.0,5149.0,538.0,7.5,20440348.370999996,99.82279486478048,79.65106235964761
16161G,WRAP BAD HAIR DAY,97.5,975,33,31,0.1,4611.0,2107.0,-2504.0,0.1,20440445.870999996,99.82327101725707,79.6683365002591
90067A,PINK VINTAGE VICTORIAN EARRINGS,97.24000000000001,33,16,8,2.943125,4613.0,4759.0,146.0,2.9466666666666668,20440543.110999994,99.82374589999372,79.68561064087062
20861,GOLD COSMETIC BAG PINK STAR,96.60000000000001,46,16,15,2.1,4614.0,4595.0,-19.0,2.1,20440639.710999995,99.82421765721669,79.70288478148213
20697,LITTLE GREEN MONSTER SOFT TOY,96.6,40,21,17,2.507142857142857,4615.0,4667.0,52.0,2.415,20440736.310999997,99.82468941443967,79.72015892209363
84465,15 PINK FLUFFY CHICKS IN BOX,96.51,32,23,18,3.041739130434783,4616.0,4775.0,159.0,3.0159375,20440832.821,99.82516073213728,79.73743306270514
85132b,CHARLIE AND LOLA TABLE TINS,95.83999999999999,10,10,0,9.584,4617.0,5241.0,624.0,9.584,20440928.661,99.82562877781274,79.75470720331663
17084J,LOVE POTION MASALA INCENSE,95.76,456,20,17,0.21000000000000002,4618.0,2855.0,-1763.0,0.21000000000000002,20441024.421,99.82609643279898,79.77198134392815
84559a,3D SHEET OF DOG STICKERS,95.69999999999999,57,40,0,1.6787499999999997,4619.0,4456.0,-163.0,1.6789473684210525,20441120.121,99.8265637947683,79.78925548453965
48103,DOOR MAT KISS MY.......,95.15,13,8,8,7.305,4620.0,5149.0,529.0,7.31923076923077,20441215.270999998,99.82702847074931,79.80652962515114
72606A,BROWN ANTIQUE CUBE CANDLE,94.92,226,18,18,0.42,4621.0,3496.0,-1125.0,0.42,20441310.191,99.82749202349885,79.82380376576266
21241,GREEN POLKADOT CUP,94.35,111,10,9,0.85,4622.0,3998.0,-624.0,0.85,20441404.541,99.82795279258774,79.84107790637415
20622,VIP PASSPORT COVER,94.04,43,17,8,2.375294117647059,4623.0,4629.0,6.0,2.1869767441860466,20441498.581,99.82841204775593,79.85835204698566
23402,HOME SWEEET HOME 3 PEG HANGER,93.75,25,4,4,3.75,4624.0,4883.0,259.0,3.75,20441592.331,99.82886988667573,79.87562618759718
90214R,"LETTER ""R"" BLING KEY RING",93.72999999999999,91,50,15,1.0916,4625.0,4176.0,-449.0,1.0299999999999998,20441686.061,99.82932762792323,79.89290032820867
22432,WATERING CAN GREEN DINOSAUR,93.6,48,6,6,1.95,4626.0,4566.0,-60.0,1.95,20441779.661000002,99.82978473430077,79.91017446882017
90024C,NEW BAROQUE B'FLY NECKLACE GREEN,93.48,11,10,5,8.498000000000001,4627.0,5215.0,588.0,8.498181818181818,20441873.141000003,99.83024125464449,79.92744860943168
90026A,GLASS BEAD HOOP NECKLACE BLACK,93.47,11,9,6,8.496666666666666,4628.0,5215.0,587.0,8.497272727272728,20441966.611,99.83069772615204,79.94472275004318
90214G,"LETTER ""G"" BLING KEY RING",93.17999999999999,100,48,13,1.0266666666666666,4629.0,4086.0,-543.0,0.9318,20442059.791,99.83115278141122,79.96199689065469
81950B,FLOWER BLUE CLOCK W/SUCKER,93.1,100,26,14,1.1615384615384614,4630.0,4086.0,-544.0,0.9309999999999999,20442152.891000003,99.83160744598119,79.9792710312662
17084A,TRANQUILITY MASALA INCENSE,92.82,442,18,14,0.21,4631.0,2879.0,-1752.0,0.21,20442245.711000003,99.8320607431389,79.9965451718777
35913B,WHITE/PINK CHICK EASTER DECORATION,92.39,100,21,17,1.065217391304348,4632.0,4086.0,-546.0,0.9239,20442338.101000004,99.8325119403421,80.0138193124892
90075,MONTANA DIAMOND CLUSTER NECKLACE,92.17999999999999,10,8,3,9.2075,4633.0,5241.0,608.0,9.218,20442430.281000003,99.83296211198613,80.03109345310071
84753A,PINK EAU DE COLOGNE BOTTLE,92.16999999999999,97,24,14,1.1537499999999998,4634.0,4129.0,-505.0,0.9502061855670102,20442522.451000005,99.83341223479401,80.04836759371221
21343,GOLD JEWELERY BOX,92.0,20,3,3,8.283333333333333,4635.0,4992.0,357.0,4.6,20442614.451000005,99.83386152738731,80.06564173432372
90089,PINK CRYSTAL SKULL PHONE CHARM,91.89999999999999,104,26,11,1.2326923076923075,4636.0,4047.0,-589.0,0.8836538461538461,20442706.351000004,99.8343103316191,80.08291587493522
85232b,SET OF 3 BABUSHKA STACKING TINS,91.53,9,8,0,10.17,4637.0,5289.0,652.0,10.17,20442797.881000005,99.83475732891328,80.10019001554673
90202C,GREEN ENAMEL FLOWER HAIR TIE,91.46000000000001,31,25,4,2.9524,4638.0,4791.0,153.0,2.9503225806451616,20442889.341000006,99.83520398435442,80.11746415615823
90177B,DROP DIAMANTE EARRINGS BLACK DIAMON,91.38000000000001,31,19,5,2.951578947368421,4639.0,4791.0,152.0,2.9477419354838714,20442980.721000005,99.83565024910631,80.13473829676974
23075,DOUBLE CERAMIC PARLOUR HOOK,91.30000000000001,22,5,5,4.15,4640.0,4956.0,316.0,4.15,20443072.021000005,99.83609612316901,80.15201243738123
90112,PINK DOLLY HAIR CLIPS,91.25,84,20,13,1.108095238095238,4641.0,4213.0,-428.0,1.0863095238095237,20443163.271000005,99.83654175305095,80.16928657799275
84437A,S/6 PINK EASTER DECS IN BOX,90.94999999999999,106,18,17,0.8924999999999998,4642.0,4033.0,-609.0,0.8580188679245282,20443254.221000005,99.83698591784835,80.18656071860426
90202A,PURPLE ENAMEL FLOWER HAIR TIE,90.9,31,23,3,2.93,4643.0,4791.0,148.0,2.9322580645161294,20443345.121000003,99.83742983846498,80.20383485921575
90214D,"LETTER ""D"" BLING KEY RING",90.82,100,50,11,1.0224,4644.0,4086.0,-558.0,0.9081999999999999,20443435.941000003,99.83787336839242,80.22110899982727
84539,KNITTED RABBIT DOLL,90.75,55,11,9,1.6499999999999997,4645.0,4477.0,-168.0,1.65,20443526.691000003,99.8383165564668,80.23838314043876
81952V,ROUND PURPLE CLOCK W/SUCKER,90.52,99,22,6,1.2840909090909092,4646.0,4117.0,-529.0,0.9143434343434343,20443617.211000003,99.83875862130967,80.25565728105026
72783,BLACK SIL'T SQU CANDLE PLATE,90.30000000000001,43,9,7,2.1,4647.0,4629.0,-18.0,2.1,20443707.511000004,99.83919961175722,80.27293142166178
71406C,BLACK ORANGE SQUEEZER,89.92,210,35,21,0.4691428571428571,4648.0,3557.0,-1091.0,0.4281904761904762,20443797.431000005,99.83963874643104,80.29020556227327
84984C,ORIENTAL BLUE C/COVER,89.59,13,8,5,7.390000000000001,4649.0,5149.0,500.0,6.891538461538461,20443887.021000005,99.84007626951184,80.30747970288478
17013C,ORIGAMI LAVENDER INCENSE IN TUBE,89.46000000000001,213,2,2,0.42,4650.0,3542.0,-1108.0,0.42000000000000004,20443976.481000006,99.84051315772268,80.32475384349628
79026B,"S/4 ICON COASTER,ELVIS LIVES",89.25,69,37,17,1.595945945945946,4651.0,4346.0,-305.0,1.2934782608695652,20444065.731000006,99.84094902037432,80.34202798410779
47598,NEW ENGLAND EGG WARMER,89.12,138,32,17,0.7571875,4652.0,3860.0,-792.0,0.6457971014492754,20444154.851000007,99.84138424815602,80.3593021247193
84388,WISE MAN STAR SHAPE EGG PAN,89.03999999999999,70,22,21,1.4856521739130435,4653.0,4338.0,-315.0,1.2719999999999998,20444243.891000006,99.84181908524849,80.3765762653308
20660,VIP LUGGAGE TAG,88.75,71,26,22,1.25,4654.0,4328.0,-326.0,1.25,20444332.641000006,99.84225250609256,80.3938504059423
90162A,ANT SILVER TURQUOISE BOUDICCA RING,88.5,30,11,8,2.95,4655.0,4805.0,150.0,2.95,20444421.141000006,99.84268470603286,80.41112454655381
90059E,DIAMANTE HAIR GRIP PACK/2 RUBY,88.31,53,33,5,1.6712121212121211,4656.0,4500.0,-156.0,1.6662264150943398,20444509.451000005,99.84311597808626,80.42839868716531
35638A,PINK AND BLACK STRING CURTAIN,88.04999999999998,39,6,6,3.9499999999999997,4657.0,4682.0,25.0,2.257692307692307,20444597.501000006,99.84354598039975,80.44567282777682
71495A,CD WALL TIDY BLUE OFFICE,87.96000000000001,225,20,5,0.6395,4658.0,3504.0,-1154.0,0.39093333333333335,20444685.461000007,99.84397554318787,80.46294696838832
84721,MANHATTAN CANVAS ART PICTURE,87.8,20,2,2,8.35,4659.0,4992.0,333.0,4.39,20444773.261000007,99.84440432459756,80.48022110899983
90092,BLUE CRYSTAL BOOT PHONE CHARM,87.50999999999999,102,10,6,0.9175,4660.0,4068.0,-592.0,0.8579411764705881,20444860.77100001,99.84483168975888,80.49749524961133
84891B,GREEN WIRE GOBLET CANDLEHOLDER,87.45,11,6,5,7.95,4661.0,5215.0,554.0,7.95,20444948.22100001,99.84525876190327,80.51476939022284
37462B,"PET MUG, BUDGIE",87.28,170,32,4,0.754375,4662.0,3718.0,-944.0,0.5134117647058823,20445035.50100001,99.84568500383308,80.53204353083434
35822B,"ACRYLIC BEAD CHAIN, BLUE",87.02,229,1,1,0.38,4663.0,3486.0,-1177.0,0.38,20445122.52100001,99.84610997602297,80.54931767144583
20835,FRENCH LATTICE CUSHION COVER,87.02,80,10,8,2.87,4663.0,4242.0,-421.0,1.08775,20445209.54100001,99.84653494821283,80.56659181205735
90088,CRYSTAL KEY+LOCK PHONE CHARM,86.69999999999999,101,14,8,0.9107142857142857,4665.0,4076.0,-589.0,0.8584158415841583,20445296.241000008,99.84695835764587,80.58386595266886
90039C,FIRE POLISHED GLASS BRACELET BLACK,86.65,23,12,3,3.783333333333333,4666.0,4936.0,270.0,3.7673913043478264,20445382.891000006,99.84738152289813,80.60114009328035
23614,SET 10 CARDS 12 DAYS WRAP 17058,86.58,26,11,0,3.33,4667.0,4867.0,200.0,3.33,20445469.471000005,99.84780434629735,80.61841423389187
84424A,FOUR PICTURE WHITE GLASS FRAME,86.25,23,10,10,3.75,4668.0,4936.0,268.0,3.75,20445555.721000005,99.84822555810356,80.63568837450336
35271S,GOLD PRINT PAPER BAG,85.97,420,20,17,0.23399999999999999,4669.0,2936.0,-1733.0,0.2046904761904762,20445641.691000003,99.84864540249754,80.65296251511487
90012B,BLACK DROP CRYSTAL NECKLACE,85.9,17,6,3,7.699999999999999,4670.0,5056.0,386.0,5.052941176470589,20445727.591000002,99.84906490503846,80.67023665572638
90162D,ANT SILVER PURPLE BOUDICCA RING,85.55000000000001,29,14,7,2.95,4671.0,4816.0,145.0,2.95,20445813.141000003,99.84948269831408,80.68751079633788
84454,WOBBLING METAL CHICKEN EASTER,85.53,93,18,11,1.075,4672.0,4164.0,-508.0,0.9196774193548387,20445898.671000004,99.8499003939174,80.7047849369494
85099c,JUMBO BAG BAROQUE BLACK WHITE,85.17,17,10,0,4.975,4673.0,5056.0,383.0,5.01,20445983.841000006,99.85031633141926,80.72205907756089
22844,"DOG FOOD CONTAINER , VINTAGE",85.0,10,3,3,8.5,4674.0,5241.0,567.0,8.5,20446068.841000006,99.85073143870655,80.73933321817239
35838B,S/6 SILVER ORNAMENETAL CANDLE,85.0,100,23,21,0.85,4674.0,4086.0,-588.0,0.85,20446153.841000006,99.85114654599384,80.75660735878391
90026D,GLASS BEAD HOOP NECKLACE AMETHYST,85.0,10,8,6,8.5,4674.0,5241.0,567.0,8.5,20446238.841000006,99.85156165328112,80.7738814993954
90001D,ANTIQUE OLIVE GREEN FLOWER EARRINGS,84.96000000000001,20,11,7,4.246363636363636,4677.0,4992.0,315.0,4.248,20446323.801000006,99.85197656522381,80.7911556400069
17027A,INCENSE BAZAAR CANNABIS,84.84,228,2,1,0.355,4678.0,3488.0,-1190.0,0.3721052631578948,20446408.641000006,99.85239089113269,80.80842978061841
84251B,"GREETING CARD, STICKY GORDON",84.83999999999999,319,61,19,0.3998360655737705,4679.0,3180.0,-1499.0,0.2659561128526645,20446493.481000006,99.85280521704154,80.82570392122992
79051A,SMOKEY GREY COLOUR GLASS,84.75999999999999,236,15,10,0.426,4680.0,3462.0,-1218.0,0.3591525423728813,20446578.241000008,99.8532191522612,80.84297806184142
46775B,BERRIES CHUNKY KNITTED THROW,84.75,5,4,3,16.95,4681.0,5421.0,740.0,16.95,20446662.991000008,99.8536330386447,80.86025220245293
16051,TEATIME PENCIL W STAMP ASST,84.69,941,4,3,0.4325,4682.0,2148.0,-2534.0,0.09,20446747.68100001,99.8540466320113,80.87752634306443
23456,MEDIUM PARLOUR FRAME,84.1,22,2,2,3.95,4683.0,4956.0,273.0,3.8227272727272723,20446831.78100001,99.85445734404496,80.89480048367594
84251F,"GREETING CARD, RITA",83.97,341,50,26,0.4414,4684.0,3122.0,-1562.0,0.24624633431085044,20446915.75100001,99.85486742120865,80.91207462428744
90141C,TURQ PENDANT TRIPLE SHELL NECKLACE,83.69,16,13,4,5.295384615384616,4685.0,5076.0,391.0,5.230625,20446999.44100001,99.8552761309601,80.92934876489895
22016,DOTCOMGIFTSHOP GIFT VOUCHER £100.00,83.33,1,1,0,83.33,4686.0,5647.0,961.0,83.33,20447082.77100001,99.85568308261008,80.94662290551045
23442,12 HANGING EGGS HAND PAINTED,83.2,40,7,7,2.08,4687.0,4667.0,-20.0,2.08,20447165.97100001,99.85608939939013,80.96389704612196
82605,OLD DOC.RUSSEL METAL SIGN,82.94,41,24,4,2.185,4688.0,4658.0,-30.0,2.0229268292682927,20447248.91100001,99.8564944464302,80.98117118673346
90176D,DIAMANTE NECKLACE PURPLE,82.81,11,7,6,7.5442857142857145,4689.0,5215.0,526.0,7.528181818181818,20447331.72100001,99.85689885860033,80.99844532734497
84030C,KNITTED RAINBOW HOT WATER BOTTLE,82.78,21,6,4,4.421666666666667,4690.0,4974.0,284.0,3.941904761904762,20447414.50100001,99.857303124262,81.01571946795647
90002B,FLOWER BURST SILVER RING ROSE,82.74,22,11,7,3.771818181818182,4691.0,4956.0,265.0,3.7609090909090908,20447497.241000008,99.85770719457906,81.03299360856798
90177E,DROP DIAMANTE EARRINGS GREEN,82.71000000000001,28,22,3,2.9545454545454546,4692.0,4828.0,136.0,2.953928571428572,20447579.95100001,99.85811111838767,81.05026774917948
90189A,SILVER 2 STRAND NECKLACE-LEAF CHARM,82.64,11,8,5,7.5175,4693.0,5215.0,522.0,7.512727272727273,20447662.59100001,99.85851470034322,81.06754188979099
90130A,WHITE STONE/CRYSTAL EARRINGS,82.51,28,16,6,2.944375,4694.0,4828.0,134.0,2.9467857142857143,20447745.10100001,99.8589176474288,81.08481603040248
90069,RUBY GLASS CLUSTER NECKLACE,82.5,11,5,5,7.5,4695.0,5215.0,520.0,7.5,20447827.60100001,99.85932054567823,81.102090171014
21699,SET 5 MINI CHOCOLATE FRIDGE MAGNETS,82.44,108,3,2,1.2266666666666666,4696.0,4016.0,-680.0,0.7633333333333333,20447910.041000012,99.85972315091075,81.1193643116255
84907,PINK/YELLOW PATCH CUSHION COVER,82.34,8,5,3,11.878,4697.0,5312.0,615.0,10.2925,20447992.381000012,99.86012526778175,81.136638452237
90183B,AMETHYST DROP EARRINGS W LONG BEADS,81.92999999999999,28,24,0,2.9304166666666664,4698.0,4828.0,130.0,2.9260714285714284,20448074.31100001,99.86052538237054,81.15391259284851
22579,WOODEN TREE CHRISTMAS SCANDISPOT,81.6,96,3,3,0.85,4699.0,4140.0,-559.0,0.85,20448155.911000013,99.86092388536635,81.17118673346
22566,"FELTCRAFT HAIRBAND S/2, PINK/PURPLE",81.6,96,8,8,0.85,4699.0,4140.0,-559.0,0.85,20448237.511000015,99.86132238836217,81.18846087407151
35610C,WHITE CHRISTMAS FLOCK DROPLET,81.56,94,8,6,1.46875,4701.0,4157.0,-544.0,0.8676595744680852,20448319.071000014,99.86172069601335,81.20573501468303
72779,SET/6 BLACK ROSE T-LIGHT CANDLES,81.12,48,15,14,1.69,4702.0,4566.0,-136.0,1.6900000000000002,20448400.191000015,99.86211685487388,81.22300915529452
16201B,PASTEL BLUE PHOTO ALBUM,81.1,34,5,2,2.838,4703.0,4749.0,46.0,2.385294117647059,20448481.291000016,99.8625129160621,81.24028329590602
90121B,VINTAGE ROSE BEAD BRACELET BLUE,80.75,19,9,8,4.25,4704.0,5018.0,314.0,4.25,20448562.041000016,99.86290726798502,81.25755743651753
22530,MAGIC SLATE DOLLY GIRL,80.64,192,4,4,0.42,4705.0,3629.0,-1076.0,0.42,20448642.681000017,99.8633010827103,81.27483157712904
22531,MAGIC SLATE CIRCUS PARADE,80.64,192,4,4,0.42,4705.0,3629.0,-1076.0,0.42,20448723.321000017,99.86369489743555,81.29210571774054
84596I,WRAP SWEETS LIGHT PINK SMALL BOWL,80.62,72,10,9,1.3472727272727274,4707.0,4313.0,-394.0,1.1197222222222223,20448803.94100002,99.86408861448851,81.30937985835205
17011E,ORIGAMI OPIUM SCENT INCENSE+FLOWER,80.60000000000001,124,1,1,0.65,4708.0,3916.0,-792.0,0.65,20448884.54100002,99.86448223386917,81.32665399896355
22346,PARTY PIZZA DISH GREEN RETROSPOT,80.50999999999999,89,19,12,1.063157894736842,4709.0,4185.0,-524.0,0.9046067415730336,20448965.05100002,99.86487541372446,81.34392813957506
DCGS0069,OOH LA LA DOGS COLLAR,80.31,5,5,0,16.062,4710.0,5421.0,711.0,16.062,20449045.36100002,99.86526761685673,81.36120228018656
84415B,BLUE FLOCK CUSHION COVER,80.0,24,7,3,3.392857142857143,4711.0,4897.0,186.0,3.3333333333333335,20449125.36100002,99.86565830606828,81.37847642079807
35265,COLOURFUL FLOWER FRUIT BOWL,80.0,21,16,14,3.453125,4711.0,4974.0,263.0,3.8095238095238093,20449205.36100002,99.86604899527985,81.39575056140957
23370,SET 36 COLOUR PENCILS DOILEY,80.0,64,3,3,1.25,4711.0,4384.0,-327.0,1.25,20449285.36100002,99.86643968449141,81.41302470202108
90059F,DIAMANTE HAIR GRIP PACK/2 LT ROSE,79.87,48,27,5,1.6688888888888886,4714.0,4566.0,-148.0,1.6639583333333334,20449365.23100002,99.86682973883302,81.43029884263258
90206A,GOLD DIAMANTE STAR BROOCH,79.6,16,12,5,4.983333333333333,4715.0,5076.0,361.0,4.975,20449444.831000023,99.86721847459853,81.44757298324409
90125B,AQUA BERTIE GLASS BEAD BAG CHARM,79.57,44,17,6,2.2058823529411766,4716.0,4613.0,-103.0,1.8084090909090909,20449524.401000023,99.86760706385559,81.46484712385559
84795E,RIO PINK STRIPE HAMMOCK,79.5,10,5,3,7.95,4717.0,5241.0,524.0,7.95,20449603.901000023,99.86799531125958,81.48212126446708
22649,STRAWBERRY CAKE TEAPOT,79.2,16,4,4,4.95,4718.0,5076.0,358.0,4.95,20449683.101000022,99.86838209357902,81.4993954050786
84548,CROCHET BEAR RED/BLUE KEYRING,79.19999999999999,48,13,11,1.65,4719.0,4566.0,-153.0,1.6499999999999997,20449762.30100002,99.86876887589847,81.5166695456901
90038B,GLASS AND PAINTED BEADS BRACELET OL,79.19,21,13,2,3.7838461538461536,4720.0,4974.0,254.0,3.770952380952381,20449841.491000023,99.86915560938178,81.5339436863016
90064A,WHITE VINTAGE CRYSTAL EARRINGS,79.14,20,12,4,4.054166666666667,4721.0,4992.0,271.0,3.957,20449920.631000023,99.86954209868432,81.55121782691312
90039B,FIRE POLISHED GLASS BRACELET MONTAN,78.99,21,11,3,3.771818181818182,4722.0,4974.0,252.0,3.761428571428571,20449999.62100002,99.86992785544457,81.56849196752461
90064B,BLACK VINTAGE CRYSTAL EARRINGS,78.75,21,12,8,3.75,4723.0,4974.0,251.0,3.75,20450078.37100002,99.87031244013721,81.58576610813611
22344,PARTY PIZZA DISH PINK WHITE SPOT,78.72999999999999,75,19,10,1.1973684210526316,4724.0,4290.0,-434.0,1.0497333333333332,20450157.101000022,99.87069692715754,81.60304024874763
35931,PINK STAR CHRISTMAS DECORATION,78.11999999999999,156,15,14,0.48466666666666663,4725.0,3776.0,-949.0,0.5007692307692307,20450235.221000023,99.87107843517265,81.62031438935912
84455,SET OF 3 RABBIT CARROTS EASTER,77.96,85,20,15,1.014,4726.0,4208.0,-518.0,0.9171764705882353,20450313.181000024,99.87145916180931,81.63758852997064
90214H,"LETTER ""H"" BLING KEY RING",77.71,83,53,14,0.9809433962264151,4727.0,4223.0,-504.0,0.9362650602409638,20450390.891000025,99.8718386675422,81.65486267058213
23497,CLASSIC CROME BICYCLE BELL,77.4,60,2,2,1.35,4728.0,4421.0,-307.0,1.29,20450468.291000023,99.87221665935438,81.67213681119364
21450,DISTRESSED CANDLE STICK WHITE,77.35,13,3,3,5.95,4729.0,5149.0,420.0,5.949999999999999,20450545.641000025,99.87259440698583,81.68941095180516
90176C,DIAMANTE NECKLACE,77.0,10,6,4,7.833333333333333,4730.0,5241.0,511.0,7.7,20450622.641000025,99.87297044535197,81.70668509241665
21595,DAD'S CAB ELECTRONIC METER,76.95,9,9,0,8.55,4731.0,5289.0,558.0,8.55,20450699.591000024,99.87334623953733,81.72395923302815
84251C,"GREETING CARD, TWO SISTERS.",76.67999999999999,247,53,13,0.43830188679245285,4732.0,3429.0,-1303.0,0.3104453441295546,20450776.271000024,99.87372071514662,81.74123337363966
85014b,RED/WHITE DOTS RUFFLED UMBRELLA,76.60000000000001,6,5,0,12.776,4733.0,5385.0,652.0,12.766666666666667,20450852.871000025,99.87409480006669,81.75850751425116
84425A,WHITE GLASS TV TRIPLE FRAME,76.6,18,9,8,4.2555555555555555,4734.0,5037.0,303.0,4.2555555555555555,20450929.471000027,99.87446888498678,81.77578165486267
90100,NECKLACE+BRACELET SET PINK DAISY,76.5,30,12,7,2.55,4735.0,4805.0,70.0,2.55,20451005.971000027,99.87484248154533,81.79305579547417
90214N,"LETTER ""N"" BLING KEY RING",76.39999999999999,78,43,11,1.048181818181818,4736.0,4259.0,-477.0,0.9794871794871793,20451082.371000025,99.87521558974237,81.81032993608568
90020,FILIGREE DIAMANTE CHAIN,76.23,6,4,2,12.682500000000001,4737.0,5385.0,648.0,12.705,20451158.601000026,99.87558786772485,81.82760407669718
90176A,CLASSIC DIAMANTE NECKLACE JET,75.88,10,7,3,7.581428571428572,4738.0,5241.0,503.0,7.587999999999999,20451234.481000025,99.87595843644202,81.84487821730869
35815P,"ACRYLIC JEWEL SNOWFLAKE, PINK",75.88,168,7,7,1.1171428571428572,4738.0,3732.0,-1006.0,0.45166666666666666,20451310.361000024,99.87632900515916,81.8621523579202
22416,SET OF 36 SPACEBOY PAPER DOILIES,75.42,51,8,7,1.63375,4740.0,4524.0,-216.0,1.4788235294117646,20451385.781000026,99.87669732741338,81.8794264985317
62043B,BLUE CHECK BAG W HANDLE 34X20CM,75.16,54,10,8,1.2399999999999998,4741.0,4484.0,-257.0,1.391851851851852,20451460.941000026,99.87706437992765,81.8967006391432
16161E,WRAP BOUDOIR,75.0,750,9,8,0.1,4742.0,2375.0,-2367.0,0.1,20451535.941000026,99.87743065106349,81.91397477975471
23061,VINTAGE ENGRAVED HEART,75.0,60,4,4,1.25,4742.0,4421.0,-321.0,1.25,20451610.941000026,99.87779692219934,81.9312489203662
37399,"ASS RETROSPOOF MUGS,SPORTS",75.0,143,6,6,0.9733333333333333,4742.0,3830.0,-912.0,0.5244755244755245,20451685.941000026,99.87816319333518,81.94852306097772
72802a,ROSE SCENT CANDLE IN JEWELLED BOX,74.97,9,4,0,8.379999999999999,4745.0,5289.0,544.0,8.33,20451760.911000025,99.87852931796256,81.96579720158923
84968d,SET OF 16 VINTAGE RED CUTLERY,74.88,3,3,0,24.959999999999997,4746.0,5514.0,768.0,24.959999999999997,20451835.791000023,99.87889500306459,81.98307134220073
72807a,SET/3 ROSE CANDLE IN JEWELLED BOX,74.78999999999999,9,6,0,8.319999999999999,4747.0,5289.0,542.0,8.309999999999999,20451910.581000023,99.87926024864124,82.00034548281224
84757,ENCHANTED GARDEN WROUGHT IRON TABLE,74.75,5,4,4,14.95,4748.0,5421.0,673.0,14.95,20451985.331000023,99.8796252988733,82.01761962342373
23044,PAPER LANTERN 9 POINT HOLLY STAR 23,74.7,18,5,5,4.15,4749.0,5037.0,288.0,4.15,20452060.03100002,99.87999010492459,82.03489376403525
23068,ALUMINIUM HEART,74.7,30,6,6,2.49,4749.0,4805.0,56.0,2.49,20452134.73100002,99.88035491097588,82.05216790464675
21267,VINTAGE PINK TINSEL REEL,74.6,24,10,3,3.4200000000000004,4751.0,4897.0,146.0,3.108333333333333,20452209.331000023,99.88071922866568,82.06944204525824
90012A,MIDNIGHT BLUE DROP CRYSTAL NECKLACE,74.38,13,7,2,8.097142857142858,4752.0,5149.0,397.0,5.7215384615384615,20452283.71100002,99.88108247196013,82.08671618586976
84919,L BLUE C/COVER W PINK/YELLOW FLOWER,74.31,8,4,2,11.6275,4753.0,5312.0,559.0,9.28875,20452358.02100002,99.8814453734015,82.10399032648125
84593,CROCHET ROSE DES CLOTHES HANGER,73.75,25,7,7,2.95,4754.0,4883.0,129.0,2.95,20452431.77100002,99.88180554001842,82.12126446709276
15030,FAN BLACK FRAME,73.66,254,26,23,0.29,4755.0,3399.0,-1356.0,0.29,20452505.43100002,99.88216526710997,82.13853860770428
90130C,GREEN STONE/CRYSTAL EARRINGS,73.62,25,24,2,2.9441666666666664,4756.0,4883.0,127.0,2.9448000000000003,20452579.05100002,99.88252479885692,82.15581274831577
79331,PINK FLOCK GLASS CANDLEHOLDER,73.6,60,9,8,1.3677777777777775,4757.0,4421.0,-336.0,1.2266666666666666,20452652.651000023,99.88288423293157,82.17308688892727
84447,6 RABBIT CHAIN EASTER,72.42,69,19,7,1.361578947368421,4758.0,4346.0,-412.0,1.0495652173913044,20452725.071000025,99.88323790434035,82.19036102953878
90214B,"LETTER ""B"" BLING KEY RING",72.33,75,40,13,1.0195,4759.0,4290.0,-469.0,0.9643999999999999,20452797.401000023,99.88359113622374,82.20763517015028
84427B,BLACK GLASS TV DOUBLE P/FRAME 15X10,72.25,17,5,5,4.25,4760.0,5056.0,296.0,4.25,20452869.651000023,99.88394397741793,82.22490931076179
90027D,GLASS BEAD HOOP EARRINGS AMETHYST,72.18,23,16,6,3.18875,4761.0,4936.0,175.0,3.138260869565218,20452941.831000023,99.88429647675908,82.2421834513733
84746,PINK EASTER HENS+FLOWER,72.06,23,16,6,3.105,4762.0,4936.0,174.0,3.13304347826087,20453013.89100002,99.88464839006637,82.2594575919848
90031,BILI NUT AND WOOD NECKLACE,71.9,52,9,5,3.2111111111111112,4763.0,4510.0,-253.0,1.3826923076923079,20453085.79100002,99.88499952199527,82.2767317325963
90038C,GLASS AND BEADS BRACELET IVORY,71.46000000000001,19,9,3,3.7733333333333334,4764.0,5018.0,254.0,3.7610526315789476,20453157.25100002,99.8853485051335,82.29400587320781
35937,CERISE+GOLD CHRISTMAS STOCKING DEC,71.44,188,17,16,0.38,4765.0,3644.0,-1121.0,0.38,20453228.691000022,99.88569739059943,82.31128001381931
90060D,FIRE POLISHED GLASS NECKL BRONZE,71.4,12,8,6,5.95,4766.0,5179.0,413.0,5.95,20453300.09100002,99.88604608072075,82.32855415443082
17007B,S/3 POT POURI CUSHIONS BLUE COLOURS,71.4,34,6,6,2.1,4766.0,4749.0,-17.0,2.1,20453371.49100002,99.88639477084207,82.34582829504232
84925C,FAIRY CAKES WALL THERMOMETER,71.39999999999999,28,10,10,2.55,4768.0,4828.0,60.0,2.55,20453442.891000018,99.88674346096337,82.36310243565383
37509,NEW ENGLAND MUG W GIFT BOX,71.39999999999999,28,14,14,2.55,4768.0,4828.0,60.0,2.55,20453514.291000016,99.8870921510847,82.38037657626533
22950,SET OF 36 VINTAGE CHRISTMAS DOILIES,71.27,38,8,6,1.8175,4770.0,4694.0,-76.0,1.8755263157894735,20453585.561000016,99.88744020633604,82.39765071687684
84415A,PINK FLOCK SUEDE CUSHION COVER,71.25,27,6,3,2.9166666666666665,4771.0,4846.0,75.0,2.638888888888889,20453656.811000016,99.88778816391509,82.41492485748833
90037B,TINY CRYSTAL BRACELET GREEN,71.17,28,10,5,2.527,4772.0,4828.0,56.0,2.5417857142857145,20453727.981000017,99.88813573080493,82.43219899809985
23413,DECROTIVEVINTAGE COFFEE GRINDER BOX,71.08,12,6,4,6.896666666666666,4773.0,5179.0,406.0,5.923333333333333,20453799.061000016,99.88848285816941,82.44947313871135
90179A,AMBER FINE BEAD NECKLACE W TASSEL,71.0,12,9,5,5.905555555555556,4774.0,5179.0,405.0,5.916666666666667,20453870.061000016,99.88882959484468,82.46674727932285
84803B,WHITE ALLIUM ARTIFICIAL FLOWER,70.98,42,11,10,1.69,4775.0,4641.0,-134.0,1.6900000000000002,20453941.041000016,99.88917623384765,82.48402141993436
16256C,HEARTS PENCIL/RUBBER+5 MINI PENCILS,70.98,169,10,8,0.42000000000000004,4775.0,3725.0,-1050.0,0.42000000000000004,20454012.021000016,99.8895228728506,82.50129556054586
84905,PINK BUTTERFLY C/COVER,70.82,10,6,3,7.596666666666667,4777.0,5241.0,464.0,7.081999999999999,20454082.841000017,99.88986873047514,82.51856970115736
84086B,YELLOW/BLUE RETRO RADIO,70.80000000000001,24,12,7,2.95,4778.0,4897.0,119.0,2.9500000000000006,20454153.641000018,99.89021449042738,82.53584384176888
90187B,GREEN DROP EARRINGS W BEAD CLUSTER,70.6,21,15,2,3.366,4779.0,4974.0,195.0,3.3619047619047615,20454224.24100002,99.89055927365659,82.55311798238037
20958,PORCELAIN HANGING BELL LARGE,70.5,38,10,9,1.92,4780.0,4694.0,-86.0,1.855263157894737,20454294.74100002,99.89090356852428,82.57039212299188
90202B,WHITE ENAMEL FLOWER HAIR TIE,70.49,24,16,3,2.936875,4781.0,4897.0,116.0,2.9370833333333333,20454365.231000017,99.89124781455581,82.58766626360338
90050,CRACKED GLAZE NECKLACE IVORY,70.16,10,6,2,7.06,4782.0,5241.0,459.0,7.016,20454435.391000018,99.89159044899436,82.60494040421489
22949,SET OF 36 DOLLY GIRL PAPER DOILIES,69.66,45,15,12,1.744,4783.0,4605.0,-178.0,1.5479999999999998,20454505.051000018,99.89193064162534,82.6222145448264
90131,PINK/AMETHYST/GOLD NECKLACE,69.62,10,5,4,6.974000000000001,4784.0,5241.0,457.0,6.962000000000001,20454574.67100002,99.89227063891171,82.6394886854379
gift_0001_80,DOTCOMGIFTSHOP GIFT VOUCHER £80.00,69.56,1,1,0,69.56,4785.0,5647.0,862.0,69.56,20454644.231000017,99.89261034318116,82.6567628260494
84918,CREAM C/COVER W YELLOW/GREEN FLOWER,69.5,10,3,3,6.95,4786.0,5241.0,455.0,6.95,20454713.731000017,99.8929497544337,82.6740369666609
81952V,ROUND PURPLE CLOCK WITH SUCKER,69.35,365,24,22,0.19,4787.0,3061.0,-1726.0,0.18999999999999997,20454783.08100002,99.89328843314398,82.69131110727241
72140F,HAPPY ANNIVERSARY CANDLE LETTERS,69.18,175,14,14,0.41600000000000004,4788.0,3693.0,-1095.0,0.39531428571428573,20454852.26100002,99.89362628163968,82.70858524788392
35916B,BLUE FELT HANGING HEART W FLOWER,69.1,57,16,4,1.458125,4789.0,4456.0,-333.0,1.212280701754386,20454921.36100002,99.89396373944618,82.72585938849542
90059C,DIAMANTE HAIR GRIP PACK/2 MONTANA,68.17999999999999,41,23,6,1.671304347826087,4790.0,4658.0,-132.0,1.6629268292682926,20454989.54100002,99.89429670432673,82.74313352910693
71215,METAL BASE FOR CANDLES,68.1,177,12,10,0.4091666666666667,4791.0,3683.0,-1108.0,0.3847457627118644,20455057.64100002,99.89462927851808,82.76040766971843
47420,ASSORTED COLOUR SUCTION CUP HOOK,68.02,358,31,23,0.19,4792.0,3076.0,-1716.0,0.19,20455125.66100002,99.89496146202022,82.77768181032994
84857A,SILVER MONTE CARLO HANDBAG,68.0,8,3,2,8.5,4793.0,5312.0,519.0,8.5,20455193.66100002,99.89529354785005,82.79495595094144
DCGS0004,HAYNES CAMPER SHOULDER BAG,67.94,4,4,0,16.985,4794.0,5467.0,673.0,16.985,20455261.601000022,99.89562534066297,82.81223009155295
90140,PINK SWEETIE NECKLACE,67.9,9,7,2,7.557142857142857,4795.0,5289.0,494.0,7.544444444444445,20455329.50100002,99.89595693813128,82.82950423216445
90026B,GLASS BEAD HOOP NECKLACE MONTANA,67.82,8,7,4,8.474285714285715,4796.0,5312.0,516.0,8.4775,20455397.32100002,99.89628814491039,82.84677837277596
90026C,GLASS BEAD HOOP NECKLACE GREEN,67.82,8,6,5,8.47,4796.0,5312.0,516.0,8.4775,20455465.14100002,99.8966193516895,82.86405251338745
20879,TREE OF NOAH FESTIVE SCENTED CANDLE,67.8,57,11,8,1.8027272727272725,4798.0,4456.0,-342.0,1.1894736842105262,20455532.941000022,99.89695046079629,82.88132665399897
84596e,SMALL LICORICE DES PINK BOWL,67.77,27,17,0,2.51,4799.0,4846.0,47.0,2.51,20455600.71100002,99.89728142339465,82.89860079461047
90002E,FLOWER BURST SILVER RING GREEN,67.77,18,11,7,3.774545454545455,4799.0,5037.0,238.0,3.7649999999999997,20455668.48100002,99.89761238599299,82.91587493522198
84864A,PINK PAISLEY PHOTO ALBUM,67.71000000000001,7,4,3,8.455,4801.0,5361.0,560.0,9.672857142857143,20455736.191000022,99.89794305557443,82.93314907583348
90078,PINK/WHITE GLASS DEMI CHOKER,67.64,9,5,4,7.5280000000000005,4802.0,5289.0,487.0,7.515555555555555,20455803.831000023,99.89827338330282,82.95042321644497
90024F,NEW BAROQUE B'FLY NECKLACE CRYSTAL,67.61,8,6,2,8.436666666666667,4803.0,5312.0,509.0,8.45125,20455871.441000022,99.89860356452273,82.9676973570565
84926B,SCOTTS ROSES TILE COASTER,67.5,54,10,8,1.25,4804.0,4484.0,-320.0,1.25,20455938.941000022,99.89893320854499,82.984971497668
47341B,BLUE TABLE RUN FLOWER,67.5,48,14,13,1.7857142857142858,4804.0,4566.0,-238.0,1.40625,20456006.441000022,99.89926285256725,83.00224563827949
47504J,ENGLISH ROSE SET/3 GARDEN TOOLS,67.25,5,4,2,14.825,4806.0,5421.0,615.0,13.45,20456073.691000022,99.89959127568572,83.01951977889101
90214P,"LETTER ""P"" BLING KEY RING",66.59,77,33,13,1.0396969696969698,4807.0,4272.0,-535.0,0.8648051948051948,20456140.28100002,99.8999164756182,83.0367939195025
35819P,"ACRYLIC HANGING JEWEL,PINK",66.55,95,7,7,0.5042857142857143,4808.0,4154.0,-654.0,0.7005263157894737,20456206.831000023,99.90024148020608,83.054068060114
90037A,TINY CRYSTAL BRACELET RED,66.31,26,12,4,2.5508333333333333,4809.0,4867.0,58.0,2.5503846153846155,20456273.14100002,99.9005653127263,83.07134220072552
40002,WHITE BAMBOO RIBS LAMPSHADE,66.3,78,1,1,0.85,4810.0,4259.0,-551.0,0.85,20456339.441000022,99.9008890964104,83.08861634133702
90037C,TINY CRYSTAL BRACELET BLUE,66.08,26,13,4,2.5330769230769232,4811.0,4867.0,56.0,2.5415384615384613,20456405.52100002,99.90121180569913,83.10589048194852
85072,OCCASIONS GIFT CARD ASSORTMENT,66.0,120,1,1,0.55,4812.0,3935.0,-877.0,0.55,20456471.52100002,99.90153412429868,83.12316462256003
79329,PINK FLOCK GLASS CANDLEHOLDER,65.94,100,7,7,1.2871428571428571,4813.0,4086.0,-727.0,0.6594,20456537.46100002,99.90185614988133,83.14043876317153
84340,LARGE FIBRE OPTIC CHRISTMAS TREE,65.76,21,11,5,4.346363636363637,4814.0,4974.0,160.0,3.1314285714285717,20456603.221000023,99.90217729641323,83.15771290378304
79406,FROSTED WHITE BASE,65.62,259,21,14,0.3961904761904762,4815.0,3382.0,-1433.0,0.2533590733590734,20456668.841000024,99.90249775923901,83.17498704439454
90179B,PURPLE FINE BEAD NECKLACE W TASSEL,65.31,11,9,5,5.934444444444445,4816.0,5215.0,399.0,5.9372727272727275,20456734.151000023,99.9028167081441,83.19226118500605
72812,LARGE ZINC/GLASS CANDLEHOLDER,65.23,27,9,5,2.8133333333333335,4817.0,4846.0,29.0,2.4159259259259263,20456799.381000023,99.90313526635998,83.20953532561755
47016,LIGHT DECORATION BATTERY OPERATED,65.10000000000001,31,5,4,2.1,4818.0,4791.0,-27.0,2.1,20456864.481000025,99.9034531897059,83.22680946622906
84705A,ENGLISH ROSE PHOTO FRAME,65.10000000000001,14,7,5,4.65,4818.0,5125.0,307.0,4.65,20456929.581000026,99.90377111305182,83.24408360684056
90141B,IVORY PENDANT TRIPLE SHELL NECKLACE,64.94,13,9,2,5.015555555555555,4820.0,5149.0,329.0,4.995384615384615,20456994.521000028,99.90408825501932,83.26135774745207
23235,BISCUIT TIN VINTAGE LEAF,64.56,24,3,3,2.7566666666666664,4821.0,4897.0,76.0,2.69,20457059.081000026,99.90440354121304,83.27863188806357
90046,WHITE WITH METAL BAG CHARM,64.35,13,7,6,4.95,4822.0,5149.0,327.0,4.949999999999999,20457123.431000028,99.90471780184761,83.29590602867508
84551,CROCHET DOG KEYRING,64.35,39,8,6,1.65,4822.0,4682.0,-140.0,1.65,20457187.78100003,99.90503206248216,83.31318016928658
90074,BLACK DIAMOND CLUSTER NECKLACE,64.09,7,6,4,9.19,4824.0,5361.0,537.0,9.155714285714286,20457251.87100003,99.90534505337678,83.33045430989809
79534,MULTICOLOUR GLASS PLATE,63.800000000000004,116,16,14,0.55,4825.0,3969.0,-856.0,0.55,20457315.67100003,99.90565662802301,83.34772845050958
23253,16 PC CUTLERY SET PANTRY DESIGN,63.8,4,1,1,15.95,4826.0,5467.0,641.0,15.95,20457379.47100003,99.90596820266924,83.3650025911211
84968B,SET OF 16 VINTAGE IVORY CUTLERY,63.75,5,5,4,12.75,4827.0,5421.0,594.0,12.75,20457443.22100003,99.90627953313471,83.3822767317326
85018A,S/6 PAPER BOXES ROMANTIC IMAGES,63.75,15,10,10,4.25,4827.0,5100.0,273.0,4.25,20457506.97100003,99.90659086360016,83.3995508723441
85018B,S/6 PAPER BOXES BLOSSOM IMAGES,63.75,15,10,10,4.25,4827.0,5100.0,273.0,4.25,20457570.72100003,99.90690219406562,83.41682501295561
20791,BLUE TILED SET OF 3 DRAWERS,63.75,5,1,1,12.75,4827.0,5421.0,594.0,12.75,20457634.47100003,99.9072135245311,83.4340991535671
20905,VINTAGE KEEPSAKE BOX BEAUTY GIRL,63.5,10,4,3,6.35,4831.0,5241.0,410.0,6.35,20457697.97100003,99.90752363409278,83.45137329417861
22845,"CAT FOOD CONTAINER , VINTAGE",63.49999999999999,10,3,3,6.349999999999999,4832.0,5241.0,409.0,6.35,20457761.47100003,99.90783374365446,83.46864743479013
90205A,LARGE MINT DIAMANTE HAIRSLIDE,63.46,38,22,6,1.674090909090909,4833.0,4694.0,-139.0,1.67,20457824.93100003,99.90814365787153,83.48592157540162
37491D,PURPLE/BLUE CERAMIC CANDLE HOLDER,63.28,26,13,5,2.696923076923077,4834.0,4867.0,33.0,2.433846153846154,20457888.211000033,99.90845269303789,83.50319571601312
22987,"WRAP , SUMMER ROSE DESIGN",63.0,150,6,6,0.42,4835.0,3795.0,-1040.0,0.42,20457951.211000033,99.90876036079199,83.52046985662463
72709,IVORY SCULPTED RND CANDLE,62.9,74,13,10,0.8499999999999999,4836.0,4301.0,-535.0,0.85,20458014.11100003,99.90906754018458,83.53774399723613
84529B,BLUE KNITTED KID'S RUCKSACK,62.35,13,5,2,5.226,4837.0,5149.0,312.0,4.796153846153846,20458076.461000033,99.90937203358885,83.55501813784765
35607B,BLACK FEATHER CHRISTMAS DECORATION,62.3,312,17,15,0.2788235294117647,4838.0,3204.0,-1634.0,0.19967948717948716,20458138.761000033,99.90967628281237,83.57229227845914
47348A,FUSCHIA VOILE POINTY SHOE DEC,62.01,103,16,12,0.78,4839.0,4058.0,-781.0,0.6020388349514563,20458200.771000035,99.90997911578748,83.58956641907065
84450B,PINK/YELLOW RABBIT SAT EASTER,61.92,88,29,4,0.7427586206896551,4840.0,4189.0,-651.0,0.7036363636363636,20458262.691000037,99.91028150923724,83.60684055968215
17136A,BLUE STONES ON WIRE FOR CANDLE,61.78,743,34,28,0.10676470588235294,4841.0,2391.0,-2450.0,0.08314939434724092,20458324.471000038,99.91058321898089,83.62411470029366
20620,RED SPOTTY PASSPORT COVER,61.76,15,14,1,4.104285714285714,4842.0,5100.0,258.0,4.117333333333333,20458386.23100004,99.91088483105221,83.64138884090517
35817B,"ACRYLIC JEWEL SNOWFLAKE,BLUE",61.3,143,3,2,2.6999999999999997,4843.0,3830.0,-1013.0,0.4286713286713287,20458447.53100004,99.91118419666059,83.65866298151667
16151A,FLOWERS HANDBAG BLUE AND ORANGE,61.25,49,3,3,1.25,4844.0,4556.0,-288.0,1.25,20458508.78100004,99.91148331808819,83.67593712212818
35973,GERANIUM FOLKART HEART DECORATION,61.25,49,13,11,1.25,4844.0,4556.0,-288.0,1.25,20458570.03100004,99.91178243951579,83.69321126273968
22578,WOODEN STAR CHRISTMAS SCANDISPOT,61.2,72,2,2,0.85,4846.0,4313.0,-533.0,0.8500000000000001,20458631.23100004,99.91208131676264,83.71048540335119
23541,"WALL ART ,PUDDINGS",61.2,8,2,2,7.85,4846.0,5312.0,466.0,7.65,20458692.43100004,99.91238019400947,83.72775954396269
22565,FELTCRAFT HAIRBANDS PINK + WHITE,61.199999999999996,72,6,6,0.85,4848.0,4313.0,-535.0,0.85,20458753.63100004,99.91267907125632,83.74503368457418
35910B,PINK FLOWERS RABBIT EASTER,61.07,29,8,6,2.515,4849.0,4816.0,-33.0,2.1058620689655174,20458814.70100004,99.9129773136332,83.7623078251857
90214I,"LETTER ""I"" BLING KEY RING",61.0,62,27,10,1.0766666666666667,4850.0,4403.0,-447.0,0.9838709677419355,20458875.70100004,99.91327521415703,83.7795819657972
22537,MAGIC SLATE DINOSAUR,60.480000000000004,144,3,3,0.42,4851.0,3821.0,-1030.0,0.42000000000000004,20458936.18100004,99.91357057520098,83.7968561064087
84984B,RED PEONY DES C/COVER,60.45,13,6,6,4.65,4852.0,5149.0,297.0,4.65,20458996.63100004,99.91386578973646,83.81413024702022
22953,BIRTHDAY BANNER TAPE,60.0,48,3,3,1.25,4853.0,4566.0,-287.0,1.25,20459056.63100004,99.91415880664512,83.83140438763171
22409,TIN CAN BISCUITS DESIGN,60.0,48,4,4,1.25,4853.0,4566.0,-287.0,1.25,20459116.63100004,99.91445182355379,83.84867852824321
84875A,PINK SQUARE COMPACT MIRROR,60.0,16,12,10,3.75,4853.0,5076.0,223.0,3.75,20459176.63100004,99.91474484046248,83.86595266885473
23629,SET 10 CARDS DRESSING UP 17077,59.760000000000005,24,10,0,2.49,4856.0,4897.0,41.0,2.49,20459236.39100004,99.91503668530353,83.88322680946622
90021,LASER CUT MULTI STRAND NECKLACE,59.75,5,4,4,11.95,4857.0,5421.0,564.0,11.95,20459296.14100004,99.9153284813084,83.90050095007774
90171,DAISY RING,59.65,47,27,2,1.2725925925925925,4858.0,4588.0,-270.0,1.2691489361702126,20459355.79100004,99.91561978895177,83.91777509068923
gift_0001_70,DOTCOMGIFTSHOP GIFT VOUCHER £70.00,59.57,1,1,0,59.57,4859.0,5647.0,788.0,59.57,20459415.36100004,99.91591070590594,83.93504923130074
84582,PINK CROCHET CAT WITH SCARF,59.5,14,11,9,4.25,4860.0,5125.0,265.0,4.25,20459474.86100004,99.91620128100705,83.95232337191226
44241C,BLUE BUTTERFLY ON SPRING,59.5,70,8,7,0.85,4860.0,4338.0,-522.0,0.85,20459534.36100004,99.91649185610815,83.96959751252375
35654,VINTAGE BEAD FILLED PINK CUSHION,59.400000000000006,12,5,4,4.95,4862.0,5179.0,317.0,4.95,20459593.761000037,99.91678194284772,83.98687165313525
23537,I LOVE LONDON WALL ART,59.400000000000006,12,2,2,4.95,4862.0,5179.0,317.0,4.95,20459653.161000036,99.9170720295873,84.00414579374676
23325,RUSTIC STRAWBERRY JAMPOT SMALL,59.39999999999999,36,3,3,1.6499999999999997,4864.0,4719.0,-145.0,1.6499999999999997,20459712.561000034,99.91736211632688,84.02141993435826
22329,ROUND FOOD CONTAINER S/5 RETROSPOT,59.39999999999999,36,3,3,1.6499999999999997,4864.0,4719.0,-145.0,1.6499999999999997,20459771.961000033,99.91765220306647,84.03869407496977
22973,CHILDRENS CIRCUS PARADE MUG,59.39999999999999,36,3,3,1.6499999999999997,4864.0,4719.0,-145.0,1.6499999999999997,20459831.36100003,99.91794228980604,84.05596821558127
35001B,HAND OPEN SHAPE BLACK,59.330000000000005,17,6,5,3.49,4867.0,5056.0,189.0,3.49,20459890.69100003,99.91823203469255,84.07324235619278
90011B,BLACK CRYSTAL DROP EARRINGS,59.06,20,15,4,2.954,4868.0,4992.0,124.0,2.9530000000000003,20459949.751000028,99.91852046100298,84.09051649680428
35909A,RABBIT EASTER DECORATION,59.00000000000001,20,5,5,2.95,4869.0,4992.0,123.0,2.95,20460008.751000028,99.91880859429652,84.10779063741579
22903,CALENDAR FAMILY FAVORITES,59.0,20,4,4,2.95,4870.0,4992.0,122.0,2.95,20460067.751000028,99.91909672759004,84.1250647780273
85023C,PINK LARGE JEWELED PHOTOFRAME,58.65,23,11,10,2.55,4871.0,4936.0,65.0,2.55,20460126.401000027,99.91938315161826,84.1423389186388
81985A,"ICON ALARM CLOCK,FUSCHIA PIN UP",58.65,23,7,7,2.55,4871.0,4936.0,65.0,2.55,20460185.051000025,99.9196695756465,84.1596130592503
90188,DROP EARRINGS W FLOWER & LEAF,58.5,23,20,3,2.5475,4873.0,4936.0,63.0,2.5434782608695654,20460243.551000025,99.91995526713245,84.17688719986181
84984A,GREEN PEONY DES C/COVER,58.370000000000005,11,5,4,6.093999999999999,4874.0,5215.0,341.0,5.306363636363637,20460301.921000026,99.92024032374844,84.19416134047331
84226,HEN HOUSE W FAMILY IN BARN & NEST,58.31,77,18,17,0.8383333333333334,4875.0,4272.0,-603.0,0.7572727272727273,20460360.231000025,99.92052508734751,84.21143548108482
35816B,"ACRYLIC JEWEL ANGEL,BLUE",58.07,139,3,2,1.4000000000000001,4876.0,3855.0,-1021.0,0.41776978417266186,20460418.301000025,99.92080867887896,84.22870962169632
18094C,WHITE/BLUE RECT CERAMIC OIL BURNER,58.05,33,13,3,2.15,4877.0,4759.0,-118.0,1.759090909090909,20460476.351000026,99.92109217273811,84.24598376230783
17129C,SKY BLUE COLOUR GLASS GEMS IN BAG,57.98,86,11,7,0.8309090909090909,4878.0,4204.0,-674.0,0.6741860465116278,20460534.331000026,99.92137532474419,84.26325790291934
35821B,"JEWELLED DECORATION,BLUE",57.0,150,3,3,0.38000000000000006,4879.0,3795.0,-1084.0,0.38,20460591.331000026,99.92165369080743,84.28053204353083
72771B,BURG FLOCK GOLD CUP/CANDLE,56.9,117,8,6,1.2822222222222222,4880.0,3962.0,-918.0,0.4863247863247863,20460648.231000025,99.92193156850915,84.29780618414235
90212C,PURPLE LAS VEGAS BRACELET ROUND,56.25,15,7,5,3.75,4881.0,5100.0,219.0,3.75,20460704.481000025,99.92220627186103,84.31508032475385
47344B,BLUE FLOWER DES PURSE,56.16,54,10,10,1.082,4882.0,4484.0,-398.0,1.04,20460760.641000025,99.92248053568755,84.33235446536534
85023A,CRYSTAL LARGE JEWELLED PHOTO FRAME,56.1,22,10,9,2.55,4883.0,4956.0,73.0,2.5500000000000003,20460816.741000026,99.92275450649717,84.34962860597686
90033,IVORY SHELL HEART EARRINGS,55.88,22,18,2,2.535555555555556,4884.0,4956.0,72.0,2.54,20460872.621000025,99.92302740291144,84.36690274658835
85080,PADDED RED HEART DECORATION,55.76,113,22,19,0.5331818181818182,4885.0,3985.0,-900.0,0.4934513274336283,20460928.381000027,99.92329971329191,84.38417688719986
90182C,BLACK 3 BEAD DROP EARRINGS,55.74,19,13,2,2.926153846153846,4886.0,5018.0,132.0,2.933684210526316,20460984.121000025,99.92357192600006,84.40145102781138
90177A,CLASSIC DIAMANTE EARRINGS JET,55.690000000000005,19,14,2,2.924285714285714,4887.0,5018.0,131.0,2.9310526315789476,20461039.811000027,99.92384389452747,84.41872516842287
90214T,"LETTER ""T"" BLING KEY RING",55.57,57,24,9,1.0716666666666665,4888.0,4456.0,-432.0,0.9749122807017544,20461095.381000027,99.92411527702106,84.43599930903437
90001B,ANTIQUE MID BLUE FLOWER EARRINGS,55.120000000000005,13,10,4,4.237,4889.0,5149.0,260.0,4.24,20461150.501000028,99.92438446188783,84.45327344964588
85151,WELCOME METAL SIGN,55.0,44,8,8,1.25,4890.0,4613.0,-277.0,1.25,20461205.501000028,99.92465306072079,84.47054759025738
90014A,SILVER M.O.P. ORBIT NECKLACE,54.800000000000004,11,6,3,6.675,4891.0,5215.0,324.0,4.981818181818182,20461260.30100003,99.9249206828307,84.48782173086889
90135A,ORANGE/FUSCHIA STONES NECKLACE,54.620000000000005,11,4,2,4.9925,4892.0,5215.0,323.0,4.965454545454546,20461314.92100003,99.9251874258899,84.50509587148039
90142D,MOP PENDANT SHELL NECKLACE,54.59,11,5,4,4.978,4893.0,5215.0,322.0,4.962727272727273,20461369.51100003,99.92545402244065,84.5223700120919
90043,COPPER AND BRASS BAG CHARM,54.510000000000005,10,6,5,5.785,4894.0,5241.0,347.0,5.4510000000000005,20461424.02100003,99.92572022830218,84.5396441527034
20820,SILVER LOOKING MIRROR,54.45,11,8,6,4.95,4895.0,5215.0,320.0,4.95,20461478.47100003,99.92598614114681,84.55691829331491
20953,PORCELAIN CHERUB BELL LARGE,54.449999999999996,33,9,7,1.65,4896.0,4759.0,-137.0,1.65,20461532.92100003,99.92625205399142,84.57419243392641
90084,PINK CRYSTAL GUITAR PHONE CHARM,54.4,64,9,8,0.85,4897.0,4384.0,-513.0,0.85,20461587.32100003,99.92651772265528,84.59146657453792
46115B,GREEN POP ART MAO CUSHION COVER,54.34,286,22,19,0.18999999999999997,4898.0,3290.0,-1608.0,0.19,20461641.66100003,99.92678309830222,84.60874071514942
22345,PARTY PIZZA DISH BLUE WHITE SPOT,54.28,53,17,8,1.2429411764705882,4899.0,4500.0,-399.0,1.0241509433962264,20461695.94100003,99.92704818093229,84.62601485576093
23389,SPACEBOY MINI RUCKSACK,53.95,13,4,4,4.15,4900.0,5149.0,249.0,4.15,20461749.89100003,99.92731165196933,84.64328899637243
22252,BIRDCAGE DECORATION MAGIC GARDEN,53.55,21,3,3,2.55,4901.0,4974.0,73.0,2.55,20461803.44100003,99.92757316956032,84.66056313698394
84559b,3D SHEET OF CAT STICKERS,53.54,32,25,0,1.6707999999999998,4902.0,4775.0,-127.0,1.673125,20461856.98100003,99.92783463831516,84.67783727759543
84660b,BLACK STITCHED WALL CLOCK,53.18,7,6,0,7.593333333333334,4903.0,5361.0,458.0,7.597142857142857,20461910.16100003,99.92809434896854,84.69511141820695
72798C,SET/4 GARDEN ROSE DINNER CANDLE,53.11,28,15,10,2.1106666666666665,4904.0,4828.0,-76.0,1.8967857142857143,20461963.271000028,99.92835371776887,84.71238555881845
84660a,WHITE STITCHED WALL CLOCK,52.699999999999996,7,5,0,7.556,4905.0,5361.0,456.0,7.528571428571428,20462015.971000027,99.92861108428698,84.72965969942994
84899E,YELLOW + BROWN BEAR FELT PURSE KIT,52.65,39,15,9,1.51,4906.0,4682.0,-224.0,1.3499999999999999,20462068.621000025,99.92886820662434,84.74693384004146
84845C,CARNATION SQUARE HANDY TIN,52.5,42,14,14,1.25,4907.0,4641.0,-266.0,1.25,20462121.121000025,99.92912459641943,84.76420798065296
20870,OPULENT VELVET CANDLE IN BOX,52.2,29,7,4,2.9214285714285713,4908.0,4816.0,-92.0,1.8,20462173.321000025,99.92937952112997,84.78148212126446
23035,DOORKNOB CERAMIC IVORY,52.2,36,1,1,1.45,4908.0,4719.0,-189.0,1.4500000000000002,20462225.521000024,99.92963444584052,84.79875626187598
23196,RETO LEAVES MAGNETIC SHOPPING LIST,52.199999999999996,36,3,3,1.45,4910.0,4719.0,-191.0,1.45,20462277.721000023,99.92988937055107,84.81603040248747
84292B,BLUE COL METAL FOLDING CHAIR,51.8,8,5,4,7.359999999999999,4911.0,5312.0,401.0,6.475,20462329.521000024,99.93014234181555,84.83330454309899
84845D,GERANIUM SQUARE HANDY TIN,51.25,41,11,11,1.25,4912.0,4658.0,-254.0,1.25,20462380.771000024,99.93039262709172,84.85057868371048
84402B,PURPLE DRESS JEWELLERY STAND,51.14,62,4,4,1.33,4913.0,4403.0,-510.0,0.8248387096774193,20462431.911000025,99.93064237517021,84.86785282432199
35071,ASSORTED SANTA CHRISTMAS DECORATION,51.13999999999999,50,7,5,2.084285714285714,4914.0,4539.0,-375.0,1.0228,20462483.051000025,99.93089212324871,84.8851269649335
84612B,SET/4 BLACK BAROQUE FLOCK COASTER,51.0,20,4,4,2.55,4915.0,4992.0,77.0,2.55,20462534.051000025,99.93114118762108,84.902401105545
20964,POLYESTER FILLER PAD 60X40CM,51.0,20,6,6,2.55,4915.0,4992.0,77.0,2.55,20462585.051000025,99.93139025199345,84.9196752461565
84968f,SET OF 16 VINTAGE SKY BLUE CUTLERY,50.98,2,2,0,25.49,4917.0,5571.0,654.0,25.49,20462636.031000026,99.93163921869352,84.936949386768
85069,CREAM SWEETHEART DOUBLE SHELF,50.849999999999994,3,1,1,16.95,4918.0,5514.0,596.0,16.95,20462686.881000027,99.93188755052363,84.95422352737951
22846,"BREAD BIN, DINER STYLE, RED",50.849999999999994,3,2,2,16.95,4918.0,5514.0,596.0,16.95,20462737.73100003,99.93213588235373,84.97149766799102
85035b,CHOCOLATE 3 WICK MORRIS BOX CANDLE,50.82000000000001,6,6,0,8.47,4920.0,5385.0,465.0,8.47,20462788.55100003,99.93238406767539,84.98877180860252
22889,"NUMBER TILE VINTAGE FONT, NO",50.7,23,3,2,2.175,4921.0,4936.0,15.0,2.2043478260869565,20462839.251000028,99.93263166696322,85.00604594921403
85124a,PINK JUICY FRUIT PHOTO FRAME,50.599999999999994,10,9,0,5.06,4922.0,5241.0,319.0,5.06,20462889.85100003,99.93287877788953,85.02332008982553
35916B,BLUE FELT HANGING HEART WITH FLOWER,50.57,75,30,1,0.7040000000000001,4923.0,4290.0,-633.0,0.6742666666666667,20462940.42100003,99.9331257423074,85.04059423043704
90034,WHITE SILVER NECKLACE SHELL GLASS,50.48,5,5,2,10.096,4924.0,5421.0,497.0,10.096,20462990.90100003,99.9333722671999,85.05786837104854
72083A,STRAWBERY SWIRL FLARE CANDLE,50.400000000000006,24,7,7,2.1,4925.0,4897.0,-28.0,2.1,20463041.30100003,99.93361840140317,85.07514251166003
72801c,S/4 ROSE PINK DINNER CANDLES,50.199999999999996,20,10,0,2.51,4926.0,4992.0,66.0,2.51,20463091.501000028,99.93386355888343,85.09241665227155
22657,HEN & 2 CHICKS IN BASKET,50.15,59,7,7,0.85,4927.0,4434.0,-493.0,0.85,20463141.651000027,99.93410847218291,85.10969079288306
90141E,ORANGE PENDANT TRIPLE SHELL NECKLAC,50.06,10,5,3,5.062,4928.0,5241.0,313.0,5.006,20463191.711000025,99.93435294595704,85.12696493349455
72817,SET/2 CHRISTMAS DECOUPAGE CANDLES,50.0,40,6,6,1.25,4929.0,4667.0,-262.0,1.25,20463241.711000025,99.93459712671428,85.14423907410607
23603,SET 10 CARD KRAFT REINDEER 17084,49.800000000000004,20,14,0,2.4899999999999998,4930.0,4992.0,62.0,2.49,20463291.511000026,99.93484033074847,85.16151321471756
23197,VEGETABLE MAGNETIC SHOPPING LIST,49.8,36,3,3,1.3833333333333335,4931.0,4719.0,-212.0,1.3833333333333333,20463341.311000027,99.93508353478269,85.17878735532908
90052,CRACKED GLAZE NECKLACE BROWN,49.58,7,5,1,7.136,4932.0,5361.0,429.0,7.082857142857143,20463390.891000025,99.93532566442154,85.19606149594058
23015,CORDIAL JUG,49.5,6,2,2,8.25,4933.0,5385.0,452.0,8.25,20463440.391000025,99.9355674033712,85.21333563655207
84537B,FAIRY CAKES GIFT BAG,49.14,117,11,10,0.42,4934.0,3962.0,-972.0,0.42,20463489.531000026,99.9358073842194,85.2306097771636
72129,COLUMBIAN CANDLE ROUND,49.11,74,18,16,0.7061111111111111,4935.0,4301.0,-634.0,0.6636486486486486,20463538.641000025,99.93604721855915,85.24788391777508
35603C,SET/16 WHITE SHINY & MATT BAUBLES,48.3,83,24,19,0.6888,4936.0,4223.0,-713.0,0.5819277108433735,20463586.941000026,99.93628309717064,85.26515805838659
37491A,YELLOW/PINK CERAMIC CANDLE HOLDER,48.3,18,13,5,2.6915384615384617,4936.0,5037.0,101.0,2.683333333333333,20463635.241000026,99.93651897578212,85.28243219899811
90083,CRYSTAL CZECH CROSS PHONE CHARM,48.08,52,15,6,1.3326666666666667,4938.0,4510.0,-428.0,0.9246153846153846,20463683.321000025,99.93675377999827,85.2997063396096
47591A,CAROUSEL CHILDRENS APRON,47.97,29,12,3,1.6566666666666665,4939.0,4816.0,-123.0,1.6541379310344828,20463731.291000023,99.93698804701674,85.3169804802211
84608,ORNATE EDWARDIAN CANDLE HOLDER,47.7,6,4,4,7.95,4940.0,5385.0,445.0,7.95,20463778.991000023,99.93722099545913,85.33425462083261
21347,GOTHIC CARRIAGE LANTERN,47.6,8,4,4,5.95,4941.0,5312.0,371.0,5.95,20463826.591000024,99.93745345554002,85.35152876144411
23539,"WALL ART , LOVES' SECRET",47.6,8,2,2,5.95,4941.0,5312.0,371.0,5.95,20463874.191000026,99.9376859156209,85.36880290205562
20895,VINTAGE NOTEBOOK FRENCH LETTER,47.20000000000001,16,4,3,2.95,4943.0,5076.0,133.0,2.9500000000000006,20463921.391000025,99.93791642225574,85.38607704266713
35909B,PINK FLOWERS RABBIT EASTER,47.2,16,6,6,2.95,4944.0,5076.0,132.0,2.95,20463968.591000024,99.93814692889055,85.40335118327863
90067B,BROWN VINTAGE VICTORIAN EARRINGS,47.120000000000005,16,6,2,2.936666666666667,4945.0,5076.0,131.0,2.9450000000000003,20464015.711000025,99.93837704483617,85.42062532389014
37462E,"PET MUG, GOLDFISH",47.12,107,28,9,0.6485714285714286,4946.0,4026.0,-920.0,0.4403738317757009,20464062.831000026,99.93860716078179,85.43789946450164
84227,HEN HOUSE W CHICK IN NEST,47.04,112,13,13,0.42,4947.0,3993.0,-954.0,0.42,20464109.871000025,99.93883688603819,85.45517360511315
90181C,BLACK GLASS/SHELL/PEARL NECKLACE,46.93,5,5,0,9.386,4948.0,5421.0,473.0,9.386,20464156.801000025,99.93906607409691,85.47244774572465
84596f,SMALL MARSHMALLOWS PINK BOWL,46.89,19,14,0,2.467142857142857,4949.0,5018.0,69.0,2.4678947368421054,20464203.691000026,99.93929506681106,85.48972188633616
20988,TRELLIS FLOWER CHOPSTICKS SET/5,46.8,24,9,8,1.9500000000000002,4950.0,4897.0,-53.0,1.95,20464250.491000026,99.93952361999982,85.50699602694766
84857B,BLUE MONTE CARLO HANDBAG,46.8,24,1,1,1.95,4950.0,4897.0,-53.0,1.95,20464297.291000027,99.9397521731886,85.52427016755917
90001C,ANTIQUE OPAL WHITE FLOWER EARRINGS,46.7,11,10,5,4.245,4952.0,5215.0,263.0,4.245454545454546,20464343.991000026,99.93998023801583,85.54154430817067
90001A,ANTIQUE RASPBERRY FLOWER EARRINGS,46.6,11,10,3,4.235,4953.0,5215.0,262.0,4.236363636363636,20464390.591000028,99.94020781448157,85.55881844878218
81952B,ROUND BLUE CLOCK W/SUCKER,46.56,54,11,6,1.1254545454545453,4954.0,4484.0,-470.0,0.8622222222222222,20464437.151000027,99.94043519560269,85.57609258939368
37489A,YELLOW/PINK FLOWER DESIGN BIG MUG,46.56,46,23,21,1.2283333333333333,4954.0,4595.0,-359.0,1.0121739130434784,20464483.711000025,99.94066257672382,85.59336673000519
16050,TEATIME PENCIL WITH RUBBER,46.45,151,8,4,0.4,4956.0,3791.0,-1165.0,0.3076158940397351,20464530.161000025,99.94088942064728,85.61064087061668
47341A,FUSCHIA TABLE RUN FLOWER,46.25,29,7,7,2.3214285714285716,4957.0,4816.0,-141.0,1.5948275862068966,20464576.411000025,99.94111528784772,85.6279150112282
23107,WHITE WIRE PLANT POT HOLDER,46.24,16,2,2,2.89,4958.0,5076.0,118.0,2.89,20464622.651000023,99.94134110621201,85.6451891518397
90128A,PINK LEAVES AND BEADS PHONE CHARM,46.21,31,10,5,1.7489999999999999,4959.0,4791.0,-168.0,1.4906451612903227,20464668.861000024,99.94156677806784,85.66246329245119
72024U,LILAC VOTIVE CANDLE,46.2,220,11,10,0.21,4960.0,3521.0,-1439.0,0.21000000000000002,20464715.061000023,99.9417924010875,85.67973743306271
84951b,S/4 BLACK LOVEBIRD COASTERS,46.2,9,4,0,5.115,4960.0,5289.0,329.0,5.133333333333334,20464761.261000022,99.94201802410718,85.6970115736742
85081,PADDED HOLLY CHRISTMAS DECORATION,46.17,104,21,20,0.45772727272727276,4962.0,4047.0,-915.0,0.4439423076923077,20464807.431000024,99.94224350061842,85.71428571428571
85132c,CHARLIE AND LOLA FIGURES TINS,46.099999999999994,4,4,0,11.524999999999999,4963.0,5467.0,504.0,11.524999999999999,20464853.531000026,99.9424686352766,85.73155985489723
23047,PAPER LANTERN 5 POINT STUDDED STAR,46.0,8,4,4,5.75,4964.0,5312.0,348.0,5.75,20464899.531000026,99.94269328157324,85.74883399550872
84626,CANDY STRIPE ROSE QUILT,45.95,1,1,1,45.95,4965.0,5647.0,682.0,45.95,20464945.481000025,99.94291768368913,85.76610813612022
22604,SET OF 4 NAPKIN CHARM CUTLERY,45.900000000000006,18,3,3,2.55,4966.0,5037.0,71.0,2.5500000000000003,20464991.381000023,99.94314184162427,85.78338227673173
35611B,BLACK ASSORTED DROPLET DECORATION,45.76,62,3,2,2.23,4967.0,4403.0,-564.0,0.7380645161290322,20465037.141000025,99.94336531585328,85.80065641734323
22406,TIN CAN KINGS CHOICE DESIGN,45.0,36,3,3,1.25,4968.0,4719.0,-249.0,1.25,20465082.141000025,99.94358507853478,85.81793055795475
16161C,WRAP SPEED DEMONS,45.0,450,2,2,0.1,4968.0,2863.0,-2105.0,0.1,20465127.141000025,99.94380484121629,85.83520469856624
22347,PIZZA DISH SLICE,45.0,36,2,2,1.25,4968.0,4719.0,-249.0,1.25,20465172.141000025,99.9440246038978,85.85247883917775
72724,SET/6 CHRISTMAS ICICLE T-LIGHTS,45.0,36,10,9,1.25,4968.0,4719.0,-249.0,1.25,20465217.141000025,99.9442443665793,85.86975297978925
23625,SET 6 CARDS SPARKLY REINDEER 17262,44.910000000000004,9,4,0,4.99,4972.0,5289.0,317.0,4.99,20465262.051000025,99.94446368973544,85.88702712040076
90059B,DIAMANTE HAIR GRIP PACK/2 BLACK DIA,44.87,27,16,4,1.67,4973.0,4846.0,-127.0,1.6618518518518517,20465306.921000026,99.94468281754698,85.90430126101226
21685,MEDINA STAMPED METAL TRAY,44.849999999999994,3,2,2,14.95,4974.0,5514.0,540.0,14.949999999999998,20465351.771000028,99.94490184768622,85.92157540162377
84906,PINK BUTTERFLY CUSHION COVER,44.849999999999994,23,5,3,1.95,4974.0,4936.0,-38.0,1.9499999999999997,20465396.62100003,99.94512087782546,85.93884954223527
90135,ORANGE/WHT/FUSCHIA STONES NECKLACE,44.75,9,3,1,5.006666666666667,4976.0,5289.0,313.0,4.972222222222222,20465441.37100003,99.94533941960319,85.95612368284678
90197D,AMBER GLASS BRACELET HEART CHARMS,44.550000000000004,9,4,4,4.95,4977.0,5289.0,312.0,4.95,20465485.92100003,99.94555698465788,85.97339782345828
72796B,S/3 FRENCH VANILLA SQU CANDLE,44.55,27,12,11,1.65,4978.0,4846.0,-132.0,1.65,20465530.47100003,99.94577454971257,85.99067196406979
90011A,MIDNIGHT BLUE CRYSTAL DROP EARRINGS,44.28,15,15,2,2.952,4979.0,5100.0,121.0,2.952,20465574.75100003,99.94599079619118,86.00794610468128
84586L,"PINK ROSES/GINGHAM PATCH RABBIT 8""",44.25000000000001,15,9,9,2.95,4980.0,5100.0,120.0,2.9500000000000006,20465619.00100003,99.94620689616133,86.0252202452928
35085E,IVORY ROSE LAMPSHADE,44.25,39,9,7,1.1666666666666667,4981.0,4682.0,-299.0,1.1346153846153846,20465663.25100003,99.94642299613147,86.0424943859043
90125E,AMBER BERTIE GLASS BEAD BAG CHARM,44.19,18,17,2,2.5035294117647062,4982.0,5037.0,55.0,2.455,20465707.441000033,99.94663880308472,86.0597685265158
35815B,"ACRYLIC JEWEL SNOWFLAKE,BLUE",43.94,95,3,2,1.6866666666666665,4983.0,4154.0,-829.0,0.4625263157894737,20465751.381000035,99.94685338913418,86.07704266712732
17014C,ORIGAMI LAVENDER INCENSE CONES,43.75,97,2,1,1.925,4984.0,4129.0,-855.0,0.45103092783505155,20465795.131000035,99.94706704729676,86.0943168077388
79063C,"RETRO PILL BOX KEY CHAIN,THE KING",43.65,235,14,13,0.18928571428571428,4985.0,3464.0,-1521.0,0.18574468085106383,20465838.781000033,99.94728021709781,86.11159094835033
18097A,PINK TALL PORCELAIN T-LIGHT HOLDER,43.349999999999994,17,12,10,2.55,4986.0,5056.0,70.0,2.55,20465882.131000035,99.94749192181433,86.12886508896183
90042B,FRESHWATER PEARL BRACELET PINK,43.349999999999994,17,6,4,2.55,4986.0,5056.0,70.0,2.55,20465925.481000036,99.94770362653085,86.14613922957332
35822P,"ACRYLIC BEAD CHAIN, PINK",43.32,114,1,1,0.38,4988.0,3980.0,-1008.0,0.38,20465968.801000036,99.94791518473892,86.16341337018484
90054,CRACKED GLAZE EARRINGS RED,43.019999999999996,17,17,2,2.5305882352941174,4989.0,5056.0,67.0,2.5305882352941174,20466011.821000036,99.94812527786243,86.18068751079633
23038,T-LIGHT HOLDER SILVER SAUCER,42.92,44,8,4,1.3299999999999998,4990.0,4613.0,-377.0,0.9754545454545455,20466054.741000038,99.94833488262445,86.19796165140784
22987,WRAP SUMMER ROSE DESIGN,42.84,102,5,4,0.42000000000000004,4991.0,4068.0,-923.0,0.42000000000000004,20466097.581000037,99.94854409669725,86.21523579201936
79066k,RETRO MOD TRAY,42.71,26,16,0,1.645,4992.0,4867.0,-125.0,1.6426923076923077,20466140.29100004,99.94875267590007,86.23250993263085
84993a,75 GREEN PETIT FOUR CASES,42.71,51,30,0,0.8373333333333333,4992.0,4524.0,-468.0,0.8374509803921569,20466183.00100004,99.9489612551029,86.24978407324235
21596,HYPOCHONDRIAC PILL STRESS BALL,42.64,10,9,0,4.26,4994.0,5241.0,247.0,4.264,20466225.64100004,99.94916949245267,86.26705821385386
90024A,NEW BAROQUE B'FLY NECKLACE BLACK,42.5,5,4,4,8.5,4995.0,5421.0,426.0,8.5,20466268.14100004,99.94937704609632,86.28433235446536
22346,PARTY PIZZA DISH GREEN WHITE SPOT,42.3,40,15,7,1.2386666666666666,4996.0,4667.0,-329.0,1.0574999999999999,20466310.44100004,99.94958362301692,86.30160649507687
90126C,AMBER BERTIE MOBILE PHONE CHARM,42.1,21,5,2,2.692,4997.0,4974.0,-23.0,2.0047619047619047,20466352.541000042,99.94978922321452,86.31888063568837
72771C,BLACK FLOCK GOLD CANDLE,42.08,54,6,4,1.7133333333333332,4998.0,4484.0,-514.0,0.7792592592592592,20466394.62100004,99.9499947257398,86.33615477629988
23231,WRAP VINTAGE DOILEY,42.0,100,2,2,0.42,4999.0,4086.0,-913.0,0.42,20466436.62100004,99.95019983757587,86.35342891691138
20860,GOLD COSMETICS BAG WITH BUTTERFLY,42.0,20,11,10,2.1,4999.0,4992.0,-7.0,2.1,20466478.62100004,99.95040494941195,86.37070305752289
15060b,FAIRY CAKE DESIGN UMBRELLA,41.81,5,5,0,8.362,5001.0,5421.0,420.0,8.362,20466520.43100004,99.95060913336113,86.3879771981344
90152C,BLUE/NAT SHELL NECKLACE W PENDANT,41.650000000000006,7,4,4,5.95,5002.0,5361.0,359.0,5.950000000000001,20466562.081000037,99.95081253593189,86.4052513387459
84611B,BLACK NEW BAROQUE FLOCK BOX,41.65,7,4,4,5.95,5003.0,5361.0,358.0,5.95,20466603.731000036,99.95101593850265,86.4225254793574
90060C,FIRE POLISHED GLASS NECKL SILVER,41.65,7,3,3,5.95,5003.0,5361.0,358.0,5.95,20466645.381000035,99.95121934107341,86.43979961996891
35809a,ENAMEL PINK TEA CONTAINER,41.54,10,10,0,4.154,5005.0,5241.0,236.0,4.154,20466686.921000034,99.95142220644652,86.45707376058041
23045,PAPER LANTERN 5 POINT STAR MOON 30,41.5,10,5,5,4.15,5006.0,5241.0,235.0,4.15,20466728.421000034,99.95162487647502,86.47434790119192
85184B,SET 4 EASTER DECOUPAGE OVAL BOXES,41.300000000000004,14,7,7,2.95,5007.0,5125.0,118.0,2.95,20466769.721000034,99.9518265697805,86.49162204180342
37477B,"FLOWER FAIRY MUG+COASTER,LAVENDER",41.25,11,8,6,3.75,5008.0,5215.0,207.0,3.75,20466810.971000034,99.95202801890521,86.50889618241493
23448,CREAM BUNNY EASTER EGG BASKET,41.24999999999999,25,3,3,1.6499999999999997,5009.0,4883.0,-126.0,1.6499999999999997,20466852.221000034,99.95222946802991,86.52617032302643
90027C,GLASS BEAD HOOP EARRINGS GREEN,41.17,14,12,2,2.9391666666666665,5010.0,5125.0,115.0,2.940714285714286,20466893.391000036,99.95243052646543,86.54344446363793
18096c,WHITE ROUND PORCELAIN TLIGHT HOLDER,41.14,8,6,0,5.151666666666666,5011.0,5312.0,301.0,5.1425,20466934.531000037,99.95263143839249,86.56071860424944
21119,GLOW IN THE DARK SHOT GLASSES,41.01,3,3,0,13.67,5012.0,5514.0,502.0,13.67,20466975.54100004,99.95283171544956,86.57799274486095
35644,PAIR PINK/BLACK COATHANGERS,40.95,21,7,6,1.95,5013.0,4974.0,-39.0,1.9500000000000002,20467016.491000038,99.95303169948974,86.59526688547244
84798C,WHITE FOXGLOVE ARTIIFCIAL FLOWER,40.8,16,3,3,2.55,5014.0,5076.0,62.0,2.55,20467057.29100004,99.95323095098763,86.61254102608396
22740,POLKADOT PENS,40.8,48,1,1,0.85,5014.0,4566.0,-448.0,0.85,20467098.09100004,99.95343020248554,86.62981516669545
44228,CANNABIS LEAF BEAD CURTAIN,40.8,48,3,3,0.85,5014.0,4566.0,-448.0,0.85,20467138.89100004,99.95362945398344,86.64708930730696
23148,MINITURE ANTIQUE ROSE HOOK IVORY,40.8,48,4,4,0.85,5014.0,4566.0,-448.0,0.85,20467179.69100004,99.95382870548134,86.66436344791848
47013C,WINE BOTTLE DRESSING DARK BLUE,40.519999999999996,147,27,18,0.35,5018.0,3812.0,-1206.0,0.27564625850340135,20467220.21100004,99.95402658956701,86.68163758852997
90136,PALE PINK/AMETHYST STONE NECKLACE,40.47,4,3,2,10.173333333333332,5019.0,5467.0,448.0,10.1175,20467260.68100004,99.95422422947189,86.69891172914147
90152A,SILVER/NAT SHELL NECKLACE W PENDANT,40.34,7,7,4,5.762857142857143,5020.0,5361.0,341.0,5.762857142857143,20467301.02100004,99.95442123450682,86.71618586975298
22532,MAGIC SLATE LEAP FROG,40.32,96,2,2,0.42,5021.0,4140.0,-881.0,0.42,20467341.34100004,99.95461814186946,86.73346001036448
22529,MAGIC SLATE GO TO THE FAIR,40.32,96,2,2,0.42,5021.0,4140.0,-881.0,0.42,20467381.66100004,99.95481504923208,86.750734150976
20994,JAZZ HEARTS SPIRAL NOTEPAD,39.95,47,12,12,0.85,5023.0,4588.0,-435.0,0.8500000000000001,20467421.61100004,99.95501014965711,86.76800829158749
23462,ROCOCO WALL MIROR,39.9,2,1,1,19.95,5024.0,5571.0,547.0,19.95,20467461.511000037,99.95520500590138,86.785282432199
47013A,WINE BOTTLE DRESSING LT.BLUE,39.87,141,25,21,0.2764,5025.0,3849.0,-1176.0,0.2827659574468085,20467501.38100004,99.95539971563718,86.8025565728105
37468,HARDMAN MUG 3 ASSORTED,39.81,65,14,11,1.422857142857143,5026.0,4377.0,-649.0,0.6124615384615385,20467541.191000037,99.95559413235608,86.81983071342201
79065A,TEATIME ROUND CAKE TINS,39.8,4,1,1,9.95,5027.0,5467.0,440.0,9.95,20467580.991000038,99.95578850023884,86.83710485403351
22853,"CAT BOWL, ENAMEL , CREAM COLOUR",39.0,12,2,2,3.25,5028.0,5179.0,151.0,3.25,20467619.991000038,99.95597896122948,86.85437899464502
82545A,COGNAC AUX OEUFS METAL 1 HOOK,38.75,31,11,11,1.25,5029.0,4791.0,-238.0,1.25,20467658.741000038,99.95616820131633,86.87165313525652
47567b,TEA TIME KITCHEN APRON,38.72,3,3,0,12.906666666666666,5030.0,5514.0,484.0,12.906666666666666,20467697.461000036,99.95635729489473,86.88892727586803
35963,FOLKART ZINC CLIP ON ANGEL WINGS,38.379999999999995,101,11,10,0.38,5031.0,4076.0,-955.0,0.37999999999999995,20467735.841000035,99.95654472804397,86.90620141647953
90130D,RED STONE/CRYSTAL EARRINGS,38.31,13,8,1,2.945,5032.0,5149.0,117.0,2.946923076923077,20467774.151000034,99.95673181934015,86.92347555709104
90027B,GLASS BEAD HOOP EARRINGS MONTANA,38.28,13,10,3,2.943,5033.0,5149.0,116.0,2.9446153846153846,20467812.431000035,99.95691876412789,86.94074969770253
90183C,BLACK DROP EARRINGS W LONG BEADS,38.12,13,13,2,2.9323076923076923,5034.0,5149.0,115.0,2.9323076923076923,20467850.551000036,99.9571049275372,86.95802383831405
81952B,ROUND BLUE CLOCK WITH SUCKER,38.0,200,9,9,0.19,5035.0,3596.0,-1439.0,0.19,20467888.551000036,99.9572905049127,86.97529797892555
47518f,ICON PLACEMAT POP ART ELVIS,37.75,9,9,0,4.194444444444445,5036.0,5289.0,253.0,4.194444444444445,20467926.301000036,99.9574748613844,86.99257211953704
72801d,S/4 SKY BLUE DINNER CANDLES,37.65,15,10,0,2.51,5037.0,5100.0,63.0,2.51,20467963.951000035,99.9576587294946,87.00984626014856
90176B,DIAMANTE NECKLACE BLACK,37.620000000000005,5,4,2,7.53,5038.0,5421.0,383.0,7.524000000000001,20468001.571000036,99.95784245109634,87.02712040076005
85115B,S/4 BLACK DISCO PARTITION PANEL,37.62,6,2,1,6.27,5039.0,5385.0,346.0,6.27,20468039.191000037,99.95802617269808,87.04439454137156
90039A,FIRE POLISHED GLASS BRACELET RED,37.61,10,5,2,3.772,5040.0,5241.0,201.0,3.761,20468076.801000036,99.95820984546367,87.06166868198308
37112,YELLOW BIRDS FELT DES FOODCOVER,37.5,10,5,4,3.75,5041.0,5241.0,200.0,3.75,20468114.301000036,99.95839298103158,87.07894282259457
23043,PAPER LANTERN 9 POINT HOLLY STAR 40,37.5,6,3,3,6.25,5041.0,5385.0,344.0,6.25,20468151.801000036,99.9585761165995,87.09621696320609
79413,GLASS WINE GLASS DECORATIONS,37.5,30,9,7,1.25,5041.0,4805.0,-236.0,1.25,20468189.301000036,99.95875925216743,87.11349110381758
35233,PASTA ENAMEL/BRASS CONTAINER,37.5,10,8,8,3.75,5041.0,5241.0,200.0,3.75,20468226.801000036,99.95894238773535,87.13076524442909
84509b,SET OF 4 FAIRY CAKE PLACEMATS,37.3,5,4,0,7.46,5045.0,5421.0,376.0,7.459999999999999,20468264.101000037,99.95912454658024,87.1480393850406
84705F,RED PEONY PHOTO FRAME,37.2,8,5,4,4.65,5046.0,5312.0,266.0,4.65,20468301.301000036,99.95930621706361,87.1653135256521
90126A,PINK BERTIE MOBILE PHONE CHARM,37.14,20,5,3,2.2466666666666666,5047.0,4992.0,-55.0,1.857,20468338.441000037,99.95948759453009,87.1825876662636
84251J,"GREETING CARD, THE BLACK CAT",37.04,74,17,4,0.7458823529411764,5048.0,4301.0,-747.0,0.5005405405405405,20468375.481000036,99.95966848363503,87.1998618068751
72715,SPHERICAL IVORY CANDLE,36.96,88,13,8,0.42,5049.0,4189.0,-860.0,0.42,20468412.441000037,99.95984898205079,87.21713594748661
16162M,THE KING GIFT BAG 25X24X12CM,36.96,88,13,10,0.42,5049.0,4189.0,-860.0,0.42,20468449.401000038,99.96002948046653,87.23441008809812
22407,MONEY BOX FIRST AID DESIGN,36.78,44,11,9,1.3136363636363635,5051.0,4613.0,-438.0,0.8359090909090909,20468486.18100004,99.96020909983156,87.25168422870962
17014E,ORIGAMI OPIUM INCENSE CONES,36.599999999999994,95,6,4,1.4249999999999998,5052.0,4154.0,-898.0,0.3852631578947368,20468522.78100004,99.96038784014584,87.26895836932113
90141D,ROSE PENDANT TRIPLE SHELL NECKLACE,36.33,7,5,1,5.286,5053.0,5361.0,308.0,5.1899999999999995,20468559.11100004,99.96056526188404,87.28623250993263
90214F,"LETTER ""F"" BLING KEY RING",36.28,44,27,11,0.9633333333333333,5054.0,4613.0,-441.0,0.8245454545454546,20468595.39100004,99.9607424394415,87.30350665054414
90037D,TINY CRYSTALS BRACELET BLACK,35.870000000000005,14,8,1,2.56625,5055.0,5125.0,70.0,2.5621428571428573,20468631.26100004,99.96091761471673,87.32078079115564
90060B,FIRE POLISHED GLASS NECKL GOLD,35.7,6,4,4,5.95,5056.0,5385.0,329.0,5.95,20468666.96100004,99.96109195977739,87.33805493176715
37348,SET OF 4 PASTEL STACKING MUGS,35.7,14,7,5,2.55,5056.0,5125.0,69.0,2.5500000000000003,20468702.66100004,99.96126630483805,87.35532907237865
90132,LIGHT TOPAZ TEAL/AQUA COL NECKLACE,35.63,7,7,0,5.090000000000001,5058.0,5361.0,303.0,5.090000000000001,20468738.29100004,99.96144030804565,87.37260321299016
90011C,GREEN CRYSTAL DROP EARRINGS,35.33,12,7,1,2.94,5059.0,5179.0,120.0,2.9441666666666664,20468773.621000037,99.9616128461687,87.38987735360166
90152B,BLUE/GREEN SHELL NECKLACE W PENDANT,35.26,6,5,4,5.862,5060.0,5385.0,325.0,5.876666666666666,20468808.88100004,99.9617850424387,87.40715149421317
79063D,"RETRO PILL BOX , REVOLUTIONARY",35.14,189,11,9,0.21,5061.0,3640.0,-1421.0,0.18592592592592594,20468844.02100004,99.96195665267489,87.42442563482467
84510e,SET OF 4 GREEN CAROUSEL COASTERS,35.089999999999996,14,6,0,2.5016666666666665,5062.0,5125.0,63.0,2.5064285714285712,20468879.11100004,99.96212801873031,87.44169977543618
82613b,"METAL SIGN,CUPCAKE SINGLE HOOK",35.04,14,11,0,2.5009090909090905,5063.0,5125.0,62.0,2.5028571428571427,20468914.151000038,99.96229914060497,87.45897391604768
84745B,BLUE HANGING GINGHAM EASTER HEN,34.86,83,17,15,0.42,5064.0,4223.0,-841.0,0.42,20468949.011000037,99.96246938342891,87.47624805665917
DCGS0058,MISO PRETTY GUM,34.82,42,30,0,0.8286666666666667,5065.0,4641.0,-424.0,0.829047619047619,20468983.831000037,99.96263943090824,87.49352219727069
23196,LEAVES MAGNETIC SHOPPING LIST,34.8,24,2,2,1.45,5066.0,4897.0,-169.0,1.45,20469018.63100004,99.96280938071529,87.5107963378822
84868B,BLUE BABY BOY'S MEMORY BOX,34.75,5,4,4,6.95,5067.0,5421.0,354.0,6.95,20469053.38100004,99.96297908634155,87.52807047849369
37482p,CUBIC MUG PINK POLKA DOT,34.7,2,2,0,17.35,5068.0,5571.0,503.0,17.35,20469088.081000037,99.96314854778706,87.54534461910521
90081B,LILY BROOCH WHITE/SILVER COLOUR,34.65,7,3,2,4.95,5069.0,5361.0,292.0,4.95,20469122.731000036,99.96331776505181,87.5626187597167
84546,CROCHET POODLE KEYRING,34.65,21,3,3,1.6499999999999997,5069.0,4974.0,-95.0,1.65,20469157.381000035,99.96348698231657,87.5798929003282
35955,SMALL FOLKART CHRISTMAS TREE DEC,34.62,135,4,4,0.374,5071.0,3877.0,-1194.0,0.2564444444444444,20469192.001000036,99.96365605307287,87.59716704093972
22852,"DOG BOWL, ENAMEL , CREAM COLOUR",34.0,8,2,2,4.25,5072.0,5312.0,240.0,4.25,20469226.001000036,99.96382209598778,87.61444118155121
44265,M/COLOUR POM-POM CURTAIN,34.0,8,4,4,4.25,5072.0,5312.0,240.0,4.25,20469260.001000036,99.9639881389027,87.63171532216272
22200,FRYING PAN PINK RETROSPOT,33.97,7,3,2,5.656666666666666,5074.0,5361.0,287.0,4.852857142857142,20469293.971000034,99.96415403530916,87.64898946277422
90066A,PINK VINTAGE VICTORIAN CHOKER,33.75,5,2,2,6.75,5075.0,5421.0,346.0,6.75,20469327.721000034,99.9643188573203,87.66626360338573
81950B,FLOWER BLUE CLOCK WITH SUCKER,33.64,116,8,8,0.29,5076.0,3969.0,-1107.0,0.29,20469361.361000035,99.96448314213376,87.68353774399723
47591b,SCOTTIES CHILDRENS APRON,33.6,8,4,0,4.1899999999999995,5077.0,5312.0,235.0,4.2,20469394.961000036,99.96464723160263,87.70081188460874
23390,DOLLY GIRL MINI RUCKSACK,33.2,8,2,2,4.15,5078.0,5312.0,234.0,4.15,20469428.161000036,99.96480936762542,87.71808602522025
84456,SET OF 3 RABBIT EGG EASTER,33.15,37,16,12,0.9562499999999999,5079.0,4706.0,-373.0,0.8959459459459459,20469461.311000034,99.96497125946745,87.73536016583175
90076,MONTANA DIAMOND CLUSTER EARRINGS,33.0,12,7,1,2.892857142857143,5080.0,5179.0,99.0,2.75,20469494.311000034,99.96513241876723,87.75263430644326
DCGS0003,BOXED GLASS ASHTRAY,32.589999999999996,13,13,0,2.506923076923077,5081.0,5149.0,68.0,2.506923076923077,20469526.901000034,99.96529157578479,87.76990844705476
82613c,"METAL SIGN,CUPCAKE SINGLE HOOK",32.48,13,12,0,2.5016666666666665,5082.0,5149.0,67.0,2.4984615384615383,20469559.381000035,99.96545019560467,87.78718258766627
85079,EMBROIDERED REINDEER DECORATION,32.25,23,8,6,1.4144444444444444,5083.0,4936.0,-147.0,1.4021739130434783,20469591.631000035,99.96560769219309,87.80445672827777
90214O,"LETTER ""O"" BLING KEY RING",31.419999999999998,36,18,11,1.0822222222222222,5084.0,4719.0,-365.0,0.8727777777777778,20469623.051000036,99.96576113538094,87.82173086888928
85131D,BEADED CRYSTAL HEART PINK\ON STICK,31.299999999999997,20,11,8,1.5936363636363637,5085.0,4992.0,-93.0,1.565,20469654.351000037,99.96591399253496,87.83900500950078
23632,SET 10 CARDS CHEERFUL ROBIN 17065,31.200000000000003,15,10,0,2.08,5086.0,5100.0,14.0,2.08,20469685.551000036,99.96606636132748,87.85627915011229
23366,SET 12 COLOUR PENCILS DOILEY,31.200000000000003,48,3,3,0.65,5086.0,4566.0,-520.0,0.65,20469716.751000036,99.96621873011998,87.87355329072378
44091C,MULTICOLOUR CRUSOE CHECK LAMPSHADE,30.66,61,17,10,0.5682352941176471,5088.0,4410.0,-678.0,0.5026229508196721,20469747.411000036,99.96636846176031,87.8908274313353
22937,BAKING MOULD CUPCAKE CHOCOLATE,30.6,12,1,1,2.55,5089.0,5179.0,90.0,2.5500000000000003,20469778.011000037,99.96651790038375,87.9081015719468
22937,BAKING MOULD CHOCOLATE CUP CAKES,30.6,12,2,2,2.55,5089.0,5179.0,90.0,2.5500000000000003,20469808.61100004,99.96666733900717,87.92537571255829
22641,SET OF 4 NAPKIN CHARMS INSTUMENT,30.6,12,2,2,2.55,5089.0,5179.0,90.0,2.5500000000000003,20469839.21100004,99.96681677763061,87.94264985316981
22577,WOODEN HEART CHRISTMAS SCANDISPOT,30.6,36,1,1,0.85,5089.0,4719.0,-370.0,0.8500000000000001,20469869.81100004,99.96696621625404,87.9599239937813
21919,ELECTRONIC TALKING BREATH-A-LOSER,30.47,6,5,0,5.081999999999999,5093.0,5385.0,292.0,5.078333333333333,20469900.28100004,99.9671150200075,87.97719813439281
37489B,BLUE/YELLOW FLOWER DESIGN BIG MUG,30.419999999999998,38,17,17,1.0323529411764707,5094.0,4694.0,-400.0,0.8005263157894736,20469930.701000042,99.9672635795802,87.99447227500433
84745A,PINK HANGING GINGHAM EASTER HEN,30.240000000000002,72,15,13,0.42,5095.0,4313.0,-782.0,0.42000000000000004,20469960.94100004,99.96741126010215,88.01174641561582
90025F,BAROQUE BUTTERFLY EARRINGS CRYSTAL,30.23,8,8,2,3.77875,5096.0,5312.0,216.0,3.77875,20469991.17100004,99.96755889178797,88.02902055622734
18010,ASSORTED FRAGRANCE BATH CONFETTI,30.16,64,9,6,0.5566666666666666,5097.0,4384.0,-713.0,0.47125,20470021.33100004,99.96770618162074,88.04629469683883
37491B,BLUE/YELLOW CERAMIC CANDLE HOLDER,30.08,14,8,5,2.3,5098.0,5125.0,27.0,2.1485714285714286,20470051.41100004,99.96785308076429,88.06356883745033
23396,BUTTERFLY CUSHION COVER,30.0,8,2,2,3.75,5099.0,5312.0,213.0,3.75,20470081.41100004,99.96799958921862,88.08084297806185
22405,TIN CAN POCKET MONEY DESIGN,30.0,24,2,2,1.25,5099.0,4897.0,-202.0,1.25,20470111.41100004,99.96814609767296,88.09811711867334
23437,GIFT BAG LARGE 50'S CHRISTMAS,30.0,24,2,2,1.25,5099.0,4897.0,-202.0,1.25,20470141.41100004,99.96829260612729,88.11539125928485
22772,DRAWER KNOB ACRYLIC EDWARDIAN PINK,30.0,24,1,1,1.25,5099.0,4897.0,-202.0,1.25,20470171.41100004,99.96843911458163,88.13266539989635
22775,DRAWERKNOB ACRYLIC EDWARDIAN PURPLE,30.0,24,1,1,1.25,5099.0,4897.0,-202.0,1.25,20470201.41100004,99.96858562303596,88.14993954050786
23250,ENAMEL BOWL PANTRY,30.0,24,2,2,1.25,5099.0,4897.0,-202.0,1.25,20470231.41100004,99.9687321314903,88.16721368111936
23252,ENAMEL JUG PANTRY,30.0,8,2,2,3.75,5099.0,5312.0,213.0,3.75,20470261.41100004,99.96887863994463,88.18448782173087
22773,DRAWER KNOB ACRYLIC EDWARDIAN GREEN,30.0,24,1,1,1.25,5099.0,4897.0,-202.0,1.25,20470291.41100004,99.96902514839898,88.20176196234237
22771,DRAWER KNOB ACRYLIC EDWARDIAN CLEAR,30.0,24,1,1,1.25,5099.0,4897.0,-202.0,1.25,20470321.41100004,99.96917165685332,88.21903610295388
22410,TIN CAN HOUSEKEEPING DESIGN,30.0,24,2,2,1.25,5099.0,4897.0,-202.0,1.25,20470351.41100004,99.96931816530766,88.23631024356538
47563B,WAVELINE SURF IRONING BOARD COVER,30.0,8,6,6,3.75,5099.0,5312.0,213.0,3.75,20470381.41100004,99.96946467376199,88.25358438417689
90176E,DIAMANTE NECKLACE GREEN,29.98,4,3,2,7.493333333333333,5110.0,5467.0,357.0,7.495,20470411.39100004,99.96961108454403,88.27085852478838
21767,FRENCH STYLE WIRE DOOR CABINET,29.95,1,1,1,29.95,5111.0,5647.0,536.0,29.95,20470441.34100004,99.9697573488176,88.2881326653999
78056,CAMOUFLAGE BACKPACK ON WHEELS,29.849999999999998,3,2,1,9.95,5112.0,5514.0,402.0,9.95,20470471.19100004,99.96990312472967,88.3054068060114
22351,DOTCOMGIFTSHOP TEA TOWEL,29.809999999999995,15,3,1,2.766666666666667,5113.0,5100.0,-13.0,1.987333333333333,20470501.00100004,99.97004870529713,88.3226809466229
84985a,SET OF 72 GREEN PAPER DOILIES,29.8,10,8,0,2.98,5114.0,5241.0,127.0,2.98,20470530.80100004,99.97019423702844,88.33995508723442
22472,"TRAY FOR TV DINNER , DOLLY GIRL",29.700000000000003,6,1,1,4.95,5115.0,5385.0,270.0,4.95,20470560.50100004,99.97033928039822,88.3572292278459
23530,"WALL ART,ONLY ONE PERSON",29.700000000000003,6,1,1,4.95,5115.0,5385.0,270.0,4.95,20470590.20100004,99.97048432376802,88.37450336845743
22474,"TRAY FOR TV DINNER ,SPACEBOY",29.700000000000003,6,1,1,4.95,5115.0,5385.0,270.0,4.95,20470619.901000038,99.9706293671378,88.39177750906893
35598A,DUSTY PINK CHRISTMAS TREE 60CM,29.500000000000004,10,3,3,2.9500000000000006,5118.0,5241.0,123.0,2.95,20470649.401000038,99.97077343378457,88.40905164968042
78034B,BLUE NETTING STORAGE HANGER,29.25,15,9,9,1.95,5119.0,5100.0,-19.0,1.95,20470678.651000038,99.97091627952756,88.42632579029194
90214V,"LETTER ""V"" BLING KEY RING",28.98,38,24,7,0.9525,5120.0,4694.0,-426.0,0.7626315789473684,20470707.63100004,99.97105780669445,88.44359993090343
46776f,WOVEN ROSE GARDEN CUSHION COVER,28.91,7,1,0,4.13,5121.0,5361.0,240.0,4.13,20470736.54100004,99.97119899200827,88.46087407151494
37489D,PINK/GREEN FLOWER DESIGN BIG MUG,28.86,46,20,20,0.7614285714285715,5122.0,4595.0,-527.0,0.6273913043478261,20470765.401000038,99.97133993314135,88.47814821212646
44089C,LILAC GAUZE BUTTERFLY LAMPSHADE,28.56,68,18,14,0.42,5123.0,4354.0,-769.0,0.42,20470793.961000036,99.97147940918987,88.49542235273795
23380,PACK OF 12 DOILEY TISSUES,28.08,72,2,2,0.39,5124.0,4313.0,-811.0,0.38999999999999996,20470822.041000035,99.97161654110312,88.51269649334945
40005B,BLUE ORGANDY ROUND LAMPSHADE W BEA,28.05,33,13,11,0.8499999999999999,5125.0,4759.0,-366.0,0.85,20470850.091000035,99.97175352650792,88.52997063396096
17091F,SANDALWOOD INCENSE IN TIN,27.71,19,8,6,1.58,5126.0,5018.0,-108.0,1.458421052631579,20470877.801000036,99.97188885148358,88.54724477457246
23613,SET 10 XMAS CARDS & BADGES 17070,27.39,11,6,0,2.49,5127.0,5215.0,88.0,2.49,20470905.191000037,99.97202261370239,88.56451891518397
23637,SET 10 CARDS OUT OF ORDER 17216,27.39,11,9,0,2.49,5127.0,5215.0,88.0,2.49,20470932.581000037,99.9721563759212,88.58179305579547
21097,SET/6 GREEN SPRING PAPER PLATE,27.2,32,7,5,0.85,5129.0,4775.0,-354.0,0.85,20470959.781000037,99.97228921025314,88.59906719640698
84867b,BLUE BABY BOY'S PHOTO ALBUM,27.14,2,1,0,13.57,5130.0,5571.0,441.0,13.57,20470986.921000037,99.97242175156816,88.61634133701848
90187A,BLUE DROP EARRINGS W BEAD CLUSTER,27.04,8,7,1,3.3842857142857143,5131.0,5312.0,181.0,3.38,20471013.961000036,99.97255380452167,88.63361547762999
23702,HIGH RESOLUTION IMAGE,27.0,4,3,3,8.5,5132.0,5467.0,335.0,6.75,20471040.961000036,99.97268566213057,88.6508896182415
44235,ASSORTED COLOURED CIRCLE MOBILE,26.88,64,7,6,0.42,5133.0,4384.0,-749.0,0.42,20471067.841000035,99.97281693370566,88.668163758853
17013F,ORIGAMI SANDLEWOOD INCENSE IN TUBE,26.7,62,5,4,1.38,5134.0,4403.0,-731.0,0.43064516129032254,20471094.541000035,99.97294732623001,88.6854378994645
90027A,GLASS BEAD HOOP EARRINGS BLACK,26.52,9,6,3,2.9450000000000003,5135.0,5289.0,154.0,2.9466666666666668,20471121.061000034,99.97307683970365,88.70271204007601
90025E,BAROQUE BUTTERFLY EARRINGS MONTANA,26.5,7,7,3,3.7857142857142856,5136.0,5361.0,225.0,3.7857142857142856,20471147.561000034,99.97320625550498,88.71998618068751
22232,3 PIECE JIGSAW TOADSTOOLS,26.4,16,2,2,1.65,5137.0,5076.0,-61.0,1.65,20471173.961000033,99.97333518294478,88.73726032129902
84876C,SILVER HEART COMPACT MIRROR,26.25,7,4,4,3.75,5138.0,5361.0,223.0,3.75,20471200.211000033,99.97346337784234,88.75453446191052
23636,SET 10 CARDS WISHING TREE 17116,26.19,9,7,0,2.91,5139.0,5289.0,150.0,2.91,20471226.401000034,99.97359127972297,88.77180860252203
90182A,AMBER 3 BEAD DROP EARRINGS,26.16,9,9,0,2.9066666666666667,5140.0,5289.0,149.0,2.9066666666666667,20471252.561000034,99.97371903509516,88.78908274313353
37489C,GREEN/BLUE FLOWER DESIGN BIG MUG,26.06,27,12,10,1.5541666666666665,5141.0,4846.0,-295.0,0.9651851851851851,20471278.621000033,99.97384630210581,88.80635688374502
85164b,BLACK BAROQUE CUCKOO CLOCK,26.04,1,1,0,26.04,5142.0,5647.0,505.0,26.04,20471304.661000032,99.97397347144417,88.82363102435654
90041,PEARL AND CHERRY QUARTZ BRACLET,25.67,7,6,2,3.6950000000000003,5143.0,5361.0,218.0,3.6671428571428573,20471330.331000034,99.97409883384493,88.84090516496805
20954,*USB OFFICE MIRROR BALL,25.590000000000003,3,3,0,8.530000000000001,5144.0,5514.0,370.0,8.530000000000001,20471355.921000034,99.97422380555649,88.85817930557954
22168,"ORGANISER WOOD, ANTIQUE WHITE",25.5,3,2,2,8.5,5145.0,5514.0,369.0,8.5,20471381.421000034,99.97434833774268,88.87545344619106
84968b,S/16 VINTAGE IVORY CUTLERY,25.49,1,1,0,25.49,5146.0,5647.0,501.0,25.49,20471406.911000032,99.9744728210927,88.89272758680255
84968b,SET OF 16 VINTAGE IVORY CUTLERY,25.49,1,1,0,25.49,5146.0,5647.0,501.0,25.49,20471432.40100003,99.97459730444272,88.91000172741406
84968d,S/16 VINTAGE RED CUTLERY,25.49,1,1,0,25.49,5146.0,5647.0,501.0,25.49,20471457.89100003,99.97472178779276,88.92727586802557
84968a,S/16 VINTAGE ROSE CUTLERY,25.49,1,1,0,25.49,5146.0,5647.0,501.0,25.49,20471483.381000027,99.97484627114278,88.94455000863707
90142A,GREEN PENDANT SHELL NECKLACE,25.45,5,4,0,5.09,5150.0,5421.0,271.0,5.09,20471508.831000026,99.97497055914822,88.96182414924857
DCGS0070,CAMOUFLAGE DOG COLLAR,25.44,2,2,0,12.72,5151.0,5571.0,420.0,12.72,20471534.271000028,99.9750947983175,88.97909828986008
85035a,GARDENIA 3 WICK MORRIS BOXED CANDLE,25.410000000000004,3,3,0,8.47,5152.0,5514.0,362.0,8.47,20471559.681000028,99.97521889097831,88.99637243047158
84997c,BLUE 3 PIECE MINI DOTS CUTLERY SET,25.410000000000004,3,2,0,8.47,5152.0,5514.0,362.0,8.47,20471585.091000028,99.97534298363914,89.0136465710831
90214Y,"LETTER ""Y"" BLING KEY RING",25.339999999999996,68,10,4,0.852,5154.0,4354.0,-800.0,0.37264705882352933,20471610.431000028,99.97546673444691,89.03092071169459
35597D,PINK/WHITE CHRISTMAS TREE 30CM,25.28,58,7,7,0.5825,5155.0,4446.0,-709.0,0.43586206896551727,20471635.71100003,99.97559019223776,89.0481948523061
90055,CRACKED GLAZE EARRINGS BROWN,25.28,10,10,1,2.528,5155.0,5241.0,86.0,2.528,20471660.99100003,99.97571365002862,89.0654689929176
90053,CRACKED GLAZE EARRINGS IVORY,25.23,10,10,0,2.523,5157.0,5241.0,84.0,2.523,20471686.22100003,99.97583686363872,89.0827431335291
84596b,SMALL DOLLY MIX DESIGN ORANGE BOWL,25.099999999999998,10,8,0,2.51,5158.0,5241.0,83.0,2.51,20471711.321000032,99.97595944237887,89.10001727414061
84510c,SET OF 4 POLKADOTS COASTERS,25.099999999999998,10,8,0,2.51,5158.0,5241.0,83.0,2.51,20471736.421000034,99.976082021119,89.11729141475212
90128C,GREEN LEAVES AND BEADS PHONE CHARM,25.04,17,6,3,1.8816666666666666,5160.0,5056.0,-104.0,1.4729411764705882,20471761.461000033,99.9762043068422,89.13456555536362
22719,"GUMBALL COATHOOK., BLACK & WHITE",25.0,20,4,4,1.25,5161.0,4992.0,-169.0,1.25,20471786.461000033,99.97632639722083,89.15183969597513
23104,IVORY PANTRY HANGING LAMP,25.0,2,1,1,12.5,5161.0,5571.0,410.0,12.5,20471811.461000033,99.97644848759944,89.16911383658663
23214,BELL HEART ANTIQUE GOLD,24.96,12,1,1,2.08,5163.0,5179.0,16.0,2.08,20471836.421000034,99.97657038263345,89.18638797719814
23620,SET 10 CARDS PERFECT POST 17090,24.900000000000002,10,7,0,2.4899999999999998,5164.0,5241.0,77.0,2.49,20471861.321000032,99.97669198465054,89.20366211780963
85034a,3 GARDENIA MORRIS BOXED CANDLES,24.869999999999997,3,3,0,8.29,5165.0,5514.0,349.0,8.29,20471886.191000033,99.97681344015919,89.22093625842115
84550,CROCHET LILAC/RED BEAR KEYRING,24.75,15,5,4,1.65,5166.0,5100.0,-66.0,1.65,20471910.941000033,99.97693430963402,89.23821039903265
35633B,BLUE TINSEL GARLAND,24.7,130,12,12,0.19000000000000003,5167.0,3900.0,-1267.0,0.19,20471935.641000032,99.97705493492809,89.25548453964414
35596,WOOD XMAS TREE 9 FIG SHELVES,24.65,29,4,4,0.85,5168.0,4816.0,-352.0,0.85,20471960.29100003,99.9771753160414,89.27275868025566
10124A,SPOTS ON RED BOOKCOVER TAPE,24.36,58,18,18,0.42,5169.0,4446.0,-723.0,0.42,20471984.65100003,99.97729428090632,89.29003282086715
84450A,PINK RABBIT SITTING EASTER,24.18,52,5,4,0.49799999999999994,5170.0,4510.0,-660.0,0.46499999999999997,20472008.83100003,99.97741236672051,89.30730696147867
37494a,FAIRY CAKE CERAMIC BUTTER DISH,24.16,4,3,0,6.04,5171.0,5467.0,296.0,6.04,20472032.99100003,99.9775303548624,89.32458110209018
72801E,4 FESTIVE GREEN DINNER CANDLES,23.91,51,2,2,0.835,5172.0,4524.0,-648.0,0.4688235294117647,20472056.90100003,99.9776471221005,89.34185524270167
84575B,BROWN DOG CANNISTER W BONE,23.8,4,3,3,5.95,5173.0,5467.0,294.0,5.95,20472080.70100003,99.97776335214095,89.35912938331319
79302m,"ART LIGHTS,FUNK MONKEY",23.77,4,4,0,5.9425,5174.0,5467.0,293.0,5.9425,20472104.47100003,99.97787943567293,89.37640352392468
85184c,S/4 VALENTINE DECOUPAGE HEART BOX,23.77,4,4,0,5.9425,5174.0,5467.0,293.0,5.9425,20472128.24100003,99.97799551920492,89.39367766453618
90128B,BLUE LEAVES AND BEADS PHONE CHARM,23.759999999999998,18,6,5,1.46,5176.0,5037.0,-139.0,1.3199999999999998,20472152.00100003,99.97811155390076,89.4109518051477
17014F,ORIGAMI SANDLEWOOD INCENSE CONES,23.699999999999996,61,4,4,1.3125,5177.0,4410.0,-767.0,0.38852459016393437,20472175.70100003,99.97822729557969,89.4282259457592
47556b,TEA TIME TEA TOWELS,23.64,4,4,0,5.91,5178.0,5467.0,289.0,5.91,20472199.34100003,99.97834274424171,89.4455000863707
90011E,AMBER CRYSTAL DROP EARRINGS,23.61,8,8,1,2.95125,5179.0,5312.0,133.0,2.95125,20472222.95100003,99.97845804639528,89.4627742269822
85040b,SET/4 BLUE FLOWER CANDLES IN BOWL,23.519999999999996,7,3,0,3.36,5180.0,5361.0,181.0,3.3599999999999994,20472246.47100003,99.97857290902347,89.48004836759371
47552A,DOTS IRONING BOARD COVER,23.4,12,11,11,1.95,5181.0,5179.0,-2.0,1.95,20472269.87100003,99.97868718561784,89.49732250820522
23244,CANNISTER VINTAGE LEAF DESIGN,23.4,12,2,2,1.95,5181.0,5179.0,-2.0,1.95,20472293.271000028,99.97880146221222,89.51459664881672
23623,SET 10 CARD CHRISTMAS WELCOME 17112,23.28,8,6,0,2.91,5183.0,5312.0,129.0,2.91,20472316.55100003,99.97891515277279,89.53187078942823
23236,STORAGE TIN VINTAGE DOILEY,23.13,7,2,1,4.34,5184.0,5361.0,177.0,3.3042857142857143,20472339.681000028,99.97902811079108,89.54914493003973
23106,ZINC PLANT POT HOLDER,23.12,8,1,1,2.89,5185.0,5312.0,127.0,2.89,20472362.80100003,99.97914101997323,89.56641907065124
84509E,CAROUSEL PLACEMATS,23.060000000000002,4,3,2,5.093333333333334,5186.0,5467.0,281.0,5.765000000000001,20472385.861000028,99.97925363613845,89.58369321126274
90095,NECKLACE+BRACELET SET PINK BLOSSOM,22.91,8,3,2,3.3866666666666667,5187.0,5312.0,125.0,2.86375,20472408.771000028,99.97936551976142,89.60096735187423
23145,ZINC T-LIGHT HOLDER STARS LARGE,22.8,24,2,2,0.95,5188.0,4897.0,-291.0,0.9500000000000001,20472431.57100003,99.97947686618672,89.61824149248575
84450B,YELLOW RABBIT SAT EASTER,22.63,51,6,3,0.6216666666666667,5189.0,4524.0,-665.0,0.44372549019607843,20472454.201000027,99.97958738239743,89.63551563309726
90025C,BAROQUE BUTTERFLY EARRINGS GREEN,22.56,6,6,2,3.76,5190.0,5385.0,195.0,3.76,20472476.761000026,99.97969755675508,89.65278977370876
90189B,GOLD 2 STRAND NECKLACE-LEAF CHARMS,22.5,3,2,2,7.5,5191.0,5514.0,323.0,7.5,20472499.261000026,99.97980743809583,89.67006391432027
85225,BLING KEY RING STAND,22.5,19,11,10,1.2045454545454546,5191.0,5018.0,-173.0,1.1842105263157894,20472521.761000026,99.9799173194366,89.68733805493176
37477C,"FLOWER FAIRY MUG+COASTER,ROSE",22.5,6,1,1,3.75,5191.0,5385.0,194.0,3.75,20472544.261000026,99.98002720077734,89.70461219554328
23645,SET 10 CHRISTMAS CARDS HOHOHO 16956,22.410000000000004,9,4,0,2.49,5194.0,5289.0,95.0,2.49,20472566.671000026,99.98013664259273,89.72188633615478
23640,SET 10 CARDS SCOTTIE DOG 17211,22.410000000000004,9,8,0,2.49,5194.0,5289.0,95.0,2.49,20472589.081000026,99.98024608440812,89.73916047676627
35652,VINTAGE BEAD CHAISE LONG JEWEL BOX,21.5,18,2,2,3.625,5196.0,5037.0,-159.0,1.1944444444444444,20472610.581000026,99.98035108213374,89.75643461737779
90214Z,"LETTER ""Z"" BLING KEY RING",21.49,31,18,5,0.9011111111111111,5197.0,4791.0,-406.0,0.6932258064516128,20472632.071000025,99.98045603102318,89.77370875798928
84387A,BIRD ON BRANCH CANVAS SCREEN,21.45,11,1,1,1.95,5198.0,5215.0,17.0,1.95,20472653.521000024,99.98056078456803,89.79098289860079
84899E,YELLOW BROWN BEAR FELT PURSE KIT,21.28,14,6,3,1.88,5199.0,5125.0,-74.0,1.52,20472674.801000025,99.98066470789831,89.80825703921231
21387,IVORY HANGING DECORATION RABBIT,21.25,25,4,4,0.85,5200.0,4883.0,-317.0,0.85,20472696.051000025,99.98076848472013,89.8255311798238
35591T,TURQUOISE CHRISTMAS TREE,21.25,17,9,9,1.25,5200.0,5056.0,-144.0,1.25,20472717.301000025,99.98087226154195,89.8428053204353
90128D,PURPLE LEAVES AND BEADS PHONE CHAR,21.24,13,7,2,1.9628571428571426,5202.0,5149.0,-53.0,1.6338461538461537,20472738.541000023,99.98097598952762,89.86007946104681
22201,FRYING PAN BLUE RETROSPOT,21.22,4,3,2,5.656666666666666,5203.0,5467.0,264.0,5.305,20472759.761000022,99.98107961984098,89.87735360165831
21594,DR. JAM'S AROUZER STRESS BALL,21.06,5,5,0,4.212,5204.0,5421.0,217.0,4.212,20472780.82100002,99.98118246877593,89.89462774226982
23691,KEEP CALM BIRTHDAY WRAP,21.0,50,2,2,0.42,5205.0,4539.0,-666.0,0.42,20472801.82100002,99.98128502469396,89.91190188288132
35603B,S/16 BLACK SHINY/MAT BAUBLES,21.0,50,2,1,0.42,5205.0,4539.0,-666.0,0.42,20472822.82100002,99.981387580612,89.92917602349283
23692,WRAP A PRETTY THANK YOU,21.0,50,2,2,0.42,5205.0,4539.0,-666.0,0.42,20472843.82100002,99.98149013653003,89.94645016410433
23388,WOODLAND MINI RUCKSACK,20.75,5,2,2,4.15,5208.0,5421.0,213.0,4.15,20472864.57100002,99.98159147154428,89.96372430471584
DCGS0072,CAT CAMOUFLAGUE COLLAR,20.68,4,3,0,5.17,5209.0,5467.0,258.0,5.17,20472885.25100002,99.98169246470546,89.98099844532734
46776a,WOVEN BUBBLE GUM CUSHION COVER,20.65,5,1,0,4.13,5210.0,5421.0,211.0,4.13,20472905.90100002,99.98179331135819,89.99827258593885
10002R,ROBOT PENCIL SHARPNER,20.57,4,3,0,5.133333333333333,5211.0,5467.0,256.0,5.1425,20472926.47100002,99.98189376732172,90.01554672655035
22418,"PEN, 10 COLOURS - SPACEBOY",20.4,24,1,1,0.85,5212.0,4897.0,-315.0,0.85,20472946.871000018,99.98199339307065,90.03282086716186
79172D,PURPLE TINT ACRYLIC FLOWER VASE,20.4,24,4,4,0.85,5212.0,4897.0,-315.0,0.85,20472967.271000016,99.9820930188196,90.05009500777336
22345,PARTY PIZZA DISH BLUE+WHITE SPOT,20.4,24,2,2,0.85,5212.0,4897.0,-315.0,0.85,20472987.671000015,99.98219264456854,90.06736914838487
22344,PARTY PIZZA DISH PINK+WHITE SPOT,20.4,24,2,2,0.85,5212.0,4897.0,-315.0,0.85,20473008.071000014,99.98229227031749,90.08464328899638
85232a,SET/3 POLKA DOT STACKING TINS,20.34,2,2,0,10.17,5216.0,5571.0,355.0,10.17,20473028.411000013,99.98239160304952,90.10191742960788
22533,MAGIC SLATE BAKE A CAKE,20.16,48,1,1,0.42,5217.0,4566.0,-651.0,0.42,20473048.571000014,99.98249005673084,90.11919157021939
72801g,4 BURGUNDY WINE DINNER CANDLES,20.08,8,1,0,2.51,5218.0,5312.0,94.0,2.51,20473068.65100001,99.98258811972293,90.13646571083088
84536a,ENGLISH ROSE NOTEBOOK A7 SIZE,19.970000000000002,25,12,0,0.8033333333333333,5219.0,4883.0,-336.0,0.7988000000000001,20473088.62100001,99.98268564551736,90.1537398514424
90082C,DIAMANTE BOW BROOCH WHITE COLOUR,19.93,3,3,1,6.6433333333333335,5220.0,5514.0,294.0,6.6433333333333335,20473108.55100001,99.98278297596718,90.1710139920539
23601,SET 10 CARDS SNOWY SNOWDROPS 17100,19.92,8,4,0,2.49,5221.0,5312.0,91.0,2.49,20473128.471000012,99.98288025758089,90.18828813266539
23616,SET 10 CARDS JINGLE BELLS 17217,19.92,8,7,0,2.4899999999999998,5221.0,5312.0,91.0,2.49,20473148.391000014,99.98297753919458,90.20556227327691
90127A,PINK BEADS+HAND PHONE CHARM,19.92,14,2,1,1.855,5221.0,5125.0,-96.0,1.422857142857143,20473168.311000016,99.98307482080826,90.2228364138884
23646,SET 10 CARDS JINGLE BELLS 16957,19.92,8,5,0,2.49,5221.0,5312.0,91.0,2.49,20473188.231000017,99.98317210242195,90.2401105544999
23029,DOORKNOB CRACKED GLAZE GREEN,19.8,12,2,2,1.65,5225.0,5179.0,-46.0,1.6500000000000001,20473208.031000018,99.98326879800182,90.25738469511143
23031,DOORKNOB CRACKED GLAZE PINK,19.8,12,2,2,1.65,5225.0,5179.0,-46.0,1.6500000000000001,20473227.83100002,99.98336549358167,90.27465883572292
84570B,WHITE SATIN DRESS JEWEL STAND,19.8,4,2,2,4.95,5225.0,5467.0,242.0,4.95,20473247.63100002,99.98346218916154,90.29193297633444
23249,ENAMEL DINNER PLATE PANTRY,19.799999999999997,12,1,1,1.65,5228.0,5179.0,-49.0,1.6499999999999997,20473267.43100002,99.98355888474141,90.30920711694593
37488A,YELLOW PINK FLOWER DESIGN BIG BOWL,19.770000000000003,31,5,4,1.4140000000000001,5229.0,4791.0,-438.0,0.637741935483871,20473287.20100002,99.98365543381281,90.32648125755743
37487B,YELLOW/ORANGE FLOWER DESIGN PLATE,19.72,68,2,2,0.29,5230.0,4354.0,-876.0,0.29,20473306.92100002,99.98375173870346,90.34375539816895
44092C,PURPLE/COPPER HANGING LAMPSHADE,19.55,23,10,6,0.85,5231.0,4936.0,-295.0,0.85,20473326.47100002,99.98384721337953,90.36102953878044
20680,PINK FLOWERS CHILDS UMBRELLA,19.5,6,4,4,3.25,5232.0,5385.0,153.0,3.25,20473345.97100002,99.98394244387487,90.37830367939195
79062D,"RETRO TIN ASHTRAY,REVOLUTIONARY",19.4,52,4,4,0.38,5233.0,4510.0,-723.0,0.37307692307692303,20473365.371000018,99.98403718600866,90.39557782000345
22963,JAM JAR WITH BLUE LID,18.98,26,2,2,0.7849999999999999,5234.0,4867.0,-367.0,0.73,20473384.35100002,99.9841298770241,90.41285196061496
23056,CRYSTAL CHANDELIER T-LIGHT HOLDER,18.75,3,1,1,6.25,5235.0,5514.0,279.0,6.25,20473403.10100002,99.98422144480806,90.43012610122646
84030B,KNITTED POM POM HOT WATER BOTTLE,18.75,5,3,2,3.75,5235.0,5421.0,186.0,3.75,20473421.85100002,99.98431301259203,90.44740024183797
90025D,BAROQUE BUTTERFLY EARRINGS PINK,18.69,5,5,2,3.7380000000000004,5237.0,5421.0,184.0,3.7380000000000004,20473440.54100002,99.98440428735908,90.46467438244947
84732B,CUTE BIRD CEATURE SCREEN,18.48,28,6,6,1.23,5238.0,4828.0,-410.0,0.66,20473459.02100002,99.98449453656696,90.48194852306098
72796A,S/3 ENGLISH LAVENDER SQU CANDLE,18.15,11,5,5,1.6499999999999997,5239.0,5215.0,-24.0,1.65,20473477.17100002,99.98458317418184,90.49922266367248
84311,CAMOFLAGE CUSHION COVER,18.15,11,1,1,1.65,5239.0,5215.0,-24.0,1.65,20473495.321000017,99.98467181179669,90.51649680428399
84986b,SET OF 36 SILVER PAPER DOILIES,17.88,6,5,0,2.98,5241.0,5385.0,144.0,2.98,20473513.201000016,99.98475913083547,90.53377094489548
84614C,BLUE BAROQUE FLOCK CANDLE HOLDER,17.85,3,1,1,5.95,5242.0,5514.0,272.0,5.95,20473531.051000018,99.9848463033658,90.551045085507
18097B,BLUE TALL PORCELAIN T-LIGHT HOLDER,17.85,7,3,3,2.55,5242.0,5361.0,119.0,2.5500000000000003,20473548.90100002,99.98493347589614,90.5683192261185
71050,SMALL SINGLE FLAME CANDLE HOLDER,17.849999999999998,51,8,7,0.35,5244.0,4524.0,-720.0,0.35,20473566.75100002,99.98502064842648,90.58559336673001
21249,WOOD ANIMALS HEIGHT CHART STICKERS,17.700000000000003,6,1,1,2.95,5245.0,5385.0,140.0,2.9500000000000006,20473584.45100002,99.98510708841454,90.60286750734151
90182B,AMETHYST 3 BEAD DROP EARRINGS,17.53,6,6,0,2.921666666666667,5246.0,5385.0,139.0,2.921666666666667,20473601.98100002,99.98519269818803,90.620141647953
23627,SET 10 CARDS XMAS GRAPHIC 17218,17.43,7,2,0,2.49,5247.0,5361.0,114.0,2.4899999999999998,20473619.41100002,99.9852778196,90.63741578856452
22887,"NUMBER TILE VINTAGE FONT, 8",17.36,8,1,1,2.17,5248.0,5312.0,64.0,2.17,20473636.77100002,99.9853625991589,90.65468992917603
22882,"NUMBER TILE VINTAGE FONT, 3",17.36,8,1,1,2.17,5248.0,5312.0,64.0,2.17,20473654.13100002,99.98544737871781,90.67196406978752
22886,"NUMBER TILE VINTAGE FONT, 7",17.36,8,1,1,2.17,5248.0,5312.0,64.0,2.17,20473671.49100002,99.98553215827671,90.68923821039904
22885,"NUMBER TILE VINTAGE FONT, 6",17.36,8,1,1,2.17,5248.0,5312.0,64.0,2.17,20473688.85100002,99.98561693783562,90.70651235101053
22884,"NUMBER TILE VINTAGE FONT, 5",17.36,8,1,1,2.17,5248.0,5312.0,64.0,2.17,20473706.211000018,99.98570171739452,90.72378649162204
22879,"NUMBER TILE VINTAGE FONT, 0",17.36,8,1,1,2.17,5248.0,5312.0,64.0,2.17,20473723.571000017,99.98578649695344,90.74106063223356
22880,"NUMBER TILE VINTAGE FONT, 1",17.36,8,1,1,2.17,5248.0,5312.0,64.0,2.17,20473740.931000017,99.98587127651234,90.75833477284505
22881,"NUMBER TILE VINTAGE FONT, 2",17.36,8,1,1,2.17,5248.0,5312.0,64.0,2.17,20473758.291000016,99.98595605607125,90.77560891345655
22883,"NUMBER TILE VINTAGE FONT, 4",17.36,8,1,1,2.17,5248.0,5312.0,64.0,2.17,20473775.651000015,99.98604083563015,90.79288305406806
37482b,CUBIC MUG BLUE POLKA DOT,17.35,1,1,0,17.35,5257.0,5647.0,390.0,17.35,20473793.001000017,99.98612556635292,90.81015719467956
DCGS0066N,NAVY CUDDLES DOG HOODIE,17.3,2,2,0,8.65,5258.0,5571.0,313.0,8.65,20473810.301000018,99.98621005289493,90.82743133529107
DCGS0068,DOGS NIGHT COLLAR,17.12,2,2,0,8.56,5259.0,5571.0,312.0,8.56,20473827.42100002,99.98629366038621,90.84470547590257
84796b,BLUE SAVANNAH PICNIC HAMPER FOR 2,17.12,2,2,0,8.56,5259.0,5571.0,312.0,8.56,20473844.54100002,99.98637726787749,90.86197961651408
22777,GLASS BELL JAR LARGE,17.0,2,1,1,8.5,5261.0,5571.0,310.0,8.5,20473861.54100002,99.98646028933494,90.87925375712558
23342,MINT DINER CLOCK,17.0,2,1,1,8.5,5261.0,5571.0,310.0,8.5,20473878.54100002,99.9865433107924,90.89652789773709
84993b,75 BLACK PETIT FOUR CASES,16.99,20,13,0,0.8492307692307691,5263.0,4992.0,-271.0,0.8494999999999999,20473895.531000018,99.9866262834137,90.91380203834859
21120,*BOOMBOX IPOD CLASSIC,16.98,1,1,0,16.98,5264.0,5647.0,383.0,16.98,20473912.51100002,99.98670920719886,90.9310761789601
85035c,ROSE 3 WICK MORRIS BOX CANDLE,16.94,2,2,0,8.47,5265.0,5571.0,306.0,8.47,20473929.45100002,99.9867919356394,90.9483503195716
85036b,CHOCOLATE 1 WICK MORRIS BOX CANDLE,16.94,2,2,0,8.47,5265.0,5571.0,306.0,8.47,20473946.39100002,99.98687466407998,90.96562446018311
72805,VANILLA CANDLE IN EMBOSSED ZINC POT,16.9,10,3,3,1.6900000000000002,5267.0,5241.0,-26.0,1.69,20473963.29100002,99.98695719717591,90.98289860079461
47591c,BLUE FAIRY CAKE CHILD'S APRON,16.84,4,3,0,4.21,5268.0,5467.0,199.0,4.21,20473980.13100002,99.98703943725495,91.00017274140612
21511,VINTAGE COLLAGE GREETING CARD,16.8,40,2,1,0.42,5269.0,4667.0,-602.0,0.42000000000000004,20473996.93100002,99.98712148198938,91.01744688201762
44089A,PINK GAUZE BUTTERFLY LAMPSHADE,16.8,40,13,11,0.42,5269.0,4667.0,-602.0,0.42000000000000004,20474013.73100002,99.9872035267238,91.03472102262913
72785A,S/4 CONTEMPORY PINK ROSEBUD CANDLES,16.8,8,4,4,2.1,5269.0,5312.0,43.0,2.1,20474030.53100002,99.98728557145824,91.05199516324063
23644,SET 10 CARDS CHRISTMAS TREE 16955,16.65,5,5,0,3.3299999999999996,5272.0,5421.0,149.0,3.3299999999999996,20474047.18100002,99.98736688365038,91.06926930385212
84031b,CHARLIE LOLA BLUE HOT WATER BOTTLE,16.63,1,1,0,16.63,5273.0,5647.0,374.0,16.63,20474063.81100002,99.98744809817023,91.08654344446364
84031a,CHARLIE+LOLA RED HOT WATER BOTTLE,16.63,1,1,0,16.63,5273.0,5647.0,374.0,16.63,20474080.44100002,99.98752931269009,91.10381758507515
85036a,GARDENIA 1 WICK MORRIS BOXED CANDLE,16.58,2,1,0,8.29,5275.0,5571.0,296.0,8.29,20474097.021000016,99.98761028302917,91.12109172568664
22384,LUNCH BAG PINK POLKADOTS,16.5,10,1,1,1.65,5276.0,5241.0,-35.0,1.65,20474113.521000016,99.98769086267906,91.13836586629816
23502,PLAYING CARDS VINTAGE DOILEY,16.25,13,2,2,1.25,5277.0,5149.0,-128.0,1.25,20474129.771000016,99.98777022142515,91.15564000690965
85160b,BLACK BIRD GARDEN DESIGN MUG,16.13,1,1,0,16.13,5278.0,5647.0,369.0,16.13,20474145.901000015,99.98784899413742,91.17291414752115
90102,WHITE FRANGIPANI HAIR CLIP,16.11,19,4,3,0.845,5279.0,5018.0,-261.0,0.8478947368421053,20474162.011000015,99.98792766917741,91.19018828813267
62074B,ELEPHANT CLIP W SUCTION CUP,15.96,38,12,8,0.42,5280.0,4694.0,-586.0,0.42000000000000004,20474177.971000016,99.98800561167512,91.20746242874417
84630,FLOWERS AND BIRDS WALL PLAQUE,15.9,2,1,1,7.95,5281.0,5571.0,290.0,7.95,20474193.871000014,99.98808326115591,91.22473656935568
84250M,"GREETING CARD, BLACKPOOL ROCK",15.899999999999999,28,13,1,0.7992307692307693,5282.0,4828.0,-454.0,0.5678571428571428,20474209.771000013,99.98816091063671,91.24201070996718
22778,GLASS BELL JAR SMALL,15.8,4,1,1,3.95,5283.0,5467.0,184.0,3.95,20474225.571000014,99.98823807175599,91.25928485057868
35932,PINK CHRISTMAS TREE DECORATION,15.629999999999999,37,10,10,0.537,5284.0,4706.0,-578.0,0.4224324324324324,20474241.201000012,99.98831440266069,91.2765589911902
84509a,ENGLISH ROSE PLACEMATS,15.56,2,1,0,7.78,5285.0,5571.0,286.0,7.78,20474256.76100001,99.98839039171233,91.29383313180169
84912a,PINK ROSE WASHBAG,15.56,2,1,0,7.78,5285.0,5571.0,286.0,7.78,20474272.32100001,99.98846638076398,91.3111072724132
21560,TOADSTOOL LUNCHBOX WITH CUTLERY,15.44,4,4,0,3.86,5287.0,5467.0,180.0,3.86,20474287.76100001,99.98854178378181,91.3283814130247
21853,GUMBALL CUSTOM CARS TOP TRUMPS GAME,15.399999999999999,3,3,0,5.133333333333333,5288.0,5514.0,226.0,5.133333333333333,20474303.16100001,99.98861699145503,91.3456555536362
17107D,FLOWER FAIRY 5 SUMMER DRAW LINERS,15.3,6,1,1,2.55,5289.0,5385.0,96.0,2.5500000000000003,20474318.46100001,99.98869171076676,91.36292969424771
37481,CUBIC MUG TEATIME CAKES,15.3,12,2,1,1.275,5289.0,5179.0,-110.0,1.2750000000000001,20474333.76100001,99.98876643007847,91.38020383485922
84509e,SET OF 4 CAROUSEL PLACEMATS,15.24,2,1,0,7.62,5291.0,5571.0,280.0,7.62,20474349.00100001,99.98884085637326,91.39747797547072
85124c,GREEN JUICY FRUIT PHOTO FRAME,15.18,3,2,0,5.06,5292.0,5514.0,222.0,5.06,20474364.18100001,99.98891498965115,91.41475211608223
17174,ASSTD RASTA KEY-CHAINS,15.120000000000001,36,7,7,0.42,5293.0,4719.0,-574.0,0.42000000000000004,20474379.30100001,99.98898882991215,91.43202625669373
m,MANUAL,15.049999999999999,5,4,0,3.01,5294.0,5421.0,127.0,3.01,20474394.35100001,99.98906232832007,91.44930039730524
84206A,3 BLACK CATS W HEARTS BLANK CARD,15.01,79,9,9,0.19,5295.0,4252.0,-1043.0,0.19,20474409.361000013,99.9891356313834,91.46657453791673
23212,PAINTED HEART WREATH WITH BELL,15.0,12,1,1,1.25,5296.0,5179.0,-117.0,1.25,20474424.361000013,99.98920888561057,91.48384867852825
23449,SET OF 6 EASTER RAINBOW CHICKS,15.0,12,1,1,1.25,5296.0,5179.0,-117.0,1.25,20474439.361000013,99.98928213983774,91.50112281913975
22954,HEN PARTY BANNER TAPE,15.0,12,1,1,1.25,5296.0,5179.0,-117.0,1.25,20474454.361000013,99.9893553940649,91.51839695975124
22408,TIN CAN CONFECTIONERY DESIGN,15.0,12,1,1,1.25,5296.0,5179.0,-117.0,1.25,20474469.361000013,99.98942864829208,91.53567110036276
90068,"RUBY GLASS NECKLACE 42""",15.0,2,2,0,7.5,5296.0,5571.0,275.0,7.5,20474484.361000013,99.98950190251925,91.55294524097425
23251,ENAMEL MUG PANTRY,15.0,12,1,1,1.25,5296.0,5179.0,-117.0,1.25,20474499.361000013,99.98957515674641,91.57021938158577
21475,SWEETHEART CREAM STEEL FOLDIN CHAIR,14.95,1,1,1,14.95,5302.0,5647.0,345.0,14.95,20474514.31100001,99.98964816679282,91.58749352219728
23621,SET 10 CARDS DAVID'S MADONNA 17074,14.940000000000001,6,4,0,2.49,5303.0,5385.0,82.0,2.49,20474529.251000013,99.9897211280031,91.60476766280877
23281,FOLDING MIRROR RED,14.940000000000001,18,2,2,0.83,5303.0,5037.0,-266.0,0.8300000000000001,20474544.191000015,99.98979408921336,91.62204180342029
23282,FOLDING MIRROR IVORY,14.940000000000001,18,2,2,0.83,5303.0,5037.0,-266.0,0.8300000000000001,20474559.131000016,99.98986705042363,91.63931594403178
84509g,SET OF 4 FAIRY CAKE PLACEMATS,14.92,2,2,0,7.46,5306.0,5571.0,265.0,7.46,20474574.051000018,99.98993991396159,91.65659008464328
35650,VINTAGE BEAD PINK JEWEL STAND,14.850000000000001,3,3,3,4.95,5307.0,5514.0,207.0,4.95,20474588.90100002,99.99001243564649,91.6738642252548
84567,FROSTED GLASS WITH SILVER SURROUND,14.85,9,1,1,1.65,5308.0,5289.0,-19.0,1.65,20474603.75100002,99.99008495733139,91.6911383658663
22139,11 PC CERAMIC TEA SET POLKADOT,14.85,3,1,1,4.95,5308.0,5514.0,206.0,4.95,20474618.601000022,99.99015747901629,91.7084125064778
SP1002,KID'S CHALKBOARD/EASEL,14.75,5,2,2,2.95,5310.0,5421.0,111.0,2.95,20474633.351000022,99.99022951233968,91.7256866470893
90011D,PURPLE CRYSTAL DROP EARRINGS,14.75,5,5,0,2.95,5310.0,5421.0,111.0,2.95,20474648.101000022,99.99030154566306,91.74296078770081
23634,SET 10 CARDS XMAS CHOIR 17068,14.55,5,5,0,2.91,5312.0,5421.0,109.0,2.91,20474662.651000023,99.99037260226342,91.76023492831231
81950V,FLOWER PURPLE CLOCK W/SUCKER,14.45,17,7,7,0.85,5313.0,5056.0,-257.0,0.85,20474677.101000022,99.99044317050225,91.77750906892382
48195,DOORMAT GREEN PAISLEY,14.43,1,1,0,14.43,5314.0,5647.0,333.0,14.43,20474691.53100002,99.99051364106879,91.79478320953532
90077,BLACK DIAMOND CLUSTER EARRINGS,14.399999999999999,5,5,1,2.88,5315.0,5421.0,106.0,2.88,20474705.93100002,99.99058396512687,91.81205735014683
10124G,ARMY CAMO BOOKCOVER TAPE,14.28,33,10,9,0.462,5316.0,4759.0,-557.0,0.4327272727272727,20474720.21100002,99.99065370315114,91.82933149075834
71143,ANTIQUE SILVER BOOK MARK WITH BEADS,14.11,17,3,0,0.83,5317.0,5056.0,-261.0,0.83,20474734.32100002,99.99072261096083,91.84660563136984
23540,"WALL ART , THE MAGIC FOREST",13.9,2,1,1,6.95,5318.0,5571.0,253.0,6.95,20474748.22100002,99.99079049321132,91.86387977198135
21852,EMPIRE TEDDY,13.9,2,2,1,6.95,5318.0,5571.0,253.0,6.95,20474762.121000018,99.99085837546183,91.88115391259285
84868A,PINK BABY GIRL'S MEMORY BOX,13.9,2,2,2,6.95,5318.0,5571.0,253.0,6.95,20474776.021000016,99.99092625771233,91.89842805320436
84406b,CREAM CUPID HEARTS COAT HANGER,13.82,2,2,0,6.91,5321.0,5571.0,250.0,6.91,20474789.841000017,99.99099374927363,91.91570219381586
16245A,PINK MINI STATIONERY SET W CASE,13.75,11,7,7,1.25,5322.0,5215.0,-107.0,1.25,20474803.591000017,99.99106089898187,91.93297633442737
35936,CERISE+GOLD CHRISTMAS TREE DEC,13.68,36,9,8,0.38,5323.0,4719.0,-604.0,0.38,20474817.271000016,99.99112770683705,91.95025047503887
84814B,RHOMBUS CRYSTAL PERFUME BOTTLE,13.65,7,3,2,1.95,5324.0,5361.0,37.0,1.95,20474830.921000015,99.99119436818376,91.96752461565038
35443,RASTA IN BATH W SPLIFF ASHTRAY,13.6,16,10,9,0.85,5325.0,5076.0,-249.0,0.85,20474844.521000016,99.99126078534974,91.98479875626188
84867a,PINK BABY GIRLS PHOTO ALBUM,13.57,1,1,0,13.57,5326.0,5647.0,321.0,13.57,20474858.091000017,99.99132705600725,92.00207289687337
79342b,BROWN FLOWER LIGHTS,13.57,1,1,0,13.57,5326.0,5647.0,321.0,13.57,20474871.661000017,99.99139332666476,92.01934703748489
21525,BEWARE OF THE CAT DOORMAT,13.5,2,2,1,6.75,5328.0,5571.0,243.0,6.75,20474885.161000017,99.99145925546921,92.0366211780964
85039b,S/4 IVORY MINI ROSE CANDLE IN BOWL,13.44,4,1,0,3.36,5329.0,5467.0,138.0,3.36,20474898.60100002,99.99152489125676,92.05389531870789
62097B,BLUE STRIPES SHOULDER BAG,13.37,11,4,3,1.36,5330.0,5215.0,-115.0,1.2154545454545453,20474911.97100002,99.99159018519124,92.0711694593194
90014C,SILVER AND BLACK ORBIT NECKLACE,13.350000000000001,2,2,1,6.675000000000001,5331.0,5571.0,240.0,6.675000000000001,20474925.32100002,99.99165538145344,92.0884435999309
23639,SET 10 CARDS MAGICAL TREE 17086,13.32,4,4,0,3.33,5332.0,5467.0,135.0,3.33,20474938.64100002,99.99172043120717,92.1057177405424
23607,SET 10 CARDS HATS & STOCKINGS 17081,13.28,8,7,0,1.66,5333.0,5312.0,-21.0,1.66,20474951.921000022,99.99178528561629,92.12299188115392
23271,CHRISTMAS TABLE CANDLE SILVER SPIKE,13.28,16,1,1,0.83,5333.0,5076.0,-257.0,0.83,20474965.201000024,99.99185014002542,92.14026602176541
35004s,SET OF 3 SILVER FLYING DUCKS,13.0,1,1,0,13.0,5335.0,5647.0,312.0,13.0,20474978.201000024,99.99191362702229,92.15754016237692
85159b,"WHITE TEA,COFFEE,SUGAR JARS",13.0,1,1,0,13.0,5335.0,5647.0,312.0,13.0,20474991.201000024,99.99197711401916,92.17481430298842
16192,PINK BALLET OPENING CUBE BOX,12.9,3,1,0,4.3,5337.0,5514.0,177.0,4.3,20475004.101000022,99.99204011265454,92.19208844359993
84989b,75 BLACK FAIRY CAKE CASES,12.8,10,6,0,1.28,5338.0,5241.0,-97.0,1.28,20475016.901000023,99.99210262292839,92.20936258421145
84247J,PACK/12 RUSSIAN DOLL CARDS,12.780000000000001,10,9,2,1.3244444444444445,5339.0,5241.0,-98.0,1.278,20475029.681000024,99.99216503552994,92.22663672482294
84648,NEW BAROQUE WALL MIRROR,12.75,1,1,1,12.75,5340.0,5647.0,307.0,12.75,20475042.431000024,99.99222730162303,92.24391086543444
20812,EMBOSSED FLOWER TRELLIS PHOTO FRAME,12.75,5,3,3,2.55,5340.0,5421.0,81.0,2.55,20475055.181000024,99.99228956771611,92.26118500604595
72752B,"F.FAIRY,CANDLE IN GLASS,LAVENDER",12.75,3,2,2,4.25,5340.0,5514.0,174.0,4.25,20475067.931000024,99.99235183380921,92.27845914665745
21772,VINTAGE METAL CAKE STAND CREAM,12.75,1,1,1,12.75,5340.0,5647.0,307.0,12.75,20475080.681000024,99.9924140999023,92.29573328726896
85083,KISS REINDEER SCANDINAVIAN STOCKING,12.75,5,2,2,2.55,5340.0,5421.0,81.0,2.55,20475093.431000024,99.9924763659954,92.31300742788046
44092B,BLUE WHITE PLASTIC RINGS LAMPSHADE,12.75,15,6,4,0.85,5340.0,5100.0,-240.0,0.85,20475106.181000024,99.9925386320885,92.33028156849197
DCGS0037,KEY-RING CORKSCREW,12.72,1,1,0,12.72,5346.0,5647.0,301.0,12.72,20475118.901000023,99.99260075167314,92.34755570910347
85157,SET OF 2 CHESTS CHOCOLAT AU LAIT,12.72,1,1,0,12.72,5346.0,5647.0,301.0,12.72,20475131.62100002,99.99266287125776,92.36482984971498
35004p,SET OF 3 PINK FLYING DUCKS,12.72,1,1,0,12.72,5346.0,5647.0,301.0,12.72,20475144.34100002,99.99272499084239,92.38210399032648
DCGS0075,CAMOUFLAGUE DOG LEAD,12.72,1,1,0,12.72,5346.0,5647.0,301.0,12.72,20475157.06100002,99.99278711042703,92.39937813093798
35751C,PURPLE CURRENT CANDLE RING,12.61,31,2,2,0.47,5350.0,4791.0,-559.0,0.40677419354838706,20475169.67100002,99.992848692814,92.4166522715495
72801e,S/4 FESTIVE GREEN DINNER CANDLES,12.549999999999999,5,3,0,2.51,5351.0,5421.0,70.0,2.51,20475182.22100002,99.99290998218406,92.433926412161
23071,MARIE ANTOIENETT TRINKET BOX GOLD,12.5,1,1,1,12.5,5352.0,5647.0,295.0,12.5,20475194.72100002,99.99297102737337,92.45120055277249
35597A,DUSTY PINK CHRISTMAS TREE 30CM,12.5,10,4,4,1.25,5352.0,5241.0,-111.0,1.25,20475207.22100002,99.99303207256268,92.46847469338401
51012L,"FEATHER DUSTER, LIGHT PINK",12.5,10,6,5,1.25,5352.0,5241.0,-111.0,1.25,20475219.72100002,99.99309311775198,92.4857488339955
35918B,BLUE FLORIBUNDA EGG WARMER,12.5,10,5,5,1.25,5352.0,5241.0,-111.0,1.25,20475232.22100002,99.9931541629413,92.50302297460702
23635,SET 10 CARDS CHRISTMAS HOLLY 17259,12.48,3,3,0,4.16,5356.0,5514.0,158.0,4.16,20475244.70100002,99.9932151104583,92.52029711521853
23654,SET 10 CARD SNOWMAN 16965,12.450000000000001,5,4,0,2.49,5357.0,5421.0,64.0,2.49,20475257.15100002,99.99327591146685,92.53757125583002
84596g,SMALL CHOCOLATES PINK BOWL,12.399999999999999,5,2,0,2.485,5358.0,5421.0,63.0,2.4799999999999995,20475269.551000018,99.99333646829463,92.55484539644154
90000C,OPAL WHITE/SILVER FLOWER NECKLACE,12.32,2,2,1,6.16,5359.0,5571.0,212.0,6.16,20475281.871000018,99.99339663443322,92.57211953705303
79149B,SILICON STAR BULB BLUE,12.18,29,12,11,0.42,5360.0,4816.0,-544.0,0.42,20475294.051000018,99.99345611686567,92.58939367766453
44242A,LILAC FEATHERS CURTAIN,11.98,14,2,2,1.02,5361.0,5125.0,-236.0,0.8557142857142858,20475306.031000018,99.9935146225751,92.60666781827605
22206,"MUG , DOTCOMGIFTSHOP.COM",11.82,14,10,0,0.842,5362.0,5125.0,-237.0,0.8442857142857143,20475317.85100002,99.99357234690612,92.62394195888754
85185E,DUCK SOCK PUPPET,11.8,4,2,2,2.95,5363.0,5467.0,104.0,2.95,20475329.65100002,99.99362997356482,92.64121609949905
85179a,GREEN BITTY LIGHT CHAIN,11.780000000000001,2,2,0,5.890000000000001,5364.0,5571.0,207.0,5.890000000000001,20475341.43100002,99.99368750255123,92.65849024011055
23608,SET 10 CARDS RUDOLPHS NOSE 17097,11.64,4,3,0,2.91,5365.0,5467.0,102.0,2.91,20475353.07100002,99.99374434783152,92.67576438072206
23605,SET 10 CARDS 12 DAYS OF XMAS 17059,11.64,4,1,0,2.91,5365.0,5467.0,102.0,2.91,20475364.71100002,99.9938011931118,92.69303852133356
85184c,SET 4 VALENTINE DECOUPAGE HEART BOX,11.58,2,2,0,5.79,5367.0,5571.0,204.0,5.79,20475376.29100002,99.99385774537517,92.71031266194507
90025B,BAROQUE BUTTERFLY EARRINGS RED,11.29,3,3,1,3.763333333333333,5368.0,5514.0,146.0,3.763333333333333,20475387.58100002,99.99391288139014,92.72758680255657
79070b,ENGLISH ROSE SQUARE CAKE TINS,11.26,1,1,0,11.26,5369.0,5647.0,278.0,11.26,20475398.84100002,99.99396787089668,92.74486094316808
84366,VENDETTA CANVAS PICTURE,11.25,3,3,2,3.75,5370.0,5514.0,144.0,3.75,20475410.09100002,99.99402281156706,92.76213508377958
23299,"FOOD COVER WITH BEADS , SET 2 SIZES",11.25,3,1,1,3.75,5370.0,5514.0,144.0,3.75,20475421.34100002,99.99407775223744,92.77940922439109
84743C,ORANGE FELT VASE + FLOWERS,11.25,9,5,5,1.25,5370.0,5289.0,-81.0,1.25,20475432.59100002,99.99413269290781,92.79668336500258
16151A,FLOWER DES BLUE HANDBAG/ORANG HANDL,11.25,3,2,2,3.75,5370.0,5514.0,144.0,3.75,20475443.84100002,99.99418763357819,92.8139575056141
17011B,ORIGAMI JASMINE INCENSE+FLOWER,11.100000000000001,19,2,2,1.2,5374.0,5018.0,-356.0,0.5842105263157895,20475454.941000022,99.9942418417063,92.8312316462256
47590a,BLUE HAPPY BIRTHDAY BUNTING,11.02,1,1,0,11.02,5375.0,5647.0,272.0,11.02,20475465.96100002,99.9942956591452,92.84850578683711
72785B,S/4 CONTEMPORY RED ROSEBUD CANDLES,10.9,9,3,3,1.5666666666666667,5376.0,5289.0,-87.0,1.2111111111111112,20475476.86100002,99.99434889055027,92.86577992744861
84732D,CUTE RABBIT CEATURE SCREEN,10.89,15,6,6,1.23,5377.0,5100.0,-277.0,0.7260000000000001,20475487.75100002,99.99440207311919,92.8830540680601
16169G,WRAP ROMANTIC DECOUPAGE,10.5,25,1,1,0.42,5378.0,4883.0,-495.0,0.42,20475498.25100002,99.9944533510782,92.90032820867162
22959,"WRAPPING PAPER, XMAS VILLAGE",10.5,25,1,1,0.42,5378.0,4883.0,-495.0,0.42,20475508.75100002,99.99450462903722,92.91760234928313
17084G,MOON INCENSE,10.5,50,2,2,0.21,5378.0,4539.0,-839.0,0.21,20475519.25100002,99.99455590699624,92.93487648989462
16169A,WRAP CHRISTMAS DECOUPAGE,10.5,25,1,1,0.42,5378.0,4883.0,-495.0,0.42,20475529.75100002,99.99460718495527,92.95215063050614
21496,WOODLAND CREATURES WRAP,10.5,25,1,1,0.42,5378.0,4883.0,-495.0,0.42,20475540.25100002,99.99465846291427,92.96942477111763
85124b,BLUE JUICY FRUIT PHOTO FRAME,10.23,2,2,0,5.115,5383.0,5571.0,188.0,5.115,20475550.48100002,99.99470842229721,92.98669891172914
21857,STAR WARS TOP TRUMPS GAME,10.23,2,2,0,5.115,5383.0,5571.0,188.0,5.115,20475560.71100002,99.99475838168014,93.00397305234065
21858,HIGH SCHOOL MUSICAL 3 TOP TRUMPS,10.23,2,2,0,5.115,5383.0,5571.0,188.0,5.115,20475570.941000022,99.99480834106306,93.02124719295215
22196,HEART MEASURING SPOONS SMALL,10.2,12,1,1,0.85,5386.0,5179.0,-207.0,0.85,20475581.14100002,99.99485815393754,93.03852133356365
20939,ORANGE CANDLE,10.2,12,1,1,0.85,5386.0,5179.0,-207.0,0.85,20475591.34100002,99.99490796681202,93.05579547417516
22343,PARTY PIZZA DISH RED+WHITE SPOT,10.2,12,1,1,0.85,5386.0,5179.0,-207.0,0.85,20475601.54100002,99.99495777968649,93.07306961478666
22346,PARTY PIZZA DISH GREEN+WHITE SPOT,10.2,12,1,1,0.85,5386.0,5179.0,-207.0,0.85,20475611.74100002,99.99500759256095,93.09034375539817
85232d,SET/3 DECOUPAGE STACKING TINS,10.17,1,1,0,10.17,5390.0,5647.0,257.0,10.17,20475621.91100002,99.99505725892699,93.10761789600967
90214W,"LETTER ""W"" BLING KEY RING",10.17,19,8,3,0.8724999999999999,5390.0,5018.0,-372.0,0.5352631578947369,20475632.081000023,99.99510692529302,93.12489203662118
84661c,PINK SQUARE TABLE CLOCK,10.12,2,2,0,5.06,5392.0,5571.0,179.0,5.06,20475642.201000024,99.99515634747829,93.14216617723268
84661a,WHITE SQUARE TABLE CLOCK,10.02,2,2,0,5.01,5393.0,5571.0,178.0,5.01,20475652.221000023,99.99520528130202,93.15944031784419
23615,SET 10 CARDS PRINTED GRAPHIC 17219,9.96,4,4,0,2.49,5394.0,5467.0,73.0,2.49,20475662.181000024,99.99525392210887,93.17671445845569
23624,SET 10 CARD PERFECT NATIVITY 17089,9.96,4,4,0,2.49,5394.0,5467.0,73.0,2.49,20475672.141000025,99.99530256291573,93.1939885990672
23650,SET 10 CARDS FILIGREE BAUBLE 16961,9.96,4,4,0,2.49,5394.0,5467.0,73.0,2.49,20475682.101000026,99.99535120372256,93.2112627396787
23619,SET 10 CARDS POINSETTIA 17093,9.96,4,2,0,2.49,5394.0,5467.0,73.0,2.49,20475692.061000027,99.9953998445294,93.2285368802902
84971s,SMALL HEART FLOWERS HOOK,9.959999999999999,6,3,0,1.66,5398.0,5385.0,-13.0,1.66,20475702.021000028,99.99544848533624,93.24581102090171
22829,BROCANTE SHELF WITH HOOKS,9.95,1,1,1,9.95,5399.0,5647.0,248.0,9.95,20475711.971000027,99.99549707730694,93.26308516151322
85049b,LUSH GREENS RIBBONS,9.94,4,3,0,2.4766666666666666,5400.0,5467.0,67.0,2.485,20475721.91100003,99.99554562044149,93.28035930212472
85231g,ORANGE SCENTED SET/9 T-LIGHTS,9.78,6,6,0,1.63,5401.0,5385.0,-16.0,1.63,20475731.69100003,99.9955933821976,93.29763344273623
81953P,ROUND ARTICULATED PINK CLOCK W/SUCK,9.57,33,6,5,0.52,5402.0,4759.0,-643.0,0.29000000000000004,20475741.26100003,99.99564011839453,93.31490758334773
20822,SILVER WINE GOBLET,9.3,2,1,1,4.65,5403.0,5571.0,168.0,4.65,20475750.56100003,99.99568553601537,93.33218172395922
72708,SCULPTED ROUND IVORY CANDLE,9.24,44,5,5,0.21000000000000002,5404.0,4613.0,-791.0,0.21,20475759.80100003,99.9957306606193,93.34945586457074
23441,HAND PAINTED HANGING EASTER EGG,9.24,22,3,3,0.42,5404.0,4956.0,-448.0,0.42,20475769.041000027,99.99577578522324,93.36673000518225
90184c,BLACK CHUNKY BEAD BRACELET W STRAP,9.15,1,1,0,9.15,5406.0,5647.0,241.0,9.15,20475778.191000026,99.9958204703018,93.38400414579374
62097A,PINK STRIPES SHOULDER BAG,8.850000000000001,3,3,1,2.9500000000000006,5407.0,5514.0,107.0,2.9500000000000006,20475787.041000027,99.99586369029583,93.40127828640526
20882,MODERN CHRISTMAS TREE CANDLE,8.850000000000001,3,2,1,2.95,5407.0,5514.0,107.0,2.9500000000000006,20475795.89100003,99.99590691028988,93.41855242701675
35598C,WHITE CHRISTMAS TREE 60CM,8.850000000000001,3,3,3,2.9500000000000006,5407.0,5514.0,107.0,2.9500000000000006,20475804.74100003,99.99595013028392,93.43582656762825
18098B,BLUE PORCELAIN B'FLY OIL BURNER,8.850000000000001,3,3,3,2.9500000000000006,5407.0,5514.0,107.0,2.9500000000000006,20475813.59100003,99.99599335027794,93.45310070823977
71496B,A4 WALL TIDY RED FLOWERS,8.67,15,6,6,0.59,5411.0,5100.0,-311.0,0.578,20475822.261000033,99.99603569122127,93.47037484885126
20739,*USB OFFICE GLITTER LAMP,8.65,1,1,0,8.65,5412.0,5647.0,235.0,8.65,20475830.911000032,99.99607793449226,93.48764898946278
21406,SPOTTY CAT DOORSTOP,8.65,1,1,0,8.65,5412.0,5647.0,235.0,8.65,20475839.56100003,99.99612017776325,93.50492313007427
90013E,AMBER VINTAGE EARRINGS,8.57,2,2,0,4.285,5414.0,5571.0,157.0,4.285,20475848.13100003,99.99616203034503,93.52219727068578
84572,6 HOOK JEWEL STAND LILAC DRESS,8.49,1,1,1,8.49,5415.0,5647.0,232.0,8.49,20475856.62100003,99.99620349223761,93.5394714112973
90126B,BLUE BERTIE MOBILE PHONE CHARM,8.48,3,3,0,2.8266666666666667,5416.0,5514.0,98.0,2.8266666666666667,20475865.10100003,99.99624490529403,93.55674555190879
72803b,OCEAN SCENT CANDLE JEWELLED DRAWER,8.47,1,1,0,8.47,5417.0,5647.0,230.0,8.47,20475873.57100003,99.9962862695143,93.5740196925203
84030b,KNITTED POM POM HOT WATER BOTTLE,8.46,1,1,0,8.46,5418.0,5647.0,229.0,8.46,20475882.03100003,99.99632758489844,93.5912938331318
84534b,FAIRY CAKE NOTEBOOK A5 SIZE,8.3,5,4,0,1.66,5419.0,5421.0,2.0,1.6600000000000001,20475890.33100003,99.99636811890413,93.6085679737433
23612,SET 10 MINICARDS CUTE SNOWMAN 17071,8.299999999999999,5,2,0,1.66,5420.0,5421.0,1.0,1.6599999999999997,20475898.63100003,99.99640865290984,93.62584211435481
85034b,3 WHITE CHOC MORRIS BOXED CANDLES,8.29,1,1,0,8.29,5421.0,5647.0,226.0,8.29,20475906.92100003,99.99644913807938,93.64311625496632
72802c,VANILLA SCENT CANDLE JEWELLED BOX,8.29,1,1,0,8.29,5421.0,5647.0,226.0,8.29,20475915.21100003,99.99648962324893,93.66039039557782
47591C,BLUE FAIRY CAKE CHILDRENS APRON,7.8,4,4,4,1.95,5423.0,5467.0,44.0,1.95,20475923.01100003,99.99652771544706,93.67766453618933
84029c,BROWN FURRY HOT WATER BOTTLE,7.78,1,1,0,7.78,5424.0,5647.0,223.0,7.78,20475930.79100003,99.99656570997288,93.69493867680083
84509c,DOTTY PLACEMATS,7.78,1,1,0,7.78,5424.0,5647.0,223.0,7.78,20475938.571000032,99.99660370449872,93.71221281741234
84997d,PINK 3 PIECE MINI DOTS CUTLERY SET,7.62,1,1,0,7.62,5426.0,5647.0,221.0,7.62,20475946.191000033,99.99664091764613,93.72948695802383
44091A,BLUE CRUSOE CHECK LAMPSHADE,7.56,18,6,6,0.42,5427.0,5037.0,-390.0,0.42,20475953.75100003,99.99667783777662,93.74676109863535
46037A,PINK CANVAS DES CUSHION COVER,7.5,6,2,2,1.25,5428.0,5385.0,-43.0,1.25,20475961.25100003,99.9967144648902,93.76403523924685
82011E,"BATHROOM SCALES, FAG BREAK",7.5,2,2,2,3.75,5428.0,5571.0,143.0,3.75,20475968.75100003,99.99675109200378,93.78130937985836
90025A,BAROQUE BUTTERFLY EARRINGS BLACK,7.5,2,2,2,3.75,5428.0,5571.0,143.0,3.75,20475976.25100003,99.99678771911736,93.79858352046986
20942,SET/6 GINGERBREAD TREE T-LIGHTS,7.5,6,4,4,1.25,5428.0,5385.0,-43.0,1.25,20475983.75100003,99.99682434623095,93.81585766108135
82613a,"METAL SIGN,CUPCAKE SINGLE HOOK",7.4799999999999995,3,3,0,2.493333333333333,5432.0,5514.0,82.0,2.493333333333333,20475991.231000032,99.99686087567224,93.83313180169287
23633,SET 10 CARDS WORLD CHILDREN 17067,7.470000000000001,3,3,0,2.49,5433.0,5514.0,81.0,2.49,20475998.70100003,99.99689735627736,93.85040594230438
84201B,HAPPY BIRTHDAY CARD STRIPEY TEDDY,7.41,39,8,6,0.19,5434.0,4682.0,-752.0,0.19,20476006.11100003,99.99693354386558,93.86768008291587
90111,BLUE HIBISCUS HAIR CLIP,7.35,7,6,6,1.05,5435.0,5361.0,-74.0,1.05,20476013.461000033,99.9969694384369,93.88495422352739
35001P,HAND OPEN SHAPE PINK,6.98,2,2,2,3.49,5436.0,5571.0,135.0,3.49,20476020.441000033,99.9970035260706,93.90222836413888
85230D,VANILLA SCENTED VOTIVE CANDLE,6.959999999999999,24,1,1,0.29,5437.0,4897.0,-540.0,0.29,20476027.401000034,99.99703751603202,93.91950250475038
85230C,ROSE SCENTED VOTIVE CANDLE,6.959999999999999,24,1,1,0.29,5437.0,4897.0,-540.0,0.29,20476034.361000035,99.99707150599343,93.9367766453619
84705b,FAIRY CAKES PHOTO FRAME,6.86,2,2,0,3.43,5439.0,5571.0,132.0,3.43,20476041.221000034,99.99710500759332,93.9540507859734
37484,ENGLISH ROSE TEA FOR ONE GIFT BOX,6.75,1,1,1,6.75,5440.0,5647.0,207.0,6.75,20476047.971000034,99.99713797199554,93.9713249265849
22843,"BISCUIT TIN, MINT,IVORY, VINTAGE",6.75,1,1,1,6.75,5440.0,5647.0,207.0,6.75,20476054.721000034,99.99717093639777,93.9885990671964
48173A,DOOR MAT BLUE FLOCK,6.75,1,1,1,6.75,5440.0,5647.0,207.0,6.75,20476061.471000034,99.9972039008,94.00587320780791
23604,SET 10 MINI SANTA & SNOWMAN 17087,6.64,4,2,0,1.66,5443.0,5467.0,24.0,1.66,20476068.111000035,99.99723632800456,94.02314734841941
20858,SILVER PURSE GOLD PINK BUTTERFLY,6.6,4,1,1,1.65,5444.0,5467.0,23.0,1.65,20476074.711000036,99.99726855986452,94.04042148903092
20678,LARGE BLACK DIAMANTE HAIRSLIDE,6.6,4,1,1,1.65,5444.0,5467.0,23.0,1.65,20476081.311000038,99.99730079172448,94.05769562964242
85231b,CINAMMON SET OF 9 T-LIGHTS,6.58,4,4,0,1.645,5446.0,5467.0,21.0,1.645,20476087.891000036,99.99733292591213,94.07496977025393
84536b,FAIRY CAKES NOTEBOOK A7 SIZE,6.48,8,4,0,0.81,5447.0,5312.0,-135.0,0.81,20476094.371000037,99.99736457173827,94.09224391086543
47592B,SCOTTIE DOGS CHILDRENS OVERALL,6.300000000000001,3,1,1,2.1,5448.0,5514.0,66.0,2.1,20476100.671000037,99.99739533851368,94.10951805147694
20884,MODERN CHRISTMAS TREE CANDLE,6.300000000000001,3,3,2,2.1,5448.0,5514.0,66.0,2.1,20476106.971000038,99.9974261052891,94.12679219208844
79140,ASS WINDPROOF MARIJUANA LIGHTERS,6.3,15,2,2,0.42,5450.0,5100.0,-350.0,0.42,20476113.27100004,99.9974568720645,94.14406633269995
37408,ASSORTED DESIGN GEISHA GIRL MUGS,6.25,5,1,1,1.25,5451.0,5421.0,-30.0,1.25,20476119.52100004,99.99748739465916,94.16134047331145
82072,WHITE WOOD SINGLE P/FRAME,6.25,5,3,3,1.25,5451.0,5421.0,-30.0,1.25,20476125.77100004,99.9975179172538,94.17861461392296
20673,STRAWBERRIES PRINT BOWL,6.25,5,2,2,1.25,5451.0,5421.0,-30.0,1.25,20476132.02100004,99.99754843984847,94.19588875453447
23610,SET 10 CARDS CHRISTMAS ROBIN 17095,6.24,3,3,0,2.08,5454.0,5514.0,60.0,2.08,20476138.261000037,99.99757891360697,94.21316289514596
85123b,ZINC HANGING HEART T-LITE HLDR,6.04,1,1,0,6.04,5455.0,5647.0,192.0,6.04,20476144.301000036,99.99760841064244,94.23043703575748
79051a,SMOKEY GREY COLOUR D.O.F. GLASS,6.04,1,1,0,6.04,5455.0,5647.0,192.0,6.04,20476150.341000035,99.9976379076779,94.24771117636898
72751A,"F.FAIRY S/3 SML CANDLE,LILY/VALLEY",5.95,1,1,1,5.95,5457.0,5647.0,190.0,5.95,20476156.291000035,99.997666965188,94.26498531698047
72751B,"F.FAIRY S/3 SML CANDLE, LAVENDER",5.95,1,1,1,5.95,5457.0,5647.0,190.0,5.95,20476162.241000034,99.99769602269811,94.28225945759199
72751C,"F.FAIRY S/3 SML CANDLE, ROSE",5.95,1,1,1,5.95,5457.0,5647.0,190.0,5.95,20476168.191000033,99.99772508020823,94.29953359820348
85077,KISSING REINDEER TABLE RUNNER,5.95,1,1,0,5.95,5457.0,5647.0,190.0,5.95,20476174.141000032,99.99775413771833,94.31680773881499
37409,ASSORTED DESIGN FLOWER MUGS,5.949999999999999,7,3,3,0.85,5461.0,5361.0,-100.0,0.8499999999999999,20476180.09100003,99.99778319522844,94.3340818794265
85184d,S/4 BLUE ROUND DECOUPAGE BOXES,5.91,1,1,0,5.91,5462.0,5647.0,185.0,5.91,20476186.00100003,99.99781205739394,94.351356020038
79303A,WHITE ROHMBIC BLOCK TABLE LAMP,5.9,2,1,1,2.95,5463.0,5571.0,108.0,2.95,20476191.90100003,99.99784087072328,94.3686301606495
22360,"GLASS JAR, ENGLISH CONFECTIONERY",5.9,2,1,1,2.95,5463.0,5571.0,108.0,2.95,20476197.80100003,99.99786968405263,94.38590430126101
18098A,PINK PORCELAIN B'FLY OIL BURNER,5.9,2,2,2,2.95,5463.0,5571.0,108.0,2.95,20476203.701000027,99.99789849738198,94.40317844187251
35821P,"JEWELLED DECORATION,PINK",5.9,2,2,2,2.95,5463.0,5571.0,108.0,2.95,20476209.601000026,99.99792731071132,94.42045258248403
35823P,"ACRYLIC BEAD GARLAND,PINK",5.9,2,2,2,2.95,5463.0,5571.0,108.0,2.95,20476215.501000024,99.99795612404067,94.43772672309552
90014B,GOLD M.O.P. ORBIT NECKLACE,5.9,2,2,2,2.95,5463.0,5571.0,108.0,2.95,20476221.401000023,99.99798493737,94.45500086370703
85186B,BUNNY BUNCH OF FLOWERS,5.88,14,2,2,0.42,5469.0,5125.0,-344.0,0.42,20476227.28100002,99.99801365302704,94.47227500431853
35051B,PINK BEADED CONE CHRISTMAS,5.88,14,2,2,0.42,5469.0,5125.0,-344.0,0.42,20476233.16100002,99.99804236868411,94.48954914493004
84228,HEN HOUSE WITH CHICK STANDING,5.88,14,3,3,0.42,5469.0,5125.0,-344.0,0.42,20476239.04100002,99.99807108434115,94.50682328554154
23638,SET 10 CARDS ROBIN WATERPUMP 17096,5.82,2,2,0,2.91,5472.0,5571.0,99.0,2.91,20476244.86100002,99.99809950698129,94.52409742615305
23652,SET 10 CARD CHRISTMAS STAMPS 16963,5.82,2,1,0,2.91,5472.0,5571.0,99.0,2.91,20476250.68100002,99.99812792962143,94.54137156676455
23617,SET 10 CARDS SWIRLY XMAS TREE 17104,5.82,2,1,0,2.91,5472.0,5571.0,99.0,2.91,20476256.50100002,99.99815635226157,94.55864570737606
23630,SET 10 CARDS HANGING BAUBLES 17080,5.48,2,2,1,2.74,5475.0,5571.0,96.0,2.74,20476261.98100002,99.99818311447257,94.57591984798756
35537,CANDLE RING W/CLEAR BEADS,5.46,13,3,3,0.42,5476.0,5149.0,-327.0,0.42,20476267.441000022,99.99820977901126,94.59319398859907
21838,DADDY MOUSE RED GINGHAM BOW TIE,5.45,1,1,1,5.45,5477.0,5647.0,170.0,5.45,20476272.89100002,99.9982363947138,94.61046812921057
35751D,PINK CURRENT CANDLE RING,5.32,28,1,1,0.19,5478.0,4828.0,-650.0,0.19,20476278.21100002,99.99826237554636,94.62774226982208
16215,FUNKY GIRLZ MAGNETIC TO DO LIST,5.2,8,3,3,0.65,5479.0,5312.0,-167.0,0.65,20476283.41100002,99.99828777034512,94.64501641043358
21854,EURO FOOTBALL STARS TOP TRUMPS GAME,5.17,1,1,0,5.17,5480.0,5647.0,167.0,5.17,20476288.581000023,99.99831301863541,94.66229055104507
21860,DR WHO TOP TRUMPS GAME,5.17,1,1,0,5.17,5480.0,5647.0,167.0,5.17,20476293.751000024,99.99833826692573,94.6795646916566
71101A,ANGEL ON KNEES METAL POLE 100CM H,5.1,6,1,1,0.85,5482.0,5385.0,-97.0,0.85,20476298.851000026,99.99836317336297,94.6968388322681
71434B,"BLACK RND BULLET""KEEP CLEAN"" BIN",5.1,2,2,1,2.55,5482.0,5571.0,89.0,2.55,20476303.951000027,99.99838807980022,94.71411297287959
90142C,ROSE PINK PENDANT SHELL NECKLACE,5.09,1,1,0,5.09,5484.0,5647.0,163.0,5.09,20476309.041000027,99.9984129374013,94.73138711349111
90142B,IVORY PENDANT SHELL NECKLACE,5.09,1,1,0,5.09,5484.0,5647.0,163.0,5.09,20476314.131000027,99.99843779500239,94.7486612541026
84942,KASHMIR FOLKART HEART DISHES,5.07,3,3,3,1.6900000000000002,5486.0,5514.0,28.0,1.6900000000000002,20476319.201000027,99.99846255493117,94.76593539471412
DCGS0041,HAYNES MINI-COOPER PLAYING CARDS,5.06,1,1,0,5.06,5487.0,5647.0,160.0,5.06,20476324.261000026,99.9984872660238,94.78320953532562
72740B,LARGE WHITE CHOCOLATE CANDLE,5.06,1,1,0,5.06,5487.0,5647.0,160.0,5.06,20476329.321000025,99.99851197711642,94.80048367593712
84951b,SET OF 4 BLACK LOVEBIRD COASTERS,5.06,1,1,0,5.06,5487.0,5647.0,160.0,5.06,20476334.381000023,99.99853668820904,94.81775781654864
20877,MODERN CHRISTMAS BAUBLE CANDLE,5.04,12,5,3,0.42000000000000004,5490.0,5179.0,-311.0,0.42,20476339.421000022,99.99856130162938,94.83503195716013
72801e,4 FESTIVE GREEN DINNER CANDLES,5.02,2,1,0,2.51,5491.0,5571.0,80.0,2.51,20476344.441000022,99.99858581737739,94.85230609777163
72801g,S/4 BURGUNDY WINE DINNER CANDLES,5.02,2,2,0,2.51,5491.0,5571.0,80.0,2.51,20476349.46100002,99.99861033312541,94.86958023838315
84596j,MIXED NUTS LIGHT GREEN BOWL,5.02,2,2,0,2.51,5491.0,5571.0,80.0,2.51,20476354.48100002,99.99863484887344,94.88685437899464
23649,SET 10 CARDS DECK THE HALLS 16960,4.98,2,2,0,2.49,5494.0,5571.0,77.0,2.49,20476359.46100002,99.99865916927686,94.90412851960615
47593b,SCOTTIE DOGS BABY BIB,4.9799999999999995,6,1,0,0.83,5495.0,5385.0,-110.0,0.83,20476364.441000022,99.99868348968029,94.92140266021765
84661b,BLACK SQUARE TABLE CLOCK,4.96,1,1,0,4.96,5496.0,5647.0,151.0,4.96,20476369.401000023,99.9987077124114,94.93867680082916
37451,CERAMIC CAKE TEAPOT WITH CHERRY,4.95,1,1,1,4.95,5497.0,5647.0,150.0,4.95,20476374.351000022,99.99873188630637,94.95595094144066
85232C,RUSSIAN FOLKART STACKING TINS,4.95,1,1,1,4.95,5497.0,5647.0,150.0,4.95,20476379.30100002,99.99875606020133,94.97322508205217
85043,RED HEART CANDY POP LIGHTS,4.95,1,1,1,4.95,5497.0,5647.0,150.0,4.95,20476384.25100002,99.9987802340963,94.99049922266367
85049d,BRIGHT BLUES RIBBONS,4.92,2,2,0,2.46,5500.0,5571.0,71.0,2.46,20476389.171000022,99.9988042614828,95.00777336327518
84971l,LARGE HEART FLOWERS HOOK,4.92,2,1,0,2.46,5500.0,5571.0,71.0,2.46,20476394.091000024,99.99882828886933,95.02504750388668
90214U,"LETTER ""U"" BLING KEY RING",4.7299999999999995,13,2,2,0.77,5502.0,5149.0,-353.0,0.3638461538461538,20476398.821000025,99.99885138836898,95.04232164449819
45014,FOLDING SHIRT TIDY,4.65,1,1,1,4.65,5503.0,5647.0,144.0,4.65,20476403.471000023,99.99887409717938,95.05959578510969
79151B,"SILICON CUBE 25W, BLUE",4.62,11,2,2,0.42,5504.0,5215.0,-289.0,0.42,20476408.091000024,99.99889665948135,95.0768699257212
37326,FAIRY DESIGN MUGS,4.609999999999999,2,2,1,2.3049999999999997,5505.0,5571.0,66.0,2.3049999999999997,20476412.701000024,99.99891917294717,95.0941440663327
35817P,PINK ACRYLIC JEWEL SNOWFLAKE,4.5600000000000005,12,1,1,0.38,5506.0,5179.0,-327.0,0.38000000000000006,20476417.261000022,99.99894144223222,95.11141820694421
81950V,FLOWER PURPLE CLOCK WITH SUCKER,4.35,15,3,3,0.29,5507.0,5100.0,-407.0,0.29,20476421.611000024,99.9989626859581,95.12869234755571
72529w,WHITE ADVENT CANDLE,4.3,1,1,0,4.3,5508.0,5647.0,139.0,4.3,20476425.911000025,99.99898368550323,95.1459664881672
79157B,UBO-LIGHT TRIOBASE BLUE,4.25,5,3,3,0.85,5509.0,5421.0,-88.0,0.85,20476430.161000025,99.9990044408676,95.16324062877872
79157V,UBO-LIGHT TRIOBASE PURPLE,4.25,5,3,3,0.85,5509.0,5421.0,-88.0,0.85,20476434.411000025,99.99902519623195,95.18051476939023
21409,SPOTTY COCKEREL DOORSTOP,4.25,1,1,1,4.25,5509.0,5647.0,138.0,4.25,20476438.661000025,99.99904595159632,95.19778891000172
72752A,"F.FAIRY,CANDLE IN GLASS,LILY/VALLEY",4.25,1,1,1,4.25,5509.0,5647.0,138.0,4.25,20476442.911000025,99.99906670696069,95.21506305061324
47594a,CAROUSEL DESIGN WASHBAG,4.21,1,1,0,4.21,5513.0,5647.0,134.0,4.21,20476447.121000025,99.99908726698045,95.23233719122473
84255A,PINK GLASS COCKTAIL LAMP,4.2,2,2,2,2.1,5514.0,5571.0,57.0,2.1,20476451.321000025,99.99910777816406,95.24961133183623
23391,I LOVE LONDON MINI RUCKSACK,4.15,1,1,1,4.15,5515.0,5647.0,132.0,4.15,20476455.471000023,99.9991280451669,95.26688547244775
46776e,WOVEN CANDY CUSHION COVER,4.13,1,1,0,4.13,5516.0,5647.0,131.0,4.13,20476459.601000022,99.99914821449745,95.28415961305924
46776b,WOVEN BERRIES CUSHION COVER,4.13,1,1,0,4.13,5516.0,5647.0,131.0,4.13,20476463.73100002,99.99916838382799,95.30143375367075
37432,MUG PINK AND PURPLE ARABIC DESIGN,3.9,6,1,1,0.65,5518.0,5385.0,-133.0,0.65,20476467.63100002,99.99918742992703,95.31870789428226
72084B,CHOCOLATE ICE CREAM CANDLE,3.9,2,1,1,1.95,5518.0,5571.0,53.0,1.95,20476471.531000018,99.99920647602609,95.33598203489376
16010,FOLDING CAMPING SCISSOR W/KNIF & S,3.84,32,4,4,0.12,5520.0,4775.0,-745.0,0.12,20476475.371000018,99.99922522910826,95.35325617550527
35995,SET/6 BLACK GLITTER REINDEER CANDLE,3.7800000000000002,5,5,4,0.756,5521.0,5421.0,-100.0,0.756,20476479.15100002,99.9992436891735,95.37053031611677
37438,FUNKY FLOWER COFFEE POT,3.75,1,1,1,3.75,5522.0,5647.0,125.0,3.75,20476482.90100002,99.99926200273029,95.38780445672828
35974,S/6 CHRISTMAS TREE PLACE SETTING,3.75,1,1,1,3.75,5522.0,5647.0,125.0,3.75,20476486.65100002,99.99928031628708,95.40507859733978
90004A,JADE GREEN PAIR ENAMEL HAIR SLIDES,3.75,1,1,1,3.75,5522.0,5647.0,125.0,3.75,20476490.40100002,99.99929862984388,95.42235273795129
40046C,PINK BUTTERFLY PAPER LAMPSHADE,3.75,3,3,3,1.25,5522.0,5514.0,-8.0,1.25,20476494.15100002,99.99931694340067,95.43962687856279
84731,3 BIRDS CANVAS SCREEN,3.69,3,3,3,1.23,5526.0,5514.0,-12.0,1.23,20476497.84100002,99.99933496394057,95.4569010191743
35818C,"ACRYLIC JEWEL ICICLE, CLEAR",3.43,1,1,0,3.43,5527.0,5647.0,120.0,3.43,20476501.27100002,99.9993517147405,95.4741751597858
21081,SET/20 POSIES PAPER NAPKINS,3.4,4,4,4,0.85,5528.0,5467.0,-61.0,0.85,20476504.67100002,99.99936831903199,95.4914493003973
84559d,3D SHEET OF SEA WORLD STICKERS,3.38,2,1,0,1.69,5529.0,5571.0,42.0,1.69,20476508.051000018,99.99938482565118,95.50872344100881
23643,SET 10 CARDS CHRISTMAS BAUBLE 16954,3.33,1,1,0,3.33,5530.0,5647.0,117.0,3.33,20476511.381000016,99.9994010880896,95.52599758162032
20683,RAIN GIRL CHILDS UMBRELLA,3.25,1,1,1,3.25,5531.0,5647.0,116.0,3.25,20476514.631000016,99.99941695983881,95.54327172223182
84985b,SET OF 72 BLACK PAPER DOILIES,2.98,1,1,0,2.98,5532.0,5647.0,115.0,2.98,20476517.611000016,99.99943151301196,95.56054586284333
79301,FEATHER HEART LIGHTS,2.95,1,1,1,2.95,5533.0,5647.0,114.0,2.95,20476520.561000016,99.99944591967662,95.57782000345483
20885,BOX OF 3 PEBBLE CANDLES,2.95,1,1,1,2.95,5533.0,5647.0,114.0,2.95,20476523.511000015,99.99946032634129,95.59509414406632
23628,SET 10 CARDS TRIANGLE ICONS 17220,2.91,1,1,0,2.91,5535.0,5647.0,112.0,2.91,20476526.421000015,99.99947453766137,95.61236828467784
23609,SET 10 CARDS SNOWY ROBIN 17099,2.91,1,1,0,2.91,5535.0,5647.0,112.0,2.91,20476529.331000015,99.99948874898143,95.62964242528935
23602,SET 10 CARDS 3 WISE MEN 17107,2.91,1,1,0,2.91,5535.0,5647.0,112.0,2.91,20476532.241000015,99.99950296030151,95.64691656590084
90183c,BLACK DROP EARRINGS W LONG BEADS,2.9,1,1,0,2.9,5538.0,5647.0,109.0,2.9,20476535.141000014,99.99951712278542,95.66419070651236
DCGS0044,HANDZ-OFF CAR FRESHENER,2.57,1,1,0,2.57,5539.0,5647.0,108.0,2.57,20476537.711000014,99.99952967367635,95.68146484712385
90091,CRYSTAL DRAGONFLY PHONE CHARM,2.55,3,2,2,0.85,5540.0,5514.0,-26.0,0.85,20476540.261000015,99.99954212689497,95.69873898773537
85171,S/2 HYACINTH BULB CANDLES,2.55,1,1,1,2.55,5540.0,5647.0,107.0,2.55,20476542.811000016,99.9995545801136,95.71601312834687
47569,ENGLISH ROSE DESIGN SHOPPING BAG,2.55,1,1,1,2.55,5540.0,5647.0,107.0,2.55,20476545.361000016,99.99956703333221,95.73328726895836
35999,S/6 SCANDINAVIAN HEART T-LIGHT,2.55,1,1,1,2.55,5540.0,5647.0,107.0,2.55,20476547.911000017,99.99957948655084,95.75056140956988
81953B,ROUND ARTICULATED BLUE CLOCK W/SUCK,2.55,3,3,3,0.85,5540.0,5514.0,-26.0,0.85,20476550.461000018,99.99959193976946,95.76783555018137
20881,MODERN CHRISTMAS TREE CANDLE,2.55,3,2,1,0.85,5540.0,5514.0,-26.0,0.85,20476553.01100002,99.99960439298809,95.78510969079288
21036,SET/2 TEA TOWELS MODERN VINTAGE,2.55,1,1,1,2.55,5540.0,5647.0,107.0,2.55,20476555.56100002,99.99961684620669,95.8023838314044
47556,SET/2 SPOTTY + ROSE TEA TOWELS,2.55,1,1,1,2.55,5540.0,5647.0,107.0,2.55,20476558.11100002,99.99962929942532,95.81965797201589
47554,S/3 COLOURS FLOCK TEA TOWELS,2.55,1,1,1,2.55,5540.0,5647.0,107.0,2.55,20476560.66100002,99.99964175264394,95.8369321126274
17028J,INCENSE BAZAAR PEACH,2.52,6,1,1,0.42,5549.0,5385.0,-164.0,0.42,20476563.18100002,99.9996540593541,95.8542062532389
DCGS0062,ROAD-RAGE CAR FRESHENER,2.51,1,1,0,2.51,5550.0,5647.0,97.0,2.51,20476565.691000022,99.99966631722813,95.8714803938504
21008,ETCHED GLASS HEART TREE DECORATION,2.51,1,1,0,2.51,5550.0,5647.0,97.0,2.51,20476568.201000024,99.99967857510215,95.88875453446191
47593a,CAROUSEL DESIGN BABY BIB,2.51,1,1,0,2.51,5550.0,5647.0,97.0,2.51,20476570.711000025,99.99969083297617,95.90602867507342
21290,LARGE SPOTTY CHOCOLATE GIFT BAG,2.5,2,1,0,1.25,5553.0,5571.0,18.0,1.25,20476573.211000025,99.99970304201403,95.92330281568492
21225,POCKET MIRROR BUTTERFLY,2.5,2,2,2,1.25,5553.0,5571.0,18.0,1.25,20476575.711000025,99.9997152510519,95.94057695629643
90127B,BLUE BEADS+HAND PHONE CHARM,2.5,2,2,2,1.25,5553.0,5571.0,18.0,1.25,20476578.211000025,99.99972746008974,95.95785109690793
85049c,ROMANTIC PINKS RIBBONS,2.46,1,1,0,2.46,5556.0,5647.0,91.0,2.46,20476580.671000026,99.99973947378301,95.97512523751944
84596l,BISCUITS SMALL BOWL LIGHT BLUE,2.46,1,1,0,2.46,5556.0,5647.0,91.0,2.46,20476583.131000027,99.99975148747627,95.99239937813093
84510b,SET OF 4 FAIRY CAKES COASTERS,2.15,1,1,0,2.15,5558.0,5647.0,89.0,2.15,20476585.281000026,99.99976198724883,96.00967351874245
81953B,ROUND BLUE CLOCK WITH SUCKER,2.09,11,3,2,0.19,5559.0,5215.0,-344.0,0.18999999999999997,20476587.371000025,99.99977219400448,96.02694765935395
17061,ASSORTED SHAPED STENCIL FOR HENNA,2.08,52,1,1,0.04,5560.0,4510.0,-1050.0,0.04,20476589.451000024,99.99978235192397,96.04422179996546
85192S,HANGING SPRING FLOWER HEART SMALL,1.9500000000000002,3,2,2,0.65,5561.0,5514.0,-47.0,0.65,20476591.401000023,99.9997918749735,96.06149594057696
22631,CIRCUS PARADE LUNCHBOX,1.95,1,1,1,1.95,5562.0,5647.0,85.0,1.95,20476593.351000022,99.99980139802302,96.07877008118845
84814A,HEXAGONAL CRYSTAL PERFUME BOTTLE,1.95,1,1,1,1.95,5562.0,5647.0,85.0,1.95,20476595.30100002,99.99981092107255,96.09604422179997
46138D,GREEN CHENILLE SHAGGY C/COVER,1.95,1,1,1,1.95,5562.0,5647.0,85.0,1.95,20476597.25100002,99.9998204441221,96.11331836241148
35945,GOLD CHRISTMAS STOCKING DECORATION,1.95,1,1,1,1.95,5562.0,5647.0,85.0,1.95,20476599.20100002,99.99982996717162,96.13059250302297
22659,LUNCHBOX I LOVE LONDON,1.95,1,1,1,1.95,5562.0,5647.0,85.0,1.95,20476601.15100002,99.99983949022115,96.14786664363449
84206C,CHAMPAGNE TRAY BLANK CARD,1.9,10,4,4,0.19,5567.0,5241.0,-326.0,0.19,20476603.051000018,99.99984876908991,96.16514078424598
84201C,HAPPY BIRTHDAY CARD TEDDY/CAKE,1.9,10,3,3,0.19000000000000003,5567.0,5241.0,-326.0,0.19,20476604.951000016,99.99985804795868,96.18241492485748
20737,RED MINI TAPE MEASURE,1.7,1,1,0,1.7,5569.0,5647.0,78.0,1.7,20476606.651000015,99.99986635010441,96.199689065469
35837,SET OF SIX SILVER+RED FLOCK BAUBLES,1.7,2,1,1,0.85,5569.0,5571.0,2.0,0.85,20476608.351000015,99.99987465225017,96.2169632060805
30086C,ASSORTED FRUIT STRAWS,1.7,1,1,0,1.7,5569.0,5647.0,78.0,1.7,20476610.051000014,99.9998829543959,96.234237346692
72754D,F FAIRY POTPOURRI CUSHIONS SUMMER,1.69,1,1,1,1.69,5572.0,5647.0,75.0,1.69,20476611.741000015,99.9998912077055,96.2515114873035
10109,BENDY COLOUR PENCILS,1.68,4,1,1,0.42,5573.0,5467.0,-106.0,0.42,20476613.421000015,99.99989941217895,96.26878562791501
85231e,STRAWBERRY SCENTED SET/9 T-LIGHTS,1.66,1,1,0,1.66,5574.0,5647.0,73.0,1.66,20476615.081000015,99.99990751898008,96.28605976852651
21585,SWALLOW SMALL TUBE MATCHES,1.65,1,1,1,1.65,5575.0,5647.0,72.0,1.65,20476616.731000014,99.99991557694507,96.30333390913802
23664,FLOWER SHOP DESIGN MUG,1.65,1,1,1,1.65,5575.0,5647.0,72.0,1.65,20476618.381000012,99.99992363491005,96.32060804974952
85024A,CRYSTAL SMALL JEWELLED PHOTOFRAME,1.65,1,1,1,1.65,5575.0,5647.0,72.0,1.65,20476620.03100001,99.99993169287504,96.33788219036103
72796C,S/3 ROSE GARDEN SCENT SQU CANDLE,1.65,1,1,1,1.65,5575.0,5647.0,72.0,1.65,20476621.68100001,99.99993975084,96.35515633097253
35980B,RED TOP SCANDINAVIAN HEART,1.52,4,2,2,0.38,5579.0,5467.0,-112.0,0.38,20476623.20100001,99.99994717393503,96.37243047158404
35976B,WHITE SCANDINAVIAN HEART CHRISTMAS,1.25,1,1,1,1.25,5580.0,5647.0,67.0,1.25,20476624.45100001,99.99995327845396,96.38970461219554
84845A,HOLLYHOCK SQUARE HANDY TIN,1.25,1,1,1,1.25,5580.0,5647.0,67.0,1.25,20476625.70100001,99.99995938297289,96.40697875280705
35950,FOLKART HEART CHRISTMAS DECORATIONS,1.25,1,1,1,1.25,5580.0,5647.0,67.0,1.25,20476626.95100001,99.99996548749182,96.42425289341855
23370,SET 36 COLOURING PENCILS DOILEY,1.25,1,1,1,1.25,5580.0,5647.0,67.0,1.25,20476628.20100001,99.99997159201075,96.44152703403006
TEST002,THIS IS A TEST PRODUCT.,1.0,1,1,1,1.0,5584.0,5647.0,63.0,1.0,20476629.20100001,99.9999764756259,96.45880117464156
84206B,CAT WITH SUNGLASSES BLANK CARD,0.95,5,1,1,0.19,5585.0,5421.0,-164.0,0.19,20476630.151000008,99.99998111506028,96.47607531525307
20721,OWLS CHARLOTTE BAG,0.85,1,1,1,0.85,5586.0,5647.0,61.0,0.85,20476631.00100001,99.99998526613317,96.49334945586457
51014c,"FEATHER PEN,COAL BLACK",0.83,1,1,0,0.83,5587.0,5647.0,60.0,0.83,20476631.831000008,99.99998931953373,96.51062359647608
84206B,CAT W SUNGLASSES BLANK CARD,0.76,4,1,1,0.19,5588.0,5467.0,-121.0,0.19,20476632.59100001,99.99999303108123,96.52789773708757
23366,SET 12 COLOURING PENCILS DOILEY,0.65,1,1,1,0.65,5589.0,5647.0,58.0,0.65,20476633.241000008,99.99999620543107,96.54517187769909
84205C,HAPPY BIRTHDAY GINGER CAT CARD,0.38,2,1,1,0.19,5590.0,5571.0,-19.0,0.19,20476633.621000007,99.99999806120482,96.5624460183106
35930,PINK HEART CHRISTMAS DECORATION,0.38,1,1,1,0.38,5590.0,5647.0,57.0,0.38,20476634.001000006,99.99999991697858,96.57972015892209
PADS,PADS TO MATCH ALL CUSHIONS,0.017,18,18,16,0.0009444444444444445,5592.0,5037.0,-555.0,0.0009444444444444445,20476634.018000007,100.00000000000004,96.5969942995336
21098,HAD BEEN PUT ASIDE,0.0,108,1,0,0.0,5593.0,4016.0,-1577.0,0.0,20476634.018000007,100.00000000000004,96.6142684401451
21082,FOUND,0.0,3,1,0,0.0,5593.0,5514.0,-79.0,0.0,20476634.018000007,100.00000000000004,96.6315425807566
84050,CHECK,0.0,14,1,0,0.0,5593.0,5125.0,-468.0,0.0,20476634.018000007,100.00000000000004,96.64881672136812
21051,FOUND,0.0,240,1,0,0.0,5593.0,3447.0,-2146.0,0.0,20476634.018000007,100.00000000000004,96.66609086197961
21770,DEBENHAMS,0.0,70,1,0,0.0,5593.0,4338.0,-1255.0,0.0,20476634.018000007,100.00000000000004,96.68336500259113
21018,CHECKED,0.0,176,1,0,0.0,5593.0,3687.0,-1906.0,0.0,20476634.018000007,100.00000000000004,96.70063914320262
21621,RCVD BE AIR TEMP FIX FOR DOTCOM SIT,0.0,100,1,0,0.0,5593.0,4086.0,-1507.0,0.0,20476634.018000007,100.00000000000004,96.71791328381413
20984,FOUND,0.0,120,1,0,0.0,5593.0,3935.0,-1658.0,0.0,20476634.018000007,100.00000000000004,96.73518742442565
21133,CHECKED,0.0,26,1,0,0.0,5593.0,4867.0,-726.0,0.0,20476634.018000007,100.00000000000004,96.75246156503714
20967,AMAZON ADJUSTMENT,0.0,1,1,0,0.0,5593.0,5647.0,54.0,0.0,20476634.018000007,100.00000000000004,96.76973570564864
72802A,HAD BEEN PUT ASIDE.,0.0,54,1,0,0.0,5593.0,4484.0,-1109.0,0.0,20476634.018000007,100.00000000000004,96.78700984626015
21736,ADJUSTMENT,0.0,34,1,0,0.0,5593.0,4749.0,-844.0,0.0,20476634.018000007,100.00000000000004,96.80428398687165
21794,ADJUSTMENT,0.0,10,1,0,0.0,5593.0,5241.0,-352.0,0.0,20476634.018000007,100.00000000000004,96.82155812748316
84279P,FOUND,0.0,84,1,0,0.0,5593.0,4213.0,-1380.0,0.0,20476634.018000007,100.00000000000004,96.83883226809466
84507C,ADJUSTMENT,0.0,4,1,0,0.0,5593.0,5467.0,-126.0,0.0,20476634.018000007,100.00000000000004,96.85610640870617
21700,CHECK,0.0,26,1,0,0.0,5593.0,4867.0,-726.0,0.0,20476634.018000007,100.00000000000004,96.87338054931767
21174,FOUND,0.0,71,1,0,0.0,5593.0,4328.0,-1265.0,0.0,20476634.018000007,100.00000000000004,96.89065468992918
21147,FOUND,0.0,72,1,0,0.0,5593.0,4313.0,-1280.0,0.0,20476634.018000007,100.00000000000004,96.90792883054068
82583,AMAZON,0.0,64,2,0,0.0,5593.0,4384.0,-1209.0,0.0,20476634.018000007,100.00000000000004,96.92520297115217
21578,FOUND,0.0,16,1,0,0.0,5593.0,5076.0,-517.0,0.0,20476634.018000007,100.00000000000004,96.9424771117637
21539,CHECK,0.0,4,1,0,0.0,5593.0,5467.0,-126.0,0.0,20476634.018000007,100.00000000000004,96.9597512523752
72803A,?,0.0,117,1,0,0.0,5593.0,3962.0,-1631.0,0.0,20476634.018000007,100.00000000000004,96.9770253929867
21523,AMENDMENT,0.0,25,1,0,0.0,5593.0,4883.0,-710.0,0.0,20476634.018000007,100.00000000000004,96.99429953359821
72807A,AMAZON,0.0,1,1,0,0.0,5593.0,5647.0,54.0,0.0,20476634.018000007,100.00000000000004,97.0115736742097
21479,?,0.0,752,1,0,0.0,5593.0,2371.0,-3222.0,0.0,20476634.018000007,100.00000000000004,97.02884781482122
72817,DOTCOMSTOCK,0.0,4,1,0,0.0,5593.0,5467.0,-126.0,0.0,20476634.018000007,100.00000000000004,97.04612195543272
21644,CHECK,0.0,27,1,0,0.0,5593.0,4846.0,-747.0,0.0,20476634.018000007,100.00000000000004,97.06339609604422
82583,FBA,0.0,160,1,0,0.0,5593.0,3761.0,-1832.0,0.0,20476634.018000007,100.00000000000004,97.08067023665573
21181,ADJUSTMENT,0.0,190,2,0,0.0,5593.0,3636.0,-1957.0,0.0,20476634.018000007,100.00000000000004,97.09794437726723
21349,CHECK,0.0,1,1,0,0.0,5593.0,5647.0,54.0,0.0,20476634.018000007,100.00000000000004,97.11521851787873
21319,ADJUSTMENT,0.0,3,1,0,0.0,5593.0,5514.0,-79.0,0.0,20476634.018000007,100.00000000000004,97.13249265849025
21314,?,0.0,1146,1,0,0.0,5593.0,1914.0,-3679.0,0.0,20476634.018000007,100.00000000000004,97.14976679910174
82600,CHECK,0.0,3,1,0,0.0,5593.0,5514.0,-79.0,0.0,20476634.018000007,100.00000000000004,97.16704093971325
82613A,AMAZON,0.0,1,1,0,0.0,5593.0,5647.0,54.0,0.0,20476634.018000007,100.00000000000004,97.18431508032475
21644,FOUND,0.0,144,1,0,0.0,5593.0,3821.0,-1772.0,0.0,20476634.018000007,100.00000000000004,97.20158922093626
21181,ON CARGO ORDER,0.0,192,1,0,0.0,5593.0,3629.0,-1964.0,0.0,20476634.018000007,100.00000000000004,97.21886336154776
21181,DOTCOM,0.0,20,1,0,0.0,5593.0,4992.0,-601.0,0.0,20476634.018000007,100.00000000000004,97.23613750215927
21192,WRONGLY MARKED,0.0,48,1,0,0.0,5593.0,4566.0,-1027.0,0.0,20476634.018000007,100.00000000000004,97.25341164277077
84875D,FOUND,0.0,5,1,0,0.0,5593.0,5421.0,-172.0,0.0,20476634.018000007,100.00000000000004,97.27068578338228
84531A,RETURNED,0.0,2,1,0,0.0,5593.0,5571.0,-22.0,0.0,20476634.018000007,100.00000000000004,97.28795992399378
85107,CHECK?,0.0,374,1,0,0.0,5593.0,3038.0,-2555.0,0.0,20476634.018000007,100.00000000000004,97.30523406460529
17091A,FOUND,0.0,84,1,0,0.0,5593.0,4213.0,-1380.0,0.0,20476634.018000007,100.00000000000004,97.32250820521679
85019B,CHECK,0.0,15,1,0,0.0,5593.0,5100.0,-493.0,0.0,20476634.018000007,100.00000000000004,97.3397823458283
85034A,CHECK,0.0,24,1,0,0.0,5593.0,4897.0,-696.0,0.0,20476634.018000007,100.00000000000004,97.3570564864398
17012F,CHECK,0.0,14,1,0,0.0,5593.0,5125.0,-468.0,0.0,20476634.018000007,100.00000000000004,97.37433062705131
85049B,AMAZON,0.0,1,1,0,0.0,5593.0,5647.0,54.0,0.0,20476634.018000007,100.00000000000004,97.39160476766281
85054,FOUND,0.0,27,1,0,0.0,5593.0,4846.0,-747.0,0.0,20476634.018000007,100.00000000000004,97.4088789082743
DCGSSBOY,UPDATE,0.0,100,1,0,0.0,5593.0,4086.0,-1507.0,0.0,20476634.018000007,100.00000000000004,97.42615304888582
85231G,AMAZON,0.0,1,1,0,0.0,5593.0,5647.0,54.0,0.0,20476634.018000007,100.00000000000004,97.44342718949733
DCGSSGIRL,UPDATE,0.0,100,1,0,0.0,5593.0,4086.0,-1507.0,0.0,20476634.018000007,100.00000000000004,97.46070133010882
16207A,CHECK,0.0,2,1,0,0.0,5593.0,5571.0,-22.0,0.0,20476634.018000007,100.00000000000004,97.47797547072034
85123A,?,0.0,4000,1,0,0.0,5593.0,687.0,-4906.0,0.0,20476634.018000007,100.00000000000004,97.49524961133183
17109B,FOUND,0.0,72,1,0,0.0,5593.0,4313.0,-1280.0,0.0,20476634.018000007,100.00000000000004,97.51252375194333
85127,FOUND,0.0,6,1,0,0.0,5593.0,5385.0,-208.0,0.0,20476634.018000007,100.00000000000004,97.52979789255485
85135B,CHECK,0.0,3,1,0,0.0,5593.0,5514.0,-79.0,0.0,20476634.018000007,100.00000000000004,97.54707203316634
16168M,FOUND,0.0,44,1,0,0.0,5593.0,4613.0,-980.0,0.0,20476634.018000007,100.00000000000004,97.56434617377785
16162M,ALAN HODGE CANT MAMAGE THIS SECTION,0.0,30,1,0,0.0,5593.0,4805.0,-788.0,0.0,20476634.018000007,100.00000000000004,97.58162031438935
16151A,FOUND,0.0,50,1,0,0.0,5593.0,4539.0,-1054.0,0.0,20476634.018000007,100.00000000000004,97.59889445500086
gift_0001_20,TO PUSH ORDER THROUGHA S STOCK WAS,0.0,10,1,0,0.0,5593.0,5241.0,-352.0,0.0,20476634.018000007,100.00000000000004,97.61616859561238
85135B,FOUND,0.0,53,1,0,0.0,5593.0,4500.0,-1093.0,0.0,20476634.018000007,100.00000000000004,97.63344273622387
85135C,FOUND,0.0,36,1,0,0.0,5593.0,4719.0,-874.0,0.0,20476634.018000007,100.00000000000004,97.65071687683538
85185B,FOUND IN W/HSE,0.0,50,1,0,0.0,5593.0,4539.0,-1054.0,0.0,20476634.018000007,100.00000000000004,97.66799101744688
10080,CHECK,0.0,22,1,0,0.0,5593.0,4956.0,-637.0,0.0,20476634.018000007,100.00000000000004,97.68526515805839
85017C,FOUND,0.0,13,1,0,0.0,5593.0,5149.0,-444.0,0.0,20476634.018000007,100.00000000000004,97.70253929866989
85017C,ADJUSTMENT,0.0,1,1,0,0.0,5593.0,5647.0,54.0,0.0,20476634.018000007,100.00000000000004,97.7198134392814
84531B,RETURNED,0.0,2,1,0,0.0,5593.0,5571.0,-22.0,0.0,20476634.018000007,100.00000000000004,97.7370875798929
20713,MARKED AS 23343,0.0,400,1,0,0.0,5593.0,2975.0,-2618.0,0.0,20476634.018000007,100.00000000000004,97.7543617205044
84659A,CHECK,0.0,19,1,0,0.0,5593.0,5018.0,-575.0,0.0,20476634.018000007,100.00000000000004,97.77163586111591
20832,CHECK,0.0,110,1,0,0.0,5593.0,4001.0,-1592.0,0.0,20476634.018000007,100.00000000000004,97.78891000172742
20799,DAMAGED,0.0,1,1,0,0.0,5593.0,5647.0,54.0,0.0,20476634.018000007,100.00000000000004,97.80618414233892
20754,FOUND,0.0,57,1,0,0.0,5593.0,4456.0,-1137.0,0.0,20476634.018000007,100.00000000000004,97.82345828295043
20748,FOUND,0.0,40,1,0,0.0,5593.0,4667.0,-926.0,0.0,20476634.018000007,100.00000000000004,97.84073242356193
21804,DOTCOM,0.0,4,1,0,0.0,5593.0,5467.0,-126.0,0.0,20476634.018000007,100.00000000000004,97.85800656417342
84876B,FOUND,0.0,66,1,0,0.0,5593.0,4370.0,-1223.0,0.0,20476634.018000007,100.00000000000004,97.87528070478494
20713,WRONGLY MARKED 23343,0.0,200,1,0,0.0,5593.0,3596.0,-1997.0,0.0,20476634.018000007,100.00000000000004,97.89255484539645
84877D,FOUND,0.0,1,1,0,0.0,5593.0,5647.0,54.0,0.0,20476634.018000007,100.00000000000004,97.90982898600794
20713,WRONGLY CODED 23343,0.0,1000,1,0,0.0,5593.0,2080.0,-3513.0,0.0,20476634.018000007,100.00000000000004,97.92710312661946
20713,FOUND,0.0,200,2,0,0.0,5593.0,3596.0,-1997.0,0.0,20476634.018000007,100.00000000000004,97.94437726723095
84988,?,0.0,3000,1,0,0.0,5593.0,904.0,-4689.0,0.0,20476634.018000007,100.00000000000004,97.96165140784247
84924D,EUROBARGAIN INVC/CREDIT,0.0,372,1,0,0.0,5593.0,3048.0,-2545.0,0.0,20476634.018000007,100.00000000000004,97.97892554845397
84929,FOUND,0.0,600,1,0,0.0,5593.0,2599.0,-2994.0,0.0,20476634.018000007,100.00000000000004,97.99619968906546
84944,?SOLD INDIVIDUALLY?,0.0,486,1,0,0.0,5593.0,2793.0,-2800.0,0.0,20476634.018000007,100.00000000000004,98.01347382967698
20665,DOTCOM,0.0,21,1,0,0.0,5593.0,4974.0,-619.0,0.0,20476634.018000007,100.00000000000004,98.03074797028847
84944,FOUND,0.0,37,1,0,0.0,5593.0,4706.0,-887.0,0.0,20476634.018000007,100.00000000000004,98.04802211089998
84944,MICHEL OOPS,0.0,22,1,0,0.0,5593.0,4956.0,-637.0,0.0,20476634.018000007,100.00000000000004,98.0652962515115
17136A,CHECK,0.0,3,1,0,0.0,5593.0,5514.0,-79.0,0.0,20476634.018000007,100.00000000000004,98.08257039212299
17129C,WRONG INVC,0.0,70,1,0,0.0,5593.0,4338.0,-1255.0,0.0,20476634.018000007,100.00000000000004,98.0998445327345
17109D,ADJUSTMENT,0.0,14,1,0,0.0,5593.0,5125.0,-468.0,0.0,20476634.018000007,100.00000000000004,98.117118673346
84966C,SOLD AS A/B,0.0,16,1,0,0.0,5593.0,5076.0,-517.0,0.0,20476634.018000007,100.00000000000004,98.1343928139575
21804,CHECK,0.0,80,2,0,0.0,5593.0,4242.0,-1351.0,0.0,20476634.018000007,100.00000000000004,98.15166695456901
51020A,ADJUSTMENT,0.0,41,1,0,0.0,5593.0,4658.0,-935.0,0.0,20476634.018000007,100.00000000000004,98.16894109518051
21811,CHECK,0.0,26,1,0,0.0,5593.0,4867.0,-726.0,0.0,20476634.018000007,100.00000000000004,98.18621523579202
23084,AMAZON,0.0,1,1,0,0.0,5593.0,5647.0,54.0,0.0,20476634.018000007,100.00000000000004,98.20348937640352
23084,ADD STOCK TO ALLOCATE ONLINE ORDERS,0.0,2,1,0,0.0,5593.0,5571.0,-22.0,0.0,20476634.018000007,100.00000000000004,98.22076351701503
35980C,CHECKED,0.0,170,1,0,0.0,5593.0,3718.0,-1875.0,0.0,20476634.018000007,100.00000000000004,98.23803765762653
23001,TRAVEL CARD WALLET DOTCOMGIFTSHOP,0.0,200,1,0,0.0,5593.0,3596.0,-1997.0,0.0,20476634.018000007,100.00000000000004,98.25531179823804
22963,MAILOUT,0.0,100,1,0,0.0,5593.0,4086.0,-1507.0,0.0,20476634.018000007,100.00000000000004,98.27258593884955
22962,MAILOUT,0.0,100,1,0,0.0,5593.0,4086.0,-1507.0,0.0,20476634.018000007,100.00000000000004,98.28986007946105
22961,MAILOUT,0.0,100,1,0,0.0,5593.0,4086.0,-1507.0,0.0,20476634.018000007,100.00000000000004,98.30713422007256
22960,MAILOUT ADDITION,0.0,100,1,0,0.0,5593.0,4086.0,-1507.0,0.0,20476634.018000007,100.00000000000004,98.32440836068406
37327,ADJUSTMENT,0.0,3,1,0,0.0,5593.0,5514.0,-79.0,0.0,20476634.018000007,100.00000000000004,98.34168250129555
37479B,TK MAXX MIX UP WITH PINK,0.0,180,1,0,0.0,5593.0,3671.0,-1922.0,0.0,20476634.018000007,100.00000000000004,98.35895664190707
22927,AMAZON,0.0,1,1,0,0.0,5593.0,5647.0,54.0,0.0,20476634.018000007,100.00000000000004,98.37623078251858
22925,CHECK,0.0,1,1,0,0.0,5593.0,5647.0,54.0,0.0,20476634.018000007,100.00000000000004,98.39350492313007
22925,AMAZON,0.0,1,1,0,0.0,5593.0,5647.0,54.0,0.0,20476634.018000007,100.00000000000004,98.41077906374159
22902,DOTCOM EMAIL,0.0,200,1,0,0.0,5593.0,3596.0,-1997.0,0.0,20476634.018000007,100.00000000000004,98.42805320435308
22864,FOUND,0.0,384,1,0,0.0,5593.0,3011.0,-2582.0,0.0,20476634.018000007,100.00000000000004,98.44532734496458
22848,CHECK,0.0,2,1,0,0.0,5593.0,5571.0,-22.0,0.0,20476634.018000007,100.00000000000004,98.4626014855761
22848,AMAZON,0.0,1,1,0,0.0,5593.0,5647.0,54.0,0.0,20476634.018000007,100.00000000000004,98.47987562618759
46000U,CHECK,0.0,10,1,0,0.0,5593.0,5241.0,-352.0,0.0,20476634.018000007,100.00000000000004,98.4971497667991
22837,FOUND,0.0,26,1,0,0.0,5593.0,4867.0,-726.0,0.0,20476634.018000007,100.00000000000004,98.5144239074106
22823,TEST,0.0,22,1,0,0.0,5593.0,4956.0,-637.0,0.0,20476634.018000007,100.00000000000004,98.53169804802211
22812,CHECK,0.0,48,1,0,0.0,5593.0,4566.0,-1027.0,0.0,20476634.018000007,100.00000000000004,98.54897218863361
22759,FOUND,0.0,96,1,0,0.0,5593.0,4140.0,-1453.0,0.0,20476634.018000007,100.00000000000004,98.56624632924512
22759,CHECK,0.0,17,1,0,0.0,5593.0,5056.0,-537.0,0.0,20476634.018000007,100.00000000000004,98.58352046985662
22740,ADJUSTMENT,0.0,89,1,0,0.0,5593.0,4185.0,-1408.0,0.0,20476634.018000007,100.00000000000004,98.60079461046813
23084,ALLOCATE STOCK FOR DOTCOM ORDERS TA,0.0,4,1,0,0.0,5593.0,5467.0,-126.0,0.0,20476634.018000007,100.00000000000004,98.61806875107963
23084,FOR ONLINE RETAIL ORDERS,0.0,1,1,0,0.0,5593.0,5647.0,54.0,0.0,20476634.018000007,100.00000000000004,98.63534289169114
21823,AMAZON ADJUST,0.0,10,1,0,0.0,5593.0,5241.0,-352.0,0.0,20476634.018000007,100.00000000000004,98.65261703230264
23084,WEBSITE FIXED,0.0,110,1,0,0.0,5593.0,4001.0,-1592.0,0.0,20476634.018000007,100.00000000000004,98.66989117291415
35598C,FOUND,0.0,3,1,0,0.0,5593.0,5514.0,-79.0,0.0,20476634.018000007,100.00000000000004,98.68716531352565
35600A,FOUND BY JACKIE,0.0,1,1,0,0.0,5593.0,5647.0,54.0,0.0,20476634.018000007,100.00000000000004,98.70443945413716
23595,ADJUSTMENT,0.0,5,1,0,0.0,5593.0,5421.0,-172.0,0.0,20476634.018000007,100.00000000000004,98.72171359474866
23579,SALE ERROR,0.0,4,1,0,0.0,5593.0,5467.0,-126.0,0.0,20476634.018000007,100.00000000000004,98.73898773536015
35819B,CHECK,0.0,18,1,0,0.0,5593.0,5037.0,-556.0,0.0,20476634.018000007,100.00000000000004,98.75626187597167
23404,CHECK,0.0,41,1,0,0.0,5593.0,4658.0,-935.0,0.0,20476634.018000007,100.00000000000004,98.77353601658318
23348,CHECK,0.0,5,1,0,0.0,5593.0,5421.0,-172.0,0.0,20476634.018000007,100.00000000000004,98.79081015719467
23343,WRONGLY CODED 20713,0.0,800,1,0,0.0,5593.0,2314.0,-3279.0,0.0,20476634.018000007,100.00000000000004,98.80808429780619
23343,CAME CODED AS 20713,0.0,3100,1,0,0.0,5593.0,884.0,-4709.0,0.0,20476634.018000007,100.00000000000004,98.82535843841768
35954,CHECK,0.0,24,1,0,0.0,5593.0,4897.0,-696.0,0.0,20476634.018000007,100.00000000000004,98.84263257902919
35965,DOTCOM,0.0,26,1,0,0.0,5593.0,4867.0,-726.0,0.0,20476634.018000007,100.00000000000004,98.8599067196407
35965,FOUND,0.0,6,1,0,0.0,5593.0,5385.0,-208.0,0.0,20476634.018000007,100.00000000000004,98.8771808602522
35968,CHECK,0.0,9,1,0,0.0,5593.0,5289.0,-304.0,0.0,20476634.018000007,100.00000000000004,98.89445500086372
35968,FOUND,0.0,63,1,0,0.0,5593.0,4397.0,-1196.0,0.0,20476634.018000007,100.00000000000004,98.9117291414752
23268,LIGHTHOUSE TRADING ZERO INVC INCORR,0.0,192,1,0,0.0,5593.0,3629.0,-1964.0,0.0,20476634.018000007,100.00000000000004,98.92900328208671
23209,MAILOUT,0.0,100,1,0,0.0,5593.0,4086.0,-1507.0,0.0,20476634.018000007,100.00000000000004,98.94627742269823
23203,MAILOUT,0.0,100,1,0,0.0,5593.0,4086.0,-1507.0,0.0,20476634.018000007,100.00000000000004,98.96355156330972
23202,MAILOUT,0.0,100,1,0,0.0,5593.0,4086.0,-1507.0,0.0,20476634.018000007,100.00000000000004,98.98082570392123
23200,MAILOUT,0.0,100,1,0,0.0,5593.0,4086.0,-1507.0,0.0,20476634.018000007,100.00000000000004,98.99809984453273
23135,?,0.0,101,1,0,0.0,5593.0,4076.0,-1517.0,0.0,20476634.018000007,100.00000000000004,99.01537398514424
23131,HAD BEEN PUT ASIDE,0.0,48,1,0,0.0,5593.0,4566.0,-1027.0,0.0,20476634.018000007,100.00000000000004,99.03264812575574
23118,DOTCOM ADJUST,0.0,10,1,0,0.0,5593.0,5241.0,-352.0,0.0,20476634.018000007,100.00000000000004,99.04992226636725
23091,CHECK,0.0,2,1,0,0.0,5593.0,5571.0,-22.0,0.0,20476634.018000007,100.00000000000004,99.06719640697875
22734,FOUND,0.0,8,1,0,0.0,5593.0,5312.0,-281.0,0.0,20476634.018000007,100.00000000000004,99.08447054759026
22734,AMENDMENT,0.0,20,1,0,0.0,5593.0,4992.0,-601.0,0.0,20476634.018000007,100.00000000000004,99.10174468820176
22734,AMAZON SALES,0.0,20,1,0,0.0,5593.0,4992.0,-601.0,0.0,20476634.018000007,100.00000000000004,99.11901882881327
22734,AMAZON ADJUSTMENT,0.0,16,1,0,0.0,5593.0,5076.0,-517.0,0.0,20476634.018000007,100.00000000000004,99.13629296942477
22171,?,0.0,142,1,0,0.0,5593.0,3839.0,-1754.0,0.0,20476634.018000007,100.00000000000004,99.15356711003628
22149,CHECK,0.0,34,1,0,0.0,5593.0,4749.0,-844.0,0.0,20476634.018000007,100.00000000000004,99.17084125064778
48173C,DAMAGED,0.0,13,1,0,0.0,5593.0,5149.0,-444.0,0.0,20476634.018000007,100.00000000000004,99.18811539125927
22142,CHECK,0.0,14,1,0,0.0,5593.0,5125.0,-468.0,0.0,20476634.018000007,100.00000000000004,99.2053895318708
22139,AMAZON,0.0,15,1,0,0.0,5593.0,5100.0,-493.0,0.0,20476634.018000007,100.00000000000004,99.2226636724823
48188,?,0.0,106,1,0,0.0,5593.0,4033.0,-1560.0,0.0,20476634.018000007,100.00000000000004,99.2399378130938
48189,ADJUSTMENT,0.0,2,1,0,0.0,5593.0,5571.0,-22.0,0.0,20476634.018000007,100.00000000000004,99.25721195370531
22121,HAD BEEN PUT ASIDE,0.0,32,1,0,0.0,5593.0,4775.0,-818.0,0.0,20476634.018000007,100.00000000000004,99.2744860943168
22117,CHECK,0.0,184,1,0,0.0,5593.0,3655.0,-1938.0,0.0,20476634.018000007,100.00000000000004,99.29176023492832
22087,AMAZON,0.0,6,1,0,0.0,5593.0,5385.0,-208.0,0.0,20476634.018000007,100.00000000000004,99.30903437553982
22077,FOUND,0.0,24,1,0,0.0,5593.0,4897.0,-696.0,0.0,20476634.018000007,100.00000000000004,99.32630851615131
22037,FOUND AGAIN,0.0,50,1,0,0.0,5593.0,4539.0,-1054.0,0.0,20476634.018000007,100.00000000000004,99.34358265676283
22035,TAIG ADJUST,0.0,37,2,0,0.0,5593.0,4706.0,-887.0,0.0,20476634.018000007,100.00000000000004,99.36085679737432
21992,CHECK,0.0,13,1,0,0.0,5593.0,5149.0,-444.0,0.0,20476634.018000007,100.00000000000004,99.37813093798583
21937,FOUND,0.0,50,1,0,0.0,5593.0,4539.0,-1054.0,0.0,20476634.018000007,100.00000000000004,99.39540507859735
21915,JOHN LEWIS,0.0,200,1,0,0.0,5593.0,3596.0,-1997.0,0.0,20476634.018000007,100.00000000000004,99.41267921920884
21900,?,0.0,1520,1,0,0.0,5593.0,1613.0,-3980.0,0.0,20476634.018000007,100.00000000000004,99.42995335982035
21888,AMAZON,0.0,1,1,0,0.0,5593.0,5647.0,54.0,0.0,20476634.018000007,100.00000000000004,99.44722750043185
21868,AMAZON,0.0,1,1,0,0.0,5593.0,5647.0,54.0,0.0,20476634.018000007,100.00000000000004,99.46450164104336
49031B,CHROME EURO HOOK 20CM,0.0,400,1,0,0.0,5593.0,2975.0,-2618.0,0.0,20476634.018000007,100.00000000000004,99.48177578165486
72127,FOUND BOX,0.0,24,1,0,0.0,5593.0,4897.0,-696.0,0.0,20476634.018000007,100.00000000000004,99.49904992226637
21830,DAMAGED,0.0,192,1,0,0.0,5593.0,3629.0,-1964.0,0.0,20476634.018000007,100.00000000000004,99.51632406287787
21829,ADJUSTMENT,0.0,12,1,0,0.0,5593.0,5179.0,-414.0,0.0,20476634.018000007,100.00000000000004,99.53359820348938
22176,AMAZON,0.0,1,1,0,0.0,5593.0,5647.0,54.0,0.0,20476634.018000007,100.00000000000004,99.55087234410088
47593A,FOUND,0.0,13,1,0,0.0,5593.0,5149.0,-444.0,0.0,20476634.018000007,100.00000000000004,99.56814648471239
47566B,INCORRECTLY CREDITED C550456 SEE 47,0.0,1300,1,0,0.0,5593.0,1774.0,-3819.0,0.0,20476634.018000007,100.00000000000004,99.58542062532389
22501,FOUND,0.0,24,1,0,0.0,5593.0,4897.0,-696.0,0.0,20476634.018000007,100.00000000000004,99.6026947659354
22734,AMAZON,0.0,80,3,0,0.0,5593.0,4242.0,-1351.0,0.0,20476634.018000007,100.00000000000004,99.6199689065469
22689,HAD BEEN PUT ASIDE,0.0,40,1,0,0.0,5593.0,4667.0,-926.0,0.0,20476634.018000007,100.00000000000004,99.6372430471584
22687,HAD BEEN PUT ASIDE,0.0,20,1,0,0.0,5593.0,4992.0,-601.0,0.0,20476634.018000007,100.00000000000004,99.65451718776991
22687,AMAZON ADJUSTMENT,0.0,2,1,0,0.0,5593.0,5571.0,-22.0,0.0,20476634.018000007,100.00000000000004,99.6717913283814
22687,ADJUSTMENT,0.0,1,1,0,0.0,5593.0,5647.0,54.0,0.0,20476634.018000007,100.00000000000004,99.68906546899292
22606,CHECK,0.0,9,2,0,0.0,5593.0,5289.0,-304.0,0.0,20476634.018000007,100.00000000000004,99.70633960960443
22548,ADJUSTMENT,0.0,4,1,0,0.0,5593.0,5467.0,-126.0,0.0,20476634.018000007,100.00000000000004,99.72361375021592
22533,CHECK,0.0,60,1,0,0.0,5593.0,4421.0,-1172.0,0.0,20476634.018000007,100.00000000000004,99.74088789082744
22502,MAILOUT,0.0,100,1,0,0.0,5593.0,4086.0,-1507.0,0.0,20476634.018000007,100.00000000000004,99.75816203143893
22501,MAILOUT,0.0,100,1,0,0.0,5593.0,4086.0,-1507.0,0.0,20476634.018000007,100.00000000000004,99.77543617205043
22467,WRONGLY SOLD (22719) BARCODE,0.0,170,1,0,0.0,5593.0,3718.0,-1875.0,0.0,20476634.018000007,100.00000000000004,99.79271031266195
22236,RUST FIXED,0.0,850,1,0,0.0,5593.0,2254.0,-3339.0,0.0,20476634.018000007,100.00000000000004,99.80998445327344
22467,22719,0.0,2,1,0,0.0,5593.0,5571.0,-22.0,0.0,20476634.018000007,100.00000000000004,99.82725859388495
47503A,CHECK,0.0,121,2,0,0.0,5593.0,3929.0,-1664.0,0.0,20476634.018000007,100.00000000000004,99.84453273449645
22363,TEMP,0.0,100,1,0,0.0,5593.0,4086.0,-1507.0,0.0,20476634.018000007,100.00000000000004,99.86180687510796
22361,TEMP,0.0,100,1,0,0.0,5593.0,4086.0,-1507.0,0.0,20476634.018000007,100.00000000000004,99.87908101571948
22360,TEMP,0.0,100,1,0,0.0,5593.0,4086.0,-1507.0,0.0,20476634.018000007,100.00000000000004,99.89635515633097
47503H,FOUND,0.0,66,1,0,0.0,5593.0,4370.0,-1223.0,0.0,20476634.018000007,100.00000000000004,99.91362929694247
22359,TEMP,0.0,100,1,0,0.0,5593.0,4086.0,-1507.0,0.0,20476634.018000007,100.00000000000004,99.93090343755398
22355,TEST,0.0,1,1,0,0.0,5593.0,5647.0,54.0,0.0,20476634.018000007,100.00000000000004,99.94817757816548
47556B,DID A CREDIT AND DID NOT TICK RET,0.0,1300,1,0,0.0,5593.0,1774.0,-3819.0,0.0,20476634.018000007,100.00000000000004,99.96545171877699
47566B,CORRECT PREVIOUS ADJUSTMENT,0.0,144,1,0,0.0,5593.0,3821.0,-1772.0,0.0,20476634.018000007,100.00000000000004,99.9827258593885
23157,CHECK,0.0,212,1,0,0.0,5593.0,3549.0,-2044.0,0.0,20476634.018000007,100.00000000000004,100.0
