StockCode,Description,Support
85123A,WHITE HANGING HEART T-LIGHT HOLDER,0.14596614640580347
85099B,JUMBO BAG RED WHITE SPOTTY,0.10876016706968565
22423,REGENCY CAKESTAND 3 TIER,0.10614970323147944
21212,PACK OF 72 RETRO SPOT CAKE CASES,0.08562321389316334
20725,LUNCH BAG RED SPOTTY,0.08394702132336777
84879,ASSORTED COLOUR BIRD ORNAMENT,0.07683007254341613
47566,PARTY BUNTING,0.07276324466915805
21232,STRAWBERRY CERAMIC TRINKET BOX,0.06674543855792482
22383,LUNCHBAG SUKI DESIGN,0.0658661244229501
20727,LUNCH BAG BLACK SKULL.,0.06443723895361618
21931,JUMBO STORAGE BAG SUKI,0.06391514618597494
22197,"POPCORN HOLDER , SMALL",0.06259617498351286
22386,JUMBO BAG PINK WITH WHITE SPOTS,0.06157946801494834
22411,JUMBO SHOPPER VINTAGE RED PAISLEY,0.06017806111233238
22382,LUNCHBAG SPACEBOY DESIGN,0.05916135414376786
22469,HEART OF WICKER SMALL,0.05883161134315234
84991,60 TEATIME FAIRY CAKE CASES,0.05841943284238294
21080,SET/20 RED SPOTTY PAPER NAPKINS,0.05828204000879314
22384,LUNCHBAG PINK RETROSPOT,0.05773246867443394
22139,RETRO SPOT TEA SET CERAMIC 11 PC,0.0573477687403825
20728,LUNCH BAG CARS BLUE,0.05668828313915146
21754,HOME BUILDING BLOCK WORD,0.056633326005715544
20724,RED SPOTTY CHARLOTTE BAG,0.05591888327104858
22457,NATURAL SLATE HEART CHALKBOARD,0.05580896900417674
20914,SET/5 RED SPOTTY LID GLASS BOWLS,0.05547922620356122
22086,PAPER CHAIN KIT 50'S CHRISTMAS,0.05495713343591998
82482,WOODEN PICTURE FRAME WHITE FINISH,0.054929654869202024
21977,PACK OF 60 PINK PAISLEY CAKE CASES,0.0547373049021763
82494L,WOODEN FRAME ANTIQUE WHITE,0.05410529786766322
22470,HEART OF WICKER LARGE,0.0535007693998681
20726,LUNCH BAG WOODLAND,0.0528138052319191
22138,BAKING SET 9 PIECE RETROSPOT,0.052099362497252145
21790,VINTAGE SNAP CARDS,0.05179709826335458
21034,REX CASH+CARRY JUMBO SHOPPER,0.05149483402945702
85099C,JUMBO BAG BAROQUE BLACK WHITE,0.0510276983952517
85099F,JUMBO BAG STRAWBERRY,0.050258298527148824
22178,VICTORIAN GLASS HANGING T-LIGHT,0.04954385579248186
21181,PLEASE ONE PERSON METAL SIGN,0.049351505825456145
84946,ANTIQUE SILVER TEA GLASS ETCHED,0.0482798417234557
21733,RED HANGING HEART T-LIGHT HOLDER,0.048224884590019786
22077,6 RIBBONS RUSTIC CHARM,0.048114970323147946
22355,"CHARLOTTE BAG , SUKI DESIGN",0.04767531325566059
20685,RED SPOTTY COIR DOORMAT,0.047208177621455266
22112,CHOCOLATE HOT WATER BOTTLE,0.047070784787865465
POST,POSTAGE,0.046741041987249946
22090,PAPER BUNTING RETRO SPOTS,0.04668608485381402
21755,LOVE BUILDING BLOCK WORD,0.046493734886788304
22111,SCOTTIE DOG HOT WATER BOTTLE,0.04624642778632666
21175,GIN + TONIC DIET METAL SIGN,0.04550450648494175
22666,RECIPE BOX PANTRY YELLOW DESIGN,0.04539459221806991
48138,DOOR MAT UNION FLAG,0.045009892284018464
21929,JUMBO BAG PINK VINTAGE PAISLEY,0.0442954495493515
22356,"CHARLOTTE BAG , PINK/WHITE SPOTS",0.043526049681248624
22114,HOT WATER BOTTLE TEA AND SYMPATHY,0.04336117828094087
20719,WOODLAND CHARLOTTE BAG,0.043196306880633105
22379,RECYCLING BAG RETROSPOT,0.043058914047043303
21928,JUMBO BAG SCANDINAVIAN PAISLEY,0.042262035612222464
21731,RED TOADSTOOL LED NIGHT LIGHT,0.041932292811606944
21843,RETRO SPOT CAKE STAND,0.04179489997801715
21231,SWEETHEART CERAMIC TRINKET BOX,0.040668278742580784
21213,PACK OF 72 SKULL CAKE CASES,0.040585843042426906
84992,72 SWEETHEART FAIRY CAKE CASES,0.04009122884150363
85152,HAND OVER THE CHOCOLATE SIGN,0.03998131457463179
84970S,HANGING HEART ZINC T-LIGHT HOLDER,0.03907452187293911
22699,ROSES REGENCY TEACUP AND SAUCER,0.03901956473950319
21166,COOK WITH WINE METAL SIGN,0.03901956473950319
22910,PAPER CHAIN KIT VINTAGE CHRISTMAS,0.038964607606067264
84978,HANGING HEART JAR T-LIGHT HOLDER,0.03893712903934931
DOT,DOTCOM POSTAGE,0.038882171905913386
20712,JUMBO BAG WOODLAND ANIMALS,0.038744779072323585
84836,ZINC METAL HEART DECORATION,0.038634864805451745
22083,PAPER CHAIN KIT RETRO SPOT,0.03846999340514399
20972,PINK CREAM FELT CRAFT TRINKET BOX,0.038305122004836226
22326,"ROUND SNACK BOXES ,SET4, WOODLAND",0.038195207737964386
21485,RED SPOT HEART HOT WATER BOTTLE,0.03800285777093867
22149,FELTCRAFT 6 FLOWER FRIENDS,0.03792042207078479
20723,STRAWBERRY CHARLOTTE BAG,0.03789294350406683
22720,SET OF 3 CAKE TINS PANTRY DESIGN,0.03781050780391295
22629,SPACEBOY LUNCH BOX,0.03756320070345131
22727,ALARM CLOCK BAKELIKE RED,0.03742580786986151
22697,GREEN REGENCY TEACUP AND SAUCER,0.037151022202681905
48194,DOORMAT HEARTS,0.03701362936909211
82580,BATHROOM METAL SIGN,0.036711365135194546
22630,DOLLY GIRL LUNCH BOX,0.03662892943504067
21930,JUMBO STORAGE BAG SKULLS,0.03618927236755331
21791,VINTAGE HEADS AND TAILS CARD GAME,0.03605187953396351
20713,JUMBO BAG OWLS,0.03583205100021983
21975,PACK OF 60 DINOSAUR CAKE CASES,0.03577709386678391
22551,PLASTERS IN TIN SPACEBOY,0.035694658166630026
22189,CREAM HEART CARD HOLDER,0.03561222246647615
21621,VINTAGE UNION JACK BUNTING,0.03509012969883491
48187,DOOR MAT NEW ENGLAND,0.03506265113211695
22554,PLASTERS IN TIN WOODLAND ANIMALS,0.03503517256539899
82486,WOOD S/3 CABINET ANT WHITE FINISH,0.03484282259837327
22726,ALARM CLOCK BAKELIKE GREEN,0.03478786546493735
84755,COLOUR GLASS T-LIGHT HOLDER HANGING,0.03434820839744999
22385,JUMBO BAG SPACEBOY DESIGN,0.03426577269729611
84378,SET OF 3 HEART COOKIE CUTTERS,0.03423829413057815
23203,JUMBO BAG DOILEY PATTERNS,0.03379863706309079
21559,STRAWBERRY LUNCHBOX WITH CUTLERY,0.03349637282919323
22624,IVORY KITCHEN SCALES,0.03335897999560343
20718,RED SPOTTY SHOPPER BAG,0.03330402286216751
22865,HAND WARMER OWL DESIGN,0.03327654429544955
82600,NO SINGING METAL SIGN,0.03297428006155199
22558,CLOTHES PEGS RETROSPOT PACK 24,0.03286436579468015
22556,PLASTERS IN TIN CIRCUS PARADE,0.03286436579468015
22961,JAM MAKING SET PRINTED,0.03264453726093647
82583,HOT BATHS METAL SIGN,0.03225983732688503
82484,WOOD BLACK BOARD ANT WHITE FINISH,0.03214992306001319
21210,SET OF 72 RETRO SPOT PAPER DOILIES,0.03184765882611563
22960,JAM MAKING SET WITH JARS,0.03179270169267971
22367,CHILDS APRON SPACEBOY DESIGN,0.03176522312596175
22328,"ROUND SNACK BOXES ,SET 4, FRUITS",0.03165530885908991
22219,LOVEBIRD HANGING DECORATION WHITE,0.03157287315893603
21524,SPOTTY HOME SWEET HOME DOORMAT,0.03157287315893603
20971,PINK BLUE FELT CRAFT TRINKET BOX,0.03140800175862827
23298,SPOTTY BUNTING,0.03138052319191031
84029E,RED WOOLLY HOTTIE WHITE HEART.,0.03135304462519235
22952,72 CAKE CASES VINTAGE CHRISTMAS,0.03129808749175643
47591D,PINK FAIRY CAKE CHILD'S APRON,0.03127060892503847
21174,POTTERING IN THE SHED METAL SIGN,0.03116069465816663
22147,FELTCRAFT BUTTERFLY HEARTS,0.03107825895801275
22557,PLASTERS IN TIN VINTAGE PAISLEY,0.03091338755770499
21889,WOODEN BOX OF DOMINOES,0.03080347329083315
84692,BOX OF 24 COCKTAIL PARASOLS,0.03080347329083315
82483,WOOD 2 DRAWER CABINET WHITE FINISH,0.03077599472411519
21523,FANCY FONT HOME SWEET HOME DOORMAT,0.03077599472411519
22352,LUNCHBOX WITH CUTLERY RETROSPOT,0.03069355902396131
84380,SET OF 3 BUTTERFLY COOKIE CUTTERS,0.03058364475708947
85150,LADIES & GENTLEMEN METAL SIGN,0.03047373049021763
21535,RETRO SPOT SMALL MILK JUG,0.03044625192349967
22417,PACK OF 60 SPACEBOY CAKE CASES,0.03028138052319191
22029,SPACE BOY BIRTHDAY CARD,0.03022642338975599
22381,TOY TIDY PINK RETROSPOT,0.030198944823038032
23209,LUNCH BAG DOILEY PATTERN,0.03011650912288415
22553,PLASTERS IN TIN SKULLS,0.02995163772257639
79321,CHILLI LIGHTS,0.02992415915585843
22909,SET OF 20 VINTAGE CHRISTMAS NAPKINS,0.02984172345570455
84997D,PINK 3 PIECE MINI DOTS CUTLERY SET,0.02981424488898659
22467,GUMBALL COAT RACK,0.02970433062211475
22585,PACK OF 6 BIRDY GIFT TAGS,0.02970433062211475
22866,HAND WARMER SCOTTY DOG DESIGN,0.02970433062211475
84970L,SINGLE HEART ZINC T-LIGHT HOLDER,0.02959441635524291
22993,SET OF 4 PANTRY JELLY MOULDS,0.02942954495493515
22659,LUNCHBOX I LOVE LONDON,0.029292152121345352
21314,SMALL GLASS HEART TRINKET POT,0.02907232358760167
22867,HAND WARMER BIRD DESIGN,0.02896240932072983
20711,JUMBO BAG TOYS,0.02890745218729391
21481,FAWN BLUE HOT WATER BOTTLE,0.02882501648714003
21936,RED/WHITE SPOT PICNIC BAG,0.02868762365355023
23206,LUNCH BAG APPLE DESIGN,0.028440316553088592
22698,PINK REGENCY TEACUP AND SAUCER,0.02824796658606287
15056N,EDWARDIAN PARASOL NATURAL,0.02816553088590899
84997B,RED 3 PIECE MINI DOTS CUTLERY SET,0.02794570235216531
84988,SET OF 72 PINK HEART PAPER DOILIES,0.027918223785447352
21915,RED HARMONICA IN BOX,0.02789074521872939
84077,WORLD WAR 2 GLIDERS ASSTD DESIGNS,0.02778083095185755
22835,HOT WATER BOTTLE I AM SO POORLY,0.027753352385139592
84029G,KNITTED UNION FLAG HOT WATER BOTTLE,0.02767091668498571
71459,HANGING JAM JAR T-LIGHT HOLDER,0.02767091668498571
21429,RED GINGHAM ROSE JEWELLERY BOX,0.02734117388437019
22173,METAL 4 HOOK HANGER FRENCH CHATEAU,0.02728621675093427
22662,LUNCH BAG DOLLY GIRL DESIGN,0.02728621675093427
22113,GREY HEART HOT WATER BOTTLE,0.02725873818421631
21094,SET/6 RED SPOTTY PAPER PLATES,0.02703890965047263
48185,DOOR MAT FAIRY CAKE,0.027011431083754672
22196,SMALL HEART MEASURING SPOONS,0.026956473950318752
23199,JUMBO BAG APPLES,0.026846559683446913
15036,ASSORTED COLOURS SILK FAN,0.02676412398329303
21908,CHOCOLATE THIS WAY METAL SIGN,0.02676412398329303
22297,HEART IVORY TRELLIS SMALL,0.026626731149703233
22728,ALARM CLOCK BAKELIKE PINK,0.02659925258298527
20676,RED SPOTTY BOWL,0.02654429544954935
22555,PLASTERS IN TIN STRONGMAN,0.02654429544954935
21165,BEWARE OF THE CAT METAL SIGN,0.02651681688283139
21172,PARTY METAL SIGN,0.02651681688283139
23084,RABBIT NIGHT LIGHT,0.02651681688283139
21155,RED SPOTTY PEG BAG,0.02648933831611343
21914,BLUE HARMONICA IN BOX,0.02646185974939547
22348,TEA BAG PLATE RED SPOTTY,0.02629698834908771
22082,RIBBON REEL STRIPES DESIGN,0.02624203121565179
21533,RETRO SPOT LARGE MILK JUG,0.026214552648933832
21976,PACK OF 60 MUSHROOM CAKE CASES,0.026104638382061993
84997C,BLUE 3 PIECE MINI DOTS CUTLERY SET,0.025994724115190153
22625,RED KITCHEN SCALES,0.02591228841503627
22617,BAKING SET SPACEBOY DESIGN,0.02585733128160035
22150,3 STRIPEY MICE FELTCRAFT,0.02574741701472851
21156,RED SPOTTY CHILDS APRON,0.025527588480984832
21479,WHITE SKULL HOT WATER BOTTLE,0.02550010991426687
21035,SET/2 RED SPOTTY TEA TOWELS,0.02550010991426687
21217,RED SPOTTY ROUND CAKE TINS,0.025472631347548912
85066,CREAM SWEETHEART MINI CHEST,0.02539019564739503
21935,SUKI SHOULDER BAG,0.025307759947241153
21985,PACK OF 12 HEARTS DESIGN TISSUES,0.02522532424708727
82581,TOILET METAL SIGN,0.025087931413497473
23301,GARDENERS KNEELING PAD KEEP CALM,0.02506045284677951
22502,PICNIC BASKET WICKER SMALL,0.02500549571334359
72741,GRAND CHOCOLATECANDLE,0.024978017146625633
20750,RED/WHITE DOT MINI CASES,0.024923060013189714
22561,WOODEN SCHOOL COLOURING SET,0.024840624313035832
23201,JUMBO BAG ALPHABET,0.024840624313035832
21238,RED SPOTTY CUP,0.024785667179599912
21154,RED SPOTTY OVEN GLOVE,0.024785667179599912
22507,MEMO BOARD RETROSPOT DESIGN,0.024730710046163992
85014B,RED/WHITE DOTS RUFFLED UMBRELLA,0.02470323147944603
20975,12 PENCILS SMALL TUBE RED SPOTTY,0.024675752912728072
21218,RED SPOTTY BISCUIT TIN,0.024620795779292153
22487,WHITE WOOD GARDEN PLANT LADDER,0.02453836007913827
22413,METAL SIGN TAKE IT OR LEAVE IT,0.024181138711804794
21868,POTTING SHED TEA MUG,0.024181138711804794
23202,JUMBO BAG VINTAGE LEAF,0.024153660145086832
22646,CERAMIC STRAWBERRY CAKE MONEY BANK,0.024071224444932954
22568,FELTCRAFT CUSHION OWL,0.024043745878214992
22621,TRADITIONAL KNITTING NANCY,0.023961310178061114
21121,SET/10 RED SPOTTY PARTY CANDLES,0.023933831611343152
47590B,PINK HAPPY BIRTHDAY BUNTING,0.023933831611343152
23245,SET OF 3 REGENCY CAKE TINS,0.02390635304462519
21484,CHICK GREY HOT WATER BOTTLE,0.02374148164431743
22294,HEART FILIGREE DOVE SMALL,0.02363156737744559
22633,HAND WARMER UNION JACK,0.023494174543855793
22694,WICKER STAR,0.02346669597713783
15056BL,EDWARDIAN PARASOL BLACK,0.02346669597713783
20754,RETRO RED SPOTTY WASHING UP GLOVES,0.023356781710265992
48184,DOOR MAT ENGLISH ROSE,0.023329303143548034
22027,TEA PARTY BIRTHDAY CARD,0.023219388876676194
22667,RECIPE BOX RETRO SPOT DESIGN,0.023219388876676194
22620,4 TRADITIONAL SPINNING TOPS,0.023109474609804354
21086,SET/6 RED SPOTTY PAPER CUPS,0.023109474609804354
22087,PAPER BUNTING WHITE LACE,0.023027038909650473
84406B,CREAM CUPID HEARTS COAT HANGER,0.022972081776214553
21900,"KEY FOB , SHED",0.02294460320949659
22296,HEART IVORY TRELLIS LARGE,0.022862167509342713
22577,WOODEN HEART CHRISTMAS SCANDINAVIAN,0.022862167509342713
22652,TRAVEL SEWING KIT,0.022807210375906793
85049E,SCANDINAVIAN REDS RIBBONS,0.022807210375906793
22907,PACK OF 20 NAPKINS PANTRY DESIGN,0.02277973180918883
21891,TRADITIONAL WOODEN SKIPPING ROPE,0.02277973180918883
22212,FOUR HOOK WHITE LOVEBIRDS,0.022752253242470873
21527,RETRO SPOT TRADITIONAL TEAPOT,0.022752253242470873
22456,NATURAL SLATE CHALKBOARD LARGE,0.02272477467575291
21912,VINTAGE SNAKES & LADDERS,0.02272477467575291
22722,SET OF 6 SPICE TINS PANTRY DESIGN,0.022697296109034953
21668,RED STRIPE CERAMIC DRAWER KNOB,0.022669817542316992
21888,BINGO SET,0.022642338975599034
20974,12 PENCILS SMALL TUBE SKULL,0.022559903275445152
21892,TRADITIONAL WOODEN CATCH CUP GAME,0.022477467575291274
22616,PACK OF 12 LONDON TISSUES,0.022449989008573312
21672,WHITE SPOT RED CERAMIC DRAWER KNOB,0.022340074741701473
84987,SET OF 36 TEATIME PAPER DOILIES,0.022285117608265553
22195,HEART MEASURING SPOONS LARGE,0.022285117608265553
21430,SET/3 RED GINGHAM ROSE STORAGE BOX,0.022230160474829633
22273,FELTCRAFT DOLL MOLLY,0.022230160474829633
21974,SET OF 36 PAISLEY FLOWER DOILIES,0.022202681908111675
22084,PAPER CHAIN KIT EMPIRE,0.022175203341393713
22570,FELTCRAFT CUSHION RABBIT,0.022175203341393713
21122,SET/10 PINK SPOTTY PARTY CANDLES,0.022175203341393713
22488,NATURAL SLATE RECTANGLE CHALKBOARD,0.022120246207957793
21669,BLUE STRIPE CERAMIC DRAWER KNOB,0.02209276764123983
21216,"SET 3 RED SPOT TIN TEA,COFFEE,SUGAR",0.021900417674214114
21498,RED SPOTS WRAP,0.021872939107496152
22595,CHRISTMAS GINGHAM HEART,0.021845460540778194
22759,SET OF 3 NOTEBOOKS IN PARCEL,0.021845460540778194
71477,COLOUR GLASS. STAR T-LIGHT HOLDER,0.021817981974060232
84375,SET OF 20 KIDS COOKIE CUTTERS,0.021763024840624312
82552,WASHROOM METAL SIGN,0.021735546273906354
22427,ENAMEL FLOWER JUG CREAM,0.021735546273906354
82582,AREA PATROLLED METAL SIGN,0.021708067707188392
22271,FELTCRAFT DOLL ROSIE,0.021625632007034514
21918,SET 12 KIDS COLOUR CHALK STICKS,0.021598153440316552
22569,FELTCRAFT CUSHION BUTTERFLY,0.021543196306880633
22489,PACK OF 12 TRADITIONAL CRAYONS,0.021543196306880633
22464,HANGING METAL HEART LANTERN,0.021460760606726755
23355,HOT WATER BOTTLE KEEP CALM,0.021378324906572873
22632,HAND WARMER RED RETROSPOT,0.021350846339854915
21531,RETRO SPOT SUGAR JAM BOWL,0.021323367773136953
21871,SAVE THE PLANET MUG,0.021323367773136953
22499,WOODEN UNION JACK BUNTING,0.02124093207298307
21169,YOU'RE CONFUSING ME METAL SIGN,0.021158496372829193
21907,I'M ON HOLIDAY METAL SIGN,0.021158496372829193
21240,BLUE SPOTTY CUP,0.021131017806111232
22578,WOODEN STAR CHRISTMAS SCANDINAVIAN,0.021076060672675312
21670,BLUE SPOT CERAMIC DRAWER KNOB,0.021048582105957354
21558,SKULL LUNCHBOX WITH CUTLERY,0.021021103539239392
20749,ASSORTED COLOUR MINI CASES,0.020966146405803472
21673,WHITE SPOT BLUE CERAMIC DRAWER KNOB,0.020938667839085514
20677,PINK SPOTTY BOWL,0.020883710705649594
22501,PICNIC BASKET WICKER LARGE,0.020856232138931632
47566B,TEA TIME PARTY BUNTING,0.020828753572213674
23300,GARDENERS KNEELING PAD CUP OF TEA,0.020801275005495713
20717,STRAWBERRY SHOPPER BAG,0.020773796438777754
21877,HOME SWEET HOME MUG,0.020718839305341834
82551,LAUNDRY 15C METAL SIGN,0.020636403605187953
21239,PINK SPOTTY CUP,0.020608925038469995
22734,SET OF 6 RIBBONS VINTAGE CHRISTMAS,0.020608925038469995
84347,ROTATING SILVER ANGELS T-LIGHT HLDR,0.020526489338316113
22730,ALARM CLOCK BAKELIKE IVORY,0.020444053638162235
22748,POPPY'S PLAYHOUSE KITCHEN,0.020389096504726312
22505,MEMO BOARD COTTAGE DESIGN,0.020389096504726312
22645,CERAMIC HEART FAIRY CAKE MONEY BANK,0.020361617938008354
21078,SET/20 STRAWBERRY PAPER NAPKINS,0.020334139371290392
21136,PAINTED METAL PEARS ASSORTED,0.020306660804572434
23207,LUNCH BAG ALPHABET DESIGN,0.020306660804572434
22560,TRADITIONAL MODELLING CLAY,0.020279182237854472
22424,ENAMEL BREAD BIN CREAM,0.020279182237854472
22607,WOODEN ROUNDERS GARDEN SET,0.020279182237854472
22492,MINI PAINT SET VINTAGE,0.020059353704110792
22966,GINGERBREAD MAN COOKIE CUTTER,0.020031875137392834
21671,RED SPOT CERAMIC DRAWER KNOB,0.019949439437238953
84596B,SMALL DOLLY MIX DESIGN ORANGE BOWL,0.019921960870520995
22055,MINI CAKE STAND HANGING STRAWBERY,0.019894482303803033
21955,UNION JACK GUNS & ROSES DOORMAT,0.019867003737085075
71053,WHITE METAL LANTERN,0.019867003737085075
21934,SKULL SHOULDER BAG,0.019867003737085075
84520B,PACK 20 ENGLISH ROSE PAPER NAPKINS,0.019839525170367113
22900,SET 2 TEA TOWELS I LOVE LONDON,0.019812046603649155
21164,HOME SWEET HOME METAL SIGN,0.019784568036931193
48111,DOOR MAT 3 SMILEY CATS,0.019757089470213235
21982,PACK OF 12 SUKI TISSUES,0.019674653770059353
22158,3 HEARTS HANGING DECORATION RUSTIC,0.019647175203341395
23284,DOORMAT KEEP CALM AND COME IN,0.019619696636623433
20679,EDWARDIAN PARASOL RED,0.019619696636623433
23344,JUMBO BAG 50'S CHRISTMAS,0.019592218069905475
21916,SET 12 RETRO WHITE CHALK STICKS,0.019564739503187514
84050,PINK HEART SHAPE EGG FRYING PAN,0.019509782369751594
22549,PICTURE DOMINOES,0.019509782369751594
22151,PLACE SETTING WHITE HEART,0.019482303803033632
20979,36 PENCILS TUBE RED SPOTTY,0.019454825236315674
21539,RETRO SPOTS BUTTER DISH,0.019454825236315674
22619,SET OF 6 SOLDIER SKITTLES,0.019372389536161792
22295,HEART FILIGREE DOVE LARGE,0.019372389536161792
82578,KITCHEN METAL SIGN,0.019317432402725872
22969,HOMEMADE JAM SCENTED CANDLES,0.019317432402725872
22745,POPPY'S PLAYHOUSE BEDROOM,0.019317432402725872
22665,RECIPE BOX BLUE SKETCHBOOK DESIGN,0.019289953836007914
22144,CHRISTMAS CRAFT LITTLE FRIENDS,0.019262475269289953
47559B,TEA TIME OVEN GLOVE,0.019234996702571994
22169,FAMILY ALBUM WHITE PICTURE FRAME,0.019180039569136074
48188,DOOR MAT WELCOME PUPPIES,0.019152561002418113
22508,DOORSTOP RETROSPOT HEART,0.019125082435700155
22333,RETRO SPORT PARTY BAG + STICKER SET,0.019042646735546273
22064,PINK DOUGHNUT TRINKET POT,0.019015168168828315
22131,FOOD CONTAINER SET 3 LOVE HEART,0.019015168168828315
20675,BLUE SPOTTY BOWL,0.019015168168828315
35970,ZINC FOLKART SLEIGH BELLS,0.018987689602110353
21385,IVORY HANGING DECORATION HEART,0.018960211035392395
22752,SET 7 BABUSHKA NESTING BOXES,0.018960211035392395
22776,SWEETHEART CAKESTAND 3 TIER,0.018932732468674433
22380,TOY TIDY SPACEBOY,0.018905253901956475
22663,JUMBO BAG DOLLY GIRL DESIGN,0.018905253901956475
21901,"KEY FOB , BACK DOOR",0.018905253901956475
84949,SILVER HANGING T-LIGHT HOLDER,0.018877775335238513
22749,FELTCRAFT PRINCESS CHARLOTTE DOLL,0.018795339635084635
22030,SWALLOWS GREETING CARD,0.018767861068366674
85014A,BLACK/BLUE DOTS RUFFLED UMBRELLA,0.018767861068366674
22079,RIBBON REEL HEARTS DESIGN,0.018767861068366674
47590A,BLUE HAPPY BIRTHDAY BUNTING,0.018712903934930754
21980,PACK OF 12 RED SPOTTY TISSUES,0.018575511101340952
22371,AIRLINE BAG VINTAGE TOKYO 78,0.018520553967905033
22804,CANDLEHOLDER PINK HANGING HEART,0.018383161134315235
23208,LUNCH BAG VINTAGE LEAF DESIGN,0.018300725434161353
85049A,TRADITIONAL CHRISTMAS RIBBONS,0.018300725434161353
21506,"FANCY FONT BIRTHDAY CARD,",0.018273246867443395
84032A,CHARLIE+LOLA PINK HOT WATER BOTTLE,0.018190811167289513
22631,CIRCUS PARADE LUNCHBOX,0.018190811167289513
84947,ANTIQUE SILVER TEA GLASS ENGRAVED,0.018190811167289513
20973,12 PENCIL SMALL TUBE WOODLAND,0.018080896900417674
21242,RED SPOTTY PLATE,0.018053418333699715
22274,FELTCRAFT DOLL EMILY,0.018025939766981754
21992,VINTAGE PAISLEY STATIONERY SET,0.018025939766981754
21937,STRAWBERRY PICNIC BAG,0.018025939766981754
21989,PACK OF 20 SKULL PAPER NAPKINS,0.017970982633545834
22171,3 HOOK PHOTO SHELF ANTIQUE WHITE,0.017970982633545834
21259,VICTORIAN SEWING BOX SMALL,0.017970982633545834
22627,MINT KITCHEN SCALES,0.017943504066827876
21380,WOODEN HAPPY BIRTHDAY GARLAND,0.017861068366673994
21932,SCANDINAVIAN PAISLEY PICNIC BAG,0.017806111233238074
22750,FELTCRAFT PRINCESS LOLA DOLL,0.017778632666520116
21770,OPEN CLOSED METAL SIGN,0.017778632666520116
22198,"POPCORN HOLDER , LARGE",0.017723675533084193
22327,ROUND SNACK BOXES SET OF 4 SKULLS,0.017723675533084193
84945,MULTI COLOUR SILVER T-LIGHT HOLDER,0.017723675533084193
21328,BALLOONS WRITING SET,0.017668718399648273
22301,COFFEE MUG CAT + BIRD DESIGN,0.017668718399648273
22109,FULL ENGLISH BREAKFAST PLATE,0.017641239832930315
20983,12 PENCILS TALL TUBE RED SPOTTY,0.017613761266212353
22227,"DECORATION, HANGING HEART+MIRROR",0.017613761266212353
22766,PHOTO FRAME CORNICE,0.017531325566058475
22605,WOODEN CROQUET GARDEN SET,0.017503846999340513
35961,FOLKART ZINC HEART CHRISTMAS DEC,0.017503846999340513
21326,AGED GLASS SILVER T-LIGHT HOLDER,0.017476368432622555
22951,72 CAKE CASES DOLLY GIRL DESIGN,0.017393932732468673
22037,ROBOT BIRTHDAY CARD,0.017393932732468673
22661,CHARLOTTE BAG DOLLY GIRL DESIGN,0.017338975599032753
84832,ZINC WILLIE WINKIE CANDLE STICK,0.017311497032314795
21870,I CAN ONLY PLEASE ONE PERSON MUG,0.017311497032314795
23321,SMALL WHITE HEART OF WICKER,0.017284018465596834
21124,SET/10 BLUE SPOTTY PARTY CANDLES,0.017256539898878875
23307,SET OF 60 PANTRY DESIGN CAKE CASES,0.017256539898878875
21509,COWBOYS AND INDIANS BIRTHDAY CARD,0.017256539898878875
21622,VINTAGE UNION JACK CUSHION COVER,0.017201582765442956
21411,GINGHAM HEART DOORSTOP RED,0.017146625632007036
21933,PINK VINTAGE PAISLEY PICNIC BAG,0.017119147065289074
22429,ENAMEL MEASURING JUG CREAM,0.017119147065289074
21899,"KEY FOB , GARAGE DESIGN",0.017091668498571116
21876,POTTERING MUG,0.017091668498571116
22431,WATERING CAN BLUE ELEPHANT,0.017009232798417234
22191,EAU DE NIL DINER WALL CLOCK,0.017009232798417234
22088,PAPER BUNTING COLOURED LACE,0.016981754231699276
21874,GIN AND TONIC MUG,0.016899318531545394
22193,RED DINER WALL CLOCK,0.016871839964827436
20969,RED FLORAL FELTCRAFT SHOULDER BAG,0.016844361398109475
22729,ALARM CLOCK BAKELIKE ORANGE,0.016816882831391513
21108,FAIRY CAKE FLANNEL ASSORTED COLOUR,0.016816882831391513
84536A,ENGLISH ROSE NOTEBOOK A7 SIZE,0.016789404264673555
22329,ROUND CONTAINER SET OF 5 RETROSPOT,0.016761925697955593
21137,BLACK RECORD COVER FRAME,0.016706968564519673
22644,CERAMIC CHERRY CAKE MONEY BANK,0.016706968564519673
20828,GLITTER BUTTERFLY CLIPS,0.016679489997801715
22358,KINGS CHOICE TEA CADDY,0.016597054297647833
22692,DOORMAT WELCOME TO OUR HOME,0.016597054297647833
22739,"RIBBON REEL, XMAS SOCK/BAUBLE",0.016514618597493955
84596F,SMALL MARSHMALLOWS PINK BOWL,0.016487140030775994
84032B,CHARLIE + LOLA RED HOT WATER BOTTLE,0.016404704330622116
22654,DELUXE SEWING KIT,0.016377225763904154
23200,JUMBO BAG PEARS,0.016322268630468234
22637,PIGGY BANK RETROSPOT,0.016239832930314356
21098,CHRISTMAS TOILET ROLL,0.016239832930314356
22834,HAND WARMER BABUSHKA DESIGN,0.016212354363596394
84997A,GREEN 3 PIECE MINI DOTS CUTLERY SET,0.016184875796878436
22584,PACK OF 6 PANNETONE GIFT BOXES,0.016157397230160474
21390,FILIGRIS HEART WITH BUTTERFLY,0.016129918663442516
20682,RED SPOTTY CHILDS UMBRELLA,0.016129918663442516
22940,FELTCRAFT CHRISTMAS FAIRY,0.016074961530006596
22418,10 COLOUR SPACEBOY PEN,0.016047482963288635
21507,"ELEPHANT, BIRTHDAY CARD,",0.016047482963288635
23204,CHARLOTTE BAG APPLES DESIGN,0.016020004396570676
22534,MAGIC DRAWING SLATE SPACEBOY,0.016020004396570676
22156,HEART DECORATION WITH PEARLS,0.015965047263134757
22668,PINK BABY BUNTING,0.015910090129698833
16237,SLEEPING CAT ERASERS,0.015910090129698833
21756,BATH BUILDING BLOCK WORD,0.015882611562980875
21993,FLORAL FOLK STATIONERY SET,0.015855132996262913
20982,12 PENCILS TALL TUBE SKULLS,0.015827654429544955
21033,JUMBO BAG CHARLIE AND LOLA TOYS,0.015745218729391074
20970,PINK FLORAL FELTCRAFT SHOULDER BAG,0.015745218729391074
22141,CHRISTMAS CRAFT TREE TOP ANGEL,0.015717740162673115
22170,PICTURE FRAME WOOD TRIPLE PORTRAIT,0.015662783029237196
21704,BAG 250G SWIRLY MARBLES,0.015580347329083316
22366,DOORMAT AIRMAIL,0.015580347329083316
22179,SET 10 LIGHTS NIGHT OWL,0.015552868762365356
22188,BLACK HEART CARD HOLDER,0.015497911628929434
22746,POPPY'S PLAYHOUSE LIVINGROOM,0.015497911628929434
22622,BOX OF VINTAGE ALPHABET BLOCKS,0.015470433062211474
21703,BAG 125G SWIRLY MARBLES,0.015415475928775554
23322,LARGE WHITE HEART OF WICKER,0.015415475928775554
20978,36 PENCILS TUBE SKULLS,0.015305561661903715
22174,PHOTO CUBE,0.015278083095185755
21329,DINOSAURS WRITING SET,0.015250604528467795
22579,WOODEN TREE CHRISTMAS SCANDINAVIAN,0.015195647395031875
21519,GIN & TONIC DIET GREETING CARD,0.015195647395031875
22089,PAPER BUNTING VINTAGE PAISLEY,0.015140690261595955
22041,"RECORD FRAME 7"" SINGLE SIZE",0.015140690261595955
21981,PACK OF 12 WOODLAND TISSUES,0.015140690261595955
23293,SET OF 12 FAIRY CAKE BAKING CASES,0.015113211694877995
22983,"CARD, BILLBOARD FONT",0.015113211694877995
22528,GARDENERS KNEELING PAD,0.015113211694877995
22725,ALARM CLOCK BAKELIKE CHOCOLATE,0.015030775994724115
21890,S/6 WOODEN SKITTLES IN COTTON BAG,0.014975818861288195
22378,WALL TIDY RETROSPOT,0.014975818861288195
48129,DOOR MAT TOPIARY,0.014920861727852276
22192,BLUE DINER WALL CLOCK,0.014893383161134316
21508,VINTAGE KID DOLLY CARD,0.014865904594416356
22623,BOX OF VINTAGE JIGSAW BLOCKS,0.014865904594416356
22303,COFFEE MUG APPLES DESIGN,0.014783468894262476
85232B,SET/3 RUSSIAN DOLL STACKING TINS,0.014728511760826556
22602,CHRISTMAS RETROSPOT HEART WOOD,0.014701033194108596
22435,SET OF 9 HEART SHAPED BALLOONS,0.014673554627390636
23240,SET OF 4 KNICK KNACK TINS DOILEY,0.014673554627390636
22998,TRAVEL CARD WALLET KEEP CALM,0.014673554627390636
22563,HAPPY STENCIL CRAFT,0.014646076060672676
21116,OWL DOORSTOP,0.014646076060672676
21260,FIRST AID TIN,0.014618597493954714
21381,MINI WOODEN HAPPY BIRTHDAY GARLAND,0.014618597493954714
21257,VICTORIAN SEWING BOX MEDIUM,0.014563640360518795
37448,CERAMIC CAKE DESIGN SPOTTED MUG,0.014481204660364915
21623,VINTAGE UNION JACK MEMOBOARD,0.014426247526928995
21700,BIG DOUGHNUT FRIDGE MAGNETS,0.014426247526928995
22300,COFFEE MUG DOG + BALL DESIGN,0.014398768960211035
21041,RED SPOTTY OVEN GLOVE DOUBLE,0.014371290393493075
21561,DINOSAUR LUNCHBOX WITH CUTLERY,0.014343811826775115
37503,TEA TIME CAKE STAND IN GIFT BOX,0.014316333260057155
22851,SET 20 NAPKINS FAIRY CAKES DESIGN,0.014316333260057155
21714,CITRONELLA CANDLE GARDEN POT,0.014316333260057155
21258,VICTORIAN SEWING BOX LARGE,0.014233897559903275
21658,GLASS BEURRE DISH,0.014206418993185315
22432,WATERING CAN PINK BUNNY,0.014206418993185315
22080,RIBBON REEL SPOTS DESIGN,0.014178940426467355
22061,LARGE CAKE STAND HANGING STRAWBERY,0.014178940426467355
85048,15CM CHRISTMAS GLASS BALL 20 LIGHTS,0.014123983293031436
84792,ENCHANTED BIRD COATHANGER 5 HOOK,0.014123983293031436
20981,12 PENCILS TALL TUBE WOODLAND,0.014096504726313476
20961,STRAWBERRY BATH SPONGE,0.014096504726313476
22110,BIRD HOUSE HOT WATER BOTTLE,0.014041547592877556
22072,TEA CUP AND SAUCER RETRO SPOT,0.014041547592877556
22571,ROCKING HORSE RED CHRISTMAS,0.014041547592877556
85049G,CHOCOLATE BOX RIBBONS,0.014014069026159596
22335,HEART DECORATION PAINTED ZINC,0.013986590459441636
20963,APPLE BATH SPONGE,0.013986590459441636
22771,CLEAR DRAWER KNOB ACRYLIC EDWARDIAN,0.013986590459441636
22419,LIPSTICK PEN RED,0.013959111892723676
22712,CARD DOLLY GIRL,0.013959111892723676
22028,PENNY FARTHING BIRTHDAY CARD,0.013904154759287756
82599,FANNY'S REST STOPMETAL SIGN,0.013904154759287756
21179,NO JUNK MAIL METAL SIGN,0.013876676192569796
21243,PINK SPOTTY PLATE,0.013821719059133876
21544,SKULLS WATER TRANSFER TATTOOS,0.013821719059133876
22142,CHRISTMAS CRAFT WHITE FAIRY,0.013821719059133876
22567,20 DOLLY PEGS RETROSPOT,0.013766761925697956
21494,ROTATING LEAVES T-LIGHT HOLDER,0.013766761925697956
85049C,ROMANTIC PINKS RIBBONS,0.013739283358979995
22115,METAL SIGN EMPIRE TEA,0.013739283358979995
22755,SMALL PURPLE BABUSHKA NOTEBOOK,0.013711804792262035
22738,RIBBON REEL SNOWY VILLAGE,0.013684326225544075
21990,MODERN FLORAL STATIONERY SET,0.013656847658826115
22844,VINTAGE CREAM DOG FOOD CONTAINER,0.013656847658826115
22795,SWEETHEART RECIPE BOOK STAND,0.013629369092108155
22361,GLASS JAR DAISY FRESH COTTON WOOL,0.013629369092108155
21716,BOYS VINTAGE TIN SEASIDE BUCKET,0.013601890525390195
72351B,SET/6 PINK BUTTERFLY T-LIGHTS,0.013574411958672235
21327,SKULLS WRITING SET,0.013574411958672235
22634,CHILDS BREAKFAST SET SPACEBOY,0.013574411958672235
21844,RETRO SPOT MUG,0.013546933391954275
48173C,DOOR MAT BLACK FLOCK,0.013546933391954275
22353,LUNCHBOX WITH CUTLERY FAIRY CAKES,0.013546933391954275
22737,RIBBON REEL CHRISTMAS PRESENT,0.013546933391954275
22754,SMALL RED BABUSHKA NOTEBOOK,0.013519454825236315
21500,PINK SPOTS WRAP,0.013491976258518355
37370,RETRO COFFEE MUGS ASSORTED,0.013491976258518355
22580,ADVENT CALENDAR GINGHAM SACK,0.013491976258518355
21114,LAVENDER SCENTED FABRIC HEART,0.013464497691800395
48116,DOOR MAT MULTICOLOUR STRIPE,0.013464497691800395
82567,"AIRLINE LOUNGE,METAL SIGN",0.013437019125082435
72760B,VINTAGE CREAM 3 BASKET CAKE STAND,0.013437019125082435
22161,HEART DECORATION RUSTIC HANGING,0.013437019125082435
21746,SMALL RED SPOT WINDMILL,0.013409540558364475
22636,CHILDS BREAKFAST SET CIRCUS PARADE,0.013354583424928556
85199S,SMALL HANGING IVORY/RED WOOD BIRD,0.013354583424928556
21715,GIRLS VINTAGE TIN SEASIDE BUCKET,0.013354583424928556
84030E,ENGLISH ROSE HOT WATER BOTTLE,0.013327104858210596
22649,STRAWBERRY FAIRY CAKE TEAPOT,0.013327104858210596
20977,36 PENCILS TUBE WOODLAND,0.013327104858210596
22908,PACK OF 20 NAPKINS RED APPLES,0.013327104858210596
22635,CHILDS BREAKFAST SET DOLLY GIRL,0.013299626291492636
21497,FANCY FONTS BIRTHDAY WRAP,0.013272147724774676
21745,GAOLERS KEYS DECORATIVE GARDEN,0.013272147724774676
22588,CARDHOLDER GINGHAM HEART,0.013244669158056716
22941,CHRISTMAS LIGHTS 10 REINDEER,0.013244669158056716
20829,GLITTER HANGING BUTTERFLY STRING,0.013217190591338756
21967,PACK OF 12 SKULL TISSUES,0.013134754891184876
22078,RIBBON REEL LACE DESIGN,0.013107276324466916
22207,FRYING PAN UNION FLAG,0.013107276324466916
21592,RETRO SPOT CIGAR BOX MATCHES,0.013079797757748956
M,MANUAL,0.013079797757748956
23356,LOVE HOT WATER BOTTLE,0.013052319191030996
23343,JUMBO BAG VINTAGE CHRISTMAS,0.013024840624313036
21902,"KEY FOB , FRONT DOOR",0.013024840624313036
84510A,SET OF 4 ENGLISH ROSE COASTERS,0.013024840624313036
22847,"BREAD BIN, DINER STYLE, IVORY",0.013024840624313036
22073,RETRO SPOT STORAGE JAR,0.012997362057595076
22241,"GARLAND , WOODEN "" HAPPY EASTER""",0.012997362057595076
22045,SPACE BOY GIFT WRAP,0.012997362057595076
37449,CERAMIC CAKE STAND + HANGING CAKES,0.012969883490877116
22441,GROW YOUR OWN BASIL IN ENAMEL MUG,0.012969883490877116
21071,VINTAGE BILLBOARD DRINK ME MUG,0.012942404924159157
22898,CHILDRENS APRON APPLE DESIGN,0.012942404924159157
84270,ASSTD DESIGN BUBBLE GUM RING,0.012942404924159157
23243,SET OF TEA COFFEE SUGAR TINS PANTRY,0.012914926357441197
20751,FUNKY WASHING UP GLOVES ASSORTED,0.012914926357441197
21986,PACK OF 12 PINK SPOT TISSUES,0.012887447790723237
23198,PANTRY MAGNETIC SHOPPING LIST,0.012887447790723237
22530,MAGIC DRAWING SLATE DOLLY GIRL,0.012859969224005277
85061W,WHITE JEWELLED HEART DECORATION,0.012859969224005277
21917,SET 12 KIDS WHITE CHALK STICKS,0.012832490657287315
23205,CHARLOTTE BAG VINTAGE ALPHABET,0.012832490657287315
22494,EMERGENCY FIRST AID TIN,0.012805012090569355
21718,RED METAL BEACH SPADE,0.012805012090569355
22751,FELTCRAFT PRINCESS OLIVIA DOLL,0.012805012090569355
20674,GREEN SPOTTY BOWL,0.012722576390415475
21577,SAVE THE PLANET COTTON TOTE BAG,0.012722576390415475
22904,CALENDAR PAPER CUT DESIGN,0.012695097823697515
21428,SET3 BOOK BOX GREEN GINGHAM FLOWER,0.012667619256979555
22357,KINGS CHOICE BISCUIT TIN,0.012667619256979555
22812,PACK 3 BOXES CHRISTMAS PANNETONE,0.012667619256979555
22185,SLATE TILE NATURAL HANGING,0.012667619256979555
21787,RAIN PONCHO WITH RED SPOTS,0.012640140690261596
21832,CHOCOLATE CALCULATOR,0.012612662123543636
22465,HANGING METAL STAR LANTERN,0.012612662123543636
21499,BLUE SPOTS WRAP,0.012612662123543636
84971S,SMALL HEART FLOWERS HOOK,0.012585183556825676
22059,CERAMIC STRWBERRY DESIGN MUG,0.012557704990107716
22065,CHRISTMAS PUDDING TRINKET POT,0.012475269289953836
21866,UNION JACK FLAG LUGGAGE TAG,0.012447790723235876
21407,BROWN CHECK CAT DOORSTOP,0.012447790723235876
22444,GROW YOUR OWN PLANT IN A CAN,0.012392833589799956
21786,RAIN HAT WITH RED SPOTS,0.012365355023081996
17003,BROCADE RING PURSE,0.012337876456364036
22837,HOT WATER BOTTLE BABUSHKA,0.012282919322928116
22716,CARD CIRCUS PARADE,0.012282919322928116
15060B,FAIRY CAKE DESIGN UMBRELLA,0.012282919322928116
47556B,TEA TIME TEA TOWELS,0.012282919322928116
23263,SET OF 3 WOODEN HEART DECORATIONS,0.012227962189492196
21244,BLUE SPOTTY PLATE,0.012227962189492196
22906,12 MESSAGE CARDS WITH ENVELOPES,0.012200483622774237
23295,SET OF 12 MINI LOAF BAKING CASES,0.012200483622774237
23170,REGENCY TEA PLATE ROSES,0.012200483622774237
22365,DOORMAT RESPECTABLE HOUSE,0.012173005056056277
22437,SET OF 9 BLACK SKULL BALLOONS,0.012173005056056277
85227,SET/6 3D KIT CARDS FOR KIDS,0.012145526489338317
84580,MOUSE TOY WITH PINK T-SHIRT,0.012145526489338317
85175,CACTI T-LIGHT CANDLES,0.012118047922620357
21833,CAMOUFLAGE LED TORCH,0.012118047922620357
22988,SOLDIERS EGG CUP,0.012090569355902397
22024,RAINY LADIES BIRTHDAY CARD,0.012063090789184437
16161P,WRAP ENGLISH ROSE,0.012063090789184437
22669,RED BABY BUNTING,0.012035612222466477
22121,NOEL WOODEN BLOCK LETTERS,0.012035612222466477
22596,CHRISTMAS STAR WISH LIST CHALKBOARD,0.012035612222466477
22331,WOODLAND PARTY BAG + STICKER SET,0.012008133655748517
79000,MOROCCAN TEA GLASS,0.011953176522312595
22816,CARD MOTORBIKE SANTA,0.011925697955594635
22377,BOTTLE BAG RETROSPOT,0.011925697955594635
22208,WOOD STAMP SET THANK YOU,0.011898219388876675
23182,TOILET SIGN OCCUPIED OR VACANT,0.011898219388876675
22690,DOORMAT HOME SWEET HOME BLUE,0.011870740822158716
20992,JAZZ HEARTS PURSE NOTEBOOK,0.011870740822158716
21984,PACK OF 12 PINK PAISLEY TISSUES,0.011870740822158716
22244,"HOOK, 3 HANGER ,MAGIC GARDEN",0.011843262255440756
22398,MAGNETS PACK OF 4 SWALLOWS,0.011815783688722796
21115,ROSE CARAVAN DOORSTOP,0.011815783688722796
22023,EMPIRE BIRTHDAY CARD,0.011815783688722796
22791,T-LIGHT GLASS FLUTED ANTIQUE,0.011788305122004836
22600,CHRISTMAS RETROSPOT STAR WOOD,0.011788305122004836
22374,AIRLINE BAG VINTAGE JET SET RED,0.011788305122004836
22548,HEADS AND TAILS SPORTING FUN,0.011760826555286876
22550,HOLIDAY FUN LUDO,0.011678390855132996
22670,FRENCH WC SIGN BLUE METAL,0.011678390855132996
22855,FINE WICKER HEART,0.011678390855132996
22360,"GLASS JAR, ENGLISH CONFECTIONERY",0.011650912288415036
21906,PHARMACIE FIRST AID TIN,0.011650912288415036
22130,PARTY CONE CHRISTMAS DECORATION,0.011595955154979116
22433,WATERING CAN GREEN DINOSAUR,0.011568476588261156
20966,SANDWICH BATH SPONGE,0.011540998021543196
22899,CHILDRENS APRON DOLLY GIRL,0.011540998021543196
22236,CAKE STAND 3 TIER MAGIC GARDEN,0.011513519454825236
22601,CHRISTMAS RETROSPOT ANGEL WOOD,0.011458562321389316
22485,SET OF 2 WOODEN MARKET CRATES,0.011458562321389316
21988,PACK OF 6 SKULL PAPER PLATES,0.011431083754671357
22493,PAINT YOUR OWN CANVAS SET,0.011403605187953397
22593,CHRISTMAS GINGHAM STAR,0.011403605187953397
23173,REGENCY TEAPOT ROSES,0.011403605187953397
35400,WOODEN BOX ADVENT CALENDAR,0.011376126621235437
21875,KINGS CHOICE MUG,0.011376126621235437
22574,HEART WOODEN CHRISTMAS DECORATION,0.011376126621235437
23493,VINTAGE DOILY TRAVEL SEWING KIT,0.011376126621235437
16156S,WRAP PINK FAIRY CAKES,0.011348648054517477
21313,GLASS HEART T-LIGHT HOLDER,0.011348648054517477
22468,BABUSHKA LIGHTS STRING OF 10,0.011321169487799517
22245,"HOOK, 1 HANGER ,MAGIC GARDEN",0.011321169487799517
22594,CHRISTMAS GINGHAM TREE,0.011321169487799517
21864,UNION JACK FLAG PASSPORT COVER,0.011293690921081557
47568,ENGLISH ROSE DESIGN PEG BAG,0.011266212354363597
22895,SET OF 2 TEA TOWELS APPLE AND PEARS,0.011266212354363597
21829,DINOSAUR KEYRINGS ASSORTED,0.011238733787645637
22736,"RIBBON REEL, MAKING SNOWMEN",0.011211255220927677
21452,TOADSTOOL MONEY BOX,0.011211255220927677
22996,TRAVEL CARD WALLET VINTAGE TICKET,0.011211255220927677
22180,RETRO SPOT LAMP,0.011211255220927677
22964,3 PIECE SPACEBOY COOKIE CUTTER SET,0.011211255220927677
21903,MAN FLU METAL SIGN,0.011183776654209717
23309,SET OF 60 I LOVE LONDON CAKE CASES,0.011183776654209717
22531,MAGIC DRAWING SLATE CIRCUS PARADE,0.011156298087491757
37446,MINI CAKE STAND WITH HANGING CAKES,0.011156298087491757
22421,LIPSTICK PEN FUSCHIA,0.011128819520773797
22573,STAR WOODEN CHRISTMAS DECORATION,0.011128819520773797
22818,CARD CHRISTMAS VILLAGE,0.011101340954055837
84509A,ENGLISH ROSE PLACEMATS,0.011101340954055837
22753,SMALL YELLOW BABUSHKA NOTEBOOK,0.011101340954055837
22199,FRYING PAN RED POLKADOT,0.011101340954055837
21135,VICTORIAN METAL POSTCARD SPRING,0.011101340954055837
23319,BOX OF 6 MINI 50'S CRACKERS,0.011073862387337876
22747,POPPY'S PLAYHOUSE BATHROOM,0.011046383820619916
23328,SET 6 SCHOOL MILK BOTTLES IN CRATE,0.011046383820619916
22412,METAL SIGN NEIGHBOURHOOD WITCH,0.011046383820619916
21878,PACK OF 6 SANDCASTLE FLAGS ASSORTED,0.011046383820619916
21340,CLASSIC METAL BIRDCAGE PLANT HOLDER,0.011046383820619916
21624,VINTAGE UNION JACK DOORSTOP,0.011046383820619916
21363,HOME SMALL WOOD LETTERS,0.011018905253901956
22222,CAKE PLATE LOVEBIRD WHITE,0.011018905253901956
22224,WHITE LOVEBIRD LANTERN,0.010991426687183996
85040A,S/4 PINK FLOWER CANDLES IN BOWL,0.010991426687183996
85049D,BRIGHT BLUES RIBBONS,0.010991426687183996
23313,VINTAGE CHRISTMAS BUNTING,0.010963948120466036
22840,ROUND CAKE TIN VINTAGE RED,0.010963948120466036
84536B,FAIRY CAKES NOTEBOOK A7 SIZE,0.010963948120466036
21042,RED SPOTTY APRON,0.010963948120466036
23439,HAND WARMER RED LOVE HEART,0.010908990987030116
72351A,SET/6 TURQUOISE BUTTERFLY T-LIGHTS,0.010908990987030116
22302,COFFEE MUG PEARS DESIGN,0.010854033853594196
22466,FAIRY TALE COTTAGE NIGHTLIGHT,0.010826555286876236
79067,CORONA MEXICAN TRAY,0.010826555286876236
22845,VINTAGE CREAM CAT FOOD CONTAINER,0.010799076720158276
84839,SWEETHEART KEY CABINET,0.010799076720158276
22562,MONSTERS STENCIL CRAFT,0.010799076720158276
22203,MILK PAN RED RETROSPOT,0.010771598153440316
37450,CERAMIC CAKE BOWL + HANGING CAKES,0.010744119586722356
21713,CITRONELLA CANDLE FLOWERPOT,0.010689162453286436
22491,PACK OF 12 COLOURED PENCILS,0.010689162453286436
22132,RED LOVE HEART SHAPE CUP,0.010661683886568477
22603,CHRISTMAS RETROSPOT TREE WOOD,0.010661683886568477
22318,FIVE HEART HANGING DECORATION,0.010661683886568477
22315,200 RED + WHITE BENDY STRAWS,0.010634205319850517
22243,"HOOK, 5 HANGER ,MAGIC TOADSTOOL RED",0.010634205319850517
21987,PACK OF 6 SKULL PAPER CUPS,0.010579248186414597
85231B,CINAMMON SET OF 9 T-LIGHTS,0.010551769619696637
21922,UNION STRIPE WITH FRINGE HAMMOCK,0.010551769619696637
22278,OVERNIGHT BAG VINTAGE ROSE PAISLEY,0.010496812486260717
21811,CHRISTMAS HANGING HEART WITH BELL,0.010469333919542757
22653,BUTTON BOX,0.010469333919542757
23308,SET OF 60 VINTAGE LEAF CAKE CASES,0.010469333919542757
22979,PANTRY WASHING UP BRUSH,0.010469333919542757
22332,SKULLS PARTY BAG + STICKER SET,0.010469333919542757
22283,6 EGG HOUSE PAINTED WOOD,0.010469333919542757
85038,6 CHOCOLATE LOVE HEART T-LIGHTS,0.010441855352824797
21578,WOODLAND DESIGN COTTON TOTE BAG,0.010441855352824797
23171,REGENCY TEA PLATE GREEN,0.010441855352824797
22581,WOOD STOCKING CHRISTMAS SCANDISPOT,0.010441855352824797
22809,SET OF 6 T-LIGHTS SANTA,0.010414376786106837
85053,FRENCH ENAMEL CANDLEHOLDER,0.010386898219388877
23296,SET OF 6 TEA TIME BAKING CASES,0.010359419652670917
22498,WOODEN REGATTA BUNTING,0.010331941085952957
23318,BOX OF 6 MINI VINTAGE CRACKERS,0.010331941085952957
51014A,"FEATHER PEN,HOT PINK",0.010331941085952957
22460,EMBOSSED GLASS TEALIGHT HOLDER,0.010304462519234997
22076,6 RIBBONS EMPIRE,0.010276983952517037
22813,PACK 3 BOXES BIRD PANNETONE,0.010222026819081118
22426,ENAMEL WASH BOWL CREAM,0.010222026819081118
21068,VINTAGE BILLBOARD LOVE/HATE MUG,0.010222026819081118
22276,WASH BAG VINTAGE ROSE PAISLEY,0.010222026819081118
22989,SET 2 PANTRY DESIGN TEA TOWELS,0.010194548252363156
22606,WOODEN SKITTLES GARDEN SET,0.010194548252363156
84880,WHITE WIRE EGG HOLDER,0.010194548252363156
21679,SKULLS STICKERS,0.010167069685645196
22521,CHILDS GARDEN TROWEL PINK,0.010167069685645196
21495,SKULLS WRAP,0.010167069685645196
22107,PIZZA PLATE IN BOX,0.010139591118927236
22672,FRENCH BATHROOM SIGN BLUE METAL,0.010139591118927236
23108,SET OF 10 LED DOLLY LIGHTS,0.010139591118927236
22520,CHILDS GARDEN TROWEL BLUE,0.010139591118927236
22242,"HOOK, 5 HANGER , MAGIC TOADSTOOL",0.010112112552209276
21774,DECORATIVE CATS BATHROOM BOTTLE,0.010112112552209276
22614,PACK OF 12 SPACEBOY TISSUES,0.010112112552209276
22713,CARD I LOVE LONDON,0.010112112552209276
23256,CHILDRENS CUTLERY SPACEBOY,0.010112112552209276
21186,WHITE DOVE HONEYCOMB PAPER GARLAND,0.010084633985491316
22120,WELCOME WOODEN BLOCK LETTERS,0.010084633985491316
22896,PEG BAG APPLE DESIGN,0.010084633985491316
47599A,PINK PARTY BAGS,0.010084633985491316
21777,RECIPE BOX WITH METAL HEART,0.010084633985491316
46000S,POLYESTER FILLER PAD 40X40CM,0.010057155418773356
22026,BANQUET BIRTHDAY CARD,0.010057155418773356
22784,LANTERN CREAM GAZEBO,0.010057155418773356
23103,BELL HEART DECORATION,0.010029676852055396
21591,COSY HOUR CIGAR BOX MATCHES,0.010029676852055396
22349,"DOG BOWL , CHASING BALL DESIGN",0.010002198285337436
23241,TREASURE TIN GYMKHANA DESIGN,0.009974719718619476
20668,DISCO BALL CHRISTMAS DECORATION,0.009974719718619476
22439,6 ROCKET BALLOONS,0.009974719718619476
22536,MAGIC DRAWING SLATE PURDEY,0.009974719718619476
22175,PINK OWL SOFT TOY,0.009974719718619476
37447,CERAMIC CAKE DESIGN SPOTTED PLATE,0.009974719718619476
22187,GREEN CHRISTMAS TREE CARD HOLDER,0.009947241151901516
21781,MA CAMPAGNE CUTLERY BOX,0.009947241151901516
22572,ROCKING HORSE GREEN CHRISTMAS,0.009947241151901516
21563,RED HEART SHAPE LOVE BUCKET,0.009919762585183556
10002,INFLATABLE POLITICAL GLOBE,0.009919762585183556
22035,VINTAGE CARAVAN GREETING CARD,0.009892284018465597
22714,CARD BIRTHDAY COWBOY,0.009837326885029677
20752,RETRO BLUE SPOTTY WASHING UP GLOVES,0.009837326885029677
21488,RED WHITE SCARF HOT WATER BOTTLE,0.009809848318311717
22200,FRYING PAN PINK POLKADOT,0.009809848318311717
22075,6 RIBBONS ELEGANT CHRISTMAS,0.009809848318311717
22215,CAKE STAND WHITE TWO TIER LACE,0.009809848318311717
85174,S/4 CACTI CANDLES,0.009782369751593757
47593B,SCOTTIES DESIGN BABY BIB,0.009782369751593757
22063,CERAMIC BOWL WITH STRAWBERRY DESIGN,0.009782369751593757
22798,ANTIQUE GLASS DRESSING TABLE POT,0.009782369751593757
22817,CARD SUKI BIRTHDAY,0.009754891184875797
22430,ENAMEL WATERING CAN CREAM,0.009754891184875797
23294,SET OF 6 SNACK LOAF BAKING CASES,0.009727412618157837
23351,ROLL WRAP 50'S CHRISTMAS,0.009727412618157837
22422,TOOTHPASTE TUBE PEN,0.009727412618157837
22768,FAMILY PHOTO FRAME CORNICE,0.009699934051439877
20658,RED SPOTTY LUGGAGE TAG,0.009699934051439877
21584,RETRO SPOT SMALL TUBE MATCHES,0.009672455484721917
84828,JUNGLE POPSICLES ICE LOLLY HOLDERS,0.009672455484721917
22950,36 DOILIES VINTAGE CHRISTMAS,0.009672455484721917
22962,JAM JAR WITH PINK LID,0.009672455484721917
22743,MAKE YOUR OWN FLOWERPOWER CARD KIT,0.009644976918003957
22943,CHRISTMAS LIGHTS 10 VINTAGE BAUBLES,0.009644976918003957
35004C,SET OF 3 COLOURED FLYING DUCKS,0.009644976918003957
22523,CHILDS GARDEN FORK PINK,0.009644976918003957
22537,MAGIC DRAWING SLATE DINOSAUR,0.009617498351285997
21356,TOAST ITS - FAIRY FLOWER,0.009590019784568037
84596G,SMALL CHOCOLATES PINK BOWL,0.009562541217850077
20665,RED SPOTTY PURSE,0.009562541217850077
35471D,SET OF 3 BIRD LIGHT PINK FEATHER,0.009562541217850077
22583,PACK OF 6 HANDBAG GIFT BOXES,0.009562541217850077
22628,PICNIC BOXES SET OF 3 RETROSPOT,0.009535062651132117
47567B,TEA TIME KITCHEN APRON,0.009535062651132117
22483,RED GINGHAM TEDDY BEAR,0.009535062651132117
22846,BREAD BIN DINER STYLE RED,0.009507584084414157
85184C,S/4 VALENTINE DECOUPAGE HEART BOX,0.009480105517696197
22693,GROW A FLYTRAP OR SUNFLOWER IN TIN,0.009480105517696197
22992,REVOLVER WOODEN RULER,0.009480105517696197
22186,RED STAR CARD HOLDER,0.009480105517696197
47580,TEA TIME DES TEA COSY,0.009452626950978238
21911,GARDEN METAL SIGN,0.009452626950978238
15056P,EDWARDIAN PARASOL PINK,0.009452626950978238
79323W,WHITE CHERRY LIGHTS,0.009452626950978238
23311,VINTAGE CHRISTMAS STOCKING,0.009452626950978238
21810,CHRISTMAS HANGING STAR WITH BELL,0.009425148384260278
23192,BUNDLE OF 3 ALPHABET EXERCISE BOOKS,0.009425148384260278
22564,ALPHABET STENCIL CRAFT,0.009425148384260278
23077,DOUGHNUT LIP GLOSS,0.009425148384260278
72807C,SET/3 VANILLA SCENTED CANDLE IN BOX,0.009397669817542318
84969,ASSORTED COLOUR SET 6 TEASPOONS,0.009370191250824358
22544,MINI JIGSAW SPACEBOY,0.009370191250824358
21534,DAIRY MAID LARGE MILK JUG,0.009370191250824358
20681,PINK SPOTTY CHILDS UMBRELLA,0.009370191250824358
85062,PEARL CRYSTAL PUMPKIN T-LIGHT HLDR,0.009370191250824358
22364,GLASS JAR DIGESTIVE BISCUITS,0.009342712684106398
22155,STAR DECORATION RUSTIC,0.009342712684106398
22815,CARD PSYCHEDELIC APPLES,0.009315234117388438
21355,TOAST ITS - I LOVE YOU,0.009315234117388438
79029,GLASS HONEYPOT WASP CATCHER,0.009315234117388438
22094,RED POLKA DOT TISSUE BOX,0.009315234117388438
21272,SALLE DE BAIN HOOK,0.009287755550670476
22626,BLACK KITCHEN SCALES,0.009287755550670476
22733,3D STICKERS TRADITIONAL CHRISTMAS,0.009287755550670476
22945,CHRISTMAS METAL TAGS ASSORTED,0.009287755550670476
85049B,LUSH GREENS RIBBONS,0.009287755550670476
22119,PEACE WOODEN BLOCK LETTERS,0.009287755550670476
22732,3D VINTAGE CHRISTMAS STICKERS,0.009260276983952516
23168,CLASSIC SUGAR DISPENSER,0.009260276983952516
23349,ROLL WRAP VINTAGE CHRISTMAS,0.009260276983952516
23581,JUMBO BAG PAISLEY PARK,0.009232798417234556
46000M,POLYESTER FILLER PAD 45X45CM,0.009232798417234556
21447,12 IVORY ROSE PEG PLACE SETTINGS,0.009205319850516596
20996,JAZZ HEARTS ADDRESS BOOK,0.009205319850516596
22522,CHILDS GARDEN FORK BLUE,0.009177841283798636
21625,VINTAGE UNION JACK APRON,0.009177841283798636
85049H,URBAN BLACK RIBBONS,0.009177841283798636
23503,PLAYING CARDS KEEP CALM & CARRY ON,0.009150362717080677
22819,"BIRTHDAY CARD, RETRO SPOT",0.009095405583644757
75049L,LARGE CIRCULAR MIRROR MOBILE,0.009095405583644757
22576,SWALLOW WOODEN CHRISTMAS DECORATION,0.009067927016926797
21872,GLAMOROUS MUG,0.009067927016926797
37495,FAIRY CAKE BIRTHDAY CANDLE SET,0.009067927016926797
21504,SKULLS GREETING CARD,0.009040448450208837
23175,REGENCY MILK JUG PINK,0.009040448450208837
21880,RED AND WHITE SPOT TAPE,0.009040448450208837
22350,CAT BOWL,0.009040448450208837
23320,GIANT 50'S CHRISTMAS CRACKER,0.009040448450208837
22525,CHILDRENS GARDEN GLOVES PINK,0.009012969883490877
22575,METAL MERRY CHRISTMAS WREATH,0.009012969883490877
23353,6 GIFT TAGS VINTAGE CHRISTMAS,0.008985491316772917
22133,PINK LOVE HEART SHAPE CUP,0.008985491316772917
23236,DOILEY STORAGE TIN,0.008985491316772917
84535B,FAIRY CAKES NOTEBOOK A6 SIZE,0.008985491316772917
23188,VINTAGE 2 METER FOLDING RULER,0.008985491316772917
22810,SET OF 6 T-LIGHTS SNOWMEN,0.008985491316772917
21110,LARGE CAKE TOWEL PINK SPOTS,0.008985491316772917
23275,SET OF 3 HANGING OWLS OLLIE BEAK,0.008903055616619037
23583,LUNCH BAG PAISLEY PARK,0.008903055616619037
22091,EMPIRE TISSUE BOX,0.008875577049901077
21983,PACK OF 12 BLUE PAISLEY TISSUES,0.008875577049901077
21802,CHRISTMAS TREE HEART DECORATION,0.008875577049901077
10135,COLOURING PENCILS BROWN TUBE,0.008875577049901077
21383,PACK OF 12 STICKY BUNNIES,0.008875577049901077
23354,6 GIFT TAGS 50'S CHRISTMAS,0.008848098483183117
23174,REGENCY SUGAR BOWL GREEN,0.008848098483183117
21803,CHRISTMAS TREE STAR DECORATION,0.008848098483183117
22070,SMALL RETRO SPOT MUG IN BOX RED,0.008793141349747197
22963,JAM JAR WITH BLUE LID,0.008765662783029237
23266,SET OF 3 WOODEN STOCKING DECORATION,0.008765662783029237
21470,FLOWER VINE RAFFIA FOOD COVER,0.008765662783029237
21471,STRAWBERRY RAFFIA FOOD COVER,0.008765662783029237
16161U,"WRAP,SUKI AND FRIENDS",0.008738184216311277
22154,ANGEL DECORATION 3 BUTTONS,0.008710705649593318
85017B,ENVELOPE 50 BLOSSOM IMAGES,0.008710705649593318
22135,LADLE LOVE HEART PINK,0.008710705649593318
22478,BIRDHOUSE GARDEN MARKER,0.008710705649593318
22796,PHOTO FRAME 3 CLASSIC HANGING,0.008683227082875358
85206A,CREAM FELT EASTER EGG BASKET,0.008683227082875358
22970,LONDON BUS COFFEE MUG,0.008655748516157398
84031A,CHARLIE+LOLA RED HOT WATER BOTTLE,0.008628269949439438
22772,PINK DRAWER KNOB ACRYLIC EDWARDIAN,0.008628269949439438
85049F,BABY BOOM RIBBONS,0.008628269949439438
22758,LARGE PURPLE BABUSHKA NOTEBOOK,0.008628269949439438
21107,CREAM SLICE FLANNEL PINK SPOT,0.008600791382721478
23169,CLASSIC GLASS SWEET JAR,0.008600791382721478
84884A,ANT WHITE WIRE HEART SPIRAL,0.008573312816003518
21224,SET/4 SKULL BADGES,0.008573312816003518
47504K,ENGLISH ROSE GARDEN SECATEURS,0.008545834249285558
85178,VICTORIAN SEWING KIT,0.008545834249285558
22168,"ORGANISER WOOD, ANTIQUE WHITE",0.008518355682567598
21158,MOODY GIRL DOOR HANGER,0.008518355682567598
16235,RECYCLED PENCIL WITH RABBIT ERASER,0.008518355682567598
21773,DECORATIVE ROSE BATHROOM BOTTLE,0.008463398549131678
22098,BOUDOIR SQUARE TISSUE BOX,0.008463398549131678
22449,SILK PURSE RUSSIAN DOLL PINK,0.008463398549131678
22587,"FELTCRAFT HAIRBAND, S/2, RED/BLUE",0.008463398549131678
20886,BOX OF 9 PEBBLE CANDLES,0.008463398549131678
22757,LARGE RED BABUSHKA NOTEBOOK,0.008463398549131678
22781,GUMBALL MAGAZINE RACK,0.008435919982413718
84078A,SET/4 WHITE RETRO STORAGE CUBES,0.008435919982413718
23247,BISCUIT TIN 50'S CHRISTMAS,0.008435919982413718
84568,GIRLS ALPHABET IRON ON PATCHES,0.008435919982413718
22262,FELT EGG COSY CHICKEN,0.008408441415695756
22841,ROUND CAKE TIN VINTAGE GREEN,0.008408441415695756
85176,SEWING SUSAN 21 NEEDLE SET,0.008408441415695756
22275,WEEKEND BAG VINTAGE ROSE PAISLEY,0.008408441415695756
22321,BIRD DECORATION RED SPOT,0.008380962848977797
23350,ROLL WRAP VINTAGE SPOT,0.008380962848977797
22676,"FRENCH BLUE METAL DOOR SIGN, 1",0.008380962848977797
23172,REGENCY TEA PLATE PINK,0.008380962848977797
21245,GREEN SPOTTY PLATE,0.008353484282259837
22592,CARDHOLDER HOLLY WREATH METAL,0.008326005715541877
22968,ROSE COTTAGE KEEPSAKE BOX,0.008326005715541877
22167,"WALL MIRROR , DIAMANTE OVAL SHAPE",0.008298527148823917
22081,RIBBON REEL FLORA + FAUNA,0.008298527148823917
21557,SET OF 6 FUNKY BEAKERS,0.008298527148823917
22425,ENAMEL COLLANDER CREAM,0.008271048582105957
85132C,CHARLIE AND LOLA FIGURES TINS,0.008271048582105957
21463,MIRRORED DISCO BALL,0.008271048582105957
22272,FELTCRAFT DOLL MARIA,0.008243570015387997
15039,SANDALWOOD FAN,0.008243570015387997
22284,HEN HOUSE DECORATION,0.008243570015387997
22744,MAKE YOUR OWN MONSOON CARD KIT,0.008243570015387997
23264,SET OF 3 WOODEN SLEIGH DECORATIONS,0.008216091448670037
22801,ANTIQUE GLASS PEDESTAL BOWL,0.008216091448670037
22148,EASTER CRAFT 4 CHICKS,0.008216091448670037
23254,CHILDRENS CUTLERY DOLLY GIRL,0.008216091448670037
21012,ANTIQUE ALL GLASS CANDLESTICK,0.008216091448670037
84279P,CHERRY BLOSSOM DECORATIVE FLASK,0.008216091448670037
22134,LADLE LOVE HEART RED,0.008188612881952077
23196,RETRO LEAVES MAGNETIC NOTEPAD,0.008188612881952077
21947,SET OF 6 HEART CHOPSTICKS,0.008188612881952077
22535,MAGIC DRAWING SLATE BUNNIES,0.008188612881952077
22897,OVEN MITT APPLE DESIGN,0.008188612881952077
22311,OFFICE MUG WARMER BLACK+SILVER,0.008188612881952077
21913,VINTAGE SEASIDE JIGSAW PUZZLES,0.008161134315234117
22566,"FELTCRAFT HAIRBAND S/2, PINK/PURPLE",0.008161134315234117
22251,BIRDHOUSE DECORATION MAGIC GARDEN,0.008161134315234117
23082,SET 6 PAPER TABLE LANTERN HEARTS,0.008161134315234117
22231,JIGSAW TREE WITH BIRDHOUSE,0.008161134315234117
22721,SET OF 3 CAKE TINS SKETCHBOOK,0.008161134315234117
22674,FRENCH TOILET SIGN BLUE METAL,0.008161134315234117
21865,PINK UNION JACK PASSPORT COVER,0.008133655748516157
22740,POLKA DOT PEN,0.008133655748516157
20967,GREY FLORAL FELTCRAFT SHOULDER BAG,0.008133655748516157
22582,PACK OF 6 SWEETIE GIFT BOXES,0.008106177181798197
22723,SET OF 6 HERB TINS SKETCHBOOK,0.008106177181798197
22814,CARD PARTY GAMES,0.008106177181798197
22767,TRIPLE PHOTO FRAME CORNICE,0.008106177181798197
22586,FELTCRAFT HAIRBAND PINK AND BLUE,0.008078698615080237
22892,SALT AND PEPPER SHAKERS TOADSTOOLS,0.008078698615080237
23323,WHITE WICKER STAR,0.008078698615080237
21486,PINK HEART DOTS HOT WATER BOTTLE,0.008078698615080237
22807,SET OF 6 T-LIGHTS TOADSTOOLS,0.008051220048362277
22704,WRAP RED APPLES,0.008051220048362277
22524,CHILDRENS GARDEN GLOVES BLUE,0.008051220048362277
23265,SET OF 3 WOODEN TREE DECORATIONS,0.008051220048362277
84849B,FAIRY SOAP SOAP HOLDER,0.008023741481644317
22440,BALLOON WATER BOMB PACK OF 35,0.008023741481644317
21556,CERAMIC STRAWBERRY MONEY BOX,0.008023741481644317
20733,GOLD MINI TAPE MEASURE,0.008023741481644317
22741,FUNKY DIVA PEN,0.008023741481644317
22597,CHRISTMAS MUSICAL ZINC HEART,0.007996262914926357
21564,PINK HEART SHAPE LOVE BUCKET,0.007996262914926357
22099,CARAVAN SQUARE TISSUE BOX,0.007996262914926357
21215,IVORY PAPER CUP CAKE CASES,0.007996262914926357
22980,PANTRY SCRUBBING BRUSH,0.007996262914926357
23126,DOLLCRAFT GIRL AMELIE KIT,0.007996262914926357
21730,GLASS STAR FROSTED T-LIGHT HOLDER,0.007968784348208397
21896,POTTING SHED TWINE,0.007968784348208397
22211,WOOD STAMP SET FLOWERS,0.007968784348208397
70006,LOVE HEART POCKET WARMER,0.007913827214772478
21991,BOHEMIAN COLLAGE STATIONERY SET,0.007913827214772478
20985,HEART CALCULATOR,0.007913827214772478
22025,RING OF ROSES BIRTHDAY CARD,0.007913827214772478
10133,COLOURING PENCILS BROWN TUBE,0.007913827214772478
85042,ANTIQUE LILY FAIRY LIGHTS,0.007886348648054518
21867,PINK UNION JACK LUGGAGE TAG,0.007886348648054518
22074,6 RIBBONS SHIMMERING PINKS,0.007886348648054518
23332,IVORY WICKER HEART LARGE,0.007886348648054518
22436,12 COLOURED PARTY BALLOONS,0.007886348648054518
22696,WICKER WREATH LARGE,0.007858870081336558
22610,PENS ASSORTED FUNNY FACE,0.007858870081336558
47599B,BLUE PARTY BAGS,0.007858870081336558
21126,SET OF 6 GIRLS CELEBRATION CANDLES,0.007831391514618598
21818,GLITTER CHRISTMAS HEART,0.007831391514618598
21361,LOVE LARGE WOOD LETTERS,0.007831391514618598
72800E,4 IVORY DINNER CANDLES SILVER FLOCK,0.007831391514618598
72349B,SET/6 PURPLE BUTTERFLY T-LIGHTS,0.007831391514618598
21472,LADYBIRD + BEE RAFFIA FOOD COVER,0.007831391514618598
21590,KINGS CHOICE CIGAR BOX MATCHES,0.007831391514618598
22210,WOOD STAMP SET BEST WISHES,0.007831391514618598
22372,AIRLINE BAG VINTAGE WORLD CHAMPION,0.007803912947900638
21588,RETRO SPOT GIANT TUBE MATCHES,0.007803912947900638
22775,PURPLE DRAWERKNOB ACRYLIC EDWARDIAN,0.007803912947900638
21162,TOXIC AREA DOOR HANGER,0.007803912947900638
22375,AIRLINE BAG VINTAGE JET SET BROWN,0.007776434381182678
22153,ANGEL DECORATION STARS ON DRESS,0.007776434381182678
22959,WRAP CHRISTMAS VILLAGE,0.007776434381182678
23367,SET 12 COLOUR PENCILS SPACEBOY,0.007748955814464717
22650,CERAMIC PIRATE CHEST MONEY BANK,0.007748955814464717
22095,LADS ONLY TISSUE BOX,0.007748955814464717
21207,SKULL AND CROSSBONES GARLAND,0.007748955814464717
47591B,SCOTTIES DES CHILD'S APRON,0.007721477247746757
22434,BALLOON PUMP WITH 10 BALLOONS,0.007721477247746757
21749,LARGE RED SPOT WINDMILL,0.007693998681028797
23191,BUNDLE OF 3 RETRO NOTE BOOKS,0.007693998681028797
23165,LARGE CERAMIC TOP STORAGE JAR,0.007693998681028797
22677,"FRENCH BLUE METAL DOOR SIGN, 2",0.007693998681028797
85064,CREAM SWEETHEART LETTER RACK,0.007666520114310837
21677,HEARTS STICKERS,0.007666520114310837
21069,VINTAGE BILLBOARD TEA MUG,0.007666520114310837
21431,GREEN GINGHAM FLOWER JEWELLERY BOX,0.007639041547592877
23000,TRAVEL CARD WALLET TRANSPORT,0.007639041547592877
22497,SET OF 2 TINS VINTAGE BATHROOM,0.007639041547592877
21090,SET/6 COLLAGE PAPER PLATES,0.007639041547592877
21775,DECORATIVE FLORE BATHROOM BOTTLE,0.007611562980874917
22399,MAGNETS PACK OF 4 CHILDHOOD MEMORY,0.007611562980874917
22565,FELTCRAFT HAIRBANDS PINK + WHITE,0.007611562980874917
23234,BISCUIT TIN VINTAGE CHRISTMAS,0.007611562980874917
23306,SET OF 36 DOILIES PANTRY DESIGN,0.007611562980874917
23052,RECYCLED ACAPULCO MAT TURQUOISE,0.0075840844141569575
22068,BLACK PIRATE TREASURE CHEST,0.0075840844141569575
23570,TRADITIONAL PICK UP STICKS GAME,0.0075840844141569575
23076,ICE CREAM SUNDAE LIP GLOSS,0.0075840844141569575
22477,WATERING CAN GARDEN MARKER,0.0075840844141569575
22354,RETRO SPOT PADDED SEAT CUSHION,0.0075840844141569575
22445,PENCIL CASE LIFE IS BEAUTIFUL,0.0075566058474389975
21466,RED FLOWER CROCHET FOOD COVER,0.0075566058474389975
22639,SET OF 4 NAPKIN CHARMS HEARTS,0.0075566058474389975
22228,BUNNY WOODEN PAINTED WITH BIRD,0.0075566058474389975
22093,MOTORING TISSUE BOX,0.0075566058474389975
84212,"ASSORTED FLOWER COLOUR ""LEIS""",0.007529127280721038
21058,PARTY INVITES WOODLAND,0.007529127280721038
22991,GIRAFFE WOODEN RULER,0.007529127280721038
35004B,SET OF 3 BLACK FLYING DUCKS,0.007501648714003078
23238,SET OF 4 KNICK KNACK TINS LONDON,0.007501648714003078
48189,DOOR MAT FRIENDSHIP,0.007474170147285118
22938,CUPCAKE LACE PAPER SET 6,0.007474170147285118
85199L,LARGE HANGING IVORY & RED WOOD BIRD,0.007474170147285118
22971,QUEENS GUARD COFFEE MUG,0.007474170147285118
22946,WOODEN ADVENT CALENDAR CREAM,0.007474170147285118
22066,LOVE HEART TRINKET POT,0.007474170147285118
23144,ZINC T-LIGHT HOLDER STARS SMALL,0.007474170147285118
22613,PACK OF 20 SPACEBOY NAPKINS,0.007474170147285118
22322,BIRD DECORATION GREEN SPOT,0.007446691580567158
22165,"DIAMANTE HEART SHAPED WALL MIRROR,",0.007446691580567158
84031B,CHARLIE LOLA BLUE HOT WATER BOTTLE,0.007446691580567158
82613D,METAL SIGN CUPCAKE SINGLE HOOK,0.007446691580567158
22118,JOY WOODEN BLOCK LETTERS,0.007446691580567158
84950,ASSORTED COLOUR T-LIGHT HOLDER,0.007446691580567158
22838,3 TIER CAKE TIN RED AND CREAM,0.007419213013849198
22675,FRENCH KITCHEN SIGN BLUE METAL,0.007419213013849198
22312,OFFICE MUG WARMER POLKADOT,0.007391734447131238
22220,CAKE STAND LOVEBIRD 2 TIER WHITE,0.007391734447131238
72802C,VANILLA SCENT CANDLE JEWELLED BOX,0.007391734447131238
21949,SET OF 6 STRAWBERRY CHOPSTICKS,0.007391734447131238
21680,WOODLAND STICKERS,0.007364255880413278
21675,BUTTERFLIES STICKERS,0.007364255880413278
22800,ANTIQUE TALL SWIRLGLASS TRINKET POT,0.007364255880413278
22069,BROWN PIRATE TREASURE CHEST,0.007336777313695318
23177,TREASURE ISLAND BOOK BOX,0.007336777313695318
21100,CHARLIE AND LOLA CHARLOTTE BAG,0.007336777313695318
85131D,BEADED CRYSTAL HEART PINK\ON STICK,0.007336777313695318
22476,EMPIRE UNION JACK TV DINNER TRAY,0.007336777313695318
22651,GENTLEMAN SHIRT REPAIR KIT,0.007336777313695318
22518,CHILDS GARDEN BRUSH BLUE,0.007309298746977357
22731,3D CHRISTMAS STAMPS STICKERS,0.007309298746977357
85039B,S/4 IVORY MINI ROSE CANDLE IN BOWL,0.007309298746977357
84913A,SOFT PINK ROSE TOWEL,0.007309298746977357
22995,TRAVEL CARD WALLET SUKI,0.007309298746977357
21948,SET OF 6 CAKE CHOPSTICKS,0.007309298746977357
51014C,"FEATHER PEN,COAL BLACK",0.007281820180259397
23109,LED TEA LIGHTS,0.007281820180259397
22136,LOVE HEART SOCK HANGER,0.007281820180259397
22664,TOY TIDY DOLLY GIRL DESIGN,0.007281820180259397
22338,STAR DECORATION PAINTED ZINC,0.007254341613541437
21846,PINK DIAMANTE PEN IN GIFT BOX,0.007254341613541437
22334,DINOSAUR PARTY BAG + STICKER SET,0.007254341613541437
22218,CAKE STAND LACE WHITE,0.007254341613541437
22202,MILK PAN PINK RETROSPOT,0.007254341613541437
21067,VINTAGE RED TEATIME MUG,0.007254341613541437
22309,TEA COSY RED STRIPE,0.007254341613541437
22718,CARD CAT AND TREE,0.007254341613541437
79323P,PINK CHERRY LIGHTS,0.007254341613541437
22291,"SPRING DEC , HANGING CHICK CREAM",0.007254341613541437
21905,MORE BUTTER METAL SIGN,0.007226863046823477
22480,RED TEA TOWEL CLASSIC DESIGN,0.007226863046823477
22443,GROW YOUR OWN HERBS SET OF 3,0.007226863046823477
23184,BULL DOG BOTTLE OPENER,0.0071993844801055175
22689,DOORMAT MERRY CHRISTMAS RED,0.0071993844801055175
21389,IVORY HANGING DECORATION BIRD,0.0071719059133875575
23147,SINGLE ANTIQUE ROSE HOOK IVORY,0.0071719059133875575
22792,FLUTED ANTIQUE CANDLE HOLDER,0.0071719059133875575
37500,TEA TIME TEAPOT IN GIFT BOX,0.0071719059133875575
22285,"DECORATION HEN ON NEST, HANGING",0.0071719059133875575
21241,GREEN SPOTTY CUP,0.007144427346669598
22047,EMPIRE GIFT WRAP,0.007144427346669598
21171,BATHROOM METAL SIGN,0.007144427346669598
22162,HEART GARLAND RUSTIC PADDED,0.007144427346669598
C2,CARRIAGE,0.007144427346669598
16236,KITTY PENCIL ERASERS,0.007144427346669598
84849D,HOT BATHS SOAP HOLDER,0.007144427346669598
23231,WRAP DOILEY DESIGN,0.007144427346669598
21735,TWO DOOR CURIO CABINET,0.007116948779951638
22839,"CAKE TIN, 3 TIER MINT/IVORY",0.007116948779951638
22057,CERAMIC PLATE STRAWBERRY DESIGN,0.007116948779951638
21587,COSY HOUR GIANT TUBE MATCHES,0.007116948779951638
84912B,GREEN ROSE WASHBAG,0.007116948779951638
21249,WOODLAND HEIGHT CHART STICKERS,0.007116948779951638
23534,STOP FOR TEA WALL ART,0.007116948779951638
22890,NOVELTY BISCUITS CAKE STAND 3 TIER,0.007089470213233678
22176,BLUE OWL SOFT TOY,0.007089470213233678
22965,3 TRADITIONAL BISCUIT CUTTERS SET,0.007089470213233678
21801,CHRISTMAS TREE DECORATION WITH BELL,0.007089470213233678
22519,CHILDS GARDEN BRUSH PINK,0.007089470213233678
22209,WOOD STAMP SET HAPPY BIRTHDAY,0.007061991646515718
23118,PARISIENNE JEWELLERY DRAWER,0.007061991646515718
22250,DECORATION BUTTERFLY MAGIC GARDEN,0.007061991646515718
21528,DAIRY MAID TRADITIONAL TEAPOT,0.007061991646515718
23100,SILVER BELLS TABLE DECORATION,0.007061991646515718
23078,ICE CREAM PEN LIP GLOSS,0.007061991646515718
23582,VINTAGE DOILY JUMBO BAG RED,0.007061991646515718
23571,TRADITIONAL NAUGHTS & CROSSES,0.007034513079797758
22956,36 FOIL HEART CAKE CASES,0.007034513079797758
21537,RETRO SPOTS PUDDING BOWL,0.007034513079797758
22475,SKULL DESIGN TV DINNER TRAY,0.007034513079797758
22071,SMALL RETRO SPOT MUG IN BOX WHITE,0.007034513079797758
22452,MEASURING TAPE RUSSIAN DOLL PINK,0.007007034513079798
23158,SET OF 5 LUCKY CAT MAGNETS,0.007007034513079798
84596L,BISCUITS SMALL BOWL LIGHT BLUE,0.006979555946361838
21467,CHERRY CROCHET FOOD COVER,0.006979555946361838
21830,ASSORTED CREEPY CRAWLIES,0.006979555946361838
85065,CREAM SWEETHEART TRAYS,0.006979555946361838
22474,SPACEBOY TV DINNER TRAY,0.006979555946361838
23110,PARISIENNE KEY CABINET,0.006979555946361838
85015,SET OF 12 VINTAGE POSTCARD SET,0.006979555946361838
23229,VINTAGE DONKEY TAIL GAME,0.006979555946361838
15034,PAPER POCKET TRAVELING FAN,0.006979555946361838
23080,RED METAL BOX TOP SECRET,0.006952077379643878
22362,GLASS JAR PEACOCK BATH SALTS,0.006952077379643878
85231G,ORANGE SCENTED SET/9 T-LIGHTS,0.006952077379643878
21163,DO NOT TOUCH MY STUFF DOOR HANGER,0.006952077379643878
22917,HERB MARKER ROSEMARY,0.006924598812925918
85040B,SET/4 BLUE FLOWER CANDLES IN BOWL,0.006924598812925918
21706,"FOLDING UMBRELLA , RED/WHITE SPOT",0.006924598812925918
22067,CHOC TRUFFLE GOLD TRINKET POT,0.006924598812925918
22920,HERB MARKER BASIL,0.006897120246207958
21123,SET/10 IVORY SPOTTY PARTY CANDLES,0.006897120246207958
21642,ASSORTED TUTTI FRUTTI PEN,0.006869641679489997
85132A,CHARLIE + LOLA BISCUITS TINS,0.006869641679489997
11001,ASSTD DESIGN RACING CAR PEN,0.006869641679489997
22402,MAGNETS PACK OF 4 VINTAGE COLLAGE,0.006869641679489997
21159,MOODY BOY DOOR HANGER,0.006869641679489997
15044A,PINK PAPER PARASOL,0.006869641679489997
22277,COSMETIC BAG VINTAGE ROSE PAISLEY,0.006869641679489997
85039A,SET/4 RED MINI ROSE CANDLE IN BOWL,0.006842163112772037
22314,OFFICE MUG WARMER CHOC+BLUE,0.006842163112772037
22472,TV DINNER TRAY DOLLY GIRL,0.006842163112772037
22918,HERB MARKER PARSLEY,0.006842163112772037
21819,GLITTER CHRISTMAS STAR,0.0068146845460540775
22916,HERB MARKER THYME,0.0068146845460540775
22678,"FRENCH BLUE METAL DOOR SIGN, 3",0.0068146845460540775
23197,SKETCHBOOK MAGNETIC SHOPPING LIST,0.0068146845460540775
22919,HERB MARKER MINT,0.0068146845460540775
22539,MINI JIGSAW DOLLY GIRL,0.0067872059793361176
22604,SET OF 4 NAPKIN CHARMS CUTLERY,0.0067872059793361176
23148,MINIATURE ANTIQUE ROSE HOOK IVORY,0.0067872059793361176
23083,SET 6 PAPER TABLE LANTERN STARS,0.006759727412618158
23012,GLASS APOTHECARY BOTTLE PERFUME,0.006759727412618158
23166,MEDIUM CERAMIC TOP STORAGE JAR,0.006759727412618158
22942,CHRISTMAS LIGHTS 10 SANTAS,0.006759727412618158
21125,SET 6 FOOTBALL CELEBRATION CANDLES,0.006759727412618158
21894,POTTING SHED SEED ENVELOPES,0.006759727412618158
22671,FRENCH LAUNDRY SIGN BLUE METAL,0.006759727412618158
20702,PINK PADDED MOBILE,0.006732248845900198
20716,PARTY FOOD SHOPPER BAG,0.006732248845900198
22376,AIRLINE BAG VINTAGE JET SET WHITE,0.006732248845900198
20984,12 PENCILS TALL TUBE POSY,0.006732248845900198
21491,SET OF THREE VINTAGE GIFT WRAPS,0.006704770279182238
23310,BUBBLEGUM RING ASSORTED,0.006704770279182238
22249,DECORATION WHITE CHICK MAGIC GARDEN,0.006677291712464278
22854,CREAM SWEETHEART EGG HOLDER,0.006677291712464278
22972,CHILDREN'S SPACEBOY MUG,0.006677291712464278
22261,FELT EGG COSY WHITE RABBIT,0.006677291712464278
22097,SWALLOW SQUARE TISSUE BOX,0.006649813145746318
22190,LOCAL CAFE MUG,0.006649813145746318
22152,PLACE SETTING WHITE STAR,0.006622334579028358
22260,FELT EGG COSY BLUE RABBIT,0.006622334579028358
22341,LOVE GARLAND PAINTED ZINC,0.006594856012310398
22618,COOKING SET RETROSPOT,0.006594856012310398
79066K,RETRO MOD TRAY,0.006594856012310398
21826,EIGHT PIECE DINOSAUR SET,0.006594856012310398
21945,STRAWBERRIES DESIGN FLANNEL,0.006594856012310398
40016,CHINESE DRAGON PAPER LANTERNS,0.006594856012310398
23005,TRAVEL CARD WALLET I LOVE LONDON,0.006567377445592438
23112,PARISIENNE CURIO CABINET,0.006567377445592438
21408,SPOTTY PINK DUCK DOORSTOP,0.006567377445592438
21439,BASKET OF TOADSTOOLS,0.006567377445592438
21206,STRAWBERRY HONEYCOMB GARLAND,0.006539898878874478
22978,PANTRY ROLLING PIN,0.006539898878874478
22589,CARDHOLDER GINGHAM STAR,0.006539898878874478
22451,SILK PURSE RUSSIAN DOLL RED,0.006539898878874478
23232,WRAP VINTAGE PETALS DESIGN,0.006539898878874478
22495,SET OF 2 ROUND TINS CAMEMBERT,0.006512420312156518
21211,SET OF 72 SKULL PAPER DOILIES,0.006512420312156518
21063,PARTY INVITES JAZZ HEARTS,0.006512420312156518
22842,BISCUIT TIN VINTAGE RED,0.006512420312156518
21586,KINGS CHOICE GIANT TUBE MATCHES,0.006512420312156518
21432,SET OF 3 CASES WOODLAND DESIGN,0.006484941745438558
23389,SPACEBOY MINI BACKPACK,0.006484941745438558
20956,PORCELAIN T-LIGHT HOLDERS ASSORTED,0.006484941745438558
18098C,PORCELAIN BUTTERFLY OIL BURNER,0.006484941745438558
85047,WHITE BEADED GARLAND STRING 20LIGHT,0.006484941745438558
22268,EASTER DECORATION SITTING BUNNY,0.006484941745438558
16238,PARTY TIME PENCIL ERASERS,0.006484941745438558
21201,TROPICAL HONEYCOMB PAPER GARLAND,0.006457463178720598
23154,SET OF 4 JAM JAR MAGNETS,0.006457463178720598
84581,DOG TOY WITH PINK CROCHET SKIRT,0.006429984612002638
23230,WRAP ALPHABET DESIGN,0.006429984612002638
22420,LIPSTICK PEN BABY PINK,0.006429984612002638
22400,MAGNETS PACK OF 4 HOME SWEET HOME,0.006429984612002638
22719,"GUMBALL COATHOOK., BLACK & WHITE",0.0064025060452846776
23333,IVORY WICKER HEART MEDIUM,0.0064025060452846776
22021,BLUE FELT EASTER EGG BASKET,0.0064025060452846776
84691,PACK 20 DOLLY PEGS,0.0064025060452846776
23329,DECORATIVE WICKER HEART LARGE,0.0064025060452846776
21446,12 RED ROSE PEG PLACE SETTINGS,0.006375027478566718
22533,MAGIC DRAWING SLATE BAKE A CAKE,0.006347548911848758
22514,CHILDS GARDEN SPADE BLUE,0.006347548911848758
22805,BLUE DRAWER KNOB ACRYLIC EDWARDIAN,0.006347548911848758
22735,RIBBON REEL SOCKS AND MITTENS,0.006347548911848758
23368,SET 12 COLOUR PENCILS DOLLY GIRL,0.006347548911848758
15044C,PURPLE PAPER PARASOL,0.006347548911848758
84912A,PINK ROSE WASHBAG,0.006347548911848758
23167,SMALL CERAMIC TOP STORAGE JAR,0.006320070345130798
22891,TEA FOR ONE POLKADOT,0.006320070345130798
22342,HOME GARLAND PAINTED ZINC,0.006320070345130798
84559A,3D SHEET OF DOG STICKERS,0.006320070345130798
23302,KNEELING MAT HOUSEWORK DESIGN,0.006320070345130798
22117,METAL SIGN HER DINNER IS SERVED,0.006320070345130798
22679,"FRENCH BLUE METAL DOOR SIGN, 4",0.006320070345130798
22085,PAPER CHAIN KIT SKULLS,0.006320070345130798
22680,"FRENCH BLUE METAL DOOR SIGN, 5",0.006320070345130798
21648,ASSORTED TUTTI FRUTTI SMALL PURSE,0.006320070345130798
23393,HOME SWEET HOME CUSHION COVER,0.006292591778412838
23283,DOORMAT VINTAGE LEAVES DESIGN,0.006265113211694878
82001S,VINYL RECORD FRAME SILVER,0.006265113211694878
15044D,RED PAPER PARASOL,0.006237634644976918
22773,GREEN DRAWER KNOB ACRYLIC EDWARDIAN,0.006237634644976918
21070,VINTAGE BILLBOARD MUG,0.006237634644976918
23146,TRIPLE HOOK ANTIQUE IVORY ROSE,0.006237634644976918
21039,RED SPOTTY SHOPPING BAG,0.006237634644976918
21883,STARS GIFT TAPE,0.006210156078258958
23176,ABC TREASURE BOOK BOX,0.006210156078258958
51014L,"FEATHER PEN,LIGHT PINK",0.006210156078258958
72807B,SET/3 OCEAN SCENT CANDLE JEWEL BOX,0.006182677511540998
48197,DOOR MAT BIRD ON THE WIRE,0.006182677511540998
23399,HOME SWEET HOME HANGING HEART,0.006182677511540998
22293,"SPRING DEC , HANGING CHICK GREEN",0.006182677511540998
22695,WICKER WREATH SMALL,0.006182677511540998
22325,MOBILE VINTAGE HEARTS,0.006155198944823038
21705,BAG 500G SWIRLY MARBLES,0.006155198944823038
21288,STRIPEY CHOCOLATE NESTING BOXES,0.006155198944823038
23089,GLASS BON BON JAR,0.006155198944823038
85203,HANGING WOOD AND FELT BUTTERFLY,0.006155198944823038
84659A,WHITE TRAVEL ALARM CLOCK,0.006155198944823038
23159,SET OF 5 PANCAKE DAY MAGNETS,0.006127720378105078
85114B,IVORY ENCHANTED FOREST PLACEMAT,0.006127720378105078
21084,SET/6 COLLAGE PAPER CUPS,0.006127720378105078
21109,"LARGE CAKE TOWEL, CHOCOLATE SPOTS",0.006127720378105078
82613B,"METAL SIGN,CUPCAKE SINGLE HOOK",0.006127720378105078
23013,GLASS APOTHECARY BOTTLE TONIC,0.006127720378105078
22310,KNITTED MUG COSY IVORY COLOUR,0.006127720378105078
47570B,TEA TIME TABLE CLOTH,0.006127720378105078
22997,TRAVEL CARD WALLET UNION JACK,0.006100241811387118
85232D,SET/3 DECOUPAGE STACKING TINS,0.006100241811387118
21358,TOAST ITS - HAPPY BIRTHDAY,0.006100241811387118
22292,"SPRING DEC , HANGING CHICK YELLOW",0.006100241811387118
21333,CLASSIC WHITE FRAME,0.006100241811387118
21055,TOOL BOX SOFT TOY,0.006100241811387118
21620,S/4 ROSE BOTANICAL CANDLE,0.006100241811387118
23292,SPACE BOY CHILDRENS CUP,0.006100241811387118
22999,TRAVEL CARD WALLET RETRO PETALS,0.006100241811387118
23286,BLUE VINTAGE SPOT BEAKER,0.006072763244669158
21059,PARTY INVITES DINOSAURS,0.006072763244669158
23004,TRAVEL CARD WALLET PANTRY,0.006072763244669158
21942,SKULLS DESIGN FLANNEL,0.006072763244669158
22686,"FRENCH BLUE METAL DOOR SIGN, NO",0.006072763244669158
22921,HERB MARKER CHIVES,0.006045284677951198
22414,DOORMAT NEIGHBOURHOOD WITCH,0.006045284677951198
22862,LOVE HEART NAPKIN BOX,0.006045284677951198
22994,TRAVEL CARD WALLET RETROSPOT,0.0059903275445152785
21789,KIDS RAIN MAC PINK,0.0059903275445152785
22715,CARD WEDDING DAY,0.0059903275445152785
84754,S/15 SILVER GLASS BAUBLES IN BAG,0.0059903275445152785
23382,BOX OF 6 CHRISTMAS CAKE DECORATIONS,0.005962848977797318
22406,MONEY BOX KINGS CHOICE DESIGN,0.005962848977797318
22405,MONEY BOX POCKET MONEY DESIGN,0.005962848977797318
21354,TOAST ITS - BEST MUM,0.005962848977797318
35971,ROSE FOLKART HEART DECORATIONS,0.005962848977797318
21744,SNOWFLAKE PORTABLE TABLE LIGHT,0.005962848977797318
22481,BLACK TEA TOWEL CLASSIC DESIGN,0.005962848977797318
21609,SET 12 LAVENDER BOTANICAL T-LIGHTS,0.005962848977797318
22691,DOORMAT WELCOME SUNRISE,0.005962848977797318
22926,IVORY GIANT GARDEN THERMOMETER,0.005935370411079358
72807A,SET/3 ROSE CANDLE IN JEWELLED BOX,0.005935370411079358
21192,WHITE BELL HONEYCOMB PAPER,0.005935370411079358
85131B,BEADED CRYSTAL HEART GREEN ON STICK,0.005935370411079358
21464,DISCO BALL ROTATOR BATTERY OPERATED,0.005935370411079358
23397,FOOT STOOL HOME SWEET HOME,0.005935370411079358
22282,12 EGG HOUSE PAINTED WOOD,0.005935370411079358
84598,BOYS ALPHABET IRON ON PATCHES,0.005935370411079358
20960,WATERMELON BATH SPONGE,0.005907891844361398
22717,CARD DOG AND BALL,0.005907891844361398
84279B,CHERRY BLOSSOM DECORATIVE FLASK,0.005907891844361398
23330,DECORATIVE WICKER HEART MEDIUM,0.005907891844361398
22984,"CARD, GINGHAM ROSE",0.005880413277643438
84519B,CARROT CHARLIE+LOLA COASTER SET,0.005880413277643438
23242,TREASURE TIN BUFFALO BILL,0.005880413277643438
22308,TEA COSY BLUE STRIPE,0.005880413277643438
22336,DOVE DECORATION PAINTED ZINC,0.005880413277643438
84818,DANISH ROSE PHOTO FRAME,0.005880413277643438
22279,POCKET BAG BLUE PAISLEY RED SPOT,0.005880413277643438
72008,FROSTED BOX 9 WHITE T-LIGHT CANDLES,0.005880413277643438
23480,MINI LIGHTS WOODLAND MUSHROOMS,0.005880413277643438
23535,BICYCLE SAFTEY WALL ART,0.005880413277643438
20669,RED HEART LUGGAGE TAG,0.005880413277643438
22479,DAISY GARDEN MARKER,0.005880413277643438
22756,LARGE YELLOW BABUSHKA NOTEBOOK,0.005880413277643438
22482,BLUE TEA TOWEL CLASSIC DESIGN,0.005880413277643438
23194,GYMKHANNA TREASURE BOOK BOX,0.005880413277643438
23290,SPACEBOY CHILDRENS BOWL,0.005880413277643438
82597,BOMBS AWAY METAL SIGN,0.005852934710925478
23101,SILVER STARS TABLE DECORATION,0.005852934710925478
22217,T-LIGHT HOLDER HANGING LACE,0.005852934710925478
84459B,YELLOW METAL CHICKEN HEART,0.005852934710925478
22957,SET 3 PAPER VINTAGE CHICK PAPER EGG,0.005852934710925478
72817,SET/2 CHRISTMAS DECOUPAGE CANDLES,0.005852934710925478
21111,"SWISS ROLL TOWEL, CHOCOLATE SPOTS",0.005852934710925478
21619,4 VANILLA BOTANICAL CANDLES,0.005825456144207518
84975,HEART SHAPED MIRROR,0.005825456144207518
21823,PAINTED METAL HEART WITH HOLLY BELL,0.005825456144207518
22982,PANTRY PASTRY BRUSH,0.005825456144207518
23312,VINTAGE CHRISTMAS GIFT SACK,0.005825456144207518
23352,ROLL WRAP 50'S RED CHRISTMAS,0.005825456144207518
84006,MAGIC TREE -PAPER FLOWERS,0.005825456144207518
22403,MAGNETS PACK OF 4 VINTAGE LABELS,0.005825456144207518
21824,PAINTED METAL STAR WITH HOLLY BELLS,0.005797977577489558
72802B,OCEAN SCENT CANDLE IN JEWELLED BOX,0.005797977577489558
21448,12 DAISY PEGS IN WOOD BOX,0.005797977577489558
22974,CHILDRENS DOLLY GIRL MUG,0.005797977577489558
21357,TOAST ITS - DINOSAUR,0.005797977577489558
85059,FRENCH ENAMEL WATER BASIN,0.005797977577489558
18097C,WHITE TALL PORCELAIN T-LIGHT HOLDER,0.005797977577489558
79160,HEART SHAPE WIRELESS DOORBELL,0.005770499010771598
21469,POLKA DOT RAFFIA FOOD COVER,0.005770499010771598
21973,SET OF 36 MUSHROOM PAPER DOILIES,0.005770499010771598
23395,BELLE JARDINIERE CUSHION COVER,0.005770499010771598
22183,CAKE STAND VICTORIAN FILIGREE MED,0.005743020444053638
23215,JINGLE BELL HEART ANTIQUE SILVER,0.005743020444053638
23014,GLASS APOTHECARY BOTTLE ELIXIR,0.005743020444053638
23091,ZINC HERB GARDEN CONTAINER,0.005743020444053638
22046,TEA PARTY WRAPPING PAPER,0.005715541877335678
23163,REGENCY SUGAR TONGS,0.005715541877335678
21246,RED SPOTTY BIG BOWL,0.005715541877335678
23504,PLAYING CARDS JUBILEE UNION JACK,0.005715541877335678
85202,HANGING WOOD AND FELT HEART,0.005715541877335678
22591,CARDHOLDER GINGHAM CHRISTMAS TREE,0.005715541877335678
22515,CHILDS GARDEN SPADE PINK,0.005715541877335678
22473,TV DINNER TRAY VINTAGE PAISLEY,0.005715541877335678
22794,SWEETHEART WIRE MAGAZINE RACK,0.005715541877335678
22947,WOODEN ADVENT CALENDAR RED,0.005715541877335678
21809,CHRISTMAS HANGING TREE WITH BELL,0.005688063310617718
21161,KEEP OUT BOYS DOOR HANGER,0.005660584743899758
21788,KIDS RAIN MAC BLUE,0.005660584743899758
23426,METAL SIGN DROP YOUR PANTS,0.005660584743899758
23156,SET OF 5 MINI GROCERY MAGNETS,0.0056331061771817985
23050,RECYCLED ACAPULCO MAT GREEN,0.0056331061771817985
21576,LETS GO SHOPPING COTTON TOTE BAG,0.0056331061771817985
21812,GARLAND WITH HEARTS AND BELLS,0.0056331061771817985
21640,ASSORTED TUTTI FRUTTI FOB NOTEBOOK,0.0056331061771817985
21204,DAISIES HONEYCOMB GARLAND,0.0056331061771817985
20986,BLUE CALCULATOR RULER,0.0056056276104638385
22986,GINGHAM ROSE WRAP,0.0056056276104638385
21944,KITTENS DESIGN FLANNEL,0.0056056276104638385
85054,FRENCH ENAMEL POT W LID,0.0056056276104638385
70007,HI TEC ALPINE HAND WARMER,0.0056056276104638385
22269,EGG CUP NATURAL CHICKEN,0.0056056276104638385
21626,VINTAGE UNION JACK PENNANT,0.0056056276104638385
21643,ASSORTED TUTTI FRUTTI MIRROR,0.0056056276104638385
37340,MULTICOLOUR SPRING FLOWER MUG,0.0056056276104638385
23494,VINTAGE DOILY DELUXE SEWING KIT,0.0056056276104638385
22526,WHEELBARROW FOR CHILDREN,0.005578149043745879
21581,SKULLS DESIGN COTTON TOTE BAG,0.005578149043745879
84519A,TOMATO CHARLIE+LOLA COASTER SET,0.005578149043745879
20735,BLACK MINI TAPE MEASURE,0.005550670477027919
23190,BUNDLE OF 3 SCHOOL EXERCISE BOOKS,0.005550670477027919
22359,GLASS JAR KINGS CHOICE,0.005550670477027919
84968A,S/16 VINTAGE ROSE CUTLERY,0.005523191910309958
20770,ABSTRACT CIRCLE JOURNAL,0.005523191910309958
22299,PIG KEYRING WITH LIGHT & SOUND,0.005523191910309958
21191,LARGE WHITE HONEYCOMB PAPER BELL,0.005523191910309958
22559,SEASIDE FRISBEE,0.005523191910309958
22609,PENS ASSORTED SPACEBALL,0.005523191910309958
21541,DINOSAURS WATER TRANSFER TATTOOS,0.005523191910309958
84459A,PINK METAL CHICKEN HEART,0.005523191910309958
84596E,SMALL LICORICE DES PINK BOWL,0.005495713343591998
84913B,MINT GREEN ROSE TOWEL,0.005495713343591998
21330,WOODLAND ANIMAL WRITING SET,0.005495713343591998
20707,CRAZY DAISY HEART DECORATION,0.005468234776874038
21873,IF YOU CAN'T STAND THE HEAT MUG,0.005468234776874038
23032,DRAWER KNOB CRACKLE GLAZE IVORY,0.005468234776874038
23434,3 RAFFIA RIBBONS 50'S CHRISTMAS,0.005468234776874038
84558A,3D DOG PICTURE PLAYING CARDS,0.005468234776874038
22116,METAL SIGN HIS DINNER IS SERVED,0.005440756210156078
22410,MONEY BOX HOUSEKEEPING DESIGN,0.005440756210156078
23287,RED VINTAGE SPOT BEAKER,0.005440756210156078
85131A,BEADED PEARL HEART WHITE ON STICK,0.005440756210156078
21214,SET OF 72 IVORY PAPER DOILIES,0.005413277643438118
22902,TOTE BAG I LOVE LONDON,0.005413277643438118
85034C,3 ROSE MORRIS BOXED CANDLES,0.005413277643438118
85068,CREAM SWEETHEART SHELF + HOOKS,0.005413277643438118
85035C,ROSE 3 WICK MORRIS BOX CANDLE,0.005413277643438118
22163,HEART STRING MEMO HOLDER HANGING,0.005413277643438118
21650,ASSORTED TUTTI FRUTTI BRACELET,0.005413277643438118
22500,SET OF 2 TINS JARDIN DE PROVENCE,0.005413277643438118
23396,BUTTERFLY CUSHION COVER,0.005385799076720158
84509B,FAIRY CAKE PLACEMATS,0.005385799076720158
22145,CHRISTMAS CRAFT HEART STOCKING,0.005385799076720158
84559B,3D SHEET OF CAT STICKERS,0.005358320510002198
22673,FRENCH GARDEN SIGN BLUE METAL,0.005358320510002198
23366,SET 12 COLOURING PENCILS DOILY,0.005358320510002198
23291,DOLLY GIRL CHILDRENS CUP,0.005358320510002198
47503A,ASS FLORAL PRINT MULTI SCREWDRIVER,0.005358320510002198
22789,T-LIGHT HOLDER SWEETHEART HANGING,0.005358320510002198
22286,"DECORATION , WOBBLY RABBIT , METAL",0.005358320510002198
20619,TROPICAL PASSPORT COVER,0.005330841943284238
21454,PAINTED PINK RABBIT,0.005330841943284238
22905,CALENDAR IN SEASON DESIGN,0.005330841943284238
22778,GLASS CLOCHE SMALL,0.005330841943284238
22415,WHITE TISSUE REAM,0.005330841943284238
84944,SET OF 6 KASHMIR FOLKART BAUBLES,0.005330841943284238
20615,BLUE SPOTTY PASSPORT COVER,0.005330841943284238
22611,VINTAGE UNION JACK SHOPPING BAG,0.005330841943284238
22975,SPACEBOY CHILDRENS EGG CUP,0.005303363376566278
23497,CLASSIC CHROME BICYCLE BELL,0.005303363376566278
22230,JIGSAW TREE WITH WATERING CAN,0.005303363376566278
22915,ASSORTED BOTTLE TOP MAGNETS,0.005303363376566278
84990,60 GOLD AND SILVER FAIRY CAKE CASES,0.005303363376566278
21056,DOCTOR'S BAG SOFT TOY,0.005303363376566278
22660,DOORMAT I LOVE LONDON,0.005303363376566278
20764,ABSTRACT CIRCLES SKETCHBOOK,0.005303363376566278
22128,PARTY CONES CANDY ASSORTED,0.005303363376566278
21614,SET OF 12 ROSE BOTANICAL T-LIGHTS,0.005303363376566278
23127,DOLLCRAFT GIRL NICOLE,0.005303363376566278
22496,SET OF 2 ROUND TINS DUTCH CHEESE,0.005303363376566278
21077,SET/20 WOODLAND PAPER NAPKINS,0.005275884809848318
23210,WHITE ROCKING HORSE HAND PAINTED,0.005275884809848318
23002,TRAVEL CARD WALLET SKULLS,0.005275884809848318
22779,WOODEN OWLS LIGHT GARLAND,0.005275884809848318
21927,BLUE/CREAM STRIPE CUSHION COVER,0.005275884809848318
21742,LARGE ROUND WICKER PLATTER,0.005275884809848318
21616,4 PEAR BOTANICAL DINNER CANDLES,0.0052484062431303585
23289,DOLLY GIRL CHILDRENS BOWL,0.0052484062431303585
22925,BLUE GIANT GARDEN THERMOMETER,0.0052484062431303585
23285,PINK VINTAGE SPOT BEAKER,0.0052484062431303585
22122,SET OF 2 FANCY FONT TEA TOWELS,0.0052484062431303585
23035,DRAWER KNOB CERAMIC IVORY,0.0052484062431303585
22894,TABLECLOTH RED APPLES DESIGN,0.0052484062431303585
21741,COSY SLIPPER SHOES LARGE GREEN,0.0052209276764123985
23569,TRADTIONAL ALPHABET STAMP SET,0.0052209276764123985
21542,WOODLAND WATER TRANSFER TATTOOS,0.0052209276764123985
22683,"FRENCH BLUE METAL DOOR SIGN, 8",0.0052209276764123985
20866,BLUE ROSE FABRIC MIRROR,0.0052209276764123985
22428,ENAMEL FIRE BUCKET CREAM,0.0052209276764123985
84968C,S/16 VINTAGE PISTACHIO CUTLERY,0.0052209276764123985
15044B,BLUE PAPER PARASOL,0.005193449109694439
22681,"FRENCH BLUE METAL DOOR SIGN, 6",0.005193449109694439
20655,QUEEN OF SKIES LUGGAGE TAG,0.005193449109694439
22599,CHRISTMAS MUSICAL ZINC STAR,0.005193449109694439
35001W,HAND OPEN SHAPE DECO.WHITE,0.005193449109694439
22930,BAKING MOULD HEART MILK CHOCOLATE,0.005193449109694439
22547,MINI JIGSAW DINOSAUR,0.005193449109694439
22540,MINI JIGSAW CIRCUS PARADE,0.005193449109694439
22343,PARTY PIZZA DISH RED WHITE SPOT,0.005165970542976479
21014,SWISS CHALET TREE DECORATION,0.005165970542976479
22246,"GARLAND, MAGIC GARDEN 1.8M",0.005165970542976479
35924,HANGING FAIRY CAKE DECORATION,0.005165970542976479
82613C,"METAL SIGN,CUPCAKE SINGLE HOOK",0.005138491976258519
22615,PACK OF 12 CIRCUS PARADE TISSUES,0.005138491976258519
22509,SEWING BOX RETROSPOT DESIGN,0.005138491976258519
84534B,FAIRY CAKE NOTEBOOK A5 SIZE,0.005138491976258519
85216,ASSORTED CAKES FRIDGE MAGNETS,0.005138491976258519
21465,PINK FLOWER CROCHET FOOD COVER,0.005138491976258519
35832,WOOLLY HAT SOCK GLOVE ADVENT STRING,0.005138491976258519
22821,GIFT BAG PSYCHEDELIC APPLES,0.005111013409540559
23049,RECYCLED ACAPULCO MAT RED,0.005111013409540559
17084N,FAIRY DREAMS INCENSE,0.005111013409540559
21015,DARK BIRD HOUSE TREE DECORATION,0.005111013409540559
23212,HEART WREATH DECORATION WITH BELL,0.005111013409540559
22446,PIN CUSHION RUSSIAN DOLL PINK,0.005111013409540559
23371,SET 36 COLOUR PENCILS SPACEBOY,0.005083534842822598
23288,GREEN VINTAGE SPOT BEAKER,0.005083534842822598
22229,BUNNY WOODEN PAINTED WITH FLOWER,0.005083534842822598
23130,MISTLETOE HEART WREATH GREEN,0.005056056276104638
22955,36 FOIL STAR CAKE CASES,0.005056056276104638
22340,NOEL GARLAND PAINTED ZINC,0.005056056276104638
21112,"SWISS ROLL TOWEL, PINK SPOTS",0.005056056276104638
22172,METAL SHELF WITH RAIL,0.005056056276104638
23007,SPACEBOY BABY GIFT SET,0.005056056276104638
22774,RED DRAWER KNOB ACRYLIC EDWARDIAN,0.005056056276104638
22545,MINI JIGSAW BUNNIES,0.005056056276104638
23346,SPACEBOY BEAKER,0.005056056276104638
22396,MAGNETS PACK OF 4 RETRO PHOTO,0.005056056276104638
21813,GARLAND WITH STARS AND BELLS,0.005056056276104638
21002,ROSE DU SUD DRAWSTRING BAG,0.005056056276104638
20748,KENSINGTON COFFEE SET,0.005028577709386678
20686,DOLLY MIXTURE CHILDREN'S UMBRELLA,0.005028577709386678
21482,MUSHROOM BLUE HOT WATER BOTTLE,0.005028577709386678
22125,UNION JACK HOT WATER BOTTLE,0.005028577709386678
72802A,ROSE SCENT CANDLE IN JEWELLED BOX,0.005001099142668718
85206B,PINK FELT EASTER EGG BASKET,0.005001099142668718
22822,CREAM WALL PLANTER HEART SHAPED,0.005001099142668718
22247,BUNNY DECORATION MAGIC GARDEN,0.005001099142668718
21054,NURSE'S BAG SOFT TOY,0.005001099142668718
22682,"FRENCH BLUE METAL DOOR SIGN, 7",0.005001099142668718
22893,MINI CAKE STAND T-LIGHT HOLDER,0.005001099142668718
84670,JAPANESE CROCHETED ANIMAL,0.005001099142668718
72586,"S/6 HALLOWEEN GHOST T LIGHTS, 5CM H",0.005001099142668718
21743,STAR PORTABLE TABLE LIGHT,0.005001099142668718
85185B,PINK HORSE SOCK PUPPET,0.005001099142668718
22711,WRAP CIRCUS PARADE,0.004973620575950758
22546,MINI JIGSAW FIDO,0.004973620575950758
21143,ANTIQUE GLASS HEART DECORATION,0.004973620575950758
22939,APRON APPLE DELIGHT,0.004946142009232798
85116,BLACK CANDELABRA T-LIGHT HOLDER,0.004946142009232798
21828,EIGHT PIECE SNAKE SET,0.004946142009232798
22742,MAKE YOUR OWN PLAYTIME CARD KIT,0.004946142009232798
21397,BLUE SPOTTY EGG CUP,0.004946142009232798
22096,PINK PAISLEY SQUARE TISSUE BOX,0.004946142009232798
22948,METAL DECORATION NAUGHTY CHILDREN,0.004946142009232798
22780,LIGHT GARLAND BUTTERFILES PINK,0.004918663442514838
21820,GLITTER HEART GARLAND WITH BELLS,0.004918663442514838
22450,SILK PURSE RUSSIAN DOLL BLUE,0.004918663442514838
85063,CREAM SWEETHEART MAGAZINE RACK,0.004918663442514838
84569D,PACK 6 HEART/ICE-CREAM PATCHES,0.004918663442514838
22454,MEASURING TAPE RUSSIAN DOLL RED,0.004918663442514838
20767,BLUE PAISLEY JOURNAL,0.004918663442514838
84012,MAGIC SHEEP WOOL GROWING FROM PAPER,0.004918663442514838
22320,BIRDS MOBILE VINTAGE DESIGN,0.004918663442514838
23239,SET OF 4 KNICK KNACK TINS POPPIES,0.004891184875796878
21784,SHOE SHINE BOX,0.004891184875796878
21724,PANDA AND BUNNIES STICKER SHEET,0.004891184875796878
72799E,IVORY PILLAR CANDLE SILVER FLOCK,0.004891184875796878
17091J,VANILLA INCENSE IN TIN,0.004891184875796878
84796B,BLUE SAVANNAH PICNIC HAMPER FOR 2,0.004891184875796878
35095B,RED VICTORIAN FABRIC OVAL BOX,0.0048637063090789185
22949,36 DOILIES DOLLY GIRL,0.0048637063090789185
84993A,75 GREEN PETIT FOUR CASES,0.0048637063090789185
21739,COSY SLIPPER SHOES SMALL GREEN,0.0048637063090789185
85035A,GARDENIA 3 WICK MORRIS BOXED CANDLE,0.0048637063090789185
21794,CLASSIC FRENCH STYLE BASKET NATURAL,0.0048637063090789185
22843,BISCUIT TIN VINTAGE GREEN,0.0048637063090789185
35809A,ENAMEL PINK TEA CONTAINER,0.0048637063090789185
22416,36 DOILIES SPACEBOY DESIGN,0.0048362277423609585
21219,SET/4 BADGES BALLOON GIRL,0.0048362277423609585
20684,STRAWBERRY DREAM CHILDS UMBRELLA,0.0048362277423609585
37501,TEA TIME TEA SET IN GIFT BOX,0.0048362277423609585
22471,TV DINNER TRAY AIR HOSTESS,0.0048362277423609585
47505,MINATURE COLOURED GARDENING SET,0.0048362277423609585
23237,SET OF 4 KNICK KNACK TINS LEAVES,0.0048362277423609585
23378,PACK OF 12 50'S CHRISTMAS TISSUES,0.0048362277423609585
21717,EASTER TIN BUCKET,0.0048362277423609585
21157,RED SPOTTY WASHBAG,0.0048362277423609585
22532,MAGIC DRAWING SLATE LEAP FROG,0.004808749175642999
85067,CREAM SWEETHEART WALL CABINET,0.004808749175642999
21324,HANGING MEDINA LANTERN SMALL,0.004808749175642999
21351,CINAMMON & ORANGE WREATH,0.004808749175642999
22223,CAKE PLATE LOVEBIRD PINK,0.004808749175642999
23193,BUFFALO BILL TREASURE BOOK BOX,0.004808749175642999
23345,DOLLY GIRL BEAKER,0.004781270608925039
22129,PARTY CONES CANDY TREE DECORATION,0.004781270608925039
35965,FOLKART HEART NAPKIN RINGS,0.004781270608925039
85017A,ENVELOPE 50 ROMANTIC IMAGES,0.004781270608925039
21391,FRENCH EMROIDR LAVENDER SCENT HEART,0.004781270608925039
23162,REGENCY TEA STRAINER,0.004753792042207079
22248,DECORATION PINK CHICK MAGIC GARDEN,0.004753792042207079
21725,SWEETIES STICKERS,0.004753792042207079
23006,TRAVEL CARD WALLET FLOWER MEADOW,0.004753792042207079
22319,HAIRCLIPS FORTIES FABRIC ASSORTED,0.004753792042207079
20652,BLUE SPOTTY LUGGAGE TAG,0.004726313475489119
22442,GROW YOUR OWN FLOWERS SET OF 3,0.004726313475489119
47310M,"SMALL POP BOX,FUNKY MONKEY",0.004726313475489119
21807,WHITE CHRISTMAS STAR DECORATION,0.004726313475489119
21580,RABBIT DESIGN COTTON TOTE BAG,0.004726313475489119
22459,CAST IRON HOOK GARDEN TROWEL,0.004726313475489119
23129,HEART SHAPED HOLLY WREATH,0.004726313475489119
22182,CAKE STAND VICTORIAN FILIGREE SMALL,0.004726313475489119
21462,"NURSERY A,B,C PAINTED LETTERS",0.004698834908771159
37502,TEA TIME MUG IN GIFT BOX,0.004698834908771159
22458,CAST IRON HOOK GARDEN FORK,0.004698834908771159
85183B,CHARLIE & LOLA WASTEPAPER BIN FLORA,0.004698834908771159
21972,SET OF 36 DINOSAUR PAPER DOILIES,0.004698834908771159
35810A,ENAMEL PINK COFFEE CONTAINER,0.004698834908771159
22914,BLUE COAT RACK PARIS FASHION,0.004671356342053199
84763,ZINC FINISH 15CM PLANTER POTS,0.004671356342053199
22438,BALLOON ART MAKE YOUR OWN FLOWERS,0.004671356342053199
22710,WRAP I LOVE LONDON,0.004671356342053199
79323LP,LIGHT PINK CHERRY LIGHTS,0.004671356342053199
22608,PENS ASSORTED FUNKY JEWELED,0.004671356342053199
21349,IVY HEART WREATH,0.004643877775335238
22363,GLASS JAR MARMALADE,0.004643877775335238
22204,MILK PAN BLUE RETROSPOT,0.004643877775335238
22863,SOAP DISH BROCANTE,0.004643877775335238
20846,ZINC HEART LATTICE T-LIGHT HOLDER,0.004643877775335238
20703,BLUE PADDED SOFT MOBILE,0.004643877775335238
21106,CREAM SLICE FLANNEL CHOCOLATE SPOT,0.004643877775335238
22513,DOORSTOP FOOTBALL DESIGN,0.004643877775335238
21707,"FOLDING UMBRELLA , BLACK/BLUE SPOT",0.004643877775335238
85214,TUB 24 PINK FLOWER PEGS,0.004643877775335238
20777,CHRYSANTHEMUM NOTEBOOK,0.004643877775335238
23365,SET 12 COLOUR PENCILS LOVE LONDON,0.004643877775335238
21617,4 LILY BOTANICAL DINNER CANDLES,0.004643877775335238
21615,4 LAVENDER BOTANICAL DINNER CANDLES,0.004643877775335238
23145,ZINC T-LIGHT HOLDER STAR LARGE,0.004643877775335238
85129D,BEADED CRYSTAL HEART PINK SMALL,0.004616399208617278
22265,EASTER DECORATION NATURAL CHICK,0.004616399208617278
23404,HOME SWEET HOME BLACKBOARD,0.004616399208617278
22264,FELT FARM ANIMAL WHITE BUNNY,0.004616399208617278
21455,PAINTED YELLOW WOODEN DAISY,0.004588920641899318
22304,COFFEE MUG BLUE PAISLEY DESIGN,0.004588920641899318
10125,MINI FUNKY DESIGN TAPES,0.004588920641899318
21064,BOOM BOX SPEAKER BOYS,0.004588920641899318
21364,PEACE SMALL WOOD LETTERS,0.004588920641899318
85016,SET OF 6 VINTAGE NOTELETS KIT,0.004588920641899318
21925,UNION STRIPE CUSHION COVER,0.004588920641899318
35095A,BLUE VICTORIAN FABRIC OVAL BOX,0.004561442075181358
22123,PING MICROWAVE APRON,0.004561442075181358
22201,FRYING PAN BLUE POLKADOT,0.004561442075181358
22317,FIVE CATS HANGING DECORATION,0.004561442075181358
85071B,RED CHARLIE+LOLA PERSONAL DOORSIGN,0.004533963508463398
22703,PINK CAT BOWL,0.004533963508463398
23348,CHILDRENS TOY COOKING UTENSIL SET,0.004533963508463398
85036A,GARDENIA 1 WICK MORRIS BOXED CANDLE,0.004533963508463398
22859,EASTER TIN BUNNY BOUQUET,0.004533963508463398
22409,MONEY BOX BISCUITS DESIGN,0.004506484941745438
16225,RATTLE SNAKE EGGS,0.004506484941745438
85217,ASSORTED ICE CREAM FRIDGE MAGNETS,0.004506484941745438
22233,JIGSAW RABBIT AND BIRDHOUSE,0.004506484941745438
22911,PAPER CHAIN KIT LONDON,0.004506484941745438
23053,RECYCLED ACAPULCO MAT PINK,0.004506484941745438
21737,SET 3 WICKER LOG BASKETS,0.0044790063750274785
22306,SILVER MUG BONE CHINA TREE OF LIFE,0.0044790063750274785
23390,DOLLY GIRL MINI BACKPACK,0.0044790063750274785
23157,SET OF 6 NATIVITY MAGNETS,0.0044790063750274785
22990,COTTON APRON PANTRY DESIGN,0.0044790063750274785
21082,SET/20 FRUIT SALAD PAPER NAPKINS,0.0044790063750274785
21061,PARTY INVITES FOOTBALL,0.0044790063750274785
22516,CHILDS GARDEN RAKE BLUE,0.0044515278083095185
22927,GREEN GIANT GARDEN THERMOMETER,0.0044515278083095185
23342,MINT DINER WALL CLOCK,0.0044515278083095185
23051,RECYCLED ACAPULCO MAT BLUE,0.0044515278083095185
22684,"FRENCH BLUE METAL DOOR SIGN, 9",0.0044515278083095185
21667,GLASS CAKE COVER AND PLATE,0.0044515278083095185
85078,SCANDINAVIAN 3 HEARTS NAPKIN RING,0.0044515278083095185
23297,SET 40 HEART SHAPE PETIT FOUR CASES,0.004424049241591559
21768,WALL MOUNTED VINTAGE ORGANISER,0.004424049241591559
21530,DAIRY MAID CERAMIC TOASTRACK,0.004424049241591559
21884,CAKES AND BOWS GIFT TAPE,0.004424049241591559
85032A,ROMANTIC IMAGES GIFT WRAP SET,0.004424049241591559
22849,"BREAD BIN, DINER STYLE, MINT",0.004424049241591559
22266,EASTER DECORATION HANGING BUNNY,0.004424049241591559
85114C,RED ENCHANTED FOREST PLACEMAT,0.004424049241591559
20772,GARDEN PATH JOURNAL,0.004424049241591559
85032C,CURIOUS IMAGES GIFT WRAP SET,0.004424049241591559
22937,BAKING MOULD CHOCOLATE CUPCAKES,0.004396570674873599
22194,BLACK DINER WALL CLOCK,0.004396570674873599
22685,"FRENCH BLUE METAL DOOR SIGN, 0",0.004396570674873599
23211,RED ROCKING HORSE HAND PAINTED,0.004369092108155639
22708,WRAP DOLLY GIRL,0.004369092108155639
22166,"WALL MIRROR , RECT DIAMANTE, PINK/",0.004369092108155639
84509G,FAIRY CAKE PLACEMATS,0.004369092108155639
85186A,EASTER BUNNY GARLAND OF FLOWERS,0.004369092108155639
21676,FLOWERS STICKERS,0.004369092108155639
22852,ENAMEL DOG BOWL CREAM,0.004369092108155639
21220,SET/4 BADGES DOGS,0.004369092108155639
47591C,BLUE FAIRY CAKE CHILD'S APRON,0.004369092108155639
22060,LARGE CAKE STAND HANGING HEARTS,0.004341613541437679
21248,DOOR HANGER MUM + DADS ROOM,0.004341613541437679
21845,DAIRY MAID STRIPE MUG,0.004341613541437679
21352,EUCALYPTUS & PINECONE WREATH,0.004341613541437679
23255,CHILDRENS CUTLERY CIRCUS PARADE,0.004341613541437679
23152,IVORY SWEETHEART WIRE LETTER RACK,0.004341613541437679
22280,POCKET BAG PINK PAISELY BROWN SPOT,0.004341613541437679
72598,SET/12 TAPER CANDLES,0.004341613541437679
20832,RED FLOCK LOVE HEART PHOTO FRAME,0.004341613541437679
22232,3 PIECE JIGSAW TOADSTOOLS,0.004341613541437679
22944,CHRISTMAS METAL POSTCARD WITH BELLS,0.004341613541437679
23233,WRAP POPPIES DESIGN,0.004341613541437679
23280,FOLDING BUTTERFLY MIRROR HOT PINK,0.004314134974719719
46776F,WOVEN ROSE GARDEN CUSHION COVER,0.004314134974719719
23489,"GARLAND, VINTAGE BELLS",0.004314134974719719
21403,BLUE EGG SPOON,0.004314134974719719
79191C,RETRO PLASTIC ELEPHANT TRAY,0.004314134974719719
82607A,GLASS BONBON JAR PARFUME AUX FLEURE,0.004314134974719719
22701,PINK DOG BOWL,0.004314134974719719
20931,BLUE POT PLANT CANDLE,0.004286656408001759
23102,SILVER HEARTS TABLE DECORATION,0.004286656408001759
22221,CAKE STAND LOVEBIRD 2 TIER PINK,0.004286656408001759
23029,DRAWER KNOB CRACKLE GLAZE GREEN,0.004286656408001759
15058B,PINK WHITE SPOTS GARDEN PARASOL,0.004286656408001759
22529,MAGIC DRAWING SLATE GO TO THE FAIR,0.004259177841283799
20766,GARDEN PATH SKETCHBOOK,0.004259177841283799
35953,FOLKART STAR CHRISTMAS DECORATIONS,0.004259177841283799
23376,PACK OF 12 VINTAGE CHRISTMAS TISSUE,0.004259177841283799
22973,CHILDRENS CIRCUS PARADE MUG,0.004259177841283799
23133,LARGE IVORY HEART WALL ORGANISER,0.004259177841283799
23031,DRAWER KNOB CRACKLE GLAZE PINK,0.004259177841283799
21726,MULTI HEARTS STICKERS,0.004259177841283799
22127,PARTY CONES CARNIVAL ASSORTED,0.004231699274565839
23388,WOODLAND MINI BACKPACK,0.004231699274565839
85204,HANGING WOOD AND FELT FLOWER,0.004231699274565839
22270,HAPPY EASTER HANGING DECORATION,0.004204220707847878
21821,GLITTER STAR GARLAND WITH BELLS,0.004204220707847878
84985A,SET OF 72 GREEN PAPER DOILIES,0.004204220707847878
21747,SMALL SKULL WINDMILL,0.004204220707847878
20867,PINK ROSE FABRIC MIRROR,0.004204220707847878
46776B,WOVEN BERRIES CUSHION COVER,0.004204220707847878
21291,SMALL SPOTTY CHOCOLATE GIFT BAG,0.004204220707847878
21879,HEARTS GIFT TAPE,0.004176742141129918
23213,STAR WREATH DECORATION WITH BELL,0.004176742141129918
21529,RETRO SPOT CERAMIC TOASTRACK,0.004176742141129918
23132,SMALL IVORY HEART WALL ORGANISER,0.004176742141129918
85186C,BUNNY EGG GARLAND,0.004176742141129918
23541,WALL ART CLASSIC PUDDINGS,0.004176742141129918
85034B,3 WHITE CHOC MORRIS BOXED CANDLES,0.004176742141129918
21382,SET/4 SPRING FLOWER DECORATION,0.004176742141129918
22324,BLUE POLKADOT KIDS BAG,0.004176742141129918
21683,MEDIUM MEDINA STAMPED METAL BOWL,0.004176742141129918
85032B,BLOSSOM IMAGES GIFT WRAP SET,0.004176742141129918
85093,CANDY SPOT EGG WARMER HARE,0.004176742141129918
22517,CHILDS GARDEN RAKE PINK,0.004176742141129918
85086A,CANDY SPOT HEART DECORATION,0.004176742141129918
84989A,75 GREEN FAIRY CAKE CASES,0.004176742141129918
85170D,SET/6 PINK BIRD T-LIGHT CANDLES,0.004149263574411958
21060,PARTY INVITES BALLOON GIRL,0.004149263574411958
22848,BREAD BIN DINER STYLE PINK,0.004149263574411958
23340,VINTAGE CHRISTMAS CAKE FRILL,0.004149263574411958
85169A,IVORY LOVE BIRD CANDLE,0.004149263574411958
21682,LARGE MEDINA STAMPED METAL BOWL,0.004149263574411958
47563A,RETRO LONGBOARD IRONING BOARD COVER,0.004149263574411958
23370,SET 36 COLOUR PENCILS DOILEY,0.004121785007693998
22705,WRAP GREEN PEARS,0.004121785007693998
85173,SET/6 FROG PRINCE T-LIGHT CANDLES,0.004121785007693998
79320,FLAMINGO LIGHTS,0.004121785007693998
90200D,PINK SWEETHEART BRACELET,0.004121785007693998
21394,RED SPOTTY BEAKER,0.004121785007693998
85172,HYACINTH BULB T-LIGHT CANDLES,0.004121785007693998
23394,POSTE FRANCE CUSHION COVER,0.004121785007693998
47480,HANGING PHOTO CLIP ROPE LADDER,0.004121785007693998
23119,PACK OF 6 LARGE FRUIT STRAWS,0.004121785007693998
21410,COUNTRY COTTAGE DOORSTOP GREEN,0.004121785007693998
21384,IVORY HANGING DECORATION BUTTERFLY,0.004121785007693998
21402,RED EGG SPOON,0.004121785007693998
84923,PINK BUTTERFLY HANDBAG W BOBBLES,0.004121785007693998
22687,DOORMAT CHRISTMAS VILLAGE,0.0040943064409760385
21943,CAKES AND RABBITS DESIGN FLANNEL,0.0040943064409760385
21195,PINK HONEYCOMB PAPER BALL,0.0040943064409760385
21199,PINK HEART CONFETTI IN TUBE,0.0040943064409760385
23090,VINTAGE GLASS T-LIGHT HOLDER,0.0040943064409760385
16169E,WRAP 50'S CHRISTMAS,0.0040943064409760385
20768,GREEN FERN JOURNAL,0.0040943064409760385
22976,CIRCUS PARADE CHILDRENS EGG CUP,0.0040943064409760385
22281,EASTER TREE YELLOW BIRDS,0.0040943064409760385
21611,SET OF 12 LILY BOTANICAL T-LIGHTS,0.0040668278742580785
21851,LILAC DIAMANTE PEN IN GIFT BOX,0.0040668278742580785
22254,FELT TOADSTOOL LARGE,0.0040668278742580785
47585A,PINK FAIRY CAKE CUSHION COVER,0.0040668278742580785
23372,SET 36 COLOUR PENCILS DOLLY GIRL,0.004039349307540119
35957,SMALLFOLKART BAUBLE CHRISTMAS DEC,0.004039349307540119
84510B,SET OF 4 FAIRY CAKES COASTERS,0.004039349307540119
85071A,BLUE CHARLIE+LOLA PERSONAL DOORSIGN,0.004039349307540119
21926,RED/CREAM STRIPE CUSHION COVER,0.004011870740822159
21445,12 PINK ROSE PEG PLACE SETTINGS,0.004011870740822159
22853,ENAMEL CAT BOWL CREAM,0.004011870740822159
85194L,HANGING SPRING FLOWER EGG LARGE,0.004011870740822159
23299,FOOD COVER WITH BEADS SET 2,0.004011870740822159
22461,SAVOY ART DECO CLOCK,0.004011870740822159
85087,CANDY SPOT CUSHION COVER,0.004011870740822159
23506,MINI PLAYING CARDS SPACEBOY,0.004011870740822159
21422,PORCELAIN ROSE SMALL,0.004011870740822159
22337,ANGEL DECORATION PAINTED ZINC,0.004011870740822159
21904,HOUSE WRECKING METAL SIGN,0.003984392174104199
17129F,DEEP BLUE GLASS GEMS IN BAG,0.003984392174104199
20765,CHRYSANTHEMUM SKETCHBOOK,0.003984392174104199
23221,REINDEER HEART DECORATION SILVER,0.003984392174104199
22339,CHRISTMAS TREE PAINTED ZINC,0.003984392174104199
23096,PETIT TRAY CHIC,0.003984392174104199
22184,CAKE STAND VICTORIAN FILIGREE LARGE,0.003984392174104199
21203,BUTTERFLIES HONEYCOMB GARLAND,0.003984392174104199
15058A,BLUE WHITE SPOTS GARDEN PARASOL,0.003984392174104199
22453,MEASURING TAPE RUSSIAN DOLL BLUE,0.003956913607386239
21647,ASSORTED TUTTI FRUTTI LARGE PURSE,0.003956913607386239
22305,COFFEE MUG PINK PAISLEY DESIGN,0.003956913607386239
85226A,WHITE/BLUE PULL BACK RACING CAR,0.003956913607386239
20761,BLUE PAISLEY SKETCHBOOK,0.003956913607386239
21721,CANDY SHOP STICKER SHEET,0.003956913607386239
21613,S/12 VANILLA BOTANICAL T-LIGHTS,0.003956913607386239
21187,WHITE BELL HONEYCOMB PAPER GARLAND,0.003956913607386239
22598,CHRISTMAS MUSICAL ZINC TREE,0.003956913607386239
71038,WHITE HANGING BEADS CANDLE HOLDER,0.003956913607386239
21205,MULTICOLOUR 3D BALLS GARLAND,0.003929435040668279
20671,BLUE TEATIME PRINT BOWL,0.003929435040668279
84837,WHITE SWEETHEARTS CABINET 4 DRAWERS,0.003929435040668279
21808,"CHRISTMAS GARLAND STARS,TREES",0.003929435040668279
21096,SET/6 FRUIT SALAD PAPER PLATES,0.003929435040668279
85177,BASKET OF FLOWERS SEWING KIT,0.003929435040668279
23526,DOG LICENCE WALL ART,0.003929435040668279
21765,HANGING METAL BIRD BATH,0.003929435040668279
35648,VINTAGE BEAD PINK PURSE,0.003929435040668279
82616C,MIDNIGHT GLAMOUR SCARF KNITTING KIT,0.003901956473950319
23093,SMALL PARISIENNE HEART PHOTO FRAME,0.003901956473950319
22255,FELT TOADSTOOL SMALL,0.003901956473950319
22031,BOTANICAL LAVENDER BIRTHDAY CARD,0.003901956473950319
21424,WOODLAND STORAGE BOX LARGE,0.003901956473950319
21468,BUTTERFLY CROCHET FOOD COVER,0.003901956473950319
21822,GLITTER CHRISTMAS TREE WITH BELLS,0.0038744779072323586
85183A,CHARLIE & LOLA WASTEPAPER BIN BLUE,0.0038744779072323586
21043,APRON MODERN VINTAGE COTTON,0.0038744779072323586
22642,SET OF 4 NAPKIN CHARMS STARS,0.0038744779072323586
21688,SILVER PLATE CANDLE BOWL SMALL,0.0038744779072323586
85071C,"CHARLIE+LOLA""EXTREMELY BUSY"" SIGN",0.0038744779072323586
21638,ASSORTED TUTTI FRUTTI NOTEBOOK,0.0038469993405143986
84840,SWEETHEART CARRY-ALL BASKET,0.0038469993405143986
22811,SET OF 6 T-LIGHTS CACTI,0.0038469993405143986
21792,CLASSIC FRENCH STYLE BASKET GREEN,0.0038469993405143986
21719,LOVELY BONBON STICKER SHEET,0.0038469993405143986
47504H,ENGLISH ROSE SPIRIT LEVEL,0.0038469993405143986
22092,BLUE PAISLEY TISSUE BOX,0.0038469993405143986
20771,CHRYSANTHEMUM JOURNAL,0.0038469993405143986
21284,RETRO SPOT CANDLE SMALL,0.0038469993405143986
22977,DOLLY GIRL CHILDRENS EGG CUP,0.0038469993405143986
23189,SET OF 12 FORK CANDLES,0.0038195207737964387
21656,RIDGED GLASS POSY VASE,0.0038195207737964387
20692,FLORAL ELEPHANT SOFT TOY,0.0038195207737964387
21153,RED SPOTTY TABLECLOTH,0.0038195207737964387
23128,FELTCRAFT BOY JEAN-PAUL KIT,0.0038195207737964387
21294,ETCHED GLASS COASTER,0.0038195207737964387
21618,4 WILDFLOWER BOTANICAL CANDLES,0.0038195207737964387
22858,EASTER TIN KEEPSAKE,0.0038195207737964387
20659,ECONOMY LUGGAGE TAG,0.0037920422070784787
84596J,MIXED NUTS LIGHT GREEN BOWL,0.0037920422070784787
23111,PARISIENNE SEWING BOX,0.0037920422070784787
23252,VINTAGE RED ENAMEL TRIM JUG,0.0037920422070784787
22181,SNOWSTORM PHOTO FRAME FRIDGE MAGNET,0.0037920422070784787
85232A,SET/3 POLKA DOT STACKING TINS,0.0037920422070784787
23028,DRAWER KNOB CRACKLE GLAZE BLUE,0.003764563640360519
22831,WHITE BROCANTE SOAP DISH,0.003764563640360519
20618,QUEEN OF THE SKIES PASSPORT COVER,0.003764563640360519
21804,WHITE CHRISTMAS GARLAND STARS TREES,0.003764563640360519
22797,CHEST OF DRAWERS GINGHAM HEART,0.003764563640360519
21209,MULTICOLOUR HONEYCOMB FAN,0.003764563640360519
22313,OFFICE MUG WARMER PINK,0.003764563640360519
21644,ASSORTED TUTTI FRUTTI HEART BOX,0.003764563640360519
22967,SET 3 SONG BIRD PAPER EGGS ASSORTED,0.003764563640360519
21579,LOLITA DESIGN COTTON TOTE BAG,0.003737085073642559
23068,ALUMINIUM STAMPED HEART,0.003737085073642559
72816,SET/3 CHRISTMAS DECOUPAGE CANDLES,0.003737085073642559
23551,PACK OF 12 PAISLEY PARK TISSUES,0.003737085073642559
21442,GREEN BIRDHOUSE DECORATION,0.003737085073642559
20762,GREEN FERN SKETCHBOOK,0.003737085073642559
21062,PARTY INVITES SPACEMAN,0.003737085073642559
21088,SET/6 FRUIT SALAD PAPER CUPS,0.003737085073642559
23282,FOLDING BUTTERFLY MIRROR IVORY,0.003709606506924599
23092,LARGE ANTIQUE WHITE PHOTO FRAME,0.003709606506924599
22036,DINOSAUR BIRTHDAY CARD,0.003709606506924599
22763,KEY CABINET MA CAMPAGNE,0.003709606506924599
84968B,S/16 VINTAGE IVORY CUTLERY,0.003709606506924599
18098c,PORCELAIN BUTTERFLY OIL BURNER,0.003709606506924599
84951A,S/4 PISTACHIO LOVEBIRD COASTERS,0.003709606506924599
79190B,RETRO PLASTIC POLKA TRAY,0.003709606506924599
23424,GINGHAM RECIPE BOOK BOX,0.003709606506924599
22985,"WRAP, BILLBOARD FONTS DESIGN",0.003709606506924599
21723,ALPHABET HEARTS STICKER SHEET,0.003709606506924599
21827,EIGHT PIECE CREEPY CRAWLIE SET,0.003682127940206639
23403,LETTER HOLDER HOME SWEET HOME,0.003682127940206639
23155,KNICKERBOCKERGLORY MAGNET ASSORTED,0.003682127940206639
21555,CERAMIC STRAWBERRY TRINKET TRAY,0.003682127940206639
23081,GREEN METAL BOX ARMY SUPPLIES,0.003682127940206639
85032D,YULETIDE IMAGES GIFT WRAP SET,0.0036546493734886786
23122,PARTY CHARMS 50 PIECES,0.0036546493734886786
85034A,3 GARDENIA MORRIS BOXED CANDLES,0.0036546493734886786
22344,PARTY PIZZA DISH PINK+WHITE SPOT,0.0036546493734886786
21849,SILVER DIAMANTE PEN IN GIFT BOX,0.0036546493734886786
21441,BLUE BIRDHOUSE DECORATION,0.0036546493734886786
22762,CUPBOARD 3 DRAWER MA CAMPAGNE,0.0036546493734886786
23377,PACK OF 12 DOLLY GIRL TISSUES,0.0036546493734886786
84356,POMPOM CURTAIN,0.0036546493734886786
84673B,BLUE FLY SWAT,0.0036546493734886786
23407,SET OF 2 TRAYS HOME SWEET HOME,0.0036546493734886786
21222,SET/4 BADGES BEETLES,0.0036546493734886786
21645,ASSORTED TUTTI FRUTTI ROUND BOX,0.0036546493734886786
35964,FOLKART CLIP ON STARS,0.0036271708067707187
21348,PINK SPOTS CHOCOLATE NESTING BOXES,0.0036271708067707187
22124,SET OF 2 TEA TOWELS PING MICROWAVE,0.0036271708067707187
21262,WHITE GOOSE FEATHER CHRISTMAS TREE,0.0036271708067707187
23008,DOLLY GIRL BABY GIFT SET,0.0036271708067707187
21251,DINOSAUR HEIGHT CHART STICKER SET,0.0036271708067707187
21066,VINTAGE RED MUG,0.0035996922400527587
23437,50'S CHRISTMAS GIFT BAG LARGE,0.0035996922400527587
22258,FELT FARM ANIMAL RABBIT,0.0035996922400527587
21738,COSY SLIPPER SHOES SMALL RED,0.0035996922400527587
37342,SPOTTY COFFEE CUP & SAUCER,0.0035996922400527587
85194S,HANGING SPRING FLOWER EGG SMALL,0.0035996922400527587
35241,ENAMEL BLUE RIM BISCUIT BIN,0.003572213673334799
21817,GLITTER CHRISTMAS TREE,0.003572213673334799
21841,BABY MOUSE RED GINGHAM DRESS,0.003572213673334799
84968F,S/16 VINTAGE SKY BLUE CUTLERY,0.003572213673334799
23054,RECYCLED ACAPULCO MAT LAVENDER,0.003572213673334799
84795C,OCEAN STRIPE HAMMOCK,0.003572213673334799
23374,RED SPOT PAPER GIFT BAG,0.003572213673334799
23334,IVORY WICKER HEART SMALL,0.003572213673334799
47574A,ENGLISH ROSE SCENTED HANGING FLOWER,0.003544735106616839
21708,FOLDING UMBRELLA CREAM/MULTI SPOT,0.003544735106616839
22931,BAKING MOULD HEART WHITE CHOCOLATE,0.003544735106616839
85035B,CHOCOLATE 3 WICK MORRIS BOX CANDLE,0.003544735106616839
72756,FAIRY CAKE CANDLES,0.003517256539898879
22345,PARTY PIZZA DISH BLUE+WHITE SPOT,0.003517256539898879
22052,VINTAGE CARAVAN GIFT WRAP,0.003517256539898879
21188,3D HEARTS HONEYCOMB PAPER GARLAND,0.003517256539898879
22042,CHRISTMAS CARD SINGING ANGEL,0.003517256539898879
21806,WHITE CHRISTMAS HEART DECORATION,0.003517256539898879
20622,VIPPASSPORT COVER,0.003517256539898879
22033,BOTANICAL ROSE GREETING CARD,0.003517256539898879
22100,SKULLS SQUARE TISSUE BOX,0.003489777973180919
22108,PING! MICROWAVE PLATE,0.003489777973180919
20998,ROSE DU SUD OVEN GLOVE,0.003489777973180919
85036C,ROSE 1 WICK MORRIS BOXED CANDLE,0.003489777973180919
21051,RIBBONS PURSE,0.003489777973180919
23681,LUNCH BAG RED VINTAGE DOILY,0.003489777973180919
21200,MULTICOLOUR HONEYCOMB PAPER GARLAND,0.003462299406462959
82616B,FRAPPUCINO SCARF KNITTING KIT,0.003462299406462959
21398,RED SPOTTY COFFEE MUG,0.003462299406462959
72818,CHRISTMAS DECOUPAGE CANDLE,0.003462299406462959
17012B,ORIGAMI JASMINE INCENSE/CANDLE SET,0.003462299406462959
22062,CERAMIC BOWL WITH LOVE HEART DESIGN,0.003462299406462959
16219,HOUSE SHAPE PENCIL SHARPENER,0.003462299406462959
23369,SET 36 COLOUR PENCILS LOVE LONDON,0.003462299406462959
82605,OLD DOC.RUSSEL METAL SIGN,0.0034348208397449987
21379,CAMPHOR WOOD PORTOBELLO MUSHROOM,0.0034348208397449987
23270,SET OF 2 CERAMIC PAINTED HEARTS,0.0034348208397449987
20871,OPULENT VELVET SET/3 CANDLES,0.0034348208397449987
84352,SILVER CHRISTMAS TREE BAUBLE STAND,0.0034348208397449987
85025C,PINK HEART SHAPE PHOTO FRAME,0.0034348208397449987
22043,CHRISTMAS CARD SCREEN PRINT,0.0034348208397449987
22177,5 HOOK BLACKBOARD ORGANISER,0.0034348208397449987
22706,WRAP COWBOYS,0.0034348208397449987
84685,BEACH HUT KEY CABINET,0.0034348208397449987
84789,ENCHANTED BIRD PLANT CAGE,0.0034073422730270387
23228,FILIGREE HEART BIRD WHITE,0.0034073422730270387
22157,ANGEL DECORATION WITH LACE PADDED,0.0034073422730270387
21026,SPACE OWL,0.0034073422730270387
47597,NEW ENGLAND TEATOWELS,0.0034073422730270387
23559,WOODLAND BUNNIES LOLLY MAKERS,0.0034073422730270387
21651,HANGING GLASS ETCHED TEALIGHT,0.0034073422730270387
20941,FROG CANDLE,0.003379863706309079
85132B,CHARLIE AND LOLA TABLE TINS,0.003379863706309079
20661,BLUE SPOTTY PURSE,0.003379863706309079
22913,RED COAT RACK PARIS FASHION,0.003352385139591119
22785,CUSHION COVER PINK UNION FLAG,0.003352385139591119
20856,DENIM PATCH PURSE PINK BUTTERFLY,0.003352385139591119
21189,WHITE HONEYCOMB PAPER GARLAND,0.003352385139591119
85136C,RED SHARK HELICOPTER,0.003352385139591119
20755,BLUE PAISLEY POCKET BOOK,0.003352385139591119
47594B,SCOTTIES DESIGN WASHBAG,0.003352385139591119
21253,SET OF PICTURE FRAME STICKERS,0.003352385139591119
84937,KASHMIR FOLKART TUMBLERS,0.003352385139591119
85212,MINI PAINTED GARDEN DECORATION,0.003324906572873159
22448,PIN CUSHION RUSSIAN DOLL RED,0.003324906572873159
15058C,ICE CREAM DESIGN GARDEN PARASOL,0.003324906572873159
23380,PACK OF 12 VINTAGE DOILY TISSUES,0.003324906572873159
22933,BAKING MOULD EASTER EGG MILK CHOC,0.003324906572873159
22287,"DECORATION , WOBBLY CHICKEN, METAL",0.003324906572873159
79030G,"TUMBLER, NEW ENGLAND",0.003324906572873159
21401,BLUE PUDDING SPOON,0.003324906572873159
46776A,WOVEN BUBBLE GUM CUSHION COVER,0.003324906572873159
21924,BLUE/CREAM STRIPE FRINGE HAMMOCK,0.003324906572873159
40001,WHITE BAMBOO RIBS LAMPSHADE,0.003324906572873159
20729,RED SPOTTY CANDY BAG,0.003324906572873159
23341,PINK DINER WALL CLOCK,0.003324906572873159
20616,CHERRY BLOSSOM PASSPORT COVER,0.003324906572873159
85124C,GREEN JUICY FRUIT PHOTO FRAME,0.003324906572873159
22393,PAPERWEIGHT VINTAGE COLLAGE,0.003297428006155199
23510,MINI PLAYING CARDS GYMKHANA,0.003297428006155199
23508,MINI PLAYING CARDS DOLLY GIRL,0.003297428006155199
21208,PASTEL COLOUR HONEYCOMB FAN,0.003297428006155199
21693,SMALL HAMMERED SILVER CANDLEPOT,0.003297428006155199
23546,WRAP PAISLEY PARK,0.003297428006155199
84951B,S/4 BLACK LOVEBIRD COASTERS,0.003297428006155199
72122,COFFEE SCENT PILLAR CANDLE,0.003297428006155199
84341B,SMALL PINK MAGIC CHRISTMAS TREE,0.003297428006155199
84327A,PINK JUMPER LARRY THE LAMB,0.003297428006155199
20654,FIRST CLASS LUGGAGE TAG,0.003297428006155199
21882,SKULLS TAPE,0.003269949439437239
20774,GREEN FERN NOTEBOOK,0.003269949439437239
21547,CERAMIC BIRDHOUSE CRESTED TIT SMALL,0.003269949439437239
85017C,ENVELOPE 50 CURIOUS IMAGES,0.003269949439437239
22256,FELT FARM ANIMAL CHICKEN,0.003269949439437239
21427,SKULLS STORAGE BOX SMALL,0.003269949439437239
79190A,RETRO PLASTIC 70'S TRAY,0.003269949439437239
22288,"DECORATION , HANGING METAL RABBIT",0.003269949439437239
22316,200 BENDY SKULL STRAWS,0.003269949439437239
23274,STAR T-LIGHT HOLDER WILLIE WINKIE,0.003269949439437239
23507,MINI PLAYING CARDS BUFFALO BILL,0.003269949439437239
22953,BIRTHDAY PARTY CORDON BARRIER TAPE,0.003269949439437239
23251,VINTAGE RED ENAMEL TRIM MUG,0.003269949439437239
22760,"TRAY, BREAKFAST IN BED",0.003269949439437239
21065,BOOM BOX SPEAKER GIRLS,0.003242470872719279
20657,TROPICAL LUGGAGE TAG,0.003242470872719279
20839,FRENCH PAISLEY CUSHION COVER,0.003242470872719279
21278,VINTAGE KITCHEN PRINT PUDDINGS,0.003242470872719279
22543,MINI JIGSAW BAKE A CAKE,0.003242470872719279
21399,BLUE SPOTTY COFFEE MUG,0.003242470872719279
22928,YELLOW GIANT GARDEN THERMOMETER,0.003242470872719279
21923,RED/CREAM STRIPE FRINGE HAMMOCK,0.003242470872719279
21657,MILK BOTTLE WITH GLASS STOPPER,0.003242470872719279
21147,JINGLE BELLS TREE DECORATION,0.003242470872719279
21198,WHITE HEART CONFETTI IN TUBE,0.003242470872719279
21417,COCKLE SHELL DISH,0.003242470872719279
21881,CUTE CATS TAPE,0.003242470872719279
21011,GLITTER SNOW PEAR TREE DECORATION,0.003214992306001319
23061,VINTAGE EMBOSSED HEART,0.003214992306001319
23314,VINTAGE CHRISTMAS TABLECLOTH,0.003214992306001319
22267,EASTER DECORATION EGG BUNNY,0.003214992306001319
40018F,CHERRY DESIGN PAPERLANTERNS,0.003214992306001319
22307,GOLD MUG BONE CHINA TREE OF LIFE,0.003214992306001319
21709,FOLDING UMBRELLA CHOC/WHITE SPOT,0.003214992306001319
17091A,LAVENDER INCENSE IN TIN,0.003214992306001319
23227,FILIGREE HEART BUTTERFLY WHITE,0.003214992306001319
22829,BROCANTE SHELF WITH HOOKS,0.003214992306001319
20773,BLUE PAISLEY NOTEBOOK,0.003214992306001319
20734,SILVER MINI TAPE MEASURE,0.003214992306001319
15056n,EDWARDIAN PARASOL NATURAL,0.003187513739283359
17012D,ORIGAMI ROSE INCENSE/CANDLE SET,0.003187513739283359
20902,VINTAGE KEEPSAKE BOX PARIS DAYS,0.003187513739283359
85231L,LAVENDER SCENTED SET/9 T-LIGHTS,0.003187513739283359
82613A,"METAL SIGN,CUPCAKE SINGLE HOOK",0.003187513739283359
22323,PINK POLKADOT KIDS BAG,0.003187513739283359
22216,T-LIGHT HOLDER WHITE LACE,0.003187513739283359
22101,MIRROR MOSAIC VOTIVE HOLDER,0.003187513739283359
22051,BLUE SCANDINAVIAN PAISLEY WRAP,0.003187513739283359
23505,PLAYING CARDS I LOVE LONDON,0.003160035172565399
84507B,STRIPES DESIGN MONKEY DOLL,0.003160035172565399
23131,MISTLETOE HEART WREATH CREAM,0.003160035172565399
72232,FENG SHUI PILLAR CANDLE,0.003160035172565399
21627,ELEPHANT CARNIVAL POUFFE,0.003160035172565399
22050,PINK PAISLEY ROSE GIFT WRAP,0.003160035172565399
21395,BLUE SPOTTY BEAKER,0.003160035172565399
23427,STOOL HOME SWEET HOME,0.003132556605847439
85098B,BLUE FLYING SINGING CANARY,0.003132556605847439
85039C,S/4 BLACK MINI ROSE CANDLE IN BOWL,0.003132556605847439
20802,SMALL GLASS SUNDAE DISH CLEAR,0.003132556605847439
23360,SET 8 CANDLES VINTAGE DOILEY,0.003132556605847439
21167,WHITE SAGE INCENSE,0.003132556605847439
23552,BICYCLE PUNCTURE REPAIR KIT,0.003132556605847439
84637,KITCHEN FLOWER POTS WALL PLAQUE,0.003132556605847439
22049,WRAP CHRISTMAS SCREEN PRINT,0.003105078039129479
21898,POTTING SHED ROSE CANDLE,0.003105078039129479
47566b,TEA TIME PARTY BUNTING,0.003105078039129479
23436,GIFT BAG LARGE VINTAGE CHRISTMAS,0.003105078039129479
21612,SET 12 WILDFLOWER BOTANICAL T-LIGHT,0.003105078039129479
35653,VINTAGE BEAD NOTEBOOK,0.003105078039129479
17012C,ORIGAMI LAVENDER INCENSE/CANDL SET,0.003105078039129479
23501,KEY RING BASEBALL BOOT UNION JACK,0.003077599472411519
85135B,BLUE DRAGONFLY HELICOPTER,0.003077599472411519
23244,ROUND STORAGE TIN VINTAGE LEAF,0.003077599472411519
84569A,PACK 3 IRON ON DOG PATCHES,0.003077599472411519
84578,ELEPHANT TOY WITH BLUE T-SHIRT,0.003077599472411519
85071D,CHARLIE+LOLA MY ROOM DOOR SIGN,0.003077599472411519
35967,FOLK ART METAL STAR T-LIGHT HOLDER,0.003077599472411519
22922,FRIDGE MAGNETS US DINER ASSORTED,0.003077599472411519
72349b,SET/6 PURPLE BUTTERFLY T-LIGHTS,0.003077599472411519
35923,CANDY HEART HANGING DECORATION,0.003077599472411519
79190D,RETRO PLASTIC DAISY TRAY,0.003077599472411519
23273,HEART T-LIGHT HOLDER WILLIE WINKIE,0.003077599472411519
21720,CAKE SHOP STICKER SHEET,0.003077599472411519
21698,MOCK LOBSTER FRIDGE MAGNET,0.003077599472411519
16011,ANIMAL STICKERS,0.003077599472411519
20775,DAISY NOTEBOOK,0.003077599472411519
22252,BIRDCAGE DECORATION MAGIC GARDEN,0.003077599472411519
23392,SPACEBOY ROCKET LOLLY MAKERS,0.003050120905693559
22504,CABIN BAG VINTAGE RETROSPOT,0.003050120905693559
21910,WAY OUT METAL SIGN,0.003050120905693559
21869,POTTING SHED COFFEE MUG,0.003050120905693559
22032,BOTANICAL LILY GREETING CARD,0.003050120905693559
90167,BEADED LOVE HEART JEWELLERY SET,0.003050120905693559
23406,HOME SWEET HOME KEY HOLDER,0.003050120905693559
22511,DOORSTOP RUSSIAN DOLL RETROSPOT,0.003050120905693559
84796A,PINK HAWAIIAN PICNIC HAMPER FOR 2,0.003050120905693559
22860,EASTER TIN CHICKS PINK DAISY,0.003050120905693559
23010,CIRCUS PARADE BABY GIFT SET,0.003050120905693559
21190,PINK HEARTS PAPER GARLAND,0.003050120905693559
21641,ASSORTED TUTTI FRUTTI KEYRING BALL,0.003050120905693559
90114,SUMMER DAISIES BAG CHARM,0.003050120905693559
35954,SMALL FOLKART STAR CHRISTMAS DEC,0.003050120905693559
23121,PACK OF 6 COCKTAIL PARASOL STRAWS,0.003050120905693559
84843,WHITE SOAP RACK WITH 2 BOTTLES,0.003022642338975599
21692,SILVER LATTICE VANILLA CANDLE POT,0.003022642338975599
84854,GIRLY PINK TOOL SET,0.003022642338975599
21653,GLASS ETCHED T-LIGHT HOLDER LARGE,0.003022642338975599
20801,LARGE PINK GLASS SUNDAE DISH,0.003022642338975599
23250,VINTAGE RED TRIM ENAMEL BOWL,0.003022642338975599
62018,SOMBRERO,0.003022642338975599
22347,PIZZA SLICE DISH,0.003022642338975599
22820,GIFT BAG BIRTHDAY,0.003022642338975599
84247L,FAWN AND MUSHROOM GREETING CARD,0.003022642338975599
85135C,RED DRAGONFLY HELICOPTER,0.003022642338975599
23499,SET 12 VINTAGE DOILY CHALK,0.003022642338975599
84676,BATH DUCK WATERING CAN,0.0029951637722576393
85187,S/12 MINI RABBIT EASTER,0.0029951637722576393
23438,RED SPOT GIFT BAG LARGE,0.0029951637722576393
21518,BANK ACCOUNT GREETING CARD,0.0029951637722576393
21437,24 HANGING EASTER EGGS FLORAL TUB,0.0029951637722576393
23338,EGG FRYING PAN RED,0.0029951637722576393
23316,RED REFECTORY CLOCK,0.0029951637722576393
23531,WALL ART BIG LOVE,0.0029951637722576393
21710,FOLDING UMBRELLA PINK/WHITE SPOT,0.0029951637722576393
22612,TEA COSY VINTAGE UNION JACK,0.0029951637722576393
37424,WHITE WITH BLACK CATS MUG,0.002967685205539679
22799,SWEETHEART WIRE FRUIT BOWL,0.002967685205539679
22912,YELLOW COAT RACK PARIS FASHION,0.002967685205539679
90062,CARNIVAL BRACELET,0.002967685205539679
21520,BOOZE & WOMEN GREETING CARD,0.002967685205539679
23267,SET OF 4 SANTA PLACE SETTINGS,0.002967685205539679
85094,CANDY SPOT EGG WARMER RABBIT,0.002967685205539679
23331,DECORATIVE WICKER HEART SMALL,0.002967685205539679
22146,EASTER CRAFT IVY WREATH WITH CHICK,0.002940206638821719
84247G,"DECOUPAGE,GREETING CARD,",0.002940206638821719
21548,CERAMIC BIRDHOUSE FINCH BLUE ROOF,0.002940206638821719
17012F,ORIGAMI SANDLEWOOD INCENSE/CAND SET,0.002940206638821719
21221,SET/4 BADGES CUTE CREATURES,0.002940206638821719
85130D,BEADED CRYSTAL HEART PINK LARGE,0.002940206638821719
79072,TEATIME CAKE TIN WITH HANDLE,0.002940206638821719
21696,SMALL SILVER TRELLIS CANDLEPOT,0.002940206638821719
20854,BLUE PATCH PURSE PINK HEART,0.002940206638821719
23400,SHELF WITH 4 HOOKS HOME SWEET HOME,0.002940206638821719
85055,FRENCH ENAMEL UTENSIL HOLDER,0.002940206638821719
23079,TOADSTOOL BEDSIDE LIGHT,0.002912728072103759
21897,POTTING SHED CANDLE CITRONELLA,0.002912728072103759
84791,GINGHAM HEART DECORATION,0.002912728072103759
21662,VINTAGE GLASS COFFEE CADDY,0.002912728072103759
21850,BLUE DIAMANTE PEN IN GIFT BOX,0.002912728072103759
85231E,STRAWBERRY SCENTED SET/9 T-LIGHTS,0.002912728072103759
85170C,SET/6 EAU DE NIL BIRD T-LIGHTS,0.002912728072103759
85031C,CURIOUS IMAGES SCRAP BOOK SET,0.002912728072103759
84968D,S/16 VINTAGE RED CUTLERY,0.002912728072103759
85188A,GREEN METAL SWINGING BUNNY,0.002885249505385799
20747,PICCADILLY TEA SET,0.002885249505385799
21386,IVORY HANGING DECORATION EGG,0.002885249505385799
16048,TEATIME ROUND PENCIL SHARPENER,0.002885249505385799
21274,EMBOSSED HEART 3 DRAWER SHELF,0.002885249505385799
22263,FELT EGG COSY LADYBIRD,0.002885249505385799
84508A,CAMOFLAGE DESIGN TEDDY,0.002885249505385799
85136A,YELLOW SHARK HELICOPTER,0.002885249505385799
84674,FLYING PIG WATERING CAN,0.002885249505385799
47594A,CAROUSEL DESIGN WASHBAG,0.002885249505385799
16016,LARGE CHINESE STYLE SCISSOR,0.002885249505385799
22981,PANTRY APPLE CORER,0.002885249505385799
84750A,PINK SMALL GLASS CAKE STAND,0.002885249505385799
20617,FIRST CLASS PASSPORT COVER,0.002885249505385799
85200,BUNNY EGG BOX,0.002885249505385799
84905,PINK BUTTERFLY C/COVER,0.002885249505385799
21629,SQUARE FLOOR CUSHION VINTAGE PINK,0.002857770938667839
23235,STORAGE TIN VINTAGE LEAF,0.002857770938667839
21421,PORCELAIN ROSE LARGE,0.002857770938667839
37343,SPOTS DESIGN MUG W PINK INSIDE,0.002857770938667839
35646,VINTAGE BEAD PINK EVENING BAG,0.002857770938667839
21684,SMALL MEDINA STAMPED METAL BOWL,0.002857770938667839
90214A,"LETTER ""A"" BLING KEY RING",0.002857770938667839
23271,CHRISTMAS TABLE CANDLE SILVER SPIKE,0.002857770938667839
20700,GREEN CAT FLORAL CUSHION COVER,0.002830292371949879
21805,WHITE CHRISTMAS TREE DECORATION,0.002830292371949879
35599D,PINK AND WHITE CHRISTMAS TREE 120CM,0.002830292371949879
35598D,PINK/WHITE CHRISTMAS TREE 60CM,0.002830292371949879
22058,CERAMIC LOVE HEARTS DESIGN MUG,0.002830292371949879
85114A,BLACK ENCHANTED FOREST PLACEMAT,0.002830292371949879
23220,REINDEER HEART DECORATION GOLD,0.002830292371949879
79302M,"ART LIGHTS,FUNK MONKEY",0.002830292371949879
23214,JINGLE BELL HEART ANTIQUE GOLD,0.002830292371949879
84849A,HELLO SAILOR BLUE SOAP HOLDER,0.002830292371949879
23375,50'S CHRISTMAS PAPER GIFT BAG,0.002830292371949879
22346,PARTY PIZZA DISH GREEN+WHITE SPOT,0.002830292371949879
23543,KEEP CALM WALL ART,0.0028028138052319193
22048,BIRTHDAY BANQUET GIFT WRAP,0.0028028138052319193
84872A,TEATIME FUNKY FLOWER BACKPACK FOR 2,0.0028028138052319193
21695,SMALL SILVER FLOWER CANDLE POT,0.0028028138052319193
85124B,BLUE JUICY FRUIT PHOTO FRAME,0.0028028138052319193
20730,STRAWBERRY CANDY BAG,0.0028028138052319193
35001G,HAND OPEN SHAPE GOLD,0.0028028138052319193
23357,HOT WATER BOTTLE SEX BOMB,0.0028028138052319193
85031A,ROMANTIC IMAGES SCRAP BOOK SET,0.0028028138052319193
72799F,IVORY PILLAR CANDLE GOLD FLOCK,0.0028028138052319193
21009,ETCHED GLASS STAR TREE DECORATION,0.0028028138052319193
20990,SPRING FLOWER CHOPSTICKS SET/5,0.0028028138052319193
21289,LARGE STRIPES CHOCOLATE GIFT BAG,0.0027753352385139593
23281,FOLDING BUTTERFLY MIRROR RED,0.0027753352385139593
16258A,SWIRLY CIRCULAR RUBBERS IN BAG,0.0027753352385139593
21279,VINTAGE KITCHEN PRINT FRUITS,0.0027753352385139593
23445,ICE CREAM BUBBLES,0.0027753352385139593
84510C,SET OF 4 POLKADOTS COASTERS,0.0027753352385139593
21687,SILVER PLATE CANDLE BOWL LARGE,0.0027753352385139593
16168M,FUNKY MONKEY GIFT BAG MEDIUM,0.0027753352385139593
47592A,CAROUSEL DES CHILD'S OVERALL,0.0027753352385139593
21286,RETRO SPOT CANDLE LARGE,0.0027753352385139593
23490,T-LIGHT HOLDER HANGING LOVE BIRD,0.0027753352385139593
23373,VINTAGE CHRISTMAS PAPER GIFT BAG,0.002747856671795999
23120,PACK OF 6 SMALL FRUIT STRAWS,0.002747856671795999
21836,GINGHAM OVEN GLOVE RED HEART,0.002747856671795999
90161C,ANT COPPER LIME BOUDICCA BRACELET,0.002747856671795999
21793,CLASSIC FRENCH STYLE BASKET BROWN,0.002747856671795999
90200A,PURPLE SWEETHEART BRACELET,0.002720378105078039
23435,3 RAFFIA RIBBONS VINTAGE CHRISTMAS,0.002720378105078039
85123a,WHITE HANGING HEART T-LIGHT HOLDER,0.002720378105078039
22104,MIRROR MOSAIC CANDLE PLATE,0.002720378105078039
23065,LARGE DECO JEWELLERY STAND,0.002720378105078039
85180A,RED HEARTS LIGHT CHAIN,0.002720378105078039
21426,WOODLAND STORAGE BOX SMALL,0.002720378105078039
84673A,PINK FLY SWAT,0.002720378105078039
21785,RAIN PONCHO,0.002720378105078039
23009,I LOVE LONDON BABY GIFT SET,0.002720378105078039
85008,SET OF 3 CONEY ISLAND OVAL BOXES,0.002720378105078039
21360,JOY LARGE WOOD LETTERS,0.002720378105078039
21285,RETRO SPOT CANDLE MEDIUM,0.002720378105078039
23498,CLASSIC BICYCLE CLIPS,0.002720378105078039
84813,SET OF 4 DIAMOND NAPKIN RINGS,0.002720378105078039
71143,SILVER BOOK MARK WITH BEADS,0.002692899538360079
16218,CARTOON PENCIL SHARPENERS,0.002692899538360079
21636,MADRAS NOTEBOOK MEDIUM,0.002692899538360079
90200C,BLUE SWEETHEART BRACELET,0.002692899538360079
21377,SMALL CAMPHOR WOOD FIELD MUSHROOM,0.002692899538360079
21661,VINTAGE GLASS TEA CADDY,0.002692899538360079
22700,BLACK AND WHITE DOG BOWL,0.002692899538360079
23511,EMBROIDERED RIBBON REEL EMILY,0.002692899538360079
84970s,HANGING HEART ZINC T-LIGHT HOLDER,0.002692899538360079
23048,SET OF 10 LANTERNS FAIRY LIGHT STAR,0.002692899538360079
18094C,WHITE/BLUE RECT CERAMIC OIL BURNER,0.002692899538360079
23500,KEY RING BASEBALL BOOT ASSORTED,0.002692899538360079
23161,REGENCY CAKE FORK,0.002692899538360079
72803A,ROSE SCENT CANDLE JEWELLED DRAWER,0.002665420971642119
23226,FILIGREE HEART DAISY WHITE,0.002665420971642119
20780,BLACK EAR MUFF HEADPHONES,0.002665420971642119
23217,LAUREL HEART ANTIQUE SILVER,0.002665420971642119
21610,SET 12 PEAR BOTANICAL T-LIGHTS,0.002665420971642119
47593A,CAROUSEL DESIGN BABY BIB,0.002665420971642119
79144C,PAINTED LIGHTBULB RAINBOW DESIGN,0.002665420971642119
90209B,GREEN ENAMEL+GLASS HAIR COMB,0.002665420971642119
84968E,S/16 VINTAGE BLACK CUTLERY,0.002665420971642119
23347,I LOVE LONDON BEAKER,0.002665420971642119
46776C,WOVEN FROST CUSHION COVER,0.002637942404924159
23335,EGG FRYING PAN IVORY,0.002637942404924159
21255,"FRENCH BOTTLE , LAVENDER",0.002637942404924159
22643,SET OF 4 NAPKIN CHARMS LEAVES,0.002637942404924159
84247E,PACK/12 XMAS FUN CARD,0.002637942404924159
35911A,MULTICOLOUR RABBIT EGG WARMER,0.002637942404924159
22777,GLASS CLOCHE LARGE,0.002637942404924159
90134,OLD ROSE COMBO BEAD NECKLACE,0.002637942404924159
84795B,SUNSET CHECK HAMMOCK,0.002637942404924159
84218,BOX/12 CHICK & EGG IN BASKET,0.002637942404924159
21194,PINK HONEYCOMB PAPER FAN,0.0026104638382061993
23123,COCKTAIL SWORDS 50 PIECES,0.0026104638382061993
47367B,PAIR PADDED HANGERS PINK CHECK,0.0026104638382061993
85124A,PINK JUICY FRUIT PHOTO FRAME,0.0026104638382061993
46775D,SUNSET COLOUR CHUNKY KNITTED THROW,0.0026104638382061993
84819,DANISH ROSE ROUND SEWING BOX,0.0026104638382061993
21630,FLOOR CUSHION ELEPHANT CARNIVAL,0.0026104638382061993
20758,ABSTRACT CIRCLES POCKET BOOK,0.0026104638382061993
84509C,DOTTY PLACEMATS,0.0026104638382061993
22924,FRIDGE MAGNETS LA VIE EN ROSE,0.0026104638382061993
21425,SKULLS STORAGE BOX LARGE,0.0026104638382061993
21440,12 MINI TOADSTOOL PEGS,0.0026104638382061993
85025B,EAU DE NILE HEART SHAPE PHOTO FRAME,0.0026104638382061993
37461,FUNKY MONKEY MUG,0.0026104638382061993
22408,MONEY BOX CONFECTIONERY DESIGN,0.0026104638382061993
17012A,ORIGAMI VANILLA INCENSE/CANDLE SET,0.0026104638382061993
21814,HEART T-LIGHT HOLDER,0.0025829852714882393
84520D,PACK OF 20 FAIRY CAKE PAPER NAPKINS,0.0025829852714882393
21311,SET/4 BIRD MIRROR MAGNETS,0.0025829852714882393
21593,SWALLOW CIGAR BOX MATCHES,0.0025829852714882393
21000,ROSE DU SUD COSMETICS BAG,0.0025829852714882393
23502,PLAYING CARDS VINTAGE DOILEY,0.0025829852714882393
22034,ROBIN CHRISTMAS CARD,0.0025829852714882393
22040,BOTANICAL ROSE GIFT WRAP,0.0025829852714882393
21318,GLASS CHALICE BLUE SMALL,0.0025555067047702794
23269,SET OF 2 CERAMIC CHRISTMAS TREES,0.0025555067047702794
21474,SWEETHEART CREAM STEEL FOLDIN BENCH,0.0025555067047702794
85169B,BLACK LOVE BIRD CANDLE,0.0025555067047702794
84596K,JELLY BABIES YELLOW SMALL BOWL,0.0025555067047702794
20840,FRENCH FLORAL CUSHION COVER,0.0025555067047702794
84748,FOLK FELT HANGING MULTICOL GARLAND,0.0025555067047702794
23461,SWEETHEART BIRD HOUSE,0.0025555067047702794
21637,ASSORTED SANSKRIT MINI NOTEBOOK,0.0025555067047702794
22688,DOORMAT PEACE ON EARTH BLUE,0.0025555067047702794
35962,12 ASS ZINC CHRISTMAS DECORATIONS,0.002528028138052319
22786,PILLOWCUSHION COVER PINK UNION JACK,0.002528028138052319
21478,SILVER SKULL HOT WATER BOTTLE,0.002528028138052319
23164,REGENCY CAKE SLICE,0.002528028138052319
21815,STAR T-LIGHT HOLDER,0.002528028138052319
22389,PAPERWEIGHT SAVE THE PLANET,0.002528028138052319
21028,NINJA RABBIT BLACK,0.002528028138052319
85041,SET/4 PINK ORCHID CANDLES IN BOWL,0.002528028138052319
84929,ASSTD FRUIT+FLOWERS FRIDGE MAGNETS,0.002528028138052319
21076,SET/20 COLLAGE PAPER NAPKIN,0.002528028138052319
22702,BLACK AND WHITE CAT BOWL,0.002528028138052319
21287,SCENTED VELVET LOUNGE CANDLE,0.002528028138052319
22214,CANDLE PLATE LACE WHITE,0.002528028138052319
72800B,S/4 PURPLE DINNER CANDLE BLK FLOCK,0.002500549571334359
21400,RED PUDDING SPOON,0.002500549571334359
84251G,"GREETING CARD, OVERCROWDED POOL.",0.002500549571334359
79144B,PAINTED LIGHTBULB STAR+ MOON,0.002500549571334359
72819,CUPID DESIGN SCENTED CANDLES,0.002500549571334359
21837,CROSS STITCH ALPHABET CUSHION COVER,0.002500549571334359
21292,SMALL STRIPES CHOCOLATE GIFT BAG,0.002500549571334359
90200E,GREEN SWEETHEART BRACELET,0.002500549571334359
22923,FRIDGE MAGNETS LES ENFANTS ASSORTED,0.002473071004616399
21532,DAIRY MAID SUGAR JAM BOWL,0.002473071004616399
20778,GARDEN PATH NOTEBOOK,0.002473071004616399
23153,ZINC SWEETHEART WIRE LETTER RACK,0.002473071004616399
82615,PINK MARSHMALLOW SCARF KNITTING KIT,0.002473071004616399
85014D,PINK/BROWN DOTS RUFFLED UMBRELLA,0.002473071004616399
22510,DOORSTOP RUSSIAN DOLL GINGHAM,0.002473071004616399
21001,ROSE DU SUD WASHBAG,0.002473071004616399
22044,CHRISTMAS CARD STACK OF PRESENTS,0.002445592437898439
21655,HANGING RIDGE GLASS T-LIGHT HOLDER,0.002445592437898439
23268,SET OF 2 CERAMIC CHRISTMAS REINDEER,0.002445592437898439
62096A,PINK/YELLOW FLOWERS HANDBAG,0.002445592437898439
23358,HOT STUFF HOT WATER BOTTLE,0.002445592437898439
84569C,PACK 4 FLOWER/BUTTERFLY PATCHES,0.002445592437898439
23433,HANGING QUILTED PATCHWORK APPLES,0.002445592437898439
23542,70'S ALPHABET WALL ART,0.002445592437898439
17165D,ASS COL LARGE SAND FROG P'WEIGHT,0.0024181138711804793
16216,LETTER SHAPE PENCIL SHARPENER,0.0024181138711804793
90214J,"LETTER ""J"" BLING KEY RING",0.0024181138711804793
21378,SMALL TALL CAMPHOR WOOD TOADSTOOL,0.0024181138711804793
72128,COLUMBIAN CANDLE ROUND,0.0024181138711804793
23225,CHERUB HEART DECORATION SILVER,0.0024181138711804793
23223,CHRISTMAS TREE HANGING SILVER,0.0024181138711804793
21458,2 PICTURE BOOK EGGS EASTER BUNNY,0.0024181138711804793
21473,SWEETHEART CREAM STEEL TABLE RECT,0.0024181138711804793
23034,DRAWER KNOB CERAMIC BLACK,0.0024181138711804793
77101A,UNION FLAG WINDSOCK,0.0024181138711804793
84086C,PINK/PURPLE RETRO RADIO,0.0024181138711804793
85169D,PINK LOVE BIRD CANDLE,0.0024181138711804793
84920,PINK FLOWER FABRIC PONY,0.0024181138711804793
85159B,"WHITE TEA,COFFEE,SUGAR JARS",0.0024181138711804793
20699,MOUSEY LONG LEGS SOFT TOY,0.0024181138711804793
23391,I LOVE LONDON MINI BACKPACK,0.0023906353044625193
22640,SET OF 4 NAPKIN CHARMS 3 KEYS,0.0023906353044625193
20782,CAMOUFLAGE EAR MUFF HEADPHONES,0.0023906353044625193
48195,DOOR MAT GREEN PAISLEY,0.0023906353044625193
21628,TRIANGULAR POUFFE VINTAGE,0.0023906353044625193
23452,HEART MINI PORTRAIT FRAME,0.0023906353044625193
85208,SET/12 FUNKY FELT FLOWER PEG IN BAG,0.0023906353044625193
21017,RED BIRD HOUSE TREE DECORATION,0.0023906353044625193
85060,WOOD FAN WITH FLOWER DESIGN,0.0023906353044625193
35972,DAISY FOLKART HEART DECORATION,0.0023906353044625193
15056bl,EDWARDIAN PARASOL BLACK,0.0023906353044625193
37327,ASSTD MULTICOLOUR CIRCLES MUG,0.0023906353044625193
21540,DAIRY MAID CERAMIC BUTTER DISH,0.0023906353044625193
21589,SWALLOW GIANT TUBE MATCHES,0.0023906353044625193
85130A,BEADED PEARL HEART WHITE LARGE,0.0023631567377445594
84993B,75 BLACK PETIT FOUR CASES,0.0023631567377445594
79164,BLACK WINE GLASS,0.0023631567377445594
82494l,WOODEN FRAME ANTIQUE WHITE,0.0023631567377445594
23315,IVORY REFECTORY CLOCK,0.0023631567377445594
22538,MINI JIGSAW GO TO THE FAIR,0.0023631567377445594
23419,HOME SWEET HOME BOTTLE,0.0023631567377445594
85036B,CHOCOLATE 1 WICK MORRIS BOX CANDLE,0.0023631567377445594
90214S,"LETTER ""S"" BLING KEY RING",0.0023631567377445594
20903,VINTAGE KEEPSAKE BOX TRAVELOGUE,0.0023631567377445594
22053,EMPIRE DESIGN ROSETTE,0.0023631567377445594
23530,WALL ART ONLY ONE PERSON,0.0023631567377445594
22253,6 CROCHET STRAWBERRIES,0.0023631567377445594
85031B,BLOSSOM IMAGES SCRAP BOOK SET,0.0023356781710265995
84997b,RED 3 PIECE MINI DOTS CUTLERY SET,0.0023356781710265995
20878,SET/9 CHRISTMAS T-LIGHTS SCENTED,0.0023356781710265995
23336,EGG FRYING PAN PINK,0.0023356781710265995
23066,SMALL DECO JEWELLERY STAND,0.0023356781710265995
84660C,PINK STITCHED WALL CLOCK,0.0023356781710265995
84709B,PINK OVAL JEWELLED MIRROR,0.0023356781710265995
16008,SMALL FOLDING SCISSOR(POINTED EDGE),0.0023356781710265995
85103,SILVER T-LIGHT SETTING,0.0023356781710265995
22832,SWEETHEART WIRE WALL TIDY,0.0023356781710265995
23536,VILLAGE SHOW WALL ART,0.0023356781710265995
72800D,S/4 BLUE DINNER CANDLE SILVER FLOCK,0.0023356781710265995
21293,MIRRORED DOVE WALL DECORATION,0.0023356781710265995
21666,RIDGED GLASS T-LIGHT HOLDER,0.002308199604308639
21895,POTTING SHED SOW 'N' GROW SET,0.002308199604308639
90198A,VINTAGE ROSE BEAD BRACELET RASPBERR,0.002308199604308639
23470,CARD HOLDER LOVE BIRD LARGE,0.002308199604308639
23183,MOTHER'S KITCHEN SPOON REST,0.002308199604308639
20803,SMALL PINK GLASS SUNDAE DISH,0.002308199604308639
20776,ABSTRACT CIRCLES NOTEBOOK,0.002308199604308639
22782,SET 3 WICKER STORAGE BASKETS,0.002308199604308639
23545,WRAP RED DOILEY,0.002308199604308639
35811A,ENAMEL PINK SUGAR CONTAINER,0.002308199604308639
90200B,BLACK SWEETHEART BRACELET,0.002280721037590679
23485,BOTANICAL GARDENS WALL CLOCK,0.002280721037590679
20950,SET/6 ANGEL T-LIGHTS WHITE/GOLD,0.002280721037590679
22390,PAPERWEIGHT CHILDHOOD MEMORIES,0.002280721037590679
17107D,"FLOWER FAIRY,5 SUMMER B'DRAW LINERS",0.002280721037590679
35471A,SET OF 3 BIRD L.BLUE FEATHER,0.002280721037590679
22808,SET OF 6 T-LIGHTS EASTER CHICKS,0.002280721037590679
85170A,SET/6 IVORY BIRD T-LIGHT CANDLES,0.002280721037590679
16012,FOOD/DRINK SPUNGE STICKERS,0.002280721037590679
22707,WRAP MONSTER FUN,0.002280721037590679
20997,ROSE DU SUD CUSHION COVER,0.002280721037590679
84313B,BLUE TV TRAY TABLE,0.002280721037590679
20798,CLEAR MILKSHAKE GLASS,0.002280721037590679
85226C,BLUE PULL BACK RACING CAR,0.002280721037590679
84931B,BLUE SCOTTIE DOG W FLOWER PATTERN,0.002280721037590679
23566,EGG CUP MILKMAID HEIDI,0.002280721037590679
79323GR,GREEN CHERRY LIGHTS,0.002280721037590679
21839,MUMMY MOUSE RED GINGHAM RIBBON,0.002280721037590679
21476,STEEL SWEETHEART ROUND TABLE CREAM,0.002280721037590679
90214K,"LETTER ""K"" BLING KEY RING",0.002280721037590679
22788,BROCANTE COAT RACK,0.002280721037590679
23401,RUSTIC MIRROR WITH LACE HEART,0.002280721037590679
85130B,BEADED CRYSTAL HEART GREEN LARGE,0.002280721037590679
37482P,CUBIC MUG PINK POLKA DOT,0.002280721037590679
21016,LIGHT BIRD HOUSE TREE DECORATION,0.002253242470872719
35958,FOLKART ZINC STAR CHRISTMAS DEC,0.002253242470872719
23317,BLUE REFECTORY CLOCK,0.002253242470872719
21010,ETCHED GLASS BIRD TREE DECORATION,0.002253242470872719
21545,CERAMIC BIRDHOUSE BUTTERFLY SMALL,0.002253242470872719
21415,CLAM SHELL SMALL,0.002253242470872719
35915C,PEACH KNITTED HEN,0.002253242470872719
84931A,PINK SCOTTIE DOG W FLOWER PATTERN,0.002253242470872719
85045,GREEN CHRISTMAS TREE STRING 20LIGHT,0.002253242470872719
22903,CALENDAR FAMILY FAVORITES,0.002253242470872719
23181,BULL DOG BOTTLE TOP WALL CLOCK,0.002253242470872719
21690,SILVER CANDLEPOT JARDIN,0.002253242470872719
85084,HOLLY TOP CHRISTMAS STOCKING,0.002253242470872719
84997d,PINK 3 PIECE MINI DOTS CUTLERY SET,0.002253242470872719
23138,SINGLE WIRE HOOK IVORY HEART,0.002253242470872719
84795D,SEASIDE STRIPE HAMMOCK,0.002253242470872719
21654,RIDGED GLASS FINGER BOWL,0.002253242470872719
22647,CERAMIC LOVE HEART MONEY BANK,0.002253242470872719
62096B,PURPLE/TURQ FLOWERS HANDBAG,0.002253242470872719
37464,ROBOT MUG IN DISPLAY BOX,0.002253242470872719
20830,SILVER PHOTO FRAME,0.002253242470872719
22447,PIN CUSHION RUSSIAN DOLL BLUE,0.002253242470872719
21283,NATURAL BARK CANDLE SMALL,0.0022257639041547593
84625A,PINK NEW BAROQUECANDLESTICK CANDLE,0.0022257639041547593
20653,CHERRY BLOSSOM LUGGAGE TAG,0.0022257639041547593
20932,PINK POT PLANT CANDLE,0.0022257639041547593
37413,ICON MUG REVOLUTIONARY,0.0022257639041547593
85159A,"BLACK TEA,COFFEE,SUGAR JARS",0.0022257639041547593
40018E,TEA TIME PAPER LANTERNS,0.0022257639041547593
84997a,GREEN 3 PIECE MINI DOTS CUTLERY SET,0.0022257639041547593
85127,SMALL SQUARE CUT GLASS CANDLESTICK,0.0022257639041547593
21025,SPACE FROG,0.0022257639041547593
71270,PHOTO CLIP LINE,0.0022257639041547593
21247,SET OF RED SALAD SERVERS,0.0022257639041547593
20760,GARDEN PATH POCKET BOOK,0.0022257639041547593
84688,BEACH HUT DESIGN BLACKBOARD,0.0022257639041547593
23249,VINTAGE RED ENAMEL TRIM PLATE,0.0022257639041547593
84678,CLASSICAL ROSE SMALL VASE,0.0021982853374367993
84856L,LARGE TAHITI BEACH BAG,0.0021982853374367993
17164B,ASS COL SMALL SAND GECKO P'WEIGHT,0.0021982853374367993
23381,PACK OF 12 VINTAGE LEAF TISSUES,0.0021982853374367993
85018D,YULETIDE IMAGES S/6 PAPER BOXES,0.0021982853374367993
21323,HANGING MEDINA LANTERN LARGE,0.0021982853374367993
85118,HEART T-LIGHT HOLDER,0.0021982853374367993
21795,SET OF 3 BLUE STRIPE BASKET,0.0021982853374367993
21678,PAISLEY PATTERN STICKERS,0.0021982853374367993
85213,MINI ZINC GARDEN DECORATIONS,0.0021982853374367993
23075,DOUBLE CERAMIC PARLOUR HOOK,0.0021982853374367993
23418,LAVENDER TOILETTE BOTTLE,0.0021708067707188394
79341,WILLOW BRANCH LIGHTS.,0.0021708067707188394
20704,MR ROBOT SOFT TOY,0.0021708067707188394
23088,ZINC HEART FLOWER T-LIGHT HOLDER,0.0021708067707188394
23359,SET OF 12 T-LIGHTS VINTAGE DOILEY,0.0021708067707188394
84817,DANISH ROSE DECORATIVE PLATE,0.0021708067707188394
20831,GOLD PHOTO FRAME,0.0021708067707188394
23444,NEXT DAY CARRIAGE,0.0021708067707188394
21722,SWEET PUDDING STICKER SHEET,0.0021708067707188394
20894,HANGING BAUBLE T-LIGHT HOLDER LARGE,0.0021708067707188394
20769,DAISY JOURNAL,0.0021708067707188394
21681,GIANT MEDINA STAMPED METAL BOWL,0.0021708067707188394
90013B,BLACK VINTAGE EARRINGS,0.0021708067707188394
84467,ENGLISH ROSE DESIGN QUILTED THROW,0.0021708067707188394
21758,VINTAGE SHELLS PRINT,0.0021433282040008795
71279,PINK GLASS CANDLEHOLDER,0.0021433282040008795
84750B,BLACK SMALL GLASS CAKE STAND,0.0021433282040008795
22934,BAKING MOULD EASTER EGG WHITE CHOC,0.0021433282040008795
47502,POLKADOT CUTLERY 24 PCS IN TRAY,0.0021433282040008795
72800C,S/4 PINK DINNER CANDLE SILVER FLOCK,0.0021433282040008795
20757,RED DAISY POCKET BOOK,0.0021433282040008795
23094,LE GRAND TRAY CHIC SET,0.0021433282040008795
47570,ENGLISH ROSE TABLE CLOTH,0.0021433282040008795
21652,GLASS ETCHED T-LIGHT HOLDER MEDIUM,0.0021433282040008795
23067,HANGING ENGRAVED METAL HEART,0.0021433282040008795
85088,CANDY SPOT HAND BAG,0.0021433282040008795
23085,ANTIQUE SILVER BAUBLE LAMP,0.0021433282040008795
22290,STANDING METAL RABBIT WITH EGG,0.0021433282040008795
21396,RED SPOTTY EGG CUP,0.0021158496372829195
90013A,MIDNIGHT BLUE VINTAGE EARRINGS,0.0021158496372829195
46776E,WOVEN CANDY CUSHION COVER,0.0021158496372829195
37476,CONDIMENT TRAY 4 BOWLS AND 4 SPOONS,0.0021158496372829195
21173,LOO ROLL METAL SIGN,0.0021158496372829195
21261,GREEN GOOSE FEATHER CHRISTMAS TREE,0.0021158496372829195
23491,VINTAGE JINGLE BELLS HEART,0.0021158496372829195
21027,NINJA RABBIT PINK,0.0021158496372829195
16014,SMALL CHINESE STYLE SCISSOR,0.0021158496372829195
21366,MIRRORED WALL ART PHOTO FRAMES,0.0021158496372829195
21365,MIRRORED WALL ART STARS,0.0021158496372829195
46776D,WOVEN SUNSET CUSHION COVER,0.002088371070564959
85111,SILVER GLITTER FLOWER VOTIVE HOLDER,0.002088371070564959
16207A,PINK STRAWBERRY HANDBAG,0.002088371070564959
20893,HANGING BAUBLE T-LIGHT HOLDER SMALL,0.002088371070564959
23379,PACK OF 12 RED APPLE TISSUES,0.002088371070564959
23326,HANGING MINI COLOURED BOTTLES,0.002088371070564959
47589,CONGRATULATIONS BUNTING,0.002088371070564959
35969,FOLKART CROWN TABLE DECORATIONS,0.002088371070564959
84569B,PACK 3 FIRE ENGINE/CAR PATCHES,0.002088371070564959
84562A,PINK/WHITE RIBBED MELAMINE JUG,0.002088371070564959
22289,"DECORATION , HANGING METAL CHICKEN",0.002088371070564959
22106,MIRROR MOSAIC HURRICANE LAMP,0.002088371070564959
23339,EGG FRYING PAN BLUE,0.002088371070564959
17021,NAMASTE SWAGAT INCENSE,0.002088371070564959
90161B,ANT COPPER TURQ BOUDICCA BRACELET,0.002088371070564959
22709,WRAP WEDDING DAY,0.002088371070564959
84686,BEACH HUT MIRROR,0.002088371070564959
23020,GLASS SONGBIRD STORAGE JAR,0.002088371070564959
23160,REGENCY TEA SPOON,0.002088371070564959
23564,EGG CUP MILKMAID INGRID,0.002088371070564959
85211,S/4 GROOVY CAT MAGNETS,0.002060892503846999
47503J,SET/3 FLORAL GARDEN TOOLS IN BAG,0.002060892503846999
84584,PINK GINGHAM CAT WITH SCARF,0.002060892503846999
75013B,"STRING OF 8 BUTTERFLIES,PINK",0.002060892503846999
23222,CHRISTMAS TREE HANGING GOLD,0.002060892503846999
84986B,SET OF 36 SILVER PAPER DOILIES,0.002060892503846999
84997c,BLUE 3 PIECE MINI DOTS CUTLERY SET,0.002060892503846999
35968,FOLK ART METAL HEART T-LIGHT HOLDER,0.002060892503846999
22407,MONEY BOX FIRST ADE DESIGN,0.002060892503846999
84509a,ENGLISH ROSE PLACEMATS,0.002060892503846999
85129A,"WHITE PEARL BEADED HEART, SMALL",0.002060892503846999
20936,FORKED CACTUS CANDLE,0.002060892503846999
35004G,SET OF 3 GOLD FLYING DUCKS,0.002060892503846999
21825,PAINTED METAL TREE WITH HOLLY BELLS,0.002060892503846999
20897,VINTAGE NOTEBOOK PARIS DAYS,0.002060892503846999
23412,HEART MIRROR ANTIQUE WHITE,0.002060892503846999
90161D,ANT COPPER PINK BOUDICCA BRACELET,0.002060892503846999
20976,12 PENCILS SMALL TUBE POSY,0.002060892503846999
16045,POPART WOODEN PENCILS ASST,0.0020334139371290393
22054,MINI CAKE STAND HANGING HEARTS,0.0020334139371290393
84821,DANISH ROSE DELUXE COASTER,0.0020334139371290393
85188B,PINK METAL SWINGING BUNNY,0.0020334139371290393
20934,SET/3 POT PLANT CANDLES,0.0020334139371290393
23187,FRENCH STYLE STORAGE JAR BONBONS,0.0020334139371290393
84508B,STRIPES DESIGN TEDDY,0.0020334139371290393
35647,VINTAGE BEAD PINK SHADE,0.0020334139371290393
22638,SET OF 4 NAPKIN CHARMS CROWNS,0.0020334139371290393
23432,PRETTY HANGING QUILTED HEARTS,0.0020334139371290393
23514,EMBROIDERED RIBBON REEL SALLY,0.0020334139371290393
20763,DAISY SKETCHBOOK,0.0020334139371290393
17096,ASSORTED LAQUERED INCENSE HOLDERS,0.0020334139371290393
84901,BLACK FACE LAMB WITH PANTS,0.0020334139371290393
23033,DRAWER KNOB CERAMIC RED,0.0020334139371290393
21665,TRIANGULAR RIDGED GLASS POSY HOLDER,0.0020334139371290393
47421,ASSORTED COLOUR LIZARD SUCTION HOOK,0.0020334139371290393
37422,WHITE WITH BLACK CATS BOWL,0.0020059353704110793
23486,ANTIQUE HEART SHELF UNIT,0.0020059353704110793
20731,POSY CANDY BAG,0.0020059353704110793
21359,RELAX LARGE WOOD LETTERS,0.0020059353704110793
84466,TOP SECRET PEN SET,0.0020059353704110793
21562,HAWAIIAN GRASS SKIRT,0.0020059353704110793
90071,RUBY GLASS CLUSTER EARRINGS,0.0020059353704110793
90129A,PINK GLASS TASSLE BAG CHARM,0.0020059353704110793
10120,DOGGY RUBBER,0.0020059353704110793
20857,BLUE ROSE PATCH PURSE PINK BUTTERFL,0.0020059353704110793
85197,SET OF 12 MINI BUNNIES IN A BUCKET,0.0020059353704110793
23107,WHITE WIRE PLANT POT HOLDER,0.0020059353704110793
90170,DAISY HAIR BAND,0.0020059353704110793
21317,GLASS SPHERE CANDLE STAND MEDIUM,0.0020059353704110793
84687,BEACH HUT SHELF W 3 DRAWERS,0.0020059353704110793
85131C,BEADED CRYSTAL HEART BLUE ON STICK,0.0019784568036931194
85014C,BLUE/BROWN DOTS RUFFLED UMBRELLA,0.0019784568036931194
23469,CARD HOLDER LOVE BIRD SMALL,0.0019784568036931194
23483,HANGING BUTTERFLY T-LIGHT HOLDER,0.0019784568036931194
37475,SET/4 COLOURFUL MIXING BOWLS,0.0019784568036931194
21307,SET/4 BUTTERFLY MIRROR MAGNETS,0.0019784568036931194
22932,BAKING MOULD TOFFEE CUP CHOCOLATE,0.0019784568036931194
46118,FUNKY MONKEY CUSHION COVER,0.0019784568036931194
47591d,PINK FAIRY CAKE CHILDRENS APRON,0.0019784568036931194
23431,NATURAL HANGING QUILTED HEARTS,0.0019784568036931194
22259,FELT FARM ANIMAL HEN,0.0019784568036931194
22770,MIRROR CORNICE,0.0019509782369751595
21711,FOLDING UMBRELLA WHITE/RED SPOT,0.0019509782369751595
20738,GREEN MINI TAPE MEASURE,0.0019509782369751595
22512,DOORSTOP RACING CAR DESIGN,0.0019509782369751595
20943,SET/6 GINGERBREAD STAR T-LIGHTS,0.0019509782369751595
23515,EMBROIDERED RIBBON REEL DAISY,0.0019509782369751595
21847,GREEN DIAMANTE PEN IN GIFT BOX,0.0019509782369751595
85169C,EAU DE NIL LOVE BIRD CANDLE,0.0019509782369751595
82011C,BATHROOM SCALES FOOTPRINTS IN SAND,0.0019509782369751595
84625C,BLUE NEW BAROQUE CANDLESTICK CANDLE,0.0019509782369751595
20868,SILVER FABRIC MIRROR,0.0019509782369751595
21633,SUNFLOWER DECORATIVE PARASOL,0.0019509782369751595
84313C,ORANGE TV TRAY TABLE,0.0019509782369751595
85196,EASTER BUNNIES ON A STICK,0.0019509782369751595
23224,CHERUB HEART DECORATION GOLD,0.0019509782369751595
21374,MIRRORED WALL ART SKULLS,0.0019509782369751595
21691,SILVER VANILLA FLOWER CANDLE POT,0.0019509782369751595
84795A,PASTEL STRIPE HAMMOCK,0.0019234996702571993
23513,EMBROIDERED RIBBON REEL SUSIE,0.0019234996702571993
21280,VINTAGE KITCHEN PRINT VEGETABLES,0.0019234996702571993
79191B,RETRO PLASTIC POLKA TRAY,0.0019234996702571993
85144,JARDIN ETCHED GLASS BUTTER DISH,0.0019234996702571993
84507C,BLUE CIRCLES DESIGN MONKEY DOLL,0.0019234996702571993
22103,MIRROR MOSAIC T-LIGHT HOLDER ROUND,0.0019234996702571993
85107,CUT GLASS T-LIGHT HOLDER OCTAGON,0.0019234996702571993
21004,ROSE DU SUD CHILDS APRON,0.0019234996702571993
23186,FRENCH STYLE STORAGE JAR CAFE,0.0019234996702571993
23405,HOME SWEET HOME 2 DRAWER CABINET,0.0019234996702571993
47591A,CAROUSEL DES CHILD'S APRON,0.0019234996702571993
23253,16 PIECE CUTLERY SET PANTRY DESIGN,0.0019234996702571993
37423,WHITE WITH BLACK CATS PLATE,0.0019234996702571993
47021G,SET/6 BEAD COASTERS GAUZE BAG GOLD,0.0019234996702571993
51008,AFGHAN SLIPPER SOCK PAIR,0.0019234996702571993
85179A,GREEN BITTY LIGHT CHAIN,0.0019234996702571993
17084P,DRAGONS BLOOD INCENSE,0.0019234996702571993
22143,CHRISTMAS CRAFT HEART DECORATIONS,0.0019234996702571993
21634,ASSORTED MINI MADRAS NOTEBOOK,0.0018960211035392394
21694,SMALL REGAL SILVER CANDLEPOT,0.0018960211035392394
84638,SMALL KITCHEN FLOWER POTS PLAQUE,0.0018960211035392394
23337,EGG FRYING PAN MINT,0.0018960211035392394
21282,NATURAL BARK CANDLE LARGE,0.0018960211035392394
23398,HANGING HEART BONHEUR,0.0018960211035392394
85141,JARDIN ETCHED GLASS FRUITBOWL,0.0018960211035392394
22641,SET OF 4 NAPKIN CHARMS INSTRUMENT,0.0018960211035392394
90214C,"LETTER ""C"" BLING KEY RING",0.0018960211035392394
84199,GLOW IN DARK DOLPHINS,0.0018960211035392394
72815,3 WICK CHRISTMAS BRIAR CANDLE,0.0018960211035392394
17033,"BROCADE PURSE,SMALL ARCH BUTTON",0.0018960211035392394
23087,ZINC HEART T-LIGHT HOLDER,0.0018960211035392394
71403,"PINK/WHITE ""KEEP CLEAN"" BULLET BIN",0.0018960211035392394
47578A,ENGLISH ROSE SMALL SCENTED FLOWER,0.0018960211035392394
23178,JAM CLOCK MAGNET,0.0018685425368212794
90208,PAIR OF ENAMEL FLOWER CLUSTER SLIDE,0.0018685425368212794
21264,WHITE GOOSE FEATHER TREE 60CM,0.0018685425368212794
18007,ESSENTIAL BALM 3.5G TIN IN ENVELOPE,0.0018685425368212794
21306,SET/4 DAISY MIRROR MAGNETS,0.0018685425368212794
85130C,BEADED CRYSTAL HEART BLUE LARGE,0.0018685425368212794
21040,MODERN VINTAGE COTTON SHOPPING BAG,0.0018685425368212794
35810B,ENAMEL BLUE RIM COFFEE CONTAINER,0.0018685425368212794
85230B,CINNAMON SCENTED VOTIVE CANDLE,0.0018685425368212794
23402,HOME SWEEET HOME 3 PEG HANGER,0.0018685425368212794
23553,LANDMARK FRAME CAMDEN TOWN,0.0018410639701033195
35981C,WHITE SNOW SCANDINAVIAN STOCKING,0.0018410639701033195
62094B,TURQ ICE CREAM BUM BAG,0.0018410639701033195
21796,SET OF 3 RED STRIPE BASKETS,0.0018410639701033195
85189,HANGING BUTTERFLY EGG,0.0018410639701033195
21412,VINTAGE GOLD TINSEL REEL,0.0018410639701033195
75131,METAL TUBE CHIME ON BAMBOO,0.0018410639701033195
72800F,4 IVORY DINNER CANDLES GOLD FLOCK,0.0018410639701033195
21946,PARTY TIME DESIGN FLANNEL,0.0018410639701033195
90214E,"LETTER ""E"" BLING KEY RING",0.0018410639701033195
90214L,"LETTER ""L"" BLING KEY RING",0.0018410639701033195
21664,RIDGED GLASS STORAGE JAR CREAM LID,0.0018410639701033195
85180B,PINK HEARTS LIGHT CHAIN,0.0018410639701033195
35915B,BLUE KNITTED HEN,0.0018410639701033195
21281,VINTAGE KITCHEN PRINT SEAFOOD,0.0018410639701033195
20901,VINTAGE KEEPSAKE BOX PINK FLOWER,0.0018410639701033195
47422,ASSORTED MONKEY SUCTION CUP HOOK,0.0018135854033853593
21659,GLASS CAKE STAND,0.0018135854033853593
22857,ASSORTED EASTER GIFT TAGS,0.0018135854033853593
21085,SET/6 WOODLAND PAPER CUPS,0.0018135854033853593
85096,HILDA CANDY SPOT RABBIT,0.0018135854033853593
17084R,ASSORTED INCENSE PACK,0.0018135854033853593
21202,DOLLY HONEYCOMB GARLAND,0.0018135854033853593
79071B,ENGLISH ROSE METAL WASTE BIN,0.0018135854033853593
85163B,BLACK BAROQUE WALL CLOCK,0.0018135854033853593
22391,PAPERWEIGHT HOME SWEET HOME,0.0018135854033853593
90209C,PINK ENAMEL+GLASS HAIR COMB,0.0018135854033853593
22541,MINI JIGSAW LEAP FROG,0.0018135854033853593
85230E,STRAWBRY SCENTED VOTIVE CANDLE,0.0018135854033853593
21418,STARFISH SOAP DISH,0.0018135854033853593
85185D,FROG SOCK PUPPET,0.0018135854033853593
23423,PANTRY 3 HOOK ROLLING PIN HANGER,0.0018135854033853593
85215,ASSORTED CHEESE FRIDGE MAGNETS,0.0018135854033853593
85184D,S/4 BLUE ROUND DECOUPAGE BOXES,0.0017861068366673994
22935,BAKING MOULD ROSE MILK CHOCOLATE,0.0017861068366673994
85129C,BEADED CRYSTAL HEART BLUE SMALL,0.0017861068366673994
84970l,SINGLE HEART ZINC T-LIGHT HOLDER,0.0017861068366673994
21256,"FRENCH BOTTLE, BRASSERIE DES ARTIST",0.0017861068366673994
16015,MEDIUM CHINESE STYLE SCISSOR,0.0017861068366673994
21319,GLASS CHALICE GREEN SMALL,0.0017861068366673994
21740,COSY SLIPPER SHOES LARGE RED,0.0017861068366673994
23509,MINI PLAYING CARDS FUN FAIR,0.0017861068366673994
17181,CIRCLE OF FRIENDS CANDLE HOLDER,0.0017861068366673994
21269,ANTIQUE CREAM CUTLERY SHELF,0.0017861068366673994
21456,2 PICTURE BOOK EGGS EASTER CHICKS,0.0017861068366673994
21457,2 PICTURE BOOK EGGS EASTER DUCKS,0.0017861068366673994
20819,SILVER TEDDY BEAR,0.0017861068366673994
35833P,4 PINK FLOCK CHRISTMAS BALLS,0.0017586282699494395
84535A,ENGLISH ROSE NOTEBOOK A6 SIZE,0.0017586282699494395
84707A,SILVER JEWELLED MIRROR TRINKET TRAY,0.0017586282699494395
20756,GREEN FERN POCKET BOOK,0.0017586282699494395
72801G,S/4 BURGUNDY WINE DINNER CANDLES,0.0017586282699494395
90214M,"LETTER ""M"" BLING KEY RING",0.0017586282699494395
84658,WHITE STITCHED CUSHION COVER,0.0017586282699494395
21003,ROSE DU SUD CUSHION COVER,0.0017586282699494395
37467,PIG MUG IN TWO COLOUR DESIGNS,0.0017586282699494395
23414,ZINC BOX SIGN HOME,0.0017586282699494395
21550,CERAMIC BIRDHOUSE CRESTED TIT LARGE,0.0017586282699494395
21371,MIRRORED WALL ART POPPIES,0.0017586282699494395
23550,WRAP ALPHABET POSTER,0.0017586282699494395
85164B,BLACK BAROQUE CUCKOO CLOCK,0.0017586282699494395
84249D,FAIRY CAKE GREETINGS CARD,0.0017586282699494395
72484,ROSES IN WHITE HEART CANDLE,0.0017586282699494395
79163,BLACK CHAMPAGNE GLASS,0.0017586282699494395
21503,TOYBOX WRAP,0.0017586282699494395
84457,SET/3 RABBITS FLOWER SKIPPPING ROPE,0.0017586282699494395
35651,VINTAGE BEAD PINK SCARF,0.0017311497032314795
90158,ST TROPEZ NECKLACE,0.0017311497032314795
20759,CHRYSANTHEMUM POCKET BOOK,0.0017311497032314795
23565,EGG CUP MILKMAID HELGA,0.0017311497032314795
10123C,HEARTS WRAPPING TAPE,0.0017311497032314795
20838,FRENCH LATTICE CUSHION COVER,0.0017311497032314795
90116,FRUIT SALAD BAG CHARM,0.0017311497032314795
47471,RAINBOW PEGS PHOTO CLIP STRING,0.0017311497032314795
23517,EMBROIDERED RIBBON REEL REBECCA,0.0017311497032314795
84663A,GRASS HOPPER WOODEN WALL CLOCK,0.0017311497032314795
72127,COLUMBIAN CANDLE ROUND,0.0017311497032314795
84563A,PINK & WHITE BREAKFAST TRAY,0.0017036711365135194
84675,FROG KING WATERING CAN,0.0017036711365135194
85230F,JASMINE VOTIVE CANDLE,0.0017036711365135194
23026,DRAWER KNOB VINTAGE GLASS STAR,0.0017036711365135194
90129B,TURQUOISE GLASS TASSLE BAG CHARM,0.0017036711365135194
23524,HORSE & PONY WALL ART,0.0017036711365135194
23547,WRAP FLOWER SHOP,0.0017036711365135194
84927F,PSYCHEDELIC TILE HOOK,0.0017036711365135194
40046A,RED DAISY PAPER LAMPSHADE,0.0017036711365135194
85125,SMALL ROUND CUT GLASS CANDLESTICK,0.0017036711365135194
21750,LARGE SKULL WINDMILL,0.0017036711365135194
84924A,WAKE UP COCKEREL CALENDAR SIGN,0.0017036711365135194
90175A,WHITE GLASS CHUNKY CHARM BRACELET,0.0016761925697955594
79323G,GOLD CHERRY LIGHTS,0.0016761925697955594
20804,GLASS CHICKEN BUTTER DISH,0.0016761925697955594
84660B,BLACK STITCHED WALL CLOCK,0.0016761925697955594
85205B,PINK FELT EASTER RABBIT GARLAND,0.0016761925697955594
21375,LARGE CAMPHOR WOOD FIELD MUSHROOM,0.0016761925697955594
85135A,YELLOW DRAGONFLY HELICOPTER,0.0016761925697955594
84918,CREAM C/COVER W YELLOW/GREEN FLOWER,0.0016761925697955594
21373,MIRRORED WALL ART SNOWFLAKES,0.0016761925697955594
21536,DAIRY MAID SMALL MILK JUG,0.0016761925697955594
72801d,S/4 SKY BLUE DINNER CANDLES,0.0016761925697955594
85049e,SCANDINAVIAN REDS RIBBONS,0.0016761925697955594
72801D,S/4 SKY BLUE DINNER CANDLES,0.0016761925697955594
85224,ASSORTED COLOUR SILK GLASSES CASE,0.0016761925697955594
20781,GOLD EAR MUFF HEADPHONES,0.0016761925697955594
23219,LAUREL STAR ANTIQUE SILVER,0.0016761925697955594
84251B,"GREETING CARD, STICKY GORDON",0.0016761925697955594
20695,FLORAL BLUE MONSTER,0.0016761925697955594
84761,IVORY HANGING BIRD PLANTER,0.0016761925697955594
90115,SUMMER BUTTERFLIES BAG CHARM,0.0016487140030775995
79030D,"TUMBLER, BAROQUE",0.0016487140030775995
46000R,POLYESTER FILLER PAD 45X30CM,0.0016487140030775995
20696,FLORAL SOFT CAR TOY,0.0016487140030775995
85117,NIGHTINGALE COATHOOK WHITE,0.0016487140030775995
21144,PINK POODLE HANGING DECORATION,0.0016487140030775995
23073,GEORGIAN TRINKET BOX,0.0016487140030775995
84051,ASS COLOUR GLOWING TIARAS,0.0016487140030775995
21367,MIRRORED WALL ART GENTS,0.0016487140030775995
21689,SILVER VANILLA FLOWER CANDLE POT,0.0016487140030775995
21129,SILVER FISHING GNOME,0.0016487140030775995
40003,WHITE BAMBOO RIBS LAMPSHADE,0.0016487140030775995
84712B,PINK JEWELLED PHOTO FRAME,0.0016487140030775995
47503H,ASS FLORAL PRINT SPIRIT LEVEL,0.0016487140030775995
21250,SET OF SKULL WALL STICKERS,0.0016487140030775995
23408,PHOTO FRAME LINEN AND LACE SMALL,0.0016212354363596396
85167B,BLACK GRAND BAROQUE PHOTO FRAME,0.0016212354363596396
84563B,BLUE & WHITE BREAKFAST TRAY,0.0016212354363596396
16046,TEATIME PEN CASE & PENS,0.0016212354363596396
22102,MIRROR MOSAIC T-LIGHT HOLDER,0.0016212354363596396
16169K,WRAP FOLK ART,0.0016212354363596396
16169M,WRAP DAISY CARPET,0.0016212354363596396
84873a,FUNKY FLOWER PICNIC BAG FOR 4,0.0016212354363596396
90129E,PURPLE GLASS TASSLE BAG CHARM,0.0016212354363596396
51020B,STRIPY DESIGN SHOWER CAP,0.0016212354363596396
85170B,SET/6 BLACK BIRD T-LIGHT CANDLES,0.0015937568696416794
23413,VINTAGE COFFEE GRINDER BOX,0.0015937568696416794
84859A,SILVER DISCO HANDBAG,0.0015937568696416794
84971L,LARGE HEART FLOWERS HOOK,0.0015937568696416794
21732,RED HANGING METAL STAR TLIGHT HLDR,0.0015937568696416794
84510a,SET OF 4 ENGLISH ROSE COASTERS,0.0015937568696416794
21160,KEEP OUT GIRLS DOOR HANGER,0.0015937568696416794
90147,CHUNKY SILVER NECKLACE PASTEL FLOWE,0.0015937568696416794
20980,36 PENCILS TUBE POSY,0.0015937568696416794
90120C,GREEN MURANO TWIST BRACELET,0.0015937568696416794
23099,FRENCH CARRIAGE LANTERN,0.0015937568696416794
85020,ROUND PINK HEART MIRROR,0.0015937568696416794
21146,ANTIQUE GLASS RIDGED HANGING BALL,0.0015937568696416794
84916,HAND TOWEL PALE BLUE W FLOWERS,0.0015937568696416794
85165,CANDY PINK FRENCH BOUDOIR CLOCK,0.0015937568696416794
22802,FAUX FUR CHOCOLATE THROW,0.0015937568696416794
85163A,WHITE BAROQUE WALL CLOCK,0.0015662783029237195
17165B,ASS COL LARGE SAND GECKO P'WEIGHT,0.0015662783029237195
84974,S/2 ZINC HEART DESIGN PLANTERS,0.0015662783029237195
21128,GOLD FISHING GNOME,0.0015662783029237195
90005A,JADE GREEN ENAMEL HAIR COMB,0.0015662783029237195
72130,COLUMBIAN CANDLE ROUND,0.0015662783029237195
90206C,CRYSTAL DIAMANTE STAR BROOCH,0.0015662783029237195
47504G,ENGLISH ROSE TAPE MEASURE,0.0015662783029237195
84989B,75 BLACK FAIRY CAKE CASES,0.0015662783029237195
22257,FELT FARM ANIMAL SHEEP,0.0015662783029237195
22806,SET OF 6 T-LIGHTS WEDDING CAKE,0.0015662783029237195
23512,EMBROIDERED RIBBON REEL ROSIE,0.0015662783029237195
90201D,GREEN ENAMEL FLOWER RING,0.0015662783029237195
22869,"NUMBER TILE COTTAGE GARDEN, 1",0.0015662783029237195
37333,"RETRO ""TEA FOR ONE""",0.0015662783029237195
23554,LANDMARK FRAME OXFORD STREET,0.0015662783029237195
21480,PINK STRIPE HOT WATER BOTTLE,0.0015662783029237195
35598B,BLACK CHRISTMAS TREE 60CM,0.0015662783029237195
23695,DOILY THANK YOU CARD,0.0015662783029237195
20989,URBAN CHIC CHOPSTICKS SET/5,0.0015662783029237195
79323B,BLACK CHERRY LIGHTS,0.0015662783029237195
85129B,BEADED CRYSTAL HEART GREEN SMALL,0.0015387997362057595
23425,STORAGE TIN HOME SWEET HOME,0.0015387997362057595
90013C,GREEN VINTAGE EARRINGS,0.0015387997362057595
23411,TRELLIS COAT RACK,0.0015387997362057595
44234,ASSORTED CIRCULAR MOBILE,0.0015387997362057595
90018A,SILVER M.O.P ORBIT DROP EARRINGS,0.0015387997362057595
79323S,SILVER CHERRY LIGHTS,0.0015387997362057595
84976,RECTANGULAR SHAPED MIRROR,0.0015387997362057595
35160,BUDDHA INCENSE HOLDER ASSORTED,0.0015387997362057595
21263,GREEN GOOSE FEATHER TREE 60CM,0.0015387997362057595
85106,CUT GLASS HEXAGON T-LIGHT HOLDER,0.0015387997362057595
72801C,S/4 ROSE PINK DINNER CANDLES,0.0015387997362057595
35914,PINK CHICK EGG WARMER + EGG CUP,0.0015387997362057595
16169N,WRAP BLUE RUSSIAN FOLKART,0.0015387997362057595
21320,GLASS CHALICE GREEN LARGE,0.0015387997362057595
79191D,RETRO PLASTIC DAISY TRAY,0.0015387997362057595
22394,PAPERWEIGHT KINGS CHOICE,0.0015113211694877996
20783,HEART EAR MUFF HEADPHONES,0.0015113211694877996
16156N,"WRAP, FRIENDSHIP ON GREEN",0.0015113211694877996
47579,TEA TIME BREAKFAST BASKET,0.0015113211694877996
90098,NECKLACE+BRACELET PINK BUTTERFLY,0.0015113211694877996
21275,ZINC TOP 2 DOOR WOODEN SHELF,0.0015113211694877996
21490,SET OF THREE 50'S GIFT WRAPS,0.0015113211694877996
17038,PORCELAIN BUDAH INCENSE HOLDER,0.0015113211694877996
16259,PIECE OF CAMO STATIONERY SET,0.0015113211694877996
20753,RETRO PINK SPOT WASHING UP GLOVES,0.0015113211694877996
23113,PANTRY CHOPPING BOARD,0.0015113211694877996
22105,MIRROR MOSAIC GOBLET CANDLE HOLDER,0.0015113211694877996
35991,SET/6 BLACK SNOWFLAKE T-LIGHTS,0.0014838426027698394
85104,SILVER GLASS T-LIGHT SET,0.0014838426027698394
72728,ROSE SCENT CANDLES IN GLASS,0.0014838426027698394
84820,DANISH ROSE TRINKET TRAYS,0.0014838426027698394
20694,FLORAL PINK MONSTER,0.0014838426027698394
37441,ASSORTED WHITE EMBOSSED CHINA MUGS,0.0014838426027698394
37444C,PINK BREAKFAST CUP AND SAUCER,0.0014838426027698394
79051A,SMOKEY GREY COLOUR D.O.F. GLASS,0.0014838426027698394
72051S,BAG OF SILVER STONES,0.0014838426027698394
23025,DRAWER KNOB VINTAGE GLASS BALL,0.0014838426027698394
72131,COLUMBIAN CANDLE RECTANGLE,0.0014838426027698394
84846A,SCENTED CANDLE IN DIGITALIS TIN,0.0014838426027698394
72814,SET/3 CHRISTMAS BRIAR CANDLES,0.0014838426027698394
90201B,BLACK ENAMEL FLOWER RING,0.0014838426027698394
90201A,PURPLE ENAMEL FLOWER RING,0.0014838426027698394
23003,TRAVEL CARD WALLET VINTAGE ROSE,0.0014563640360518795
84251C,"GREETING CARD, TWO SISTERS.",0.0014563640360518795
90192,JADE DROP EARRINGS W FILIGREE,0.0014563640360518795
84247N,PACK/12 BLUE FOLKART CARDS,0.0014563640360518795
23179,CLOCK MAGNET MUM'S KITCHEN,0.0014563640360518795
84917,WHITE HAND TOWEL WITH BUTTERFLY,0.0014563640360518795
35649,VINTAGE BEAD COSMETIC BAG,0.0014563640360518795
21632,VINTAGE PINK DECORATIVE PARASOL,0.0014563640360518795
21631,HIPPY CHIC DECORATIVE PARASOL,0.0014563640360518795
90214H,"LETTER ""H"" BLING KEY RING",0.0014563640360518795
23556,LANDMARK FRAME COVENT GARDEN,0.0014563640360518795
84708B,PINK JEWELLED PHOTO FRAME,0.0014563640360518795
20869,GOLD FABRIC MIRROR,0.0014563640360518795
85090,CANDY SPOT APRON,0.0014563640360518795
84815,SET OF 3 DANISH ROSE PLANTERS,0.0014563640360518795
23041,PAPER LANTERN 9 POINT SNOW STAR,0.0014563640360518795
84899F,YELLOW PURPLE DAISY FELT PURSE KIT,0.0014563640360518795
35637A,IVORY STRING CURTAIN WITH POLE,0.0014563640360518795
22765,NEWSPAPER STAND,0.0014563640360518795
85121C,RETRO LAUNDRY TUB PISTACHIO,0.0014563640360518795
20898,VINTAGE NOTEBOOK TRAVELOGUE,0.0014563640360518795
84902,PINK KNITTED COW STUFFED TOY,0.0014563640360518795
84910A,PINK PAISLEY CUSHION COVER,0.0014563640360518795
23106,ZINC HEARTS PLANT POT HOLDER,0.0014563640360518795
20705,MRS ROBOT SOFT TOY,0.0014563640360518795
22395,PAPERWEIGHT VINTAGE PAISLEY,0.0014563640360518795
90087,CRYSTAL SEA HORSE PHONE CHARM,0.0014563640360518795
85168B,BLACK BAROQUE CARRIAGE CLOCK,0.0014288854693339196
20933,YELLOW POT PLANT CANDLE,0.0014288854693339196
23451,SQUARE MINI PORTRAIT FRAME,0.0014288854693339196
23454,SET OF 3 MINI HANGING PORTRAITS,0.0014288854693339196
84926E,FLOWERS TILE COASTER,0.0014288854693339196
23140,TRIPLE WIRE HOOK IVORY HEART,0.0014288854693339196
21038,SET/4 MODERN VINTAGE COTTON NAPKINS,0.0014288854693339196
82616A,BUBBLE GUM SCARF KNITTING KIT,0.0014288854693339196
23525,BUFFALO BILL WALL ART,0.0014288854693339196
85049g,CHOCOLATE BOX RIBBONS,0.0014288854693339196
23558,LANDMARK FRAME LONDON BRIDGE,0.0014288854693339196
10134,COLOURING PENCILS BROWN TUBE,0.0014288854693339196
23549,WRAP BIRD GARDEN,0.0014288854693339196
21413,PERIWINKLE T-LIGHT HOLDER,0.0014288854693339196
84898F,YELLOW FLOWERS FELT HANDBAG KIT,0.0014288854693339196
84600,NEW BAROQUE JEWELLERY BOX,0.0014288854693339196
84016,FLAG OF ST GEORGE CAR FLAG,0.0014288854693339196
37494A,FAIRY CAKE CERAMIC BUTTER DISH,0.0014014069026159596
85198,ASSORTED FARMYARD ANIMALS IN BUCKET,0.0014014069026159596
46775E,CANDY POP CHUNKY KNITTED THROW,0.0014014069026159596
84741C,CITRUS GARLAND FELT FLOWERS,0.0014014069026159596
84926A,WAKE UP COCKEREL TILE COASTER,0.0014014069026159596
90082D,DIAMANTE BOW BROOCH BLACK COLOUR,0.0014014069026159596
22503,CABIN BAG VINTAGE PAISLEY,0.0014014069026159596
84826,ASSTD DESIGN 3D PAPER STICKERS,0.0014014069026159596
84707B,PINK JEWELLED MIRROR TRINKET TRAY,0.0014014069026159596
23473,WOODLAND SMALL RED FELT HEART,0.0014014069026159596
90129C,GREEN GLASS TASSLE BAG CHARM,0.0014014069026159596
84625D,WHITE NEWBAROQUE CANDLESTICK CANDLE,0.0014014069026159596
85049a,TRADITIONAL CHRISTMAS RIBBONS,0.0014014069026159596
84661B,BLACK SQUARE TABLE CLOCK,0.0014014069026159596
17091B,JASMINE TEA INCENSE IN TIN,0.0014014069026159596
21030,SPACE CADET RED,0.0014014069026159596
84660A,WHITE STITCHED WALL CLOCK,0.0014014069026159596
21538,DAIRY MAID PUDDING BOWL,0.0014014069026159596
90019A,SILVER M.O.P ORBIT BRACELET,0.0014014069026159596
90173,PAIR BUTTERFLY HAIR CLIPS,0.0014014069026159596
90197B,BLACK GLASS BRACELET W HEART CHARMS,0.0014014069026159596
35599B,BLACK CHRISTMAS TREE 120CM,0.0014014069026159596
21270,ANTIQUE CREAM CUTLERY CUPBOARD,0.0014014069026159596
22954,HEN PARTY CORDON BARRIER TAPE,0.0013739283358979995
21549,CERAMIC BIRDHOUSE RED ROOF SMALL,0.0013739283358979995
90214D,"LETTER ""D"" BLING KEY RING",0.0013739283358979995
85222,ASSORTED COLOUR SILK COSMETIC PURSE,0.0013739283358979995
23528,SPACEBOY WALL ART,0.0013739283358979995
84620,BLUE GINGHAM ROSE CUSHION COVER,0.0013739283358979995
84231,EASTER BUNNY WITH BASKET ON BACK,0.0013739283358979995
22936,BAKING MOULD ROSE WHITE CHOCOLATE,0.0013739283358979995
84631,FRUIT TREE AND BIRDS WALL PLAQUE,0.0013739283358979995
46000U,POLYESTER FILLER PAD 30CMX30CM,0.0013739283358979995
20863,BLUE PATCH PENCIL CASE PINK HEART,0.0013739283358979995
21372,MIRRORED WALL ART TABLE LAMP,0.0013739283358979995
20701,PINK CAT FLORAL CUSHION COVER,0.0013739283358979995
84251F,"GREETING CARD, RITA",0.0013739283358979995
21032,SPACE CADET WHITE,0.0013739283358979995
21816,CHRISTMAS TREE T-LIGHT HOLDER,0.0013739283358979995
90214R,"LETTER ""R"" BLING KEY RING",0.0013739283358979995
21332,MOROCCAN BEATEN METAL MIRROR,0.0013739283358979995
22861,EASTER TIN CHICKS IN GARDEN,0.0013739283358979995
35096A,BLUE VICTORIAN FABRIC HEART BOX,0.0013739283358979995
23555,LANDMARK FRAME NOTTING HILL,0.0013739283358979995
84664,CHERRY BLOSSOM BATHROOM CABINET,0.0013739283358979995
22882,NUMBER TILE VINTAGE FONT 3,0.0013739283358979995
85019A,ROMANTIC IMAGES NOTEBOOK SET,0.0013464497691800395
90096,NECKLACE+BRACELET SET BLUE BLOSSOM,0.0013464497691800395
51020A,SUMMER FUN DESIGN SHOWER CAP,0.0013464497691800395
16033,MINI HIGHLIGHTER PENS,0.0013464497691800395
84847,FLORAL BATHROOM SET,0.0013464497691800395
44230,SQUARE MIRROR CURTAIN,0.0013464497691800395
84396,6 HOOK JEWELLERY STAND BLACK DRESS,0.0013464497691800395
20662,FIRST CLASS HOLIDAY PURSE,0.0013464497691800395
90130B,TURQ STONE/CRYSTAL EARRINGS,0.0013464497691800395
90198B,VINTAGE ROSE BEAD BRACELET BLACK,0.0013464497691800395
35921,EASTER BUNNY HANGING GARLAND,0.0013464497691800395
21268,VINTAGE BLUE TINSEL REEL,0.0013464497691800395
23136,IVORY WIRE SWEETHEART LETTER TRAY,0.0013464497691800395
90104,PURPLE FRANGIPANI HAIRCLIP,0.0013464497691800395
72023F,RED ORGANIC CANDLE IN GLASS,0.0013464497691800395
22164,STRING OF STARS CARD HOLDER,0.0013464497691800395
23180,MUM'S KITCHEN CLOCK,0.0013464497691800395
21131,GOLD STANDING GNOME,0.0013464497691800395
85095,THREE CANVAS LUGGAGE TAGS,0.0013464497691800395
84405A,S/3 PINK COL METAL BASKET W HANDLE,0.0013464497691800395
85033S,SET/6 SILVER REINDEER T-LIGHTS,0.0013464497691800395
20670,VIP HOLIDAY PURSE,0.0013189712024620796
82011B,BATHROOM SCALES RUBBER DUCKS,0.0013189712024620796
85230A,OPIUM SCENTED VOTIVE CANDLE,0.0013189712024620796
23527,ANIMALS AND NATURE WALL ART,0.0013189712024620796
16169P,WRAP GREEN RUSSIAN FOLKART,0.0013189712024620796
21392,RED SPOTTY PUDDING BOWL,0.0013189712024620796
85113,POLKA DOT PISTACHIO PAIL,0.0013189712024620796
46126A,ELVIS WALLHANGING / CURTAIN,0.0013189712024620796
21145,ANTIQUE GLASS PLACE SETTING,0.0013189712024620796
21127,COLOURFUL FISHING GNOME,0.0013189712024620796
21130,COLOURFUL STANDING GNOME,0.0013189712024620796
90214G,"LETTER ""G"" BLING KEY RING",0.0013189712024620796
47504E,ENGLISH ROSE SCISSORS,0.0013189712024620796
90059A,DIAMANTE HAIR GRIP PACK/2 CRYSTAL,0.0013189712024620796
23074,EMBOSSED HEART TRINKET BOX,0.0013189712024620796
21007,ETCHED GLASS DROPLET DECORATION,0.0013189712024620796
82095,HEART BUTTONS JEWELLERY BOX,0.0013189712024620796
20794,BLUE TILE HOOK,0.0013189712024620796
84033,FLAG OF ST GEORGE,0.0013189712024620796
84773,RED ROSE AND LACE C/COVER,0.0013189712024620796
84762B,PINK PICNIC BARBECUE BUCKET,0.0013189712024620796
85121B,RETRO LAUNDRY TUB PINK,0.0013189712024620796
84865,NEW BAROQUE BLACK PHOTO ALBUM,0.0013189712024620796
90184C,BLACK CHUNKY BEAD BRACELET W STRAP,0.0013189712024620796
84682,CLASSICAL ROSE DISH,0.0013189712024620796
23150,IVORY SWEETHEART SOAP DISH,0.0013189712024620796
21277,FRENCH STYLE EMBOSSED HEART CABINET,0.0013189712024620796
23568,EGG CUP HENRIETTA HEN CREAM,0.0013189712024620796
23058,CHRISTMAS HANGING SNOWFLAKE,0.0013189712024620796
84715,SET OF 6 ICE CREAM SKITTLES,0.0012914926357441197
85136B,BLUE SHARK HELICOPTER,0.0012914926357441197
21316,SMALL CHUNKY GLASS ROMAN BOWL,0.0012914926357441197
22824,3 TIER SWEETHEART GARDEN SHELF,0.0012914926357441197
20906,VINTAGE NOTEBOOK BEAUTY GIRL,0.0012914926357441197
85019B,BLOSSOM IMAGES NOTEBOOK SET,0.0012914926357441197
20910,VINTAGE PHOTO ALBUM PARIS DAYS,0.0012914926357441197
21091,SET/6 WOODLAND PAPER PLATES,0.0012914926357441197
23086,ZINC STAR T-LIGHT HOLDER,0.0012914926357441197
90184B,AMETHYST CHUNKY BEAD BRACELET W STR,0.0012914926357441197
71101E,STANDING FAIRY POLE SUPPORT,0.0012914926357441197
23453,OVAL MINI PORTRAIT FRAME,0.0012914926357441197
23598,PAPER BUNTING VINTAGE PARTY,0.0012914926357441197
72799C,PINK PILLAR CANDLE SILVER FLOCK,0.0012914926357441197
23422,PANTRY HOOK BALLOON WHISK,0.0012914926357441197
23415,HOME SWEET HOME HOOK,0.0012914926357441197
84665,SQUARE CHERRY BLOSSOM CABINET,0.0012914926357441197
21368,MIRRORED WALL ART LADIES,0.0012914926357441197
84926D,LA PALMIERA TILE COASTER,0.0012914926357441197
21132,SILVER STANDING GNOME,0.0012914926357441197
21842,PINK HEART CANDY BUTTON CALCULATOR,0.0012914926357441197
84029C,BROWN FURRY HOT WATER BOTTLE,0.0012914926357441197
22655,VINTAGE RED KITCHEN CABINET,0.0012914926357441197
20855,PINK PATCH PURSE BLUE HEART,0.0012914926357441197
82585,SWEET VALENCIA CANDLE+CUP,0.0012914926357441197
72800A,S/4 BLACK DINNER CANDLE SILVER FLOC,0.0012640140690261595
90086,CRYSTAL FROG PHONE CHARM,0.0012640140690261595
20666,ECONOMY HOLIDAY PURSE,0.0012640140690261595
84683,CLASSICAL ROSE CANDLESTAND,0.0012640140690261595
35951,FOLKART BAUBLE CHRISTMAS DECORATION,0.0012640140690261595
16207B,PINK HEART RED HANDBAG,0.0012640140690261595
21134,VICTORIAN METAL POSTCARD CHRISTMAS,0.0012640140690261595
72529W,WHITE ADVENT CANDLE,0.0012640140690261595
20935,ROUND CACTUS CANDLE,0.0012640140690261595
37508,NEW ENGLAND CERAMIC CAKE SERVER,0.0012640140690261595
90201C,RED ENAMEL FLOWER RING,0.0012640140690261595
22870,"NUMBER TILE COTTAGE GARDEN, 2",0.0012640140690261595
84972L,GIANT PINK HEART MEMO HOLDER,0.0012640140690261595
84509F,NEW ENGLAND PLACEMATS,0.0012640140690261595
84228,HEN HOUSE W CHICK STANDING,0.0012640140690261595
85221,ASSORTED COLOUR SILK COIN PURSE,0.0012640140690261595
35916B,BLUE FELT HANGING HEART W FLOWER,0.0012640140690261595
85162C,WHITE RETRODISC LAMPSHADE,0.0012640140690261595
84592,CROCHET ROSE PURSE WITH SUEDE BACK,0.0012640140690261595
21376,LARGE TALL CAMPHOR WOOD TOADSTOOL,0.0012640140690261595
81952V,ROUND PURPLE CLOCK W/SUCKER,0.0012640140690261595
85230G,ORANGE VOTIVE CANDLE,0.0012640140690261595
84030e,ENGLISH ROSE HOT WATER BOTTLE,0.0012640140690261595
22038,BOTANICAL LAVENDER GIFT WRAP,0.0012365355023081996
23117,POPPY FIELDS CHOPPING BOARD,0.0012365355023081996
23462,ROCOCO WALL MIRROR WHITE,0.0012365355023081996
23115,RED APPLES CHOPPING BOARD,0.0012365355023081996
23114,VINTAGE LEAF CHOPPING BOARD,0.0012365355023081996
23104,IVORY PANTRY HANGING LAMP,0.0012365355023081996
22878,"NUMBER TILE COTTAGE GARDEN, NO",0.0012365355023081996
72789,BASKET/8 SCENTED LOVE TOKEN CANDLES,0.0012365355023081996
84872a,TEATIME FUNKY FLOWER BACKPACK FOR 2,0.0012365355023081996
84531A,PINK KNITTED EGG COSY,0.0012365355023081996
21197,MULTICOLOUR CONFETTI IN TUBE,0.0012365355023081996
90145,SILVER HOOP EARRINGS WITH FLOWER,0.0012365355023081996
22769,CHALKBOARD KITCHEN ORGANISER,0.0012365355023081996
23135,SMALL ZINC HEART WALL ORGANISER,0.0012365355023081996
21769,VINTAGE POST OFFICE CABINET,0.0012365355023081996
84597C,RETRO PINK BALL ASHTRAY,0.0012090569355902396
84797A,PINK HAWAIIAN PICNIC HAMPER FOR 4,0.0012090569355902396
84977,WIRE FLOWER T-LIGHT HOLDER,0.0012090569355902396
23518,EMBROIDERED RIBBON REEL RACHEL,0.0012090569355902396
35916A,YELLOW FELT HANGING HEART W FLOWER,0.0012090569355902396
23216,LAUREL HEART ANTIQUE GOLD,0.0012090569355902396
20663,QUEEN OF THE SKIES HOLIDAY PURSE,0.0012090569355902396
90195A,PURPLE GEMSTONE BRACELET,0.0012090569355902396
72780,BLACK SILOUETTE CANDLE PLATE,0.0012090569355902396
90160C,TURQ+RED BOUDICCA LARGE BRACELET,0.0012090569355902396
23272,TREE T-LIGHT HOLDER WILLIE WINKIE,0.0012090569355902396
23521,CAT AND BIRD WALL ART,0.0012090569355902396
84509c,DOTTY PLACEMATS,0.0012090569355902396
37474,SET/4 2 TONE EGG SHAPE MIXING BOWLS,0.0012090569355902396
72807c,SET/3 VANILLA SCENTED CANDLE IN BOX,0.0012090569355902396
72267,PREMIUM CHURCH CANDLE,0.0012090569355902396
37492B,BLUE YELLOW FLOWER PIGGY BANK,0.0012090569355902396
85039a,SET/4 RED MINI ROSE CANDLE IN BOWL,0.0012090569355902396
84452,METAL RABBIT LADDER EASTER,0.0012090569355902396
23057,GEMSTONE CHANDELIER T-LIGHT HOLDER,0.0012090569355902396
84952B,BLACK LOVE BIRD T-LIGHT HOLDER,0.0012090569355902396
47559b,TEA TIME OVEN GLOVE,0.0012090569355902396
21185,HOME SWEET HOME BLACKBOARD,0.0012090569355902396
22783,SET 3 WICKER OVAL BASKETS W LIDS,0.0012090569355902396
23479,WIRE EGG BASKET,0.0012090569355902396
23070,EDWARDIAN HEART PHOTO FRAME,0.0012090569355902396
21477,STRING OF 20 ROSE LIGHTS,0.0012090569355902396
21459,YELLOW EASTER EGG HUNT START POST,0.0012090569355902396
23324,RUSTIC STRAWBERRY JAMPOT LARGE,0.0012090569355902396
47481,50CM METAL STRING WITH 7 CLIPS,0.0012090569355902396
84508C,BLUE CIRCLES DESIGN TEDDY,0.0011815783688722797
84661A,WHITE SQUARE TABLE CLOCK,0.0011815783688722797
84762C,GREEN PICNIC BARBECUE BUCKET,0.0011815783688722797
46000P,POLYESTER FILLER PAD 65CMX65CM,0.0011815783688722797
90214N,"LETTER ""N"" BLING KEY RING",0.0011815783688722797
90161A,ANT COPPER RED BOUDICCA BRACELET,0.0011815783688722797
82607C,GLASS BONBON JAR. SUPERFINES,0.0011815783688722797
37444A,YELLOW BREAKFAST CUP AND SAUCER,0.0011815783688722797
21223,SET/4 BADGES WOODLAND ANIMAL,0.0011815783688722797
23562,SET OF 6 RIBBONS PERFECTLY PRETTY,0.0011815783688722797
84595E,LARGE TORTILLA DESIGN RED BOWL,0.0011815783688722797
21393,BLUE SPOTTY PUDDING BOWL,0.0011815783688722797
23548,WRAP MAGIC FOREST,0.0011815783688722797
20913,SET/5 BLUE SPOTTY LID GLASS BOWLS,0.0011815783688722797
16169C,WRAP BLUE REINDEER,0.0011815783688722797
84877D,BLUE ROUND COMPACT MIRROR,0.0011815783688722797
84877B,GREEN ROUND COMPACT MIRROR,0.0011815783688722797
85179B,WHITE BITTY LIGHT CHAIN,0.0011815783688722797
84469,ROSE DES PADDED FLOOR CUSHION,0.0011815783688722797
84919,L BLUE C/COVER W PINK/YELLOW FLOWER,0.0011815783688722797
23487,SWEET HEART CAKE CARRIER,0.0011815783688722797
23460,SWEETHEART WALL TIDY,0.0011815783688722797
35004P,SET OF 3 PINK FLYING DUCKS,0.0011815783688722797
23124,18PC WOODEN CUTLERY SET DISPOSABLE,0.0011815783688722797
21336,GOLD WASHBAG,0.0011815783688722797
85114c,RED ENCHANTED FOREST PLACEMAT,0.0011540998021543195
84952C,MIRROR LOVE BIRD T-LIGHT HOLDER,0.0011540998021543195
47503K,ASSORTED FLORAL SECATEURS,0.0011540998021543195
23060,HEART BEADED TRELLIS DECORATION,0.0011540998021543195
85024C,PINK SMALL JEWELLED PHOTOFRAME,0.0011540998021543195
21018,BIRD BOX CHRISTMAS TREE DECORATION,0.0011540998021543195
84429A,MEDIUM PINK BUDDHA HEAD,0.0011540998021543195
84531B,BLUE KNITTED EGG COSY,0.0011540998021543195
21757,LIGHTHOUSE PRINTED METAL SIGN,0.0011540998021543195
17039,INLAID WOOD INCENSE HOLDER,0.0011540998021543195
22137,BATHROOM SET LOVE HEART DESIGN,0.0011540998021543195
90120B,BLUE MURANO TWIST BRACELET,0.0011540998021543195
90119,METALIC LEAVES BAG CHARMS,0.0011540998021543195
21133,PAINTED BIRD ASSORTED CHRISTMAS,0.0011540998021543195
23660,HENRIETTA HEN MUG,0.0011540998021543195
35916C,PINK FELT HANGING HEART W FLOWER,0.0011540998021543195
23409,PHOTO FRAME LINEN AND LACE LARGE,0.0011540998021543195
21350,GINGHAM HEART WREATH,0.0011540998021543195
84926F,PSYCHEDELIC TILE COASTER,0.0011540998021543195
82553,POP'S GREASY SPOON METAL SIGN,0.0011540998021543195
23516,EMBROIDERED RIBBON REEL SOPHIE,0.0011540998021543195
21635,MADRAS NOTEBOOK LARGE,0.0011540998021543195
23539,WALL ART LOVES' SECRET,0.0011266212354363596
23694,PAISLEY PARK CARD,0.0011266212354363596
47562,ENGLISH ROSE IRONING BOARD COVER,0.0011266212354363596
84870C,GREEN GEISHA GIRL,0.0011266212354363596
20689,RETRO SISTERS EXPRESSO CUPS,0.0011266212354363596
84989a,75 GREEN FAIRY CAKE CASES,0.0011266212354363596
23495,SET OF 3 PANTRY WOODEN SPOONS,0.0011266212354363596
90129F,RED GLASS TASSLE BAG CHARM,0.0011266212354363596
23523,TREASURE AHOY WALL ART,0.0011266212354363596
23327,HANGING CLEAR MINI BOTTLE,0.0011266212354363596
90120A,PINK MURANO TWIST BRACELET,0.0011266212354363596
90175D,TIGRIS EYE CHUNKY CHARM BRACELET,0.0011266212354363596
84499,BLACK FLOWER CANDLE PLATE,0.0011266212354363596
84876B,GREEN HEART COMPACT MIRROR,0.0010991426687183997
84689,S/2 BEACH HUT TREASURE CHESTS,0.0010991426687183997
84461,12 PINK HEN+CHICKS IN BASKET,0.0010991426687183997
84870B,BLUE GEISHA GIRL,0.0010991426687183997
82587,TEXRIO TOMATOES CANDLE+CUP,0.0010991426687183997
90120D,WHITE MURANO TWIST BRACELET,0.0010991426687183997
85027L,FRENCH CHATEAU LARGE PLATTER,0.0010991426687183997
90059D,DIAMANTE HAIR GRIP PACK/2 PERIDOT,0.0010991426687183997
16254,TRANSPARENT ACRYLIC TAPE DISPENSER,0.0010991426687183997
85044,RED REINDEER STRING OF 20 LIGHTS,0.0010991426687183997
84875B,GREEN SQUARE COMPACT MIRROR,0.0010991426687183997
84559a,3D SHEET OF DOG STICKERS,0.0010991426687183997
85179C,PINK BITTY LIGHT CHAIN,0.0010991426687183997
85097B,BLUE ROCKING SINGING CANARY,0.0010991426687183997
90014A,SILVER/MOP ORBIT NECKLACE,0.0010991426687183997
21089,SET/6 GREEN SPRING PAPER CUPS,0.0010991426687183997
23142,IVORY WIRE KITCHEN ORGANISER,0.0010991426687183997
90214B,"LETTER ""B"" BLING KEY RING",0.0010991426687183997
21095,SET/6 POSIES PAPER PLATES,0.0010991426687183997
22486,PLASMATRONIC LAMP,0.0010991426687183997
23218,LAUREL STAR ANTIQUE GOLD,0.0010991426687183997
23040,PAPER LANTERN 9 POINT SNOW STAR,0.0010991426687183997
21728,METAL MEDINA LANTERN,0.0010991426687183997
35240,ENAMEL BLUE RIM OVAL TRAY SET/2,0.0010716641020004397
35594,WOODEN CHRISTMAS TREE 3 HANGING,0.0010716641020004397
85119,WATERING CAN SINGLE HOOK PISTACHIO,0.0010716641020004397
23056,FLOWERS CHANDELIER T-LIGHT HOLDER,0.0010716641020004397
16161M,WRAP PINK FLOCK,0.0010716641020004397
84684,BEACH HUT PHOTO FRAME,0.0010716641020004397
84007,MAGIC GARDEN MOUNT FUJI,0.0010716641020004397
16054,POPART RECT PENCIL SHARPENER ASST,0.0010716641020004397
16020C,CLEAR STATIONERY BOX SET,0.0010716641020004397
22872,"NUMBER TILE COTTAGE GARDEN, 4",0.0010716641020004397
90143,SILVER BRACELET W PASTEL FLOWER,0.0010716641020004397
35015,JACOBS LADDER SMALL,0.0010716641020004397
22884,NUMBER TILE VINTAGE FONT 5,0.0010716641020004397
23482,PEARLISED IVORY HEART LARGE,0.0010716641020004397
21553,CERAMIC BIRDHOUSE FINCH BLUE LARGE,0.0010716641020004397
84952A,CLEAR LOVE BIRD T-LIGHT HOLDER,0.0010716641020004397
84859C,PINK DISCO HANDBAG,0.0010716641020004397
21031,SPACE CADET BLACK,0.0010716641020004397
22889,"NUMBER TILE VINTAGE FONT, NO",0.0010716641020004397
84510F,SET OF 4 NEW ENGLAND COASTERS,0.0010441855352824796
23055,IVORY CHANDELIER T-LIGHT HOLDER,0.0010441855352824796
84192,ASSORTED COLOUR METAL CAT,0.0010441855352824796
84360,TABLE LAMP WHITE SHADE WOOD BASE,0.0010441855352824796
84422,PINK/BLUE DISC/MIRROR STRING,0.0010441855352824796
23125,6PC WOOD PLATE SET DISPOSABLE,0.0010441855352824796
20892,SET/3 TALL GLASS CANDLE HOLDER PINK,0.0010441855352824796
22825,DECORATIVE PLANT POT WITH FRIEZE,0.0010441855352824796
72750B,"F.FAIRY S/3 CANDLE/GLASS,LAVENDER",0.0010441855352824796
84609,TALL ROCOCO CANDLE HOLDER,0.0010441855352824796
90094,NECKLACE+BRACELET SET FRUIT SALAD,0.0010441855352824796
17109D,FLOWER FAIRY INCENSE BOUQUET,0.0010441855352824796
15056p,EDWARDIAN PARASOL PINK,0.0010441855352824796
72225C,LAVENDER SCENT CAKE CANDLE,0.0010441855352824796
85166B,BLACK METAL BAROQUE PHOTO FRAME,0.0010441855352824796
90057,DIAMANTE RING ASSORTED IN BOX.,0.0010167069685645196
79026B,"S/4 ICON COASTER,ELVIS LIVES",0.0010167069685645196
85006,SET 4 NURSERY DES ROUND BOXES,0.0010167069685645196
22880,"NUMBER TILE VINTAGE FONT, 1",0.0010167069685645196
20862,PINK PATCH PENCIL CASE BLUE HEART,0.0010167069685645196
23474,WOODLAND SMALL BLUE FELT HEART,0.0010167069685645196
48173c,DOOR MAT BLACK FLOCK,0.0010167069685645196
84915,HAND TOWEL PINK FLOWER AND DAISY,0.0010167069685645196
21226,POCKET MIRROR WOODLAND,0.0010167069685645196
23691,KEEP CALM BIRTHDAY WRAP,0.0010167069685645196
23134,LARGE ZINC HEART WALL ORGANISER,0.0010167069685645196
84497,BUTTONS AND STRIPES NOTEBOOK,0.0010167069685645196
85023B,EAU DE NILE JEWELLED PHOTOFRAME,0.0010167069685645196
84529C,YELLOW KNITTED KIDS RUCKSACK,0.0010167069685645196
84875D,BLUE SQUARE COMPACT MIRROR,0.0010167069685645196
21752,GLASS CAKE STAND MIRRORED BASE,0.0010167069685645196
23567,EGG CUP HENRIETTA HEN PINK,0.0010167069685645196
16212,FUNKY GIRLZ ASST MAGNETIC MEMO PAD,0.0010167069685645196
23576,SNACK TRAY RED VINTAGE DOILY,0.0010167069685645196
84800L,LARGE WHITE/PINK ROSE ART FLOWER,0.0010167069685645196
90204,PAIR OF ENAMEL BUTTERFLY HAIRCLIP,0.0010167069685645196
23529,DOLLY GIRL WALL ART,0.0010167069685645196
17129D,CLEAR COLOUR GLASS GEMS IN BAG,0.0010167069685645196
79403,FROSTED WHITE BASE,0.0009892284018465597
90081C,LILY BROOCH OLIVE COLOUR,0.0009892284018465597
90125D,PURPLE BERTIE GLASS BEAD BAG CHARM,0.0009892284018465597
47581B,FAIRY CAKE WICKER PICNIC BASKET,0.0009892284018465597
85160B,BLACK BIRD GARDEN DESIGN MUG,0.0009892284018465597
35922,EASTER BUNNY WREATH,0.0009892284018465597
84907,PINK/YELLOW PATCH CUSHION COVER,0.0009892284018465597
23533,WALL ART GARDEN HAVEN,0.0009892284018465597
72801c,S/4 ROSE PINK DINNER CANDLES,0.0009892284018465597
84882,GREEN WIRE STANDING CANDLE HOLDER,0.0009892284018465597
23046,PAPER LANTERN 9 POINT DELUXE STAR,0.0009892284018465597
84760S,SMALL HANGING GLASS+ZINC LANTERN,0.0009892284018465597
84874B,BLUE TRAVEL FIRST AID KIT,0.0009892284018465597
21438,TUB 24 HANGING EASTER EGGS SPOTTY,0.0009892284018465597
90190C,SILVER/AMETHYST DROP EARRINGS LEAF,0.0009892284018465597
20672,PINK TEATIME PRINT BOWL,0.0009892284018465597
22881,"NUMBER TILE VINTAGE FONT, 2",0.0009892284018465597
21444,BLUE CHALET BIRDFEEDER,0.0009892284018465597
21414,SCALLOP SHELL SOAP DISH,0.0009892284018465597
84908A,PINK 5 PATCH FLOWER CUSHION COVER,0.0009892284018465597
90040B,MURANO STYLE GLASS BRACELET BLACK,0.0009892284018465597
84948,SILVER HANGING T-LIGHT HOLDER DOME,0.0009892284018465597
72803B,OCEAN SCENT CANDLE JEWELLED DRAWER,0.0009892284018465597
23456,MEDIUM PARLOUR PICTURE FRAME,0.0009892284018465597
20784,RED RETRO BAR STOOL,0.0009892284018465597
90030B,RED KUKUI COCONUT SEED NECKLACE,0.0009892284018465597
90133,TEAL/FUSCHIA COL BEAD NECKLACE,0.0009892284018465597
16156L,"WRAP, CAROUSEL",0.0009892284018465597
23455,SMALL PARLOUR PICTURE FRAME,0.0009617498351285997
21552,CERAMIC BIRDHOUSE BLACK ROSE LARGE,0.0009617498351285997
90185D,CRYSTAL DIAMANTE EXPANDABLE RING,0.0009617498351285997
71406C,BLACK ORANGE SQUEEZER,0.0009617498351285997
90010E,AMBER GLASS/SILVER BRACELET,0.0009617498351285997
23579,SNACK TRAY I LOVE LONDON,0.0009617498351285997
90070,RUBY GLASS CLUSTER BRACELET,0.0009617498351285997
90165B,WHITE ROSEBUD PEARL EARRINGS,0.0009617498351285997
84842,HELLO SAILOR BATHROOM SET,0.0009617498351285997
47503G,ASS FLORAL PRINT TAPE MEASURE,0.0009617498351285997
84450B,YELLOW RABBIT SAT EASTER,0.0009617498351285997
16052,TEATIME PUSH DOWN RUBBER,0.0009617498351285997
23484,HEART TRELLISTRIPLE T-LIGHT HOLDER,0.0009617498351285997
90164B,WHITE ROSEBUD PEARL BRACELET,0.0009617498351285997
16256B,FLOWER PENCIL/RUBBER+5 MINI PENCILS,0.0009617498351285997
23697,A PRETTY THANK YOU CARD,0.0009617498351285997
84908B,BLUE 5 PATCH FLOWER CUSHION COVER,0.0009617498351285997
79192A,RETRO PLASTIC 70'S TRAY,0.0009617498351285997
85014b,RED/WHITE DOTS RUFFLED UMBRELLA,0.0009617498351285997
84884a,ANT WHITE WIRE HEART SPIRAL,0.0009617498351285997
90203,SILVER CHARM NECKLACE 70CM,0.0009342712684106397
85126,LARGE ROUND CUTGLASS CANDLESTICK,0.0009342712684106397
84526,GIANT BLACK SUNGLASSES,0.0009342712684106397
85040a,S/4 PINK FLOWER CANDLES IN BOWL,0.0009342712684106397
35645,VINTAGE BEAD PINK JEWEL BOX,0.0009342712684106397
20785,FUSCHIA RETRO BAR STOOL,0.0009342712684106397
84510c,SET OF 4 POLKADOTS COASTERS,0.0009342712684106397
90010B,BLACK/WHITE GLASS/SILVER BRACELET,0.0009342712684106397
90040A,MURANO STYLE GLASS BRACELET RED,0.0009342712684106397
47518F,ICON PLACEMAT POP ART ELVIS,0.0009342712684106397
79342B,BROWN FLOWER LIGHTS,0.0009342712684106397
21265,PINK GOOSE FEATHER TREE 60CM,0.0009342712684106397
45008C,DECORATIVE NET CANOPY CREAM,0.0009342712684106397
90185B,AMETHYST DIAMANTE EXPANDABLE RING,0.0009342712684106397
90002D,FLOWER BURST SILVER RING CRYSTAL,0.0009342712684106397
84932C,SMALL ORIENTAL BLUE FOLDING STOOL,0.0009342712684106397
22761,CHEST 7 DRAWER MA CAMPAGNE,0.0009342712684106397
84925F,PSYCHEDELIC WALL THERMOMETER,0.0009342712684106397
82011A,"BATHROOM SCALES, TROPICAL BEACH",0.0009342712684106397
84249A,"GREETING CARD,SQUARE, DOUGHNUTS",0.0009342712684106397
23325,RUSTIC STRAWBERRY JAMPOT SMALL,0.0009342712684106397
23537,I LOVE LONDON WALL ART,0.0009342712684106397
22885,NUMBER TILE VINTAGE FONT 6,0.0009342712684106397
22803,IVORY EMBROIDERED QUILT,0.0009342712684106397
90000D,COPPER/OLIVE GREEN FLOWER NECKLACE,0.0009342712684106397
90129D,AMBER GLASS TASSLE BAG CHARM,0.0009342712684106397
85142,JARDIN ETCHED GLASS GINGER JAR,0.0009342712684106397
84876D,BLUE HEART COMPACT MIRROR,0.0009342712684106397
22056,CERAMIC PLATE LOVE HEART DESIGN,0.0009342712684106397
22883,NUMBER TILE VINTAGE FONT 4,0.0009342712684106397
21299,EDWARDIAN TOILET ROLL UNIT,0.0009342712684106397
81950B,FLOWER BLUE CLOCK W/SUCKER,0.0009342712684106397
90073,VINTAGE ENAMEL & CRYSTAL EARRINGS,0.0009342712684106397
16169F,WRAP BLIZZARD,0.0009342712684106397
90019C,SILVER BLACK ORBIT BRACELET,0.0009342712684106397
17136A,BLUE STONES ON WIRE FOR CANDLE,0.0009342712684106397
90003C,MIDNIGHT BLUE PAIR HEART HAIR SLIDE,0.0009342712684106397
35833G,4 GOLD FLOCK CHRISTMAS BALLS,0.0009067927016926797
20865,PATCHWORK PENCIL CASE BUTTERFLY,0.0009067927016926797
16161G,WRAP BAD HAIR DAY,0.0009067927016926797
77081,FLOWER WINDMILL,0.0009067927016926797
37479P,CUBIC MUG FLOCK PINK ON BROWN,0.0009067927016926797
37410,BLACK AND WHITE PAISLEY FLOWER MUG,0.0009067927016926797
90186A,AMETHYST HOOP EARRING FLORAL LEAF,0.0009067927016926797
79030A,"TUMBLER, ENGLISH ROSE",0.0009067927016926797
22826,LOVE SEAT ANTIQUE WHITE METAL,0.0009067927016926797
46307,ROSES BLUE BASE CUSHION COVER,0.0009067927016926797
21099,SET/6 STRAWBERRY PAPER CUPS,0.0009067927016926797
85028S,FRENCH CHATEAU SMALL FRUITBOWL,0.0009067927016926797
35809B,ENAMEL BLUE RIM TEA CONTAINER,0.0009067927016926797
90144,SILVER DROP EARRINGS WITH FLOWER,0.0009067927016926797
90042A,FRESHWATER PEARL BRACELET GOLD,0.0009067927016926797
84666,SQUARE CHERRY BLOSSOM CABINET,0.0009067927016926797
84927A,WAKE UP COCKEREL TILE HOOK,0.0009067927016926797
84797B,BLUE SAVANNAH PICNIC HAMPER FOR 4,0.0009067927016926797
90214P,"LETTER ""P"" BLING KEY RING",0.0009067927016926797
23661,MILK MAIDS MUG,0.0009067927016926797
20621,ECONOMY PASSPORT COVER,0.0009067927016926797
90059E,DIAMANTE HAIR GRIP PACK/2 RUBY,0.0009067927016926797
23472,NINE DRAWER OFFICE TIDY,0.0009067927016926797
85112,S/3 TEAR DROP CUT GLASS DECORATION,0.0009067927016926797
23421,PANTRY HOOK SPATULA,0.0009067927016926797
23428,IVORY RETRO KITCHEN WALL CLOCK,0.0009067927016926797
23557,LANDMARK FRAME BAKER STREET,0.0008793141349747197
23575,SNACK TRAY PAISLEY PARK,0.0008793141349747197
35819B,"ACRYLIC HANGING JEWEL,BLUE",0.0008793141349747197
23538,WALL ART VINTAGE HEART,0.0008793141349747197
23069,EDWARDIAN PHOTO FRAME,0.0008793141349747197
23522,DOG AND BALL WALL ART,0.0008793141349747197
90174,BUTTERFLY HAIR BAND,0.0008793141349747197
85160A,WHITE BIRD GARDEN DESIGN MUG,0.0008793141349747197
23520,EMBROIDERED RIBBON REEL RUBY,0.0008793141349747197
85161,ACRYLIC GEOMETRIC LAMP,0.0008793141349747197
84824,DANISH ROSE UMBRELLA STAND,0.0008793141349747197
90003D,CRYSTAL PAIR HEART HAIR SLIDES,0.0008793141349747197
37479B,CUBIC MUG FLOCK BLUE ON BROWN,0.0008793141349747197
47598,NEW ENGLAND EGG WARMER,0.0008793141349747197
23420,PANTRY HOOK TEA STRAINER,0.0008793141349747197
37462B,"PET MUG, BUDGIE",0.0008793141349747197
84671B,CROCHET BEAR WITH BLUE STRIPES,0.0008793141349747197
85033G,SET/6 GOLD REINDEER T-LIGHT CANDLES,0.0008793141349747197
84509E,CAROUSEL PLACEMATS,0.0008793141349747197
21663,VINTAGE GLASS SUGAR CADDY,0.0008793141349747197
84806B,WHITE CANDYSTUFT ARTIFICIAL FLOWER,0.0008793141349747197
21087,SET/6 POSIES PAPER CUPS,0.0008793141349747197
21780,MA CAMPAGNE 4 DRAWER WALL SHELF,0.0008793141349747197
84576,BLUE CAT BISCUIT BARREL PINK HEART,0.0008793141349747197
20991,JAZZ HEARTS MAGNETIC MEMO PAD,0.0008793141349747197
20993,JAZZ HEARTS MEMO PAD,0.0008793141349747197
90022,EDWARDIAN DROP EARRINGS JET BLACK,0.0008793141349747197
46775A,BUBBLE GUM CHUNKY KNITTED THROW,0.0008793141349747197
90082A,DIAMANTE BOW BROOCH GREEN COLOUR,0.0008793141349747197
84482,BUTTONS DESIGN JEWELLERY BOX,0.0008793141349747197
90185C,BLACK DIAMANTE EXPANDABLE RING,0.0008793141349747197
22856,ASSORTED EASTER DECORATIONS BELLS,0.0008793141349747197
16049,TEATIME GEL PENS ASST,0.0008518355682567597
23475,WOODLAND SMALL PINK FELT HEART,0.0008518355682567597
84559D,3D SHEET OF SEA WORLD STICKERS,0.0008518355682567597
23457,LARGE PARLOUR PICTURE FRAME,0.0008518355682567597
16047,POP ART PEN CASE & PENS,0.0008518355682567597
90190A,SILVER/CRYSTAL DROP EARRINGS W LEAF,0.0008518355682567597
84532B,FAIRY CAKES RECTANGLUAR BOXES,0.0008518355682567597
23496,PANTRY KITCHEN THERMOMETER,0.0008518355682567597
35607A,PINK FLUFFY CHRISTMAS DECORATION,0.0008518355682567597
84926C,FAIRY CAKES TILE COASTER,0.0008518355682567597
90199C,5 STRAND GLASS NECKLACE CRYSTAL,0.0008518355682567597
21420,OYSTER TRINKET BOX,0.0008518355682567597
21228,"POCKET MIRROR ""GLAMOROUS""",0.0008518355682567597
20786,BLACK RETRO BAR STOOL,0.0008518355682567597
90186B,CRYSTAL HOOP EARRING FLORAL LEAF,0.0008518355682567597
20664,TROPICAL HOLIDAY PURSE,0.0008518355682567597
23532,WALL ART WORK REST AND PLAY,0.0008518355682567597
84306,S/3 PINK SQUARE PLANTERS ROSES,0.0008518355682567597
17013D,ORIGAMI ROSE INCENSE IN TUBE,0.0008518355682567597
84799,SPRIG LAVENDER ARTIFICIAL FLOWER,0.0008518355682567597
23597,PAPER BUNTING PAISLEY PARK,0.0008518355682567597
84744,S/6 SEW ON CROCHET FLOWERS,0.0008518355682567597
22873,"NUMBER TILE COTTAGE GARDEN, 5",0.0008518355682567597
90166,PINK & WHITE ROSEBUD RING,0.0008518355682567597
72133,COLUMBIAN CANDLE RECTANGLE,0.0008518355682567597
47420,ASSORTED COLOUR SUCTION CUP HOOK,0.0008518355682567597
90018B,GOLD M.O.P ORBIT DROP EARRINGS,0.0008518355682567597
22656,VINTAGE BLUE KITCHEN CABINET,0.0008518355682567597
72812,LARGE ZINC/GLASS CANDLEHOLDER,0.0008518355682567597
23072,MARIE ANTOINETTE TRINKET BOX SILVER,0.0008243570015387997
20818,GOLD TEDDY BEAR,0.0008243570015387997
23185,FRENCH STYLE STORAGE JAR JAM,0.0008243570015387997
90122C,TURQUOISE CRYSTAL+GLASS BRACELET,0.0008243570015387997
90122A,PINK CRYSTAL+GLASS BRACELET,0.0008243570015387997
84472,PINK AND LILAC QUILTED THROW,0.0008243570015387997
85145,JARDIN ETCHED GLASS LARGE BELL JAR,0.0008243570015387997
22827,GIANT SEVENTEEN DRAWER SIDEBOARD,0.0008243570015387997
78124,MAGAZINE RACK GEBRA ASSORTED,0.0008243570015387997
90183A,AMBER DROP EARRINGS W LONG BEADS,0.0008243570015387997
35912B,WHITE/PINK CHICK DECORATION,0.0008243570015387997
22039,BOTANICAL LILY GIFT WRAP,0.0008243570015387997
90103,PURPLE FRANGIPANI NECKLACE,0.0008243570015387997
22871,"NUMBER TILE COTTAGE GARDEN, 3",0.0008243570015387997
21729,SMALL MARAKESH METAL LANTERN,0.0008243570015387997
23027,DRAWER KNOB VINTAGE GLASS HEXAGON,0.0008243570015387997
21686,MEDINA STAMPED METAL STOOL,0.0008243570015387997
84711B,PINK OVAL SHAPE TRINKET BOX,0.0008243570015387997
22875,"NUMBER TILE COTTAGE GARDEN, 7",0.0008243570015387997
90072,RUBY DROP CHANDELIER EARRINGS,0.0008243570015387997
84856S,SMALL TAHITI BEACH BAG,0.0008243570015387997
21303,FILIGREE WALL MIRROR ANTIQUE WHITE,0.0008243570015387997
84909A,PINK PAISLEY QUILT,0.0008243570015387997
21331,MOROCCAN BEATEN METAL DISH LARGE,0.0008243570015387997
90016B,GOLD/M.O.P PENDANT ORBIT NECKLACE,0.0008243570015387997
23458,DOLLY CABINET 3 DRAWERS,0.0008243570015387997
84993a,75 GREEN PETIT FOUR CASES,0.0008243570015387997
90124B,BLUE MURANO TWIST NECKLACE,0.0008243570015387997
DCGS0058,MISO PRETTY GUM,0.0008243570015387997
21493,VINTAGE DESIGN GIFT TAGS,0.0007968784348208397
90160B,RED BOUDICCA LARGE BRACELET,0.0007968784348208397
72134,COLUMBIAN CUBE CANDLE,0.0007968784348208397
21388,IVORY HANGING DECORATION CHICKEN,0.0007968784348208397
90085,CRYSTAL STILETTO PHONE CHARM,0.0007968784348208397
20787,BLUE RETRO BAR STOOL,0.0007968784348208397
72140E,BEST DAD CANDLE LETTERS,0.0007968784348208397
84927E,FLOWERS TILE HOOK,0.0007968784348208397
23481,PEARLISED IVORY HEART SMALL,0.0007968784348208397
90010A,MIDNIGHT BLUE GLASS/SILVER BRACELET,0.0007968784348208397
84725,FREESTYLE CANVAS ART PICTURE,0.0007968784348208397
47369B,BLUE GREEN EMBROIDERY COSMETIC BAG,0.0007968784348208397
84762A,WHITE PICNIC BARBECUE BUCKET,0.0007968784348208397
47469,ASSORTED SHAPES PHOTO CLIP SILVER,0.0007968784348208397
17012E,ORIGAMI OPIUM INCENSE/CANDLE SET,0.0007968784348208397
35980C,REDWHITE STRIPE SCANDINAVIAN HEART,0.0007968784348208397
16162L,THE KING GIFT BAG,0.0007968784348208397
22886,"NUMBER TILE VINTAGE FONT, 7",0.0007968784348208397
82001s,VINYL RECORD FRAME SILVER,0.0007968784348208397
47592B,SCOTTIES DESIGN CHILD'S OVERALL,0.0007968784348208397
84823,DANISH ROSE FOLDING CHAIR,0.0007968784348208397
84827,ASS DES PHONE SPONGE CRAFT STICKER,0.0007968784348208397
85030,FRENCH CHATEAU OVAL PLATTER,0.0007968784348208397
85026B,EAU DE NILE JEWELLED T-LIGHT HOLDER,0.0007968784348208397
85146,JARDIN ETCHED GLASS SMALL BELL JAR,0.0007968784348208397
21649,ASSORTED TUTTI FRUTTI PHOTO FRAME,0.0007968784348208397
20795,LARGE BLUE PROVENCAL CERAMIC BALL,0.0007968784348208397
47586A,PINK FAIRY CAKE CUSHION COVER,0.0007968784348208397
90199B,5 STRAND GLASS NECKLACE AMETHYST,0.0007968784348208397
85089,CANDY SPOT BUNNY,0.0007968784348208397
90101,WHITE FRANGIPANI NECKLACE,0.0007968784348208397
90118,PINK DAISY BAG CHARM,0.0007968784348208397
21734,SMALL MARAKESH LANTERN ON STICK,0.0007968784348208397
84619,BLUE GINGHAM ROSE QUILT,0.0007968784348208397
21276,TWO EMBOSSED HEART MINI DRAWERS,0.0007968784348208397
20864,DENIM PATCH PENCIL CASE BUTTERFLY,0.0007968784348208397
21341,KASBAH LANTERN WITH GLASS,0.0007968784348208397
84247K,"FOLK ART GREETING CARD,PACK/12",0.0007693998681028798
72351a,SET/6 TURQUOISE BUTTERFLY T-LIGHTS,0.0007693998681028798
22877,"NUMBER TILE COTTAGE GARDEN, 9",0.0007693998681028798
90036E,"FLOWER GLASS GARLD NECKL36""AMETHYST",0.0007693998681028798
82093,HEART SHAPE BUTTON FRAME,0.0007693998681028798
90058B,CRYSTAL STUD EARRINGS ASSORTED COL,0.0007693998681028798
22887,NUMBER TILE VINTAGE FONT 8,0.0007693998681028798
21092,SET/6 STRAWBERRY PAPER PLATES,0.0007693998681028798
23492,VINTAGE JINGLE BELLS WREATH,0.0007693998681028798
90014B,GOLD M PEARL ORBIT NECKLACE,0.0007693998681028798
23019,SMALL APOTHECARY MEASURING JAR,0.0007693998681028798
37444B,BLUE BREAKFAST CUP AND SAUCER,0.0007693998681028798
84219,BOX/12 MOTHER & CHICK IN BASKET/BOW,0.0007693998681028798
72739B,WHITE CHOCOLATE SCENT CANDLE,0.0007693998681028798
84858C,PINK RIVIERA HANDBAG,0.0007693998681028798
37330,SPOTS MUG,0.0007693998681028798
90212B,JET BLACK LAS VEGAS BRACELET ROUND,0.0007693998681028798
84358,FLOOR LAMP SHADE WOOD BASE,0.0007693998681028798
23042,PAPER LANTERN 7 POINT SNOW STAR,0.0007693998681028798
90019B,GOLD M.O.P ORBIT BRACELET,0.0007693998681028798
35933,PINK STOCKING CHRISTMAS DECORATION,0.0007693998681028798
84510E,SET OF 4 GREEN CAROUSEL COASTERS,0.0007693998681028798
16244B,MAXWELL 2 TONE BLUE 60 PAGE PHOTO A,0.0007693998681028798
85014a,BLACK/BLUE DOTS RUFFLED UMBRELLA,0.0007693998681028798
23039,T-LIGHT HOLDER SILVER HEART HANDLE,0.0007693998681028798
84660c,PINK STITCHED WALL CLOCK,0.0007693998681028798
20714,POSY SHOPPER BAG,0.0007693998681028798
22874,"NUMBER TILE COTTAGE GARDEN, 6",0.0007693998681028798
20851,ZINC HEART LATTICE TRAY OVAL,0.0007693998681028798
90180A,BLACK+WHITE NECKLACE W TASSEL,0.0007693998681028798
17090D,VANILLA INCENSE 40 CONES IN TIN,0.0007693998681028798
72132,COLUMBIAN CUBE CANDLE,0.0007693998681028798
84927D,LA PALMIERA TILE HOOK,0.0007693998681028798
23021,GLASS BONNE JAM JAR,0.0007419213013849197
90165A,PINK ROSEBUD PEARL EARRINGS,0.0007419213013849197
85185C,COW SOCK PUPPET,0.0007419213013849197
21460,GREEN EASTER EGG HUNT START POST,0.0007419213013849197
90171,DAISY RING,0.0007419213013849197
16244A,MAXWELL 2 TONE PINK 60 PAGE PHOTO A,0.0007419213013849197
90175B,PINK GLASS CHUNKY CHARM BRACELET,0.0007419213013849197
20847,ZINC HEART LATTICE CHARGER LARGE,0.0007419213013849197
17164D,ASS COL SMALL SAND FROG P'WEIGHT,0.0007419213013849197
90214I,"LETTER ""I"" BLING KEY RING",0.0007419213013849197
23139,SINGLE WIRE HOOK PINK HEART,0.0007419213013849197
47574B,ENGLISH ROSE SCENTED HANGING HEART,0.0007419213013849197
90059F,DIAMANTE HAIR GRIP PACK/2 LT ROSE,0.0007419213013849197
84597B,RETRO BROWN BALL ASHTRAY,0.0007419213013849197
37462E,"PET MUG, GOLDFISH",0.0007419213013849197
23417,BATHROOM HOOK,0.0007419213013849197
85028L,FRENCH CHATEAU LARGE FRUIT BOWL,0.0007419213013849197
10080,GROOVY CACTUS INFLATABLE,0.0007419213013849197
90214F,"LETTER ""F"" BLING KEY RING",0.0007419213013849197
23471,SIX DRAWER OFFICE TIDY,0.0007419213013849197
35979,SIX STRING SCANDINAVIAN HEART DECS,0.0007419213013849197
84800M,MEDIUM WHITE/PINK ROSE ART FLOWER,0.0007419213013849197
47013C,WINE BOTTLE DRESSING DARK BLUE,0.0007419213013849197
22868,"NUMBER TILE COTTAGE GARDEN, 0",0.0007419213013849197
23466,TUSCAN VILLA DOVECOTE,0.0007419213013849197
84782A,PINK 3 TIER GLASS PLATE STAND,0.0007144427346669598
90185A,AMBER DIAMANTE EXPANDABLE RING,0.0007144427346669598
21736,GOLD SCROLL GLASS T-LIGHT HOLDER,0.0007144427346669598
90211B,JET BLACK LAS VEGAS NECKLACE 45CM,0.0007144427346669598
37492D,PURPLE GREEN FLOWER PIGGY BANK,0.0007144427346669598
20799,PINK MILKSHAKE GLASS,0.0007144427346669598
35966,FOLKART CHRISTMAS TREE T-LIGHT HOLD,0.0007144427346669598
84766,SILVER ROCOCO CANDLE STICK,0.0007144427346669598
90089,PINK CRYSTAL SKULL PHONE CHARM,0.0007144427346669598
37506,NEW ENGLAND MILK JUG W GIFT BOX,0.0007144427346669598
84869,CANDY BUTTON PHOTO ALBUM,0.0007144427346669598
21335,LIBRARY LAMP,0.0007144427346669598
90042C,FRESHWATER PEARL BRACELET IVORY,0.0007144427346669598
51012C,"FEATHER DUSTER, COAL BLACK",0.0007144427346669598
20660,VIP LUGGAGE TAG,0.0007144427346669598
21117,BLOND DOLL DOORSTOP,0.0007144427346669598
gift_0001_20,DOTCOMGIFTSHOP GIFT VOUCHER £20.00,0.0007144427346669598
23560,SET OF 6 RIBBONS COUNTRY STYLE,0.0007144427346669598
17090A,LAVENDER INCENSE 40 CONES IN TIN,0.0007144427346669598
21312,LARGE CHUNKY GLASS ROMAN BOWL,0.0007144427346669598
15030,FAN BLACK FRAME,0.0007144427346669598
21443,OLIVE CHALET BIRDFEEDER,0.0007144427346669598
84925D,LA PALMIERA WALL THERMOMETER,0.0007144427346669598
23047,PAPER LANTERN 5 POINT SEQUIN STAR,0.0006869641679489997
47369A,PINK GREEN EMBROIDERY COSMETIC BAG,0.0006869641679489997
90082B,DIAMANTE BOW BROOCH RED COLOUR,0.0006869641679489997
90177D,DROP DIAMANTE EARRINGS PURPLE,0.0006869641679489997
23580,SNACK TRAY HAPPY FOREST,0.0006869641679489997
22764,"RUSTIC WOODEN CABINET, GLASS DOORS",0.0006869641679489997
23141,TRIPLE WIRE HOOK PINK HEART,0.0006869641679489997
90202C,GREEN ENAMEL FLOWER HAIR TIE,0.0006869641679489997
35004c,SET OF 3 COLOURED FLYING DUCKS,0.0006869641679489997
72801F,S/4 FESTIVE RED DINNER CANDLES,0.0006869641679489997
23045,PAPER LANTERN 5 POINT STAR MOON 30,0.0006869641679489997
20821,GOLDIE LOOKING MIRROR,0.0006869641679489997
84522,PINK PARTY SUNGLASSES,0.0006869641679489997
35096B,RED VICTORIAN FABRIC HEART BOX,0.0006869641679489997
21344,MOROCCAN BEATEN METAL DISH,0.0006869641679489997
47013A,WINE BOTTLE DRESSING LT.BLUE,0.0006869641679489997
90195B,BLACK GEMSTONE BRACELET,0.0006869641679489997
85099f,JUMBO BAG STRAWBERRY,0.0006869641679489997
84559b,3D SHEET OF CAT STICKERS,0.0006869641679489997
85099b,JUMBO BAG RED RETROSPOT,0.0006869641679489997
23023,RIDGED BONNE JAM JAR T-LIGHT HOLDER,0.0006869641679489997
90099,NECKLACE+BRACELET SET BLUE HIBISCUS,0.0006869641679489997
90160A,PURPLE BOUDICCA LARGE BRACELET,0.0006869641679489997
23044,PAPER LANTERN 9 POINT HOLLY STAR S,0.0006869641679489997
46138B,BLUE CHENILLE SHAGGY CUSHION COVER,0.0006869641679489997
23416,CHAMBRE HOOK,0.0006869641679489997
47587A,PINK FAIRY CAKE COASTER,0.0006869641679489997
90093,CLEAR CRYSTAL STAR PHONE CHARM,0.0006869641679489997
75149N,STRING CRYSTALS NATURAL,0.0006869641679489997
75178,ASSTD COL BUTTERFLY/CRYSTAL W/CHIME,0.0006869641679489997
84661C,PINK SQUARE TABLE CLOCK,0.0006869641679489997
90160D,PINK BOUDICCA LARGE BRACELET,0.0006869641679489997
35818P,"ACRYLIC JEWEL ICICLE, PINK",0.0006869641679489997
90003B,ROSE COLOUR PAIR HEART HAIR SLIDES,0.0006869641679489997
90164A,PINK ROSEBUD PEARL BRACELET,0.0006869641679489997
90040D,MURANO STYLE GLASS BRACELET PINK,0.0006869641679489997
90184A,AMBER CHUNKY BEAD BRACELET W STRAP,0.0006869641679489997
47503E,ASS FLORAL PRINT SCISSORS,0.0006869641679489997
35609A,PINK FEATHER CHRISTMAS DECORATION,0.0006594856012310398
20845,ZINC HEART LATTICE 2 WALL PLANTER,0.0006594856012310398
90122B,JADE CRYSTAL+GLASS BRACELET,0.0006594856012310398
84802A,WHITE ANEMONE ARTIFICIAL FLOWER,0.0006594856012310398
20952,PORCELAIN CHERUB BELL SMALL,0.0006594856012310398
20849,ZINC HEART LATTICE DOUBLE PLANTER,0.0006594856012310398
82607E,GLASS BONBON JAR. D'AMANDES,0.0006594856012310398
90032,IVORY SHELL HEART NECKLACE,0.0006594856012310398
84533B,FAIRY CAKES ROUND NESTING BOXES,0.0006594856012310398
35603C,SET/16 WHITE SHINY & MATT BAUBLES,0.0006594856012310398
90214V,"LETTER ""V"" BLING KEY RING",0.0006594856012310398
90205C,LARGE CRYSTAL DIAMANTE HAIRSLIDE,0.0006594856012310398
90028,NEW BAROQUE LARGE NECKLACE BLK/WHIT,0.0006594856012310398
90214T,"LETTER ""T"" BLING KEY RING",0.0006594856012310398
84616,SILVER ROCCOCO CHANDELIER,0.0006594856012310398
20667,CHERRY BLOSSOM PURSE,0.0006594856012310398
90168,2 DAISIES HAIR COMB,0.0006594856012310398
85092,CANDY SPOT TEA COSY,0.0006594856012310398
17178,FLAT PALM T-LIGHT HOLDER,0.0006594856012310398
90130C,GREEN STONE/CRYSTAL EARRINGS,0.0006594856012310398
84985B,SET OF 72 BLACK PAPER DOILIES,0.0006594856012310398
62086A,PINK RETRO BIG FLOWER BAG,0.0006594856012310398
37492C,GREEN BLUE FLOWER PIGGY BANK,0.0006594856012310398
gift_0001_30,DOTCOMGIFTSHOP GIFT VOUCHER £30.00,0.0006594856012310398
90183B,AMETHYST DROP EARRINGS W LONG BEADS,0.0006594856012310398
23016,GLASS TWIST BON BON JAR,0.0006594856012310398
84288B,SET/2 BLUE NOODLE BASKETS,0.0006594856012310398
84881,BLUE WIRE SPIRAL CANDLE HOLDER,0.0006594856012310398
35911B,PINK/FLOWER RABBIT EGG WARMER,0.0006594856012310398
23519,EMBROIDERED RIBBON REEL CLAIRE,0.0006594856012310398
90210B,CLEAR ACRYLIC FACETED BANGLE,0.0006594856012310398
84753A,PINK EAU DE COLOGNE BOTTLE,0.0006594856012310398
90081A,LILY BROOCH AMETHYST COLOUR,0.0006594856012310398
90181B,AMETHYST GLASS/SHELL/PEARL NECKLACE,0.0006594856012310398
90157,RIVIERA NECKLACE,0.0006594856012310398
72801E,S/4 FESTIVE GREEN DINNER CANDLES,0.0006594856012310398
90177C,DROP DIAMANTE EARRINGS CRYSTAL,0.0006594856012310398
90163A,PINK ROSEBUD & PEARL NECKLACE,0.0006594856012310398
84711A,SILVER OVAL SHAPE TRINKET BOX,0.0006594856012310398
21543,BUTTERFLY WATER TRANSFER TATTOOS,0.0006594856012310398
90202D,PINK ENAMEL FLOWER HAIR TIE,0.0006594856012310398
35004S,SET OF 3 SILVER FLYING DUCKS,0.0006594856012310398
35920,FOUR RABBIT EASTER DECORATIONS,0.0006594856012310398
90039D,FIRE POLISHED GLASS BRACELET GREEN,0.0006594856012310398
84932A,SMALL GREEN PEONY FOLDING STOOL,0.0006594856012310398
22888,NUMBER TILE VINTAGE FONT 9,0.0006320070345130798
21761,WOOD AND GLASS MEDICINE CABINET,0.0006320070345130798
82081,PINK HEARTS PHOTO ALBUM,0.0006320070345130798
23429,RED RETRO KITCHEN WALL CLOCK,0.0006320070345130798
84465,15 PINK FLUFFY CHICKS IN BOX,0.0006320070345130798
47343A,FUSCHIA FLOWER PURSE WITH BEADS,0.0006320070345130798
72739C,DARK CHOCOLATE SCENTCANDLE,0.0006320070345130798
17108D,FLOWER FAIRY SUMMER BOUQUET SACHET,0.0006320070345130798
37489A,YELLOW/PINK FLOWER DESIGN BIG MUG,0.0006320070345130798
90169,DAISY HAIR COMB,0.0006320070345130798
90210D,PURPLE ACRYLIC FACETED BANGLE,0.0006320070345130798
85019C,CURIOUS IMAGES NOTEBOOK SET,0.0006320070345130798
21461,BLUE EASTER EGG HUNT START POST,0.0006320070345130798
90059C,DIAMANTE HAIR GRIP PACK/2 MONTANA,0.0006320070345130798
23043,PAPER LANTERN 9 POINT HOLLY STAR 40,0.0006320070345130798
90202A,PURPLE ENAMEL FLOWER HAIR TIE,0.0006320070345130798
35838B,S/6 SILVER ORNAMENETAL CANDLE,0.0006320070345130798
20850,ZINC HEART LATTICE PLANTER BOWL,0.0006320070345130798
45016,DECORATIVE NET CANOPY LEOPARD,0.0006320070345130798
DCGSSGIRL,GIRLS PARTY BAG,0.0006320070345130798
22876,"NUMBER TILE COTTAGE GARDEN, 8",0.0006320070345130798
17001,HEAVENS SCENT FRAGRANCE OILS ASSTD,0.0006320070345130798
21554,CERAMIC BIRDHOUSE RED ROOF LARGE,0.0006045284677951198
85110,BLACK SILVER FLOWER T-LIGHT HOLDER,0.0006045284677951198
23476,WOODLAND LARGE RED FELT HEART,0.0006045284677951198
23017,APOTHECARY MEASURING JAR,0.0006045284677951198
21370,MIRRORED WALL ART FOXY,0.0006045284677951198
21193,WHITE HONEYCOMB PAPER FAN,0.0006045284677951198
21416,CLAM SHELL LARGE,0.0006045284677951198
85232b,SET/3 RUSSIAN DOLL STACKING TINS,0.0006045284677951198
20940,SET/6 GARDEN GNOME T-LIGHT CANDLES,0.0006045284677951198
21369,MIRRORED WALL ART SPLODGES,0.0006045284677951198
90038A,GLASS AND PAINTED BEADS BRACELET TO,0.0006045284677951198
85080,PADDED RED HEART DECORATION,0.0006045284677951198
21551,CERAMIC BIRDHOUSE BUTTERFLY LARGE,0.0006045284677951198
90090,PINK CRYSTAL HEART PHONE CHARM,0.0006045284677951198
72811,SMALL ZINC/GLASS CANDLEHOLDER,0.0006045284677951198
16202B,PASTEL BLUE PHOTO ALBUM,0.0006045284677951198
90177E,DROP DIAMANTE EARRINGS GREEN,0.0006045284677951198
23116,VEGETABLE GARDEN CHOPPING BOARD,0.0006045284677951198
23064,CINDERELLA CHANDELIER,0.0006045284677951198
22330,72 ROUND PINK DOILIES,0.0006045284677951198
84388,WISE MAN STAR SHAPE EGG PAN,0.0006045284677951198
20836,FRENCH PAISLEY CUSHION COVER,0.0006045284677951198
90024B,NEW BAROQUE B'FLY NECKLACE RED,0.0006045284677951198
20793,BLUE TILED TRAY,0.0006045284677951198
20796,SMALL BLUE PROVENCAL CERAMIC BALL,0.0006045284677951198
23137,ZINC WIRE SWEETHEART LETTER TRAY,0.0006045284677951198
21252,SET OF MEADOW FLOWER STICKERS,0.0006045284677951198
44235,ASS COL CIRCLE MOBILE,0.0006045284677951198
21779,MA CAMPAGNE MINI WOODEN CHEST,0.0006045284677951198
46115B,GREEN POP ART MAO CUSHION COVER,0.0006045284677951198
84247C,PACK/12 BLUE REINDEER CARD,0.0006045284677951198
84527,FLAMES SUNGLASSES PINK LENSES,0.0006045284677951198
90003E,GREEN PAIR HEART HAIR SLIDES,0.0006045284677951198
22879,NUMBER TILE VINTAGE FONT 0,0.0005770499010771598
35913B,WHITE/PINK CHICK EASTER DECORATION,0.0005770499010771598
79336,LIGHT PINK FLOCK GLASS CANDLEHOLDER,0.0005770499010771598
90000A,RASPBERRY ANT COPPER FLOWER NECKLAC,0.0005770499010771598
90023,FILIGREE DIAMANTE EARRINGS,0.0005770499010771598
84984D,ORIENTAL RED C/COVER,0.0005770499010771598
62095B,TURQOISE ICE CREAM SUNHAT,0.0005770499010771598
84899E,YELLOW + BROWN BEAR FELT PURSE KIT,0.0005770499010771598
90155,RESIN NECKLACE W PASTEL BEADS,0.0005770499010771598
84906,PINK B'FLY C/COVER W BOBBLES,0.0005770499010771598
85081,PADDED HOLLY CHRISTMAS DECORATION,0.0005770499010771598
21196,ROUND WHITE CONFETTI IN TUBE,0.0005770499010771598
16239,BALLERINA HEART DECORATION.,0.0005770499010771598
23151,ZINC SWEETHEART SOAP DISH,0.0005770499010771598
23149,ANTIQUE IVORY WIRE BOWL SMALL,0.0005770499010771598
90178A,AMBER CHUNKY GLASS+BEAD NECKLACE,0.0005770499010771598
10138,ASSORTED COLOUR JUMBO PEN,0.0005770499010771598
DCGSSBOY,BOYS PARTY BAG,0.0005770499010771598
20987,GEISHA GIRL CHOPSTICKS SET/5,0.0005770499010771598
85205A,IVORY FELT EASTER RABBIT GARLAND,0.0005770499010771598
90211A,DIAMOND LAS VEGAS NECKLACE 45CM,0.0005770499010771598
90040C,MURANO STYLE GLASS BRACELET GOLD,0.0005770499010771598
23018,LARGE APOTHECARY MEASURING JAR,0.0005770499010771598
90210A,GREY ACRYLIC FACETED BANGLE,0.0005770499010771598
20697,LITTLE GREEN MONSTER SOFT TOY,0.0005770499010771598
20698,LITTLE PINK MONSTER SOFT TOY,0.0005770499010771598
90194,SILVER LARIAT BLACK STONE EARRINGS,0.0005770499010771598
84809A,WHITE CHRYSANTHEMUMS ART FLOWER,0.0005770499010771598
16202A,PASTEL PINK PHOTO ALBUM,0.0005770499010771598
90108,BLUE BLOSSOM HAIR CLIP,0.0005770499010771598
90000B,MIDNIGHT BLUE COPPER FLOWER NECKLAC,0.0005770499010771598
23022,SMALL BONNE JAM JAR T-LIGHT HOLDER,0.0005770499010771598
79406,FROSTED WHITE BASE,0.0005770499010771598
90205A,LARGE MINT DIAMANTE HAIRSLIDE,0.0005770499010771598
84458,S/3 RABBIT FLOWER/EGG/CARROT ROPE,0.0005495713343591998
18096C,WHITE ROUND PORCELAIN TLIGHT HOLDER,0.0005495713343591998
90159,COTE D'AZURE NECKLACE,0.0005495713343591998
84932D,SMALL ORIENTAL RED FOLDING STOOL,0.0005495713343591998
79337,BLUE FLOCK GLASS CANDLEHOLDER,0.0005495713343591998
35271S,GOLD PRINT PAPER BAG,0.0005495713343591998
84796a,PINK HAWAIIAN PICNIC HAMPER FOR 2,0.0005495713343591998
71495A,CD WALL TIDY BLUE OFFICE,0.0005495713343591998
23037,CANDLE HOLDER SILVER MADELINE,0.0005495713343591998
84247H,PACK/12 DECOUPAGE CARD,0.0005495713343591998
17084J,LOVE POTION MASALA INCENSE,0.0005495713343591998
81952B,ROUND BLUE CLOCK W/SUCKER,0.0005495713343591998
84806A,PINK CANDYSTUFT ARTIFICIAL FLOWER,0.0005495713343591998
90162B,ANT SILVER LIME GREEN BOUDICCA RING,0.0005495713343591998
90124A,PINK MURANO TWIST NECKLACE,0.0005495713343591998
17011F,ORIGAMI SANDLEWOOD INCENSE+FLOWER,0.0005495713343591998
85007,SET OF 3 VINTAGE TEA TIME BOXES,0.0005495713343591998
90036A,FLOWER GARLAND NECKLACE RED,0.0005495713343591998
84455,SET OF 3 RABBIT CARROTS EASTER,0.0005495713343591998
21102,"CANDLE IN JAR COLLAGE , VANILLA",0.0005495713343591998
84816,DANISH ROSE BEDSIDE CABINET,0.0005495713343591998
21893,POTTING SHED SEED TIN,0.0005495713343591998
90175C,BLUE GLASS CHUNKY CHARM BRACELET,0.0005495713343591998
90188,DROP EARRINGS W FLOWER & LEAF,0.0005495713343591998
90191,SILVER LARIAT 40CM,0.0005495713343591998
35838A,S/6 MULTICOLOUR ORNAMENETAL CANDLE,0.0005495713343591998
37489D,PINK/GREEN FLOWER DESIGN BIG MUG,0.0005495713343591998
84615,PINK ROUND BUTTERFLY MIRROR,0.0005495713343591998
85109,PINK BOUDOIR T-LIGHT HOLDER,0.0005495713343591998
90018C,SILVER BLACK ORBIT DROP EARRINGS,0.0005495713343591998
85024B,EAU DE NILE JEWELLED PHOTOFRAME,0.0005495713343591998
85162A,SILVER RETRODISC LAMPSHADE,0.0005495713343591998
84657,GREEN ROSE CUSHION COVER,0.0005495713343591998
85091,CANDY SPOT BREAD BASKETS,0.0005495713343591998
90014C,SILVER/BLACK ORBIT NECKLACE,0.0005495713343591998
90112,PINK DOLLY HAIR CLIPS,0.0005495713343591998
84081,WHITE CERAMIC PARTY SET (5PCS),0.0005495713343591998
85114b,IVORY ENCHANTED FOREST PLACEMAT,0.0005220927676412398
85185F,LION SOCK PUPPET,0.0005220927676412398
84751B,BLACK MEDIUM GLASS CAKE STAND,0.0005220927676412398
35637C,PINK STRING CURTAIN WITH POLE,0.0005220927676412398
90177B,DROP DIAMANTE EARRINGS BLACK DIAMON,0.0005220927676412398
20888,SET 3 JARDIN DE FEMME SCENT CANDLES,0.0005220927676412398
84558a,3D DOG PICTURE PLAYING CARDS,0.0005220927676412398
20968,GREEN FLORAL FELTCRAFT SHOULDER BAG,0.0005220927676412398
90146,FINE SILVER NECKLACE W PASTEL FLOWE,0.0005220927676412398
90123A,PINK HEART OF GLASS BRACELET,0.0005220927676412398
84447,6 RABBIT CHAIN EASTER,0.0005220927676412398
84313A,PINK TV TRAY TABLE,0.0005220927676412398
20736,PINK MINI TAPE MEASURE,0.0005220927676412398
20823,GOLD WINE GOBLET,0.0005220927676412398
84797b,BLUE SAVANNAH PICNIC HAMPER FOR 4,0.0005220927676412398
84529A,PINK KNITTED KIDS RUCKSACK,0.0005220927676412398
84800S,SMALL WHITE/PINK ROSE ART FLOWER,0.0005220927676412398
21419,CONCH SHELL,0.0005220927676412398
72807b,SET/3 OCEAN SCENT CANDLE JEWEL BOX,0.0005220927676412398
23544,WALL ART MID CENTURY MODERN,0.0005220927676412398
82076,BEECH WOOD PHOTO FRAME,0.0005220927676412398
23459,DOLLY CABINET 2 DRAWERS,0.0005220927676412398
84804B,BLUE DELPHINIUM ARTIFICIAL FLOWER,0.0005220927676412398
84627,CANDY STRIPE ROSE C/COVER,0.0005220927676412398
90002C,FLOWER BURST SILVER RING MIDN'T BLU,0.0005220927676412398
20693,FLORAL DINOSAUR GREEN,0.0004946142009232798
90214O,"LETTER ""O"" BLING KEY RING",0.0004946142009232798
23071,MARIE ANTOINETTE TRINKET BOX GOLD,0.0004946142009232798
90033,IVORY SHELL HEART EARRINGS,0.0004946142009232798
72129,COLUMBIAN CANDLE ROUND,0.0004946142009232798
72799D,BLUE PILLAR CANDLE SILVER FLOCK,0.0004946142009232798
72799A,BLACK PILLAR CANDLE SILVER FLOCK,0.0004946142009232798
90148,LONG SILVER NECKLACE PASTEL FLOWER,0.0004946142009232798
71495B,CD WALL TIDY RED FLOWERS,0.0004946142009232798
84804A,CREAM DELPHINIUM ARTIFICIAL FLOWER,0.0004946142009232798
72606A,BROWN ANTIQUE CUBE CANDLE,0.0004946142009232798
84454,WOBBLING METAL CHICKEN EASTER,0.0004946142009232798
79532,MOSAIC GLASS BALL CANDLEHOLDER,0.0004946142009232798
84437A,S/6 PINK EASTER DECS IN BOX,0.0004946142009232798
84782C,GREEN 3 TIER GLASS PLATE STAND,0.0004946142009232798
21304,ARCHED GREY MIRROR,0.0004946142009232798
21321,GLASS CHALICE BLUE LARGE,0.0004946142009232798
90139,FLOWER BROOCH 4 ASSORTED COLOURS,0.0004946142009232798
90125A,PINK BERTIE GLASS BEAD BAG CHARM,0.0004946142009232798
44089C,LILAC GAUZE BUTTERFLY LAMPSHADE,0.0004946142009232798
20837,FRENCH FLORAL CUSHION COVER,0.0004946142009232798
10124A,SPOTS ON RED BOOKCOVER TAPE,0.0004946142009232798
23430,BLUE RETRO KITCHEN WALL CLOCK,0.0004946142009232798
84226,HEN HOUSE W FAMILY IN BARN & NEST,0.0004946142009232798
84859B,BLUE DISCO HANDBAG,0.0004946142009232798
84255B,ORANGE COCKTAIL GLASS LAMP,0.0004946142009232798
17084A,TRANQUILITY MASALA INCENSE,0.0004946142009232798
90214Z,"LETTER ""Z"" BLING KEY RING",0.0004946142009232798
79303D,LILAC FLOWER BLOCK TABLE LAMP,0.0004946142009232798
84801B,WHITE HYDRANGEA ART FLOWER,0.0004946142009232798
23410,CURIO CABINET LINEN AND LACE,0.0004946142009232798
90060F,FIRE POLISHED GLASS NECKL GREEN,0.0004946142009232798
22830,UTILTY CABINET WITH HOOKS,0.00046713563420531986
85190,PINK FLOWER HANGING HEART,0.00046713563420531986
84795b,SUNSET CHECK HAMMOCK,0.00046713563420531986
84797a,PINK HAWAIIAN PICNIC HAMPER FOR 4,0.00046713563420531986
84625B,BLCK NEW BAROQUE CANDLESTICK CANDLE,0.00046713563420531986
21950,SET OF 6 DOTS CHOPSTICKS,0.00046713563420531986
84596e,SMALL LICORICE DES PINK BOWL,0.00046713563420531986
71496A,A4 WALL TIDY BLUE OFFICE,0.00046713563420531986
79328,BLUE FLOCK GLASS CANDLEHOLDER,0.00046713563420531986
84251J,"GREETING CARD, THE BLACK CAT",0.00046713563420531986
84925A,WAKE UP COCKEREL WALL THERMOMETER,0.00046713563420531986
90054,CRACKED GLAZE EARRINGS RED,0.00046713563420531986
44091C,MULTICOLOUR CRUSOE CHECK LAMPSHADE,0.00046713563420531986
84984A,GREEN PEONY DES C/COVER,0.00046713563420531986
90138,WHITE/PINK MINI CRYSTALS NECKLACE,0.00046713563420531986
37489B,BLUE/YELLOW FLOWER DESIGN BIG MUG,0.00046713563420531986
85114a,BLACK ENCHANTED FOREST PLACEMAT,0.00046713563420531986
35937,CERISE+GOLD CHRISTMAS STOCKING DEC,0.00046713563420531986
23015,CORDIAL GLASS JUG,0.00046713563420531986
84802B,PURPLE ANEMONE ARTIFICIAL FLOWER,0.00046713563420531986
PADS,PADS TO MATCH ALL CUSHIONS,0.00046713563420531986
71510,SQUARE METAL CANDLEHOLDER BASE,0.00046713563420531986
84922,PINK BUTTERFLY WASHBAG,0.00046713563420531986
84877A,PINK ROUND COMPACT MIRROR,0.00046713563420531986
84745B,BLUE HANGING GINGHAM EASTER HEN,0.00046713563420531986
90013D,PURPLE VINTAGE EARRINGS,0.00046713563420531986
84803A,PINK ALLIUM ARTIFICIAL FLOWER,0.00046713563420531986
90125E,AMBER BERTIE GLASS BEAD BAG CHARM,0.00046713563420531986
84706F,RED PEONY TABLE CLOCK,0.00046713563420531986
84932B,SMALL PINK PEONY FOLDING STOOL,0.00046713563420531986
84857C,PINK MONTE CARLO HANDBAG,0.00046713563420531986
90141A,GREEN PENDANT TRIPLE SHELL NECKLACE,0.00046713563420531986
85195,HANGING HEART BASKET,0.00046713563420531986
84873A,FUNKY FLOWER PICNIC BAG FOR 4,0.00043965706748735987
22929,SCHOOL DESK AND CHAIR,0.00043965706748735987
90016A,SILVER/M.O.P PENDANT ORBIT NECKLACE,0.00043965706748735987
72750A,"F.FAIRY S/3 CANDLE/GLASS,LILY/VALLY",0.00043965706748735987
90065A,WHITE VINTAGE CRYSTAL BRACELET,0.00043965706748735987
90162C,ANT SILVER FUSCHIA BOUDICCA RING,0.00043965706748735987
37379A,PINK CHERRY BLOSSOM CUP & SAUCER,0.00043965706748735987
90124C,GREEN MURANO TWIST NECKLACE,0.00043965706748735987
72799B,PURPLE PILLAR CANDLE BLACK FLOCK,0.00043965706748735987
90067A,PINK VINTAGE VICTORIAN EARRINGS,0.00043965706748735987
90125B,AQUA BERTIE GLASS BEAD BAG CHARM,0.00043965706748735987
23611,SET 10 CARDS RED RIDING HOOD 17214,0.00043965706748735987
85147,JARDIN ETCHED GLASS CANDLEHLDR LONG,0.00043965706748735987
90065B,BLACK VINT ART DEC CRYSTAL BRACELET,0.00043965706748735987
79066k,RETRO MOD TRAY,0.00043965706748735987
79161A,ST GEORGE SET OF 10 PARTY LIGHTS,0.00043965706748735987
90202B,WHITE ENAMEL FLOWER HAIR TIE,0.00043965706748735987
84984B,RED PEONY DES C/COVER,0.00043965706748735987
16206B,RED PURSE WITH PINK HEART,0.00043965706748735987
23465,TUSCAN VILLA FEEDING STATION,0.00043965706748735987
20861,GOLD COSMETIC BAG PINK STAR,0.00043965706748735987
17109B,FLOWER FAIRY INCENSE LAVENDER,0.00043965706748735987
35607B,BLACK FEATHER CHRISTMAS DECORATION,0.00043965706748735987
90027D,GLASS BEAD HOOP EARRINGS AMETHYST,0.00043965706748735987
90130A,WHITE STONE/CRYSTAL EARRINGS,0.00043965706748735987
84706D,CHERRY BLOSSOM TABLE CLOCK,0.00043965706748735987
84746,PINK EASTER HENS+FLOWER,0.00043965706748735987
90199A,5 STRAND GLASS NECKLACE BLACK,0.00043965706748735987
90199D,5 STRAND GLASS NECKLACE AMBER,0.00043965706748735987
23143,ZINC WIRE KITCHEN ORGANISER,0.00043965706748735987
21582,KINGS CHOICE SMALL TUBE MATCHES,0.00043965706748735987
90035A,"PEARL & SHELL 42""NECKL. GREEN",0.00043965706748735987
84680,CLASSICAL ROSE URN,0.00043965706748735987
10123G,ARMY CAMO WRAPPING TAPE,0.00043965706748735987
23036,T-LIGHT HOLDER SILVER PETIT FOUR,0.00043965706748735987
84549,CROCHET WHITE RABBIT KEYRING,0.00043965706748735987
90036D,"FLOWER GLASS GARLAND NECKL.36""BLACK",0.00043965706748735987
47348A,FUSCHIA VOILE POINTY SHOE DEC,0.00043965706748735987
90179C,BLACK FINE BEAD NECKLACE W TASSEL,0.00043965706748735987
84984C,ORIENTAL BLUE C/COVER,0.00043965706748735987
84770,ROUND GEORGIAN SILVER MIRROR,0.00043965706748735987
84595B,LARGE TRIFLE DESIGN L BLUE BOWL,0.00043965706748735987
90059B,DIAMANTE HAIR GRIP PACK/2 BLACK DIA,0.00043965706748735987
84555A,YELLOW VW BEETLE CERAMIC MONEY BOX,0.00043965706748735987
90030C,BROWN KUKUI COCONUT SEED NECKLACE,0.00043965706748735987
17014A,ORIGAMI VANILLA INCENSE CONES,0.00043965706748735987
21763,VINTAGE WOODEN BAR STOOL,0.00043965706748735987
84456,SET OF 3 RABBIT EGG EASTER,0.00043965706748735987
79534,MULTICOLOUR GLASS PLATE,0.00043965706748735987
23626,SET 10 CARDS DINKY TREE 17076,0.00043965706748735987
90190B,GOLD/AMBER DROP EARRINGS W LEAF,0.0004121785007693999
35265,COLOURFUL FLOWER FRUIT BOWL,0.0004121785007693999
90011A,MIDNIGHT BLUE CRYSTAL DROP EARRINGS,0.0004121785007693999
23561,SET OF 6 RIBBONS PARTY,0.0004121785007693999
72750C,"F.FAIRY S/3 CANDLE/GLASS, ROSE",0.0004121785007693999
35793,S/3 PUPPIES CHRISTMAS DECORATIONS,0.0004121785007693999
20957,PORCELAIN HANGING BELL SMALL,0.0004121785007693999
84924D,LA PALMIERA METAL SIGN CALENDAR,0.0004121785007693999
75011,BLUE DAISY MOBILE,0.0004121785007693999
84893,ANT WHITE IRON BASKET,0.0004121785007693999
84621,BLUE GINGHAM ROSE FLOOR CUSHION,0.0004121785007693999
17109C,FLOWER FAIRY INCENSE ROSE,0.0004121785007693999
90187B,GREEN DROP EARRINGS W BEAD CLUSTER,0.0004121785007693999
84601A,NEW BAROQUE IVORY CUSHION COVER,0.0004121785007693999
90137,PINK COMBO MINI CRYSTALS NECKLACE,0.0004121785007693999
90011B,BLACK CRYSTAL DROP EARRINGS,0.0004121785007693999
72781,BLACK SILOUETTE CANDLE PLATE,0.0004121785007693999
72798C,SET/4 GARDEN ROSE DINNER CANDLE,0.0004121785007693999
35931,PINK STAR CHRISTMAS DECORATION,0.0004121785007693999
84029D,LEOPARD PRINT HOT WATER BOTTLE,0.0004121785007693999
84855,BLOKEY SILVER TOOL SET,0.0004121785007693999
84745A,PINK HANGING GINGHAM EASTER HEN,0.0004121785007693999
90036F,"FLOWER GLASS GARLD NECKL36""TURQUOIS",0.0004121785007693999
22823,CHEST NATURAL WOOD 20 DRAWERS,0.0004121785007693999
72779,SET/6 BLACK ROSE T-LIGHT CANDLES,0.0004121785007693999
85168A,WHITE BAROQUE CARRIAGE CLOCK,0.0004121785007693999
37485,ENGLISH ROSE TEA SET IN GIFT BOX,0.0004121785007693999
16258B,DAISY ERASERS IN BAG,0.0004121785007693999
90036C,"FLOWER GLASS GARLAND NECKL.36""BLUE",0.0004121785007693999
21639,ASSORTED TUTTI FRUTTI KEYRING,0.0004121785007693999
90083,CRYSTAL CZECH CROSS PHONE CHARM,0.0004121785007693999
84462,3 PINK HEN+CHICKS IN BASKET,0.0003846999340514399
90177A,CLASSIC DIAMANTE EARRINGS JET,0.0003846999340514399
16202E,BLACK PHOTO ALBUM,0.0003846999340514399
90156,RESIN BRACELET W PASTEL BEADS,0.0003846999340514399
90162D,ANT SILVER PURPLE BOUDICCA RING,0.0003846999340514399
90016C,SILVER/BLACK PENDANT ORBIT NECKLACE,0.0003846999340514399
37468,HARDMAN MUG 3 ASSORTED,0.0003846999340514399
72753A,S/3 FLWR FAIRY LILLY CANDLES,0.0003846999340514399
90056,CHUNKY CRACKED GLAZE NECKLACE IVORY,0.0003846999340514399
84690,S/2 BEACH HUT STOOLS,0.0003846999340514399
20896,VINTAGE NOTEBOOK PINK FLOWER,0.0003846999340514399
21489,BLUE WHITE SCARF HOT WATER BOTTLE,0.0003846999340514399
84623,PINK GINGHAM ROSE FLOOR CUSHION,0.0003846999340514399
21322,GLASS SPHERE CANDLE STAND LARGE,0.0003846999340514399
84596f,SMALL MARSHMALLOWS PINK BOWL,0.0003846999340514399
84921,CREAM AND PINK FLOWERS PONY,0.0003846999340514399
90002A,FLOWER BURST SILVER RING OPAL,0.0003846999340514399
72821,CUPID SCENTED CANDLE IN GLASS,0.0003846999340514399
90196B,BLACK GEMSTONE NECKLACE 45CM,0.0003846999340514399
90180B,PURPLE AMETHYST NECKLACE W TASSEL,0.0003846999340514399
79063C,"RETRO PILL BOX KEY CHAIN,THE KING",0.0003846999340514399
90210C,RED ACRYLIC FACETED BANGLE,0.0003846999340514399
20826,SILVER APERITIF GLASS,0.0003846999340514399
gift_0001_10,DOTCOMGIFTSHOP GIFT VOUCHER £10.00,0.0003846999340514399
90181A,AMBER GLASS/SHELL/PEARL NECKLACE,0.0003846999340514399
84292,ROSE PINK METAL FOLDING CHAIR,0.0003846999340514399
90123D,WHITE HEART OF GLASS BRACELET,0.0003846999340514399
20620,RED SPOTTY PASSPORT COVER,0.0003846999340514399
37509,NEW ENGLAND MUG W GIFT BOX,0.0003846999340514399
23574,PACKING CHARGE,0.0003846999340514399
47351B,BLUE VOILE LAMPSHADE,0.0003846999340514399
78033,FLAG OF ST GEORGE CHAIR,0.0003846999340514399
21298,EDWARDIAN 2 DRAWER WALL CABINET,0.0003846999340514399
90063B,BLACK VINT ART DEC CRYSTAL NECKLACE,0.0003846999340514399
47504F,ENGLISH ROSE TORCH,0.0003846999340514399
84705D,CHERRY BLOSSOM PHOTO FRAME,0.0003846999340514399
23578,SNACK TRAY RED GINGHAM,0.0003846999340514399
90088,CRYSTAL KEY+LOCK PHONE CHARM,0.0003846999340514399
47341B,BLUE TABLE RUN FLOWER,0.0003846999340514399
72753B,S/3 FLWR FAIRY LAVENDER CANDLES,0.0003846999340514399
85167A,WHITE GRAND BAROQUE PHOTO FRAME,0.0003846999340514399
84801A,PINK HYDRANGEA ART FLOWER,0.0003846999340514399
72140F,HAPPY ANNIVERSARY CANDLE LETTERS,0.0003846999340514399
72369A,PINK CLEAR GLASS CANDLE PLATE,0.0003846999340514399
23540,WALL ART THE MAGIC FOREST,0.0003846999340514399
72755C,FLOWER FAIRY OIL BURNER SET ROSE,0.0003846999340514399
DCGS0076,SUNJAR LED NIGHT NIGHT LIGHT,0.0003846999340514399
23603,SET 10 CARD KRAFT REINDEER 17084,0.0003846999340514399
84934,ASSTD DESIGN POP ART SLIM PEN,0.0003572213673334799
72709,IVORY SCULPTED RND CANDLE,0.0003572213673334799
72487,ROSES WHITE ROUND CANDLE,0.0003572213673334799
21338,MARAKESH LANTERN SMALL,0.0003572213673334799
17109A,FLOWER FAIRY INCENSE LILY,0.0003572213673334799
23477,WOODLAND LARGE BLUE FELT HEART,0.0003572213673334799
72715,SPHERICAL IVORY CANDLE,0.0003572213673334799
84993b,75 BLACK PETIT FOUR CASES,0.0003572213673334799
84968e,S/16 VINTAGE BLACK CUTLERY,0.0003572213673334799
23478,WOODLAND LARGE PINK FELT HEART,0.0003572213673334799
20889,JARDIN DE FEMME SCENTED CANDLE,0.0003572213673334799
90058A,CRYSTAL STUD EARRINGS CLEAR DISPLAY,0.0003572213673334799
37491A,YELLOW/PINK CERAMIC CANDLE HOLDER,0.0003572213673334799
37491D,PURPLE/BLUE CERAMIC CANDLE HOLDER,0.0003572213673334799
90123B,TURQUOISE HEART OF GLASS BRACELET,0.0003572213673334799
90038B,GLASS AND PAINTED BEADS BRACELET OL,0.0003572213673334799
90183C,BLACK DROP EARRINGS W LONG BEADS,0.0003572213673334799
84629,WHITE 3 FRAME BIRDS AND TREE,0.0003572213673334799
84402D,PINK DRESS JEWELLERY STAND,0.0003572213673334799
16162M,THE KING GIFT BAG 25X24X12CM,0.0003572213673334799
90024D,NEW BAROQUE B'FLY NECKLACE PINK,0.0003572213673334799
40005B,BLUE ORGANDY ROUND LAMPSHADE W BEA,0.0003572213673334799
84656,WHITE ROSE C/COVER,0.0003572213673334799
90037C,TINY CRYSTAL BRACELET BLUE,0.0003572213673334799
35610B,BLACK CHRISTMAS FLOCK DROPLET,0.0003572213673334799
35600D,PINK AND WHITE CHRISTMAS TREE 180CM,0.0003572213673334799
35910A,MULTICOLOUR EASTER RABBIT,0.0003572213673334799
79338,DARK PINK FLOCK GLASS CANDLEHOLDER,0.0003572213673334799
90079,VINTAGE ENAMEL & CRYSTAL NECKLACE,0.0003572213673334799
35973,GERANIUM FOLKART HEART DECORATION,0.0003572213673334799
44089A,PINK GAUZE BUTTERFLY LAMPSHADE,0.0003572213673334799
71028B,SILVER BLUE EGG T-LIGHT HOLDER,0.0003572213673334799
20814,SILVER FINCH DECORATION,0.0003572213673334799
90141C,TURQ PENDANT TRIPLE SHELL NECKLACE,0.0003572213673334799
DCGS0003,BOXED GLASS ASHTRAY,0.0003572213673334799
90063A,WHITE VINT ART DECO CRYSTAL NECKLAC,0.0003572213673334799
84227,HEN HOUSE W CHICK IN NEST,0.0003572213673334799
84845C,CARNATION SQUARE HANDY TIN,0.0003572213673334799
79315W,FLYING SAUCER TABLE LIGHT IN WHITE,0.0003572213673334799
84548,CROCHET BEAR RED/BLUE KEYRING,0.0003572213673334799
90182C,BLACK 3 BEAD DROP EARRINGS,0.0003572213673334799
72755D,FLOWER FAIRY OIL BURNER SET SUMMER,0.0003572213673334799
16043,POP ART PUSH DOWN RUBBER,0.0003572213673334799
84575A,PINK DOG CANNISTER,0.0003572213673334799
84250M,"GREETING CARD, BLACKPOOL ROCK",0.0003572213673334799
37489C,GREEN/BLUE FLOWER DESIGN BIG MUG,0.0003297428006155199
90029,NEW BAROQUE SMALL NECKLACE BLACK,0.0003297428006155199
77079,DOLPHIN WINDMILL,0.0003297428006155199
21759,METAL WALL SHELF UNIT WITH HOOKS,0.0003297428006155199
17191A,ROSE FLOWER CANDLE+INCENSE 16X16CM,0.0003297428006155199
22833,HALL CABINET WITH 3 DRAWERS,0.0003297428006155199
21337,SILVER WASHBAG,0.0003297428006155199
16202C,BEIGE PHOTO ALBUM,0.0003297428006155199
90100,NECKLACE+BRACELET SET PINK DAISY,0.0003297428006155199
71215,METAL BASE FOR CANDLES,0.0003297428006155199
84653,GREEN ROSE QUILT,0.0003297428006155199
84613C,BLUE NEW BAROQUE FLOCK CANDLESTICK,0.0003297428006155199
35633B,BLUE TINSEL GARLAND,0.0003297428006155199
84536a,ENGLISH ROSE NOTEBOOK A7 SIZE,0.0003297428006155199
16248B,BLUE HOLE PUNCH,0.0003297428006155199
35610A,PINK CHRISTMAS FLOCK DROPLET,0.0003297428006155199
72740A,LARGE STRAWBERRY CHOCOLATE CANDLE,0.0003297428006155199
20994,JAZZ HEARTS SPIRAL NOTEPAD,0.0003297428006155199
84709A,SILVER OVAL JEWELLED MIRROR,0.0003297428006155199
90039C,FIRE POLISHED GLASS BRACELET BLACK,0.0003297428006155199
84086B,YELLOW/BLUE RETRO RADIO,0.0003297428006155199
84030c,KNITTED RAINBOW HOT WATER BOTTLE,0.0003297428006155199
85166A,WHITE METAL BAROQUE PHOTO FRAME,0.0003297428006155199
79149B,SILICON STAR BULB BLUE,0.0003297428006155199
62074B,ELEPHANT CLIP W SUCTION CUP,0.0003297428006155199
84875A,PINK SQUARE COMPACT MIRROR,0.0003297428006155199
44236,PINK/PURPLE CIRCLE CURTAIN,0.0003297428006155199
21300,ANTIQUE EDWARDIAN DRESSER,0.0003297428006155199
90064A,WHITE VINTAGE CRYSTAL EARRINGS,0.0003297428006155199
90064B,BLACK VINTAGE CRYSTAL EARRINGS,0.0003297428006155199
72796B,S/3 FRENCH VANILLA SQU CANDLE,0.0003297428006155199
90123C,GREEN HEART OF GLASS BRACELET,0.0003297428006155199
18097A,PINK TALL PORCELAIN T-LIGHT HOLDER,0.0003297428006155199
85162B,BLACK RETRODISC LAMPSHADE,0.0003297428006155199
84723,CHERRY BLOSSOM CANVAS ART PICTURE,0.0003297428006155199
17011A,ORIGAMI VANILLA INCENSE+FLOWER,0.0003297428006155199
20848,ZINC HEART LATTICE CHARGER SMALL,0.0003297428006155199
90206A,GOLD DIAMANTE STAR BROOCH,0.0003297428006155199
82613c,"METAL SIGN,CUPCAKE SINGLE HOOK",0.0003297428006155199
90037A,TINY CRYSTAL BRACELET RED,0.0003297428006155199
20899,VINTAGE NOTEBOOK RED ROSE,0.0003297428006155199
90027C,GLASS BEAD HOOP EARRINGS GREEN,0.0003297428006155199
22828,REGENCY MIRROR WITH SHUTTERS,0.0003022642338975599
85023C,PINK LARGE JEWELED PHOTOFRAME,0.0003022642338975599
90024E,NEW BAROQUE B'FLY NECKLACE MONTANA,0.0003022642338975599
90039B,FIRE POLISHED GLASS BRACELET MONTAN,0.0003022642338975599
90002E,FLOWER BURST SILVER RING GREEN,0.0003022642338975599
90002B,FLOWER BURST SILVER RING ROSE,0.0003022642338975599
85225,BLING KEY RING STAND,0.0003022642338975599
90001D,ANTIQUE OLIVE GREEN FLOWER EARRINGS,0.0003022642338975599
22987,"WRAP , SUMMER ROSE DESIGN",0.0003022642338975599
21760,FRENCH STYLE WALL DRESSER,0.0003022642338975599
48179,DOOR MAT SWEET HOME,0.0003022642338975599
84464,S/60 PINK FLUFFY CHICKS IN BOX,0.0003022642338975599
84845D,GERANIUM SQUARE HANDY TIN,0.0003022642338975599
35840,FLAT GLASS BAUBLE WHITE FLOCK,0.0003022642338975599
23468,TUSCAN VILLA BIRD TABLE,0.0003022642338975599
47552A,DOTS IRONING BOARD COVER,0.0003022642338975599
35963,FOLKART ZINC CLIP ON ANGEL WINGS,0.0003022642338975599
47503F,ASS FLORAL PRINT TORCH,0.0003022642338975599
47347B,BLUE FLOWER T-LIGHT HOLDER,0.0003022642338975599
75172,PAINTED SEA SHELL METAL WINDCHIME,0.0003022642338975599
79063D,"RETRO PILL BOX , REVOLUTIONARY",0.0003022642338975599
84340,LARGE FIBRE OPTIC CHRISTMAS TREE,0.0003022642338975599
37351,ORANGE FLOWER MUG,0.0003022642338975599
23467,VINTAGE ZINC PLANTER,0.0003022642338975599
20688,BEAUTY SPEED EXPRESSO CUPS,0.0003022642338975599
90178B,PURPLE CHUNKY GLASS+BEAD NECKLACE,0.0003022642338975599
37492A,YELLOW RED FLOWER PIGGY BANK,0.0003022642338975599
82069,BEECH WOOD P/FRAME,0.0003022642338975599
23614,SET 10 CARDS 12 DAYS WRAP 17058,0.0003022642338975599
82613b,"METAL SIGN,CUPCAKE SINGLE HOOK",0.0003022642338975599
20879,TREE OF NOAH FESTIVE SCENTED CANDLE,0.0003022642338975599
82545A,COGNAC AUX OEUFS METAL 1 HOOK,0.0003022642338975599
84803B,WHITE ALLIUM ARTIFICIAL FLOWER,0.0003022642338975599
84537B,FAIRY CAKES GIFT BAG,0.0003022642338975599
20860,GOLD COSMETICS BAG WITH BUTTERFLY,0.0003022642338975599
90051,CRACKED GLAZE NECKLACE RED,0.0003022642338975599
90162A,ANT SILVER TURQUOISE BOUDICCA RING,0.0003022642338975599
84539,KNITTED RABBIT DOLL,0.0003022642338975599
72225D,VANILLA SCENT CAKE CANDLE,0.0003022642338975599
21339,MARAKESH LANTERN LARGE,0.0003022642338975599
90196A,PURPLE GEMSTONE NECKLACE 45CM,0.0003022642338975599
35638B,PINK/BLUE STRING CURTAIN,0.0003022642338975599
35817P,"ACRYLIC JEWEL SNOWFLAKE,PINK",0.0003022642338975599
84582,PINK CROCHET CAT WITH SCARF,0.0003022642338975599
72024U,LILAC VOTIVE CANDLE,0.0003022642338975599
35818B,"ACRYLIC JEWEL ICICLE, BLUE",0.0003022642338975599
20835,FRENCH LATTICE CUSHION COVER,0.0002747856671795999
85099c,JUMBO BAG BAROQUE BLACK WHITE,0.0002747856671795999
90125C,TURQUOISE BERTIE GLASS BEAD CHARM,0.0002747856671795999
90214Y,"LETTER ""Y"" BLING KEY RING",0.0002747856671795999
90128A,PINK LEAVES AND BEADS PHONE CHARM,0.0002747856671795999
84596I,WRAP SWEETS LIGHT PINK SMALL BOWL,0.0002747856671795999
37471,MULTICOLOUR DOTS PLATE,0.0002747856671795999
84613A,PINK NEW BAROQUE FLOCK CANDLESTICK,0.0002747856671795999
84614A,PINK BAROQUE FLOCK CANDLE HOLDER,0.0002747856671795999
84798A,PINK FOXGLOVE ARTIIFCIAL FLOWER,0.0002747856671795999
37483,ENGLISH ROSE MUG IN GIFT BOX,0.0002747856671795999
35443,RASTA IN BATH W SPLIFF ASHTRAY,0.0002747856671795999
85132b,CHARLIE AND LOLA TABLE TINS,0.0002747856671795999
22206,"MUG , DOTCOMGIFTSHOP.COM",0.0002747856671795999
84798B,PURPLE FOXGLOVE ARTIIFCIAL FLOWER,0.0002747856671795999
21764,VINTAGE WOODEN PLATE RACK,0.0002747856671795999
90036B,"FLOWER GLASS GARLAND NECKL.36""GREEN",0.0002747856671795999
90030A,SPOTTED WHITE NATURAL SEED NECKLACE,0.0002747856671795999
84520b,PACK 20 ENGLISH ROSE PAPER NAPKINS,0.0002747856671795999
16256C,HEARTS PENCIL/RUBBER+5 MINI PENCILS,0.0002747856671795999
35932,PINK CHRISTMAS TREE DECORATION,0.0002747856671795999
21267,VINTAGE PINK TINSEL REEL,0.0002747856671795999
84564,6 SEGMENT COLOURED SNACK BOWL,0.0002747856671795999
90037B,TINY CRYSTAL BRACELET GREEN,0.0002747856671795999
84424A,FOUR PICTURE WHITE GLASS FRAME,0.0002747856671795999
90027B,GLASS BEAD HOOP EARRINGS MONTANA,0.0002747856671795999
16168S,FUNKY MONKEY GIFT BAG SMALL,0.0002747856671795999
85132a,CHARLIE + LOLA BISCUITS TINS,0.0002747856671795999
23632,SET 10 CARDS CHEERFUL ROBIN 17065,0.0002747856671795999
23629,SET 10 CARDS DRESSING UP 17077,0.0002747856671795999
35809a,ENAMEL PINK TEA CONTAINER,0.0002747856671795999
17129C,SKY BLUE COLOUR GLASS GEMS IN BAG,0.0002747856671795999
84632,DECORATIVE HANGING SHELVING UNIT,0.0002747856671795999
10124G,ARMY CAMO BOOKCOVER TAPE,0.0002747856671795999
84926B,SCOTTS ROSES TILE COASTER,0.0002747856671795999
90001C,ANTIQUE OPAL WHITE FLOWER EARRINGS,0.0002747856671795999
84925C,FAIRY CAKES WALL THERMOMETER,0.0002747856671795999
84924F,PSYCHEDELIC METAL SIGN CALENDAR,0.0002747856671795999
85023A,CRYSTAL LARGE JEWELLED PHOTO FRAME,0.0002747856671795999
47344B,BLUE FLOWER DES PURSE,0.0002747856671795999
90001A,ANTIQUE RASPBERRY FLOWER EARRINGS,0.0002747856671795999
85018B,S/6 PAPER BOXES BLOSSOM IMAGES,0.0002747856671795999
20958,PORCELAIN HANGING BELL LARGE,0.0002747856671795999
90092,BLUE CRYSTAL BOOT PHONE CHARM,0.0002747856671795999
79303B,BLUE STAR BLOCK TABLE LAMP,0.0002747856671795999
85018A,S/6 PAPER BOXES ROMANTIC IMAGES,0.0002747856671795999
72724,SET/6 CHRISTMAS ICICLE T-LIGHTS,0.0002747856671795999
47590b,PINK HAPPY BIRTHDAY BUNTING,0.0002747856671795999
84967B,BLUE KASHMIRI OCCASIONAL TABLE,0.0002747856671795999
62043B,BLUE CHECK BAG W HANDLE 34X20CM,0.0002747856671795999
72750D,F.FAIRY S/3 CANDLE/GLASS,0.0002747856671795999
90053,CRACKED GLAZE EARRINGS IVORY,0.0002747856671795999
90024C,NEW BAROQUE B'FLY NECKLACE GREEN,0.0002747856671795999
81950V,FLOWER PURPLE CLOCK W/SUCKER,0.0002747856671795999
37491C,GREEN/BLUE CERAMIC CANDLE HOLDER,0.0002747856671795999
23024,LARGE BONNE JAM JAR T-LIGHT HOLDER,0.0002747856671795999
90055,CRACKED GLAZE EARRINGS BROWN,0.0002747856671795999
16053,POPART COL BALLPOINT PEN ASST,0.0002747856671795999
90001B,ANTIQUE MID BLUE FLOWER EARRINGS,0.0002747856671795999
90179B,PURPLE FINE BEAD NECKLACE W TASSEL,0.0002473071004616399
35816P,"ACRYLIC JEWEL ANGEL,PINK",0.0002473071004616399
72753D,S/3 FLWR FAIRY SUMMER CANDLES,0.0002473071004616399
84586L,"PINK ROSES/GINGHAM PATCH RABBIT 8""",0.0002473071004616399
72038P,PRICE'S CANDLE PEACH,0.0002473071004616399
16201A,PASTEL PINK PHOTO ALBUM,0.0002473071004616399
20988,TRELLIS FLOWER CHOPSTICKS SET/5,0.0002473071004616399
90163B,WHITE ROSEBUD & PEARL NECKLACE,0.0002473071004616399
48103,DOOR MAT KISS MY.......,0.0002473071004616399
90031,BILI NUT AND WOOD NECKLACE,0.0002473071004616399
84622,PINK GINGHAM ROSE CUSHION COVER,0.0002473071004616399
20953,PORCELAIN CHERUB BELL LARGE,0.0002473071004616399
21266,VINTAGE SILVER TINSEL REEL,0.0002473071004616399
72772,SET/4 SCENTED CANDLES IN RAMEKINS,0.0002473071004616399
72783,BLACK SIL'T SQU CANDLE PLATE,0.0002473071004616399
37482B,CUBIC MUG BLUE POLKA DOT,0.0002473071004616399
79413,GLASS WINE GLASS DECORATIONS,0.0002473071004616399
84206A,3 BLACK CATS W HEARTS BLANK CARD,0.0002473071004616399
90026A,GLASS BEAD HOOP NECKLACE BLACK,0.0002473071004616399
90182A,AMBER 3 BEAD DROP EARRINGS,0.0002473071004616399
84247J,PACK/12 RUSSIAN DOLL CARDS,0.0002473071004616399
79331,PINK FLOCK GLASS CANDLEHOLDER,0.0002473071004616399
37345,ASSTD HEARTS DESIGN MUGS,0.0002473071004616399
44242B,PINK FEATHERS CURTAIN,0.0002473071004616399
84414B,FUSCHIA/GREEN STRIPE WOOLLY BLANKET,0.0002473071004616399
90141B,IVORY PENDANT TRIPLE SHELL NECKLACE,0.0002473071004616399
78034B,BLUE NETTING STORAGE HANGER,0.0002473071004616399
47518f,ICON PLACEMAT POP ART ELVIS,0.0002473071004616399
16169D,WRAP WINTER FOREST,0.0002473071004616399
84425A,WHITE GLASS TV TRIPLE FRAME,0.0002473071004616399
90149,SILVER FLOWR PINK SHELL NECKLACE,0.0002473071004616399
72793,BLACK BOX MIRROR LANTERN,0.0002473071004616399
85124a,PINK JUICY FRUIT PHOTO FRAME,0.0002473071004616399
90151,SILVER/NATURAL SHELL NECKLACE,0.0002473071004616399
90179A,AMBER FINE BEAD NECKLACE W TASSEL,0.0002473071004616399
35936,CERISE+GOLD CHRISTMAS TREE DEC,0.0002473071004616399
84963A,PINK PAINTED KASHMIRI CHAIR,0.0002473071004616399
84858B,BLUE RIVIERA HANDBAG,0.0002473071004616399
90038C,GLASS AND BEADS BRACELET IVORY,0.0002473071004616399
90209A,PURPLE ENAMEL+GLASS HAIR COMB,0.0002473071004616399
84805B,BLUE CLIMBING HYDRANGA ART FLOWER,0.0002473071004616399
23305,SET 4 PICNIC CUTLERY BLUEBERRY,0.0002473071004616399
90084,PINK CRYSTAL GUITAR PHONE CHARM,0.0002473071004616399
84706B,FAIRY CAKES TABLE CLOCK,0.0002473071004616399
21596,HYPOCHONDRIAC PILL STRESS BALL,0.0002473071004616399
35591T,TURQUOISE CHRISTMAS TREE,0.0002473071004616399
21595,DAD'S CAB ELECTRONIC METER,0.0002473071004616399
23304,SET 4 PICNIC CUTLERY CHERRY,0.0002473071004616399
84886,BLUE METAL WALL SHELF,0.0002473071004616399
18010,ASSORTED FRAGRANCE BATH CONFETTI,0.0002473071004616399
21674,RIDGED GLASS PENDANT LAMPSHADE,0.0002473071004616399
23637,SET 10 CARDS OUT OF ORDER 17216,0.0002473071004616399
35085E,IVORY ROSE LAMPSHADE,0.0002473071004616399
71050,SMALL SINGLE FLAME CANDLE HOLDER,0.00021982853374367993
90037D,TINY CRYSTALS BRACELET BLACK,0.00021982853374367993
20827,GOLD APERITIF GLASS,0.00021982853374367993
16050,TEATIME PENCIL WITH RUBBER,0.00021982853374367993
17091F,SANDALWOOD INCENSE IN TIN,0.00021982853374367993
84805A,CREAM CLIMBING HYDRANGA ART FLOWER,0.00021982853374367993
35910B,PINK FLOWERS RABBIT EASTER,0.00021982853374367993
85151,WELCOME METAL SIGN,0.00021982853374367993
90214W,"LETTER ""W"" BLING KEY RING",0.00021982853374367993
16119,FUNKY GIRL ADDRESS BOOK,0.00021982853374367993
72754B,F FAIRY POTPOURRI CUSHIONS LAVENDER,0.00021982853374367993
35824C,"HANGING FLOWERS+MIRROR,CLEAR",0.00021982853374367993
90121B,VINTAGE ROSE BEAD BRACELET BLUE,0.00021982853374367993
90048,GREEN WITH METAL BAG CHARM,0.00021982853374367993
85079,EMBROIDERED REINDEER DECORATION,0.00021982853374367993
47570b,TEA TIME TABLE CLOTH,0.00021982853374367993
23038,T-LIGHT HOLDER SILVER SAUCER,0.00021982853374367993
17014D,ORIGAMI ROSE INCENSE CONES,0.00021982853374367993
16161E,WRAP BOUDOIR,0.00021982853374367993
37477B,"FLOWER FAIRY MUG+COASTER,LAVENDER",0.00021982853374367993
23640,SET 10 CARDS SCOTTIE DOG 17211,0.00021982853374367993
84551,CROCHET DOG KEYRING,0.00021982853374367993
23463,VINTAGE ZINC WATERING CAN,0.00021982853374367993
90130D,RED STONE/CRYSTAL EARRINGS,0.00021982853374367993
37491B,BLUE/YELLOW CERAMIC CANDLE HOLDER,0.00021982853374367993
20820,SILVER LOOKING MIRROR,0.00021982853374367993
35610C,WHITE CHRISTMAS FLOCK DROPLET,0.00021982853374367993
90150,BLUE SHELL+SILVER NECKLACE,0.00021982853374367993
37352,BIRD IN TREE MUG,0.00021982853374367993
45013,FOLDING SHOE TIDY,0.00021982853374367993
84858A,NATURAL RIVIERA HANDBAG,0.00021982853374367993
84985a,SET OF 72 GREEN PAPER DOILIES,0.00021982853374367993
21702,SET 5 MINI GATEAUX FRIDGE MAGNETS,0.00021982853374367993
84596b,SMALL DOLLY MIX DESIGN ORANGE BOWL,0.00021982853374367993
44241C,BLUE BUTTERFLY ON SPRING,0.00021982853374367993
90026D,GLASS BEAD HOOP NECKLACE AMETHYST,0.00021982853374367993
44092C,PURPLE/COPPER HANGING LAMPSHADE,0.00021982853374367993
21353,SILVER SLEIGHBELL WREATH,0.00021982853374367993
35233,PASTA ENAMEL/BRASS CONTAINER,0.00021982853374367993
16243B,BROWN COZY SQUARE PHOTO ALBUM,0.00021982853374367993
72771B,BURG FLOCK GOLD CUP/CANDLE,0.00021982853374367993
20887,BOX OF 6 PEBBLE CANDLES,0.00021982853374367993
84367,LA STREGA CANVAS PICTURE,0.00021982853374367993
90011E,AMBER CRYSTAL DROP EARRINGS,0.00021982853374367993
23464,VINTAGE ZINC WATERING CAN SMALL,0.00021982853374367993
84705C,PINK FLOCK PHOTO FRAME,0.00021982853374367993
90075,MONTANA DIAMOND CLUSTER NECKLACE,0.00021982853374367993
90025F,BAROQUE BUTTERFLY EARRINGS CRYSTAL,0.00021982853374367993
90189A,SILVER 2 STRAND NECKLACE-LEAF CHARM,0.00021982853374367993
23620,SET 10 CARDS PERFECT POST 17090,0.00019234996702571994
23616,SET 10 CARDS JINGLE BELLS 17217,0.00019234996702571994
90026B,GLASS BEAD HOOP NECKLACE MONTANA,0.00019234996702571994
20825,GOLD WINE GLASS,0.00019234996702571994
84201B,HAPPY BIRTHDAY CARD STRIPEY TEDDY,0.00019234996702571994
35597D,PINK/WHITE CHRISTMAS TREE 30CM,0.00019234996702571994
90154,LAZER CUT NECKLACE W PASTEL BEADS,0.00019234996702571994
90025E,BAROQUE BUTTERFLY EARRINGS MONTANA,0.00019234996702571994
90060D,FIRE POLISHED GLASS NECKL BRONZE,0.00019234996702571994
90176A,CLASSIC DIAMANTE NECKLACE JET,0.00019234996702571994
90176D,DIAMANTE NECKLACE PURPLE,0.00019234996702571994
90132,LIGHT TOPAZ TEAL/AQUA COL NECKLACE,0.00019234996702571994
22657,HEN & 2 CHICKS IN BASKET,0.00019234996702571994
79329,PINK FLOCK GLASS CANDLEHOLDER,0.00019234996702571994
84830,LARGE ENGLISH ARBORETUM,0.00019234996702571994
23607,SET 10 CARDS HATS & STOCKINGS 17081,0.00019234996702571994
81985A,"ICON ALARM CLOCK,FUSCHIA PIN UP",0.00019234996702571994
90076,MONTANA DIAMOND CLUSTER EARRINGS,0.00019234996702571994
85184B,SET 4 EASTER DECOUPAGE OVAL BOXES,0.00019234996702571994
90128D,PURPLE LEAVES AND BEADS PHONE CHAR,0.00019234996702571994
84809B,PINK CHRYSANTHEMUMS ART FLOWER,0.00019234996702571994
84807,RED POPPY ARTIFICIAL FLOWER,0.00019234996702571994
20870,OPULENT VELVET CANDLE IN BOX,0.00019234996702571994
90152A,SILVER/NAT SHELL NECKLACE W PENDANT,0.00019234996702571994
47341A,FUSCHIA TABLE RUN FLOWER,0.00019234996702571994
37348,SET OF 4 PASTEL STACKING MUGS,0.00019234996702571994
35815P,"ACRYLIC JEWEL SNOWFLAKE, PINK",0.00019234996702571994
17174,ASSTD RASTA KEY-CHAINS,0.00019234996702571994
90187A,BLUE DROP EARRINGS W BEAD CLUSTER,0.00019234996702571994
84706A,ENGLISH ROSE TABLE CLOCK,0.00019234996702571994
90046,WHITE WITH METAL BAG CHARM,0.00019234996702571994
84562B,BLUE/WHITE RIBBED MELAMINE JUG,0.00019234996702571994
35819P,"ACRYLIC HANGING JEWEL,PINK",0.00019234996702571994
84705A,ENGLISH ROSE PHOTO FRAME,0.00019234996702571994
16245A,PINK MINI STATIONERY SET W CASE,0.00019234996702571994
21097,SET/6 GREEN SPRING PAPER PLATE,0.00019234996702571994
35071,ASSORTED SANTA CHRISTMAS DECORATION,0.00019234996702571994
84593,CROCHET ROSE DES CLOTHES HANGER,0.00019234996702571994
23442,12 HANGING EGGS HAND PAINTED,0.00019234996702571994
35644,PAIR PINK/BLACK COATHANGERS,0.00019234996702571994
21697,SET 5 MINI DOUGHNUT FRIDGE MAGNET,0.00019234996702571994
84617,NEW BAROQUE BLACK BOXES,0.00019234996702571994
35597B,BLACKCHRISTMAS TREE 30CM,0.00019234996702571994
72083A,STRAWBERY SWIRL FLARE CANDLE,0.00019234996702571994
90011C,GREEN CRYSTAL DROP EARRINGS,0.00019234996702571994
23636,SET 10 CARDS WISHING TREE 17116,0.00019234996702571994
84415B,BLUE FLOCK CUSHION COVER,0.00019234996702571994
20816,GOLD FLOWER CUSHION COVER,0.00019234996702571994
21118,SHOPPING BAG DOORSTOP,0.00019234996702571994
90050,CRACKED GLAZE NECKLACE IVORY,0.00016487140030775995
44092B,BLUE WHITE PLASTIC RINGS LAMPSHADE,0.00016487140030775995
90026C,GLASS BEAD HOOP NECKLACE GREEN,0.00016487140030775995
18096c,WHITE ROUND PORCELAIN TLIGHT HOLDER,0.00016487140030775995
90182B,AMETHYST 3 BEAD DROP EARRINGS,0.00016487140030775995
90012B,BLACK DROP CRYSTAL NECKLACE,0.00016487140030775995
44091A,BLUE CRUSOE CHECK LAMPSHADE,0.00016487140030775995
90140,PINK SWEETIE NECKLACE,0.00016487140030775995
72771C,BLACK FLOCK GOLD CANDLE,0.00016487140030775995
90012A,MIDNIGHT BLUE DROP CRYSTAL NECKLACE,0.00016487140030775995
84371,BIG PINK POODLE,0.00016487140030775995
90074,BLACK DIAMOND CLUSTER NECKLACE,0.00016487140030775995
90111,BLUE HIBISCUS HAIR CLIP,0.00016487140030775995
90212C,PURPLE LAS VEGAS BRACELET ROUND,0.00016487140030775995
90067B,BROWN VINTAGE VICTORIAN EARRINGS,0.00016487140030775995
35638A,PINK AND BLACK STRING CURTAIN,0.00016487140030775995
84599,CANDY STRIPE ROSE FLOOR CUSHION,0.00016487140030775995
81953B,ROUND ARTICULATED BLUE CLOCK W/SUCK,0.00016487140030775995
84660b,BLACK STITCHED WALL CLOCK,0.00016487140030775995
23623,SET 10 CARD CHRISTMAS WELCOME 17112,0.00016487140030775995
90176C,DIAMANTE NECKLACE,0.00016487140030775995
21308,LOUVRE VANITY MIRROR,0.00016487140030775995
51012L,"FEATHER DUSTER, LIGHT PINK",0.00016487140030775995
84933B,LARGE PINK PEONY FOLDING STOOL,0.00016487140030775995
84891B,GREEN WIRE GOBLET CANDLEHOLDER,0.00016487140030775995
84933A,LARGE GREEN PEONY FOLDING STOOL,0.00016487140030775995
gift_0001_50,DOTCOMGIFTSHOP GIFT VOUCHER £50.00,0.00016487140030775995
90042B,FRESHWATER PEARL BRACELET PINK,0.00016487140030775995
84989b,75 BLACK FAIRY CAKE CASES,0.00016487140030775995
84782B,BLACK 3 TIER GLASS PLATE STAND,0.00016487140030775995
72807a,SET/3 ROSE CANDLE IN JEWELLED BOX,0.00016487140030775995
84732D,CUTE RABBIT CEATURE SCREEN,0.00016487140030775995
23613,SET 10 XMAS CARDS & BADGES 17070,0.00016487140030775995
81953P,ROUND ARTICULATED PINK CLOCK W/SUCK,0.00016487140030775995
90128B,BLUE LEAVES AND BEADS PHONE CHARM,0.00016487140030775995
84767,ZINC POLICE BOX LANTERN,0.00016487140030775995
84415A,PINK FLOCK SUEDE CUSHION COVER,0.00016487140030775995
71496B,A4 WALL TIDY RED FLOWERS,0.00016487140030775995
84510e,SET OF 4 GREEN CAROUSEL COASTERS,0.00016487140030775995
17007B,S/3 POT POURI CUSHIONS BLUE COLOURS,0.00016487140030775995
84030C,KNITTED RAINBOW HOT WATER BOTTLE,0.00016487140030775995
17014E,ORIGAMI OPIUM INCENSE CONES,0.00016487140030775995
84765,SILVER ROCOCO CANDELABRA,0.00016487140030775995
84732B,CUTE BIRD CEATURE SCREEN,0.00016487140030775995
85035b,CHOCOLATE 3 WICK MORRIS BOX CANDLE,0.00016487140030775995
90049,IVORY GOLD METAL BAG CHARM,0.00016487140030775995
84963B,BLUE PAINTED KASHMIRI CHAIR,0.00016487140030775995
20964,POLYESTER FILLER PAD 60X40CM,0.00016487140030775995
72753C,S/3 FLWR FAIRY ROSE CANDLES,0.00016487140030775995
35909B,PINK FLOWERS RABBIT EASTER,0.00016487140030775995
85231g,ORANGE SCENTED SET/9 T-LIGHTS,0.00016487140030775995
47583A,SET OF 3 WICKER BASKET ROSE,0.00016487140030775995
23303,SET 4 PICNIC CUTLERY FONDANT,0.00016487140030775995
90041,PEARL AND CHERRY QUARTZ BRACLET,0.00016487140030775995
90027A,GLASS BEAD HOOP EARRINGS BLACK,0.00016487140030775995
85184c,S/4 VALENTINE DECOUPAGE HEART BOX,0.00016487140030775995
47563B,WAVELINE SURF IRONING BOARD COVER,0.00016487140030775995
35824B,"HANGING FLOWERS+MIRROR,BLUE",0.00016487140030775995
37399,"ASS RETROSPOOF MUGS,SPORTS",0.00016487140030775995
90024F,NEW BAROQUE B'FLY NECKLACE CRYSTAL,0.00016487140030775995
90043,COPPER AND BRASS BAG CHARM,0.00016487140030775995
90128C,GREEN LEAVES AND BEADS PHONE CHARM,0.00016487140030775995
47583B,SET OF 3 WICKER BASKET TEA AND CAKE,0.00016487140030775995
72754A,FLOWER FAIRY POTPOURRI CUSHION LILY,0.00013739283358979996
84933C,LARGE BLUE ORIENTAL FOLDING STOOL,0.00013739283358979996
23440,PAINT YOUR OWN EGGS IN CRATE,0.00013739283358979996
72045D,ROSES ON BLUE TEACUP CANDLE,0.00013739283358979996
84951b,S/4 BLACK LOVEBIRD COASTERS,0.00013739283358979996
72708,SCULPTED ROUND IVORY CANDLE,0.00013739283358979996
72796A,S/3 ENGLISH LAVENDER SQU CANDLE,0.00013739283358979996
90052,CRACKED GLAZE NECKLACE BROWN,0.00013739283358979996
21309,LOUVRE CHALKBOARD,0.00013739283358979996
90011D,PURPLE CRYSTAL DROP EARRINGS,0.00013739283358979996
90025D,BAROQUE BUTTERFLY EARRINGS PINK,0.00013739283358979996
35995,SET/6 BLACK GLITTER REINDEER CANDLE,0.00013739283358979996
35918B,BLUE FLORIBUNDA EGG WARMER,0.00013739283358979996
20800,LARGE GLASS SUNDAE DISH CLEAR,0.00013739283358979996
23634,SET 10 CARDS XMAS CHOIR 17068,0.00013739283358979996
21919,ELECTRONIC TALKING BREATH-A-LOSER,0.00013739283358979996
84743C,ORANGE FELT VASE + FLOWERS,0.00013739283358979996
84427B,BLACK GLASS TV DOUBLE P/FRAME 15X10,0.00013739283358979996
84450A,PINK RABBIT SITTING EASTER,0.00013739283358979996
84726,LILLIES CANVAS PICTURE,0.00013739283358979996
23644,SET 10 CARDS CHRISTMAS TREE 16955,0.00013739283358979996
84493,BLUE/PINK NEST STRIPE BOX,0.00013739283358979996
84986b,SET OF 36 SILVER PAPER DOILIES,0.00013739283358979996
23646,SET 10 CARDS JINGLE BELLS 16957,0.00013739283358979996
84529B,BLUE KNITTED KID'S RUCKSACK,0.00013739283358979996
84292B,BLUE COL METAL FOLDING CHAIR,0.00013739283358979996
35909A,RABBIT EASTER DECORATION,0.00013739283358979996
84705F,RED PEONY PHOTO FRAME,0.00013739283358979996
DCGS0069,OOH LA LA DOGS COLLAR,0.00013739283358979996
90035C,"PEARL & SHELL 42""NECKL. IVORY",0.00013739283358979996
21594,DR. JAM'S AROUZER STRESS BALL,0.00013739283358979996
84550,CROCHET LILAC/RED BEAR KEYRING,0.00013739283358979996
35001B,HAND OPEN SHAPE BLACK,0.00013739283358979996
16201B,PASTEL BLUE PHOTO ALBUM,0.00013739283358979996
35654,VINTAGE BEAD FILLED PINK CUSHION,0.00013739283358979996
90034,WHITE SILVER NECKLACE SHELL GLASS,0.00013739283358979996
84660a,WHITE STITCHED WALL CLOCK,0.00013739283358979996
90142D,MOP PENDANT SHELL NECKLACE,0.00013739283358979996
90152B,BLUE/GREEN SHELL NECKLACE W PENDANT,0.00013739283358979996
17013F,ORIGAMI SANDLEWOOD INCENSE IN TUBE,0.00013739283358979996
16151A,FLOWER DES BLUE HANDBAG/ORANG HANDL,0.00013739283358979996
gift_0001_40,DOTCOMGIFTSHOP GIFT VOUCHER £40.00,0.00013739283358979996
90141E,ORANGE PENDANT TRIPLE SHELL NECKLAC,0.00013739283358979996
90141D,ROSE PENDANT TRIPLE SHELL NECKLACE,0.00013739283358979996
84795E,RIO PINK STRIPE HAMMOCK,0.00013739283358979996
90131,PINK/AMETHYST/GOLD NECKLACE,0.00013739283358979996
90069,RUBY GLASS CLUSTER NECKLACE,0.00013739283358979996
20877,MODERN CHRISTMAS BAUBLE CANDLE,0.00013739283358979996
90025C,BAROQUE BUTTERFLY EARRINGS GREEN,0.00013739283358979996
37488A,YELLOW PINK FLOWER DESIGN BIG BOWL,0.00013739283358979996
90077,BLACK DIAMOND CLUSTER EARRINGS,0.00013739283358979996
90078,PINK/WHITE GLASS DEMI CHOKER,0.00013739283358979996
90039A,FIRE POLISHED GLASS BRACELET RED,0.00013739283358979996
47016,LIGHT DECORATION BATTERY OPERATED,0.00013739283358979996
90126C,AMBER BERTIE MOBILE PHONE CHARM,0.00013739283358979996
90126A,PINK BERTIE MOBILE PHONE CHARM,0.00013739283358979996
90181C,BLACK GLASS/SHELL/PEARL NECKLACE,0.00013739283358979996
15060b,FAIRY CAKE DESIGN UMBRELLA,0.00013739283358979996
90060B,FIRE POLISHED GLASS NECKL GOLD,0.00010991426687183997
90021,LASER CUT MULTI STRAND NECKLACE,0.00010991426687183997
90102,WHITE FRANGIPANI HAIR CLIP,0.00010991426687183997
90197D,AMBER GLASS BRACELET HEART CHARMS,0.00010991426687183997
90035B,"PEARL & SHELL 42""NECKL. PINK",0.00010991426687183997
90024A,NEW BAROQUE B'FLY NECKLACE BLACK,0.00010991426687183997
90142A,GREEN PENDANT SHELL NECKLACE,0.00010991426687183997
DCGS0004,HAYNES CAMPER SHOULDER BAG,0.00010991426687183997
90176B,DIAMANTE NECKLACE BLACK,0.00010991426687183997
90135A,ORANGE/FUSCHIA STONES NECKLACE,0.00010991426687183997
90152C,BLUE/NAT SHELL NECKLACE W PENDANT,0.00010991426687183997
90020,FILIGREE DIAMANTE CHAIN,0.00010991426687183997
m,MANUAL,0.00010991426687183997
20680,PINK FLOWERS CHILDS UMBRELLA,0.00010991426687183997
23645,SET 10 CHRISTMAS CARDS HOHOHO 16956,0.00010991426687183997
84706C,PINK FLOCK TABLE CLOCK,0.00010991426687183997
21081,SET/20 POSIES PAPER NAPKINS,0.00010991426687183997
47591b,SCOTTIES CHILDRENS APRON,0.00010991426687183997
35955,SMALL FOLKART CHRISTMAS TREE DEC,0.00010991426687183997
23625,SET 6 CARDS SPARKLY REINDEER 17262,0.00010991426687183997
17011D,ORIGAMI ROSE INCENSE+FLOWER,0.00010991426687183997
23624,SET 10 CARD PERFECT NATIVITY 17089,0.00010991426687183997
23621,SET 10 CARDS DAVID'S MADONNA 17074,0.00010991426687183997
84536b,FAIRY CAKES NOTEBOOK A7 SIZE,0.00010991426687183997
84534b,FAIRY CAKE NOTEBOOK A5 SIZE,0.00010991426687183997
23615,SET 10 CARDS PRINTED GRAPHIC 17219,0.00010991426687183997
62097B,BLUE STRIPES SHOULDER BAG,0.00010991426687183997
84509b,SET OF 4 FAIRY CAKE PLACEMATS,0.00010991426687183997
84965B,BLUE KASHMIRI COFFEE TABLE,0.00010991426687183997
72785A,S/4 CONTEMPORY PINK ROSEBUD CANDLES,0.00010991426687183997
23639,SET 10 CARDS MAGICAL TREE 17086,0.00010991426687183997
47556b,TEA TIME TEA TOWELS,0.00010991426687183997
21310,CAPIZ CHANDELIER,0.00010991426687183997
17014F,ORIGAMI SANDLEWOOD INCENSE CONES,0.00010991426687183997
84966B,BLUE KASHMIRI BOXED MIRROR,0.00010991426687183997
84967C,GREEN KASHMIRI OCCASIONAL TABLE,0.00010991426687183997
84968a,S/16 VINTAGE ROSE CUTLERY,0.00010991426687183997
35597A,DUSTY PINK CHRISTMAS TREE 30CM,0.00010991426687183997
84968d,S/16 VINTAGE RED CUTLERY,0.00010991426687183997
35596,WOOD XMAS TREE 9 FIG SHELVES,0.00010991426687183997
46137D,GREEN CHENILLE SHAGGY RUG,0.00010991426687183997
46775B,BERRIES CHUNKY KNITTED THROW,0.00010991426687183997
85018C,S/6 PAPER BOXES CURIOUS IMAGES,0.00010991426687183997
84612B,SET/4 BLACK BAROQUE FLOCK COASTER,0.00010991426687183997
84611B,BLACK NEW BAROQUE FLOCK BOX,0.00010991426687183997
23654,SET 10 CARD SNOWMAN 16965,0.00010991426687183997
23650,SET 10 CARDS FILIGREE BAUBLE 16961,0.00010991426687183997
84608,ORNATE EDWARDIAN CANDLE HOLDER,0.00010991426687183997
84679,CLASSICAL ROSE TABLE LAMP,0.00010991426687183997
23601,SET 10 CARDS SNOWY SNOWDROPS 17100,0.00010991426687183997
84402B,PURPLE DRESS JEWELLERY STAND,0.00010991426687183997
84914A,PINK ROSE PICNIC RUG,0.00010991426687183997
85220,SMALL FAIRY CAKE FRIDGE MAGNETS,0.00010991426687183997
20833,SHAKER THROW QUILTED,0.00010991426687183997
78027,SEAGRASS S/2 CORNER LAUNDRY,0.00010991426687183997
79062D,"RETRO TIN ASHTRAY,REVOLUTIONARY",0.00010991426687183997
84867A,PINK BABY GIRLS PHOTO ALBUM,0.00010991426687183997
16010,FOLDING CAMPING SCISSOR W/KNIF & S,0.00010991426687183997
84864A,PINK PAISLEY PHOTO ALBUM,0.00010991426687183997
15059A,ENGLISH ROSE EDWARDIAN PARASOL,0.00010991426687183997
84757,ENCHANTED GARDEN WROUGHT IRON TABLE,0.00010991426687183997
85231b,CINAMMON SET OF 9 T-LIGHTS,0.00010991426687183997
37112,YELLOW BIRDS FELT DES FOODCOVER,0.00010991426687183997
84838,ANT WHITE HIGH RISE BIRD BOX,0.00010991426687183997
79172D,PURPLE TINT ACRYLIC FLOWER VASE,0.00010991426687183997
20895,VINTAGE NOTEBOOK FRENCH LETTER,0.00010991426687183997
20890,SMALL GLASS ROSE SCENTED CANDLE,0.00010991426687183997
20905,VINTAGE KEEPSAKE BOX BEAUTY GIRL,0.00010991426687183997
16051,TEATIME PENCIL W STAMP ASST,0.00010991426687183997
85132c,CHARLIE AND LOLA FIGURES TINS,0.00010991426687183997
84206C,CHAMPAGNE TRAY BLANK CARD,0.00010991426687183997
23447,PINK BUNNY EASTER EGG BASKET,0.00010991426687183997
79302m,"ART LIGHTS,FUNK MONKEY",0.00010991426687183997
85128,PLANTPOT SINGLE HOOK PISTACHIO,0.00010991426687183997
20942,SET/6 GINGERBREAD TREE T-LIGHTS,0.00010991426687183997
72801e,S/4 FESTIVE GREEN DINNER CANDLES,0.00010991426687183997
21560,TOADSTOOL LUNCHBOX WITH CUTLERY,0.00010991426687183997
21347,GOTHIC CARRIAGE LANTERN,0.00010991426687183997
21387,IVORY HANGING DECORATION RABBIT,0.00010991426687183997
84966A,PINK KASHMIRI BOXED MIRROR,0.00010991426687183997
84876C,SILVER HEART COMPACT MIRROR,0.00010991426687183997
72802a,ROSE SCENT CANDLE IN JEWELLED BOX,0.00010991426687183997
84868B,BLUE BABY BOY'S MEMORY BOX,0.00010991426687183997
37379B,BLUE CHERRY BLOSSOM CUP & SAUCER,8.243570015387997e-05
84798C,WHITE FOXGLOVE ARTIIFCIAL FLOWER,8.243570015387997e-05
37494a,FAIRY CAKE CERAMIC BUTTER DISH,8.243570015387997e-05
84814B,RHOMBUS CRYSTAL PERFUME BOTTLE,8.243570015387997e-05
37409,ASSORTED DESIGN FLOWER MUGS,8.243570015387997e-05
84720,DOT MATRIX CANVAS ART PICTURE,8.243570015387997e-05
84731,3 BIRDS CANVAS SCREEN,8.243570015387997e-05
90081B,LILY BROOCH WHITE/SILVER COLOUR,8.243570015387997e-05
40046C,PINK BUTTERFLY PAPER LAMPSHADE,8.243570015387997e-05
44228,CANNABIS LEAF BEAD CURTAIN,8.243570015387997e-05
84705B,FAIRY CAKES PHOTO FRAME,8.243570015387997e-05
90082C,DIAMANTE BOW BROOCH WHITE COLOUR,8.243570015387997e-05
82613a,"METAL SIGN,CUPCAKE SINGLE HOOK",8.243570015387997e-05
44265,M/COLOUR POM-POM CURTAIN,8.243570015387997e-05
90176E,DIAMANTE NECKLACE GREEN,8.243570015387997e-05
79157V,UBO-LIGHT TRIOBASE PURPLE,8.243570015387997e-05
82072,WHITE WOOD SINGLE P/FRAME,8.243570015387997e-05
20884,MODERN CHRISTMAS TREE CANDLE,8.243570015387997e-05
90135,ORANGE/WHT/FUSCHIA STONES NECKLACE,8.243570015387997e-05
79157B,UBO-LIGHT TRIOBASE BLUE,8.243570015387997e-05
90136,PALE PINK/AMETHYST STONE NECKLACE,8.243570015387997e-05
84030B,KNITTED POM POM HOT WATER BOTTLE,8.243570015387997e-05
90126B,BLUE BERTIE MOBILE PHONE CHARM,8.243570015387997e-05
72805,VANILLA CANDLE IN EMBOSSED ZINC POT,8.243570015387997e-05
84201C,HAPPY BIRTHDAY CARD TEDDY/CAKE,8.243570015387997e-05
72801g,S/4 BURGUNDY WINE DINNER CANDLES,8.243570015387997e-05
72785B,S/4 CONTEMPORY RED ROSEBUD CANDLES,8.243570015387997e-05
20812,EMBOSSED FLOWER TRELLIS PHOTO FRAME,8.243570015387997e-05
84366,VENDETTA CANVAS PICTURE,8.243570015387997e-05
20954,*USB OFFICE MIRROR BALL,8.243570015387997e-05
84546,CROCHET POODLE KEYRING,8.243570015387997e-05
84575B,BROWN DOG CANNISTER W BONE,8.243570015387997e-05
47567b,TEA TIME KITCHEN APRON,8.243570015387997e-05
21119,GLOW IN THE DARK SHOT GLASSES,8.243570015387997e-05
47504J,ENGLISH ROSE SET/3 GARDEN TOOLS,8.243570015387997e-05
90095,NECKLACE+BRACELET SET PINK BLOSSOM,8.243570015387997e-05
47591c,BLUE FAIRY CAKE CHILD'S APRON,8.243570015387997e-05
20891,LARGE GLASS ROSE SCENTED CANDLE,8.243570015387997e-05
85040b,SET/4 BLUE FLOWER CANDLES IN BOWL,8.243570015387997e-05
90025B,BAROQUE BUTTERFLY EARRINGS RED,8.243570015387997e-05
23446,BLUE BUNNY EASTER EGG BASKET,8.243570015387997e-05
84971s,SMALL HEART FLOWERS HOOK,8.243570015387997e-05
85034a,3 GARDENIA MORRIS BOXED CANDLES,8.243570015387997e-05
85035a,GARDENIA 3 WICK MORRIS BOXED CANDLE,8.243570015387997e-05
21699,SET 5 MINI CHOCOLATE FRIDGE MAGNETS,8.243570015387997e-05
23635,SET 10 CARDS CHRISTMAS HOLLY 17259,8.243570015387997e-05
23633,SET 10 CARDS WORLD CHILDREN 17067,8.243570015387997e-05
17013B,ORIGAMI JASMINE INCENSE IN TUBE,8.243570015387997e-05
35824P,"HANGING FLOWERS+MIRROR,PINK",8.243570015387997e-05
10002R,ROBOT PENCIL SHARPNER,8.243570015387997e-05
35598A,DUSTY PINK CHRISTMAS TREE 60CM,8.243570015387997e-05
85049b,LUSH GREENS RIBBONS,8.243570015387997e-05
21450,DISTRESSED CANDLE STICK WHITE,8.243570015387997e-05
85160a,WHITE BIRD GARDEN DESIGN MUG,8.243570015387997e-05
85070,ANT WHITE SWEETHEART TABLE W 3 DRAW,8.243570015387997e-05
16215,FUNKY GIRLZ MAGNETIC TO DO LIST,8.243570015387997e-05
21343,GOLD JEWELERY BOX,8.243570015387997e-05
23610,SET 10 CARDS CHRISTMAS ROBIN 17095,8.243570015387997e-05
23608,SET 10 CARDS RUDOLPHS NOSE 17097,8.243570015387997e-05
23441,HAND PAINTED HANGING EASTER EGG,8.243570015387997e-05
84967A,PINK KASHMIRI OCCASIONAL TABLE,8.243570015387997e-05
35537,CANDLE RING W/CLEAR BEADS,8.243570015387997e-05
16044,POP-ART FLUORESCENT PENS,8.243570015387997e-05
35650,VINTAGE BEAD PINK JEWEL STAND,8.243570015387997e-05
22351,DOTCOMGIFTSHOP TEA TOWEL,8.243570015387997e-05
35821B,"JEWELLED DECORATION,BLUE",8.243570015387997e-05
35817B,"ACRYLIC JEWEL SNOWFLAKE,BLUE",8.243570015387997e-05
35816B,"ACRYLIC JEWEL ANGEL,BLUE",8.243570015387997e-05
35815B,"ACRYLIC JEWEL SNOWFLAKE,BLUE",8.243570015387997e-05
90060C,FIRE POLISHED GLASS NECKL SILVER,8.243570015387997e-05
84925E,FLOWERS WALL THERMOMETER,8.243570015387997e-05
84942,KASHMIR FOLKART HEART DISHES,8.243570015387997e-05
84965A,PINK KASHMIRI COFFEE TABLE,8.243570015387997e-05
18098B,BLUE PORCELAIN B'FLY OIL BURNER,8.243570015387997e-05
23448,CREAM BUNNY EASTER EGG BASKET,8.243570015387997e-05
21853,GUMBALL CUSTOM CARS TOP TRUMPS GAME,8.243570015387997e-05
35611B,BLACK ASSORTED DROPLET DECORATION,8.243570015387997e-05
35598C,WHITE CHRISTMAS TREE 60CM,8.243570015387997e-05
DCGS0072,CAT CAMOUFLAGUE COLLAR,8.243570015387997e-05
18097B,BLUE TALL PORCELAIN T-LIGHT HOLDER,8.243570015387997e-05
79140,ASS WINDPROOF MARIJUANA LIGHTERS,5.495713343591998e-05
22864,MUG AND COASTER SET RED CIRCLES,5.495713343591998e-05
79151B,"SILICON CUBE 25W, BLUE",5.495713343591998e-05
SP1002,KID'S CHALKBOARD/EASEL,5.495713343591998e-05
21858,HIGH SCHOOL MUSICAL 3 TOP TRUMPS,5.495713343591998e-05
DCGS0070,CAMOUFLAGE DOG COLLAR,5.495713343591998e-05
90214U,"LETTER ""U"" BLING KEY RING",5.495713343591998e-05
DCGS0068,DOGS NIGHT COLLAR,5.495713343591998e-05
21511,VINTAGE COLLAGE GREETING CARD,5.495713343591998e-05
21852,EMPIRE TEDDY,5.495713343591998e-05
21857,STAR WARS TOP TRUMPS GAME,5.495713343591998e-05
DCGS0066N,NAVY CUDDLES DOG HOODIE,5.495713343591998e-05
21685,MEDINA STAMPED METAL TRAY,5.495713343591998e-05
35980B,RED TOP SCANDINAVIAN HEART,5.495713343591998e-05
23604,SET 10 MINI SANTA & SNOWMAN 17087,5.495713343591998e-05
35051B,PINK BEADED CONE CHRISTMAS,5.495713343591998e-05
35823P,"ACRYLIC BEAD GARLAND,PINK",5.495713343591998e-05
90189B,GOLD 2 STRAND NECKLACE-LEAF CHARMS,5.495713343591998e-05
35821P,"JEWELLED DECORATION,PINK",5.495713343591998e-05
37326,FAIRY DESIGN MUGS,5.495713343591998e-05
21225,POCKET MIRROR BUTTERFLY,5.495713343591998e-05
37482p,CUBIC MUG PINK POLKA DOT,5.495713343591998e-05
37487B,YELLOW/ORANGE FLOWER DESIGN PLATE,5.495713343591998e-05
35603B,S/16 BLACK SHINY/MAT BAUBLES,5.495713343591998e-05
44242A,LILAC FEATHERS CURTAIN,5.495713343591998e-05
46037A,PINK CANVAS DES CUSHION COVER,5.495713343591998e-05
35001P,HAND OPEN SHAPE PINK,5.495713343591998e-05
72752B,"F.FAIRY,CANDLE IN GLASS,LAVENDER",5.495713343591998e-05
23692,WRAP A PRETTY THANK YOU,5.495713343591998e-05
23649,SET 10 CARDS DECK THE HALLS 16960,5.495713343591998e-05
23638,SET 10 CARDS ROBIN WATERPUMP 17096,5.495713343591998e-05
23630,SET 10 CARDS HANGING BAUBLES 17080,5.495713343591998e-05
48175,DOOR MAT CAMOUFLAGE,5.495713343591998e-05
62097A,PINK STRIPES SHOULDER BAG,5.495713343591998e-05
23627,SET 10 CARDS XMAS GRAPHIC 17218,5.495713343591998e-05
23619,SET 10 CARDS POINSETTIA 17093,5.495713343591998e-05
23612,SET 10 MINICARDS CUTE SNOWMAN 17071,5.495713343591998e-05
71434B,"BLACK RND BULLET""KEEP CLEAN"" BIN",5.495713343591998e-05
35652,VINTAGE BEAD CHAISE LONG JEWEL BOX,5.495713343591998e-05
90013E,AMBER VINTAGE EARRINGS,5.495713343591998e-05
84596g,SMALL CHOCOLATES PINK BOWL,5.495713343591998e-05
85185E,DUCK SOCK PUPPET,5.495713343591998e-05
84406b,CREAM CUPID HEARTS COAT HANGER,5.495713343591998e-05
90025A,BAROQUE BUTTERFLY EARRINGS BLACK,5.495713343591998e-05
85179a,GREEN BITTY LIGHT CHAIN,5.495713343591998e-05
84509g,SET OF 4 FAIRY CAKE PLACEMATS,5.495713343591998e-05
84796b,BLUE SAVANNAH PICNIC HAMPER FOR 2,5.495713343591998e-05
16161C,WRAP SPEED DEMONS,5.495713343591998e-05
17027A,INCENSE BAZAAR CANNABIS,5.495713343591998e-05
85035c,ROSE 3 WICK MORRIS BOX CANDLE,5.495713343591998e-05
84721,MANHATTAN CANVAS ART PICTURE,5.495713343591998e-05
17014C,ORIGAMI LAVENDER INCENSE CONES,5.495713343591998e-05
85036b,CHOCOLATE 1 WICK MORRIS BOX CANDLE,5.495713343591998e-05
84570B,WHITE SATIN DRESS JEWEL STAND,5.495713343591998e-05
84705b,FAIRY CAKES PHOTO FRAME,5.495713343591998e-05
85124c,GREEN JUICY FRUIT PHOTO FRAME,5.495713343591998e-05
85124b,BLUE JUICY FRUIT PHOTO FRAME,5.495713343591998e-05
17013C,ORIGAMI LAVENDER INCENSE IN TUBE,5.495713343591998e-05
84868A,PINK BABY GIRL'S MEMORY BOX,5.495713343591998e-05
85115B,S/4 BLACK DISCO PARTITION PANEL,5.495713343591998e-05
84596j,MIXED NUTS LIGHT GREEN BOWL,5.495713343591998e-05
84661c,PINK SQUARE TABLE CLOCK,5.495713343591998e-05
85083,KISS REINDEER SCANDINAVIAN STOCKING,5.495713343591998e-05
17011C,ORIGAMI LAVENDER INCENSE+FLOWER,5.495713343591998e-05
84661a,WHITE SQUARE TABLE CLOCK,5.495713343591998e-05
90091,CRYSTAL DRAGONFLY PHONE CHARM,5.495713343591998e-05
17011B,ORIGAMI JASMINE INCENSE+FLOWER,5.495713343591998e-05
17084G,MOON INCENSE,5.495713343591998e-05
85049d,BRIGHT BLUES RIBBONS,5.495713343591998e-05
85186B,BUNNY BUNCH OF FLOWERS,5.495713343591998e-05
79308B,MOSAIC CANDLE DISH BLUE PURPLE,5.495713343591998e-05
90000C,OPAL WHITE/SILVER FLOWER NECKLACE,5.495713343591998e-05
82011E,"BATHROOM SCALES, FAG BREAK",5.495713343591998e-05
20882,MODERN CHRISTMAS TREE CANDLE,5.495713343591998e-05
20881,MODERN CHRISTMAS TREE CANDLE,5.495713343591998e-05
90066A,PINK VINTAGE VICTORIAN CHOKER,5.495713343591998e-05
18098A,PINK PORCELAIN B'FLY OIL BURNER,5.495713343591998e-05
90127B,BLUE BEADS+HAND PHONE CHARM,5.495713343591998e-05
84962,SET/3 COLOUR PAINTED KASHMIRI STOOL,5.495713343591998e-05
84964A,PINK PAINTED KASHMIRI TABLE,5.495713343591998e-05
90127A,PINK BEADS+HAND PHONE CHARM,5.495713343591998e-05
85232a,SET/3 POLKA DOT STACKING TINS,5.495713343591998e-05
84857A,SILVER MONTE CARLO HANDBAG,5.495713343591998e-05
90068,"RUBY GLASS NECKLACE 42""",5.495713343591998e-05
84964B,BLUE PAINTED KASHMIRI TABLE,5.495713343591998e-05
20673,STRAWBERRIES PRINT BOWL,5.495713343591998e-05
84255A,PINK GLASS COCKTAIL LAMP,5.495713343591998e-05
84968b,S/16 VINTAGE IVORY CUTLERY,5.495713343591998e-05
84968f,SET OF 16 VINTAGE SKY BLUE CUTLERY,5.495713343591998e-05
85218,S/5 MINI ICE CREAM FRIDGE MAGNETS,5.495713343591998e-05
85192S,HANGING SPRING FLOWER HEART SMALL,5.495713343591998e-05
84206B,CAT W SUNGLASSES BLANK CARD,5.495713343591998e-05
84966C,GREEN KASHMIRI BOXED MIRROR,5.495713343591998e-05
85034b,3 WHITE CHOC MORRIS BOXED CANDLES,2.747856671795999e-05
23628,SET 10 CARDS TRIANGLE ICONS 17220,2.747856671795999e-05
35751C,PURPLE CURRENT CANDLE RING,2.747856671795999e-05
84912a,PINK ROSE WASHBAG,2.747856671795999e-05
35004s,SET OF 3 SILVER FLYING DUCKS,2.747856671795999e-05
17011E,ORIGAMI OPIUM SCENT INCENSE+FLOWER,2.747856671795999e-05
35004p,SET OF 3 PINK FLYING DUCKS,2.747856671795999e-05
85024A,CRYSTAL SMALL JEWELLED PHOTOFRAME,2.747856671795999e-05
85043,RED HEART CANDY POP LIGHTS,2.747856671795999e-05
23664,FLOWER SHOP DESIGN MUG,2.747856671795999e-05
30086C,ASSORTED FRUIT STRAWS,2.747856671795999e-05
85049c,ROMANTIC PINKS RIBBONS,2.747856671795999e-05
85039b,S/4 IVORY MINI ROSE CANDLE IN BOWL,2.747856671795999e-05
17028J,INCENSE BAZAAR PEACH,2.747856671795999e-05
85036a,GARDENIA 1 WICK MORRIS BOXED CANDLE,2.747856671795999e-05
84971l,LARGE HEART FLOWERS HOOK,2.747856671795999e-05
23643,SET 10 CARDS CHRISTMAS BAUBLE 16954,2.747856671795999e-05
23652,SET 10 CARD CHRISTMAS STAMPS 16963,2.747856671795999e-05
17061,ASSORTED SHAPED STENCIL FOR HENNA,2.747856671795999e-05
79303A,WHITE ROHMBIC BLOCK TABLE LAMP,2.747856671795999e-05
23617,SET 10 CARDS SWIRLY XMAS TREE 17104,2.747856671795999e-05
21854,EURO FOOTBALL STARS TOP TRUMPS GAME,2.747856671795999e-05
DCGS0037,KEY-RING CORKSCREW,2.747856671795999e-05
DCGS0041,HAYNES MINI-COOPER PLAYING CARDS,2.747856671795999e-05
DCGS0044,HANDZ-OFF CAR FRESHENER,2.747856671795999e-05
21772,VINTAGE METAL CAKE STAND CREAM,2.747856671795999e-05
DCGS0062,ROAD-RAGE CAR FRESHENER,2.747856671795999e-05
21838,DADDY MOUSE RED GINGHAM BOW TIE,2.747856671795999e-05
DCGS0075,CAMOUFLAGUE DOG LEAD,2.747856671795999e-05
85230C,ROSE SCENTED VOTIVE CANDLE,2.747856671795999e-05
85230D,VANILLA SCENTED VOTIVE CANDLE,2.747856671795999e-05
85231e,STRAWBERRY SCENTED SET/9 T-LIGHTS,2.747856671795999e-05
85069,CREAM SWEETHEART DOUBLE SHELF,2.747856671795999e-05
10109,BENDY COLOUR PENCILS,2.747856671795999e-05
85232C,RUSSIAN FOLKART STACKING TINS,2.747856671795999e-05
21860,DR WHO TOP TRUMPS GAME,2.747856671795999e-05
22016,DOTCOMGIFTSHOP GIFT VOUCHER £100.00,2.747856671795999e-05
85232d,SET/3 DECOUPAGE STACKING TINS,2.747856671795999e-05
22790,"MIRROR, ARCHED GEORGIAN",2.747856671795999e-05
22850,BREAD BIN DINER STYLE BLACK,2.747856671795999e-05
gift_0001_70,DOTCOMGIFTSHOP GIFT VOUCHER £70.00,2.747856671795999e-05
gift_0001_80,DOTCOMGIFTSHOP GIFT VOUCHER £80.00,2.747856671795999e-05
21767,FRENCH STYLE WIRE DOOR CABINET,2.747856671795999e-05
85184d,S/4 BLUE ROUND DECOUPAGE BOXES,2.747856671795999e-05
21585,SWALLOW SMALL TUBE MATCHES,2.747856671795999e-05
85171,S/2 HYACINTH BULB CANDLES,2.747856671795999e-05
85072,OCCASIONS GIFT CARD ASSORTMENT,2.747856671795999e-05
23609,SET 10 CARDS SNOWY ROBIN 17099,2.747856671795999e-05
85077,KISSING REINDEER TABLE RUNNER,2.747856671795999e-05
23605,SET 10 CARDS 12 DAYS OF XMAS 17059,2.747856671795999e-05
23602,SET 10 CARDS 3 WISE MEN 17107,2.747856671795999e-05
16192,PINK BALLET OPENING CUBE BOX,2.747856671795999e-05
21290,LARGE SPOTTY CHOCOLATE GIFT BAG,2.747856671795999e-05
23449,SET OF 6 EASTER RAINBOW CHICKS,2.747856671795999e-05
85123b,ZINC HANGING HEART T-LITE HLDR,2.747856671795999e-05
16169G,WRAP ROMANTIC DECOUPAGE,2.747856671795999e-05
16169A,WRAP CHRISTMAS DECOUPAGE,2.747856671795999e-05
85157,SET OF 2 CHESTS CHOCOLAT AU LAIT,2.747856671795999e-05
85159b,"WHITE TEA,COFFEE,SUGAR JARS",2.747856671795999e-05
21406,SPOTTY CAT DOORSTOP,2.747856671795999e-05
21409,SPOTTY COCKEREL DOORSTOP,2.747856671795999e-05
85160b,BLACK BIRD GARDEN DESIGN MUG,2.747856671795999e-05
21475,SWEETHEART CREAM STEEL FOLDIN CHAIR,2.747856671795999e-05
21496,WOODLAND CREATURES WRAP,2.747856671795999e-05
85164b,BLACK BAROQUE CUCKOO CLOCK,2.747856671795999e-05
35751D,PINK CURRENT CANDLE RING,2.747856671795999e-05
35915A,CREAM KNITTED HEN,2.747856671795999e-05
84867b,BLUE BABY BOY'S PHOTO ALBUM,2.747856671795999e-05
84559d,3D SHEET OF SEA WORLD STICKERS,2.747856671795999e-05
72751C,"F.FAIRY S/3 SML CANDLE, ROSE",2.747856671795999e-05
72751B,"F.FAIRY S/3 SML CANDLE, LAVENDER",2.747856671795999e-05
72751A,"F.FAIRY S/3 SML CANDLE,LILY/VALLEY",2.747856671795999e-05
72740B,LARGE WHITE CHOCOLATE CANDLE,2.747856671795999e-05
84509e,SET OF 4 CAROUSEL PLACEMATS,2.747856671795999e-05
72529w,WHITE ADVENT CANDLE,2.747856671795999e-05
72084B,CHOCOLATE ICE CREAM CANDLE,2.747856671795999e-05
71101A,ANGEL ON KNEES METAL POLE 100CM H,2.747856671795999e-05
20791,BLUE TILED SET OF 3 DRAWERS,2.747856671795999e-05
51014c,"FEATHER PEN,COAL BLACK",2.747856671795999e-05
72754D,F FAIRY POTPOURRI CUSHIONS SUMMER,2.747856671795999e-05
21008,ETCHED GLASS HEART TREE DECORATION,2.747856671795999e-05
84567,FROSTED GLASS WITH SILVER SURROUND,2.747856671795999e-05
48173A,DOOR MAT BLUE FLOCK,2.747856671795999e-05
47594a,CAROUSEL DESIGN WASHBAG,2.747856671795999e-05
21036,SET/2 TEA TOWELS MODERN VINTAGE,2.747856671795999e-05
47593b,SCOTTIE DOGS BABY BIB,2.747856671795999e-05
47593a,CAROUSEL DESIGN BABY BIB,2.747856671795999e-05
84572,6 HOOK JEWEL STAND LILAC DRESS,2.747856671795999e-05
20739,*USB OFFICE GLITTER LAMP,2.747856671795999e-05
72752A,"F.FAIRY,CANDLE IN GLASS,LILY/VALLEY",2.747856671795999e-05
84387A,BIRD ON BRANCH CANVAS SCREEN,2.747856671795999e-05
47569,ENGLISH ROSE DESIGN SHOPPING BAG,2.747856671795999e-05
84030b,KNITTED POM POM HOT WATER BOTTLE,2.747856671795999e-05
79301,FEATHER HEART LIGHTS,2.747856671795999e-05
79342b,BROWN FLOWER LIGHTS,2.747856671795999e-05
20885,BOX OF 3 PEBBLE CANDLES,2.747856671795999e-05
20858,SILVER PURSE GOLD PINK BUTTERFLY,2.747856671795999e-05
84029c,BROWN FURRY HOT WATER BOTTLE,2.747856671795999e-05
79070b,ENGLISH ROSE SQUARE CAKE TINS,2.747856671795999e-05
90004A,JADE GREEN PAIR ENAMEL HAIR SLIDES,2.747856671795999e-05
79051a,SMOKEY GREY COLOUR D.O.F. GLASS,2.747856671795999e-05
78056,CAMOUFLAGE BACKPACK ON WHEELS,2.747856671795999e-05
78026,SEAGRASS S/3 SQU LAUNDRY BOX,2.747856671795999e-05
84311,CAMOFLAGE CUSHION COVER,2.747856671795999e-05
84031a,CHARLIE+LOLA RED HOT WATER BOTTLE,2.747856671795999e-05
90142B,IVORY PENDANT SHELL NECKLACE,2.747856671795999e-05
90142C,ROSE PINK PENDANT SHELL NECKLACE,2.747856671795999e-05
84031b,CHARLIE LOLA BLUE HOT WATER BOTTLE,2.747856671795999e-05
72802c,VANILLA SCENT CANDLE JEWELLED BOX,2.747856671795999e-05
84205C,HAPPY BIRTHDAY GINGER CAT CARD,2.747856671795999e-05
20939,ORANGE CANDLE,2.747856671795999e-05
20822,SILVER WINE GOBLET,2.747856671795999e-05
72796C,S/3 ROSE GARDEN SCENT SQU CANDLE,2.747856671795999e-05
47590a,BLUE HAPPY BIRTHDAY BUNTING,2.747856671795999e-05
20737,RED MINI TAPE MEASURE,2.747856671795999e-05
84867a,PINK BABY GIRLS PHOTO ALBUM,2.747856671795999e-05
35976B,WHITE SCANDINAVIAN HEART CHRISTMAS,2.747856671795999e-05
37432,MUG PINK AND PURPLE ARABIC DESIGN,2.747856671795999e-05
84760L,LARGE HANGING GLASS+ZINC LANTERN,2.747856671795999e-05
37408,ASSORTED DESIGN GEISHA GIRL MUGS,2.747856671795999e-05
84814A,HEXAGONAL CRYSTAL PERFUME BOTTLE,2.747856671795999e-05
90183c,BLACK DROP EARRINGS W LONG BEADS,2.747856671795999e-05
20683,RAIN GIRL CHILDS UMBRELLA,2.747856671795999e-05
35999,S/6 SCANDINAVIAN HEART T-LIGHT,2.747856671795999e-05
20678,LARGE BLACK DIAMANTE HAIRSLIDE,2.747856671795999e-05
90184c,BLACK CHUNKY BEAD BRACELET W STRAP,2.747856671795999e-05
35974,S/6 CHRISTMAS TREE PLACE SETTING,2.747856671795999e-05
37451,CERAMIC CAKE TEAPOT WITH CHERRY,2.747856671795999e-05
84845A,HOLLYHOCK SQUARE HANDY TIN,2.747856671795999e-05
35950,FOLKART HEART CHRISTMAS DECORATIONS,2.747856671795999e-05
35945,GOLD CHRISTMAS STOCKING DECORATION,2.747856671795999e-05
35930,PINK HEART CHRISTMAS DECORATION,2.747856671795999e-05
35837,SET OF SIX SILVER+RED FLOCK BAUBLES,2.747856671795999e-05
35822P,"ACRYLIC BEAD CHAIN, PINK",2.747856671795999e-05
35822B,"ACRYLIC BEAD CHAIN, BLUE",2.747856671795999e-05
84857B,BLUE MONTE CARLO HANDBAG,2.747856671795999e-05
35818C,"ACRYLIC JEWEL ICICLE, CLEAR",2.747856671795999e-05
37438,FUNKY FLOWER COFFEE POT,2.747856671795999e-05
37477C,"FLOWER FAIRY MUG+COASTER,ROSE",2.747856671795999e-05
21120,*BOOMBOX IPOD CLASSIC,2.747856671795999e-05
84626,CANDY STRIPE ROSE QUILT,2.747856671795999e-05
47556,SET/2 SPOTTY + ROSE TEA TOWELS,2.747856671795999e-05
47554,S/3 COLOURS FLOCK TEA TOWELS,2.747856671795999e-05
84596l,BISCUITS SMALL BOWL LIGHT BLUE,2.747856671795999e-05
46776f,WOVEN ROSE GARDEN CUSHION COVER,2.747856671795999e-05
46776e,WOVEN CANDY CUSHION COVER,2.747856671795999e-05
46776b,WOVEN BERRIES CUSHION COVER,2.747856671795999e-05
46776a,WOVEN BUBBLE GUM CUSHION COVER,2.747856671795999e-05
84614C,BLUE BAROQUE FLOCK CANDLE HOLDER,2.747856671795999e-05
46138D,GREEN CHENILLE SHAGGY C/COVER,2.747856671795999e-05
84630,FLOWERS AND BIRDS WALL PLAQUE,2.747856671795999e-05
37481,CUBIC MUG TEATIME CAKES,2.747856671795999e-05
45014,FOLDING SHIRT TIDY,2.747856671795999e-05
84648,NEW BAROQUE WALL MIRROR,2.747856671795999e-05
84661b,BLACK SQUARE TABLE CLOCK,2.747856671795999e-05
44217M,MULTICOLOUR FEATHERS CURTAIN,2.747856671795999e-05
40002,WHITE BAMBOO RIBS LAMPSHADE,2.747856671795999e-05
20721,OWLS CHARLOTTE BAG,2.747856671795999e-05
20715,LITTLE FLOWER SHOPPER BAG,2.747856671795999e-05
37484,ENGLISH ROSE TEA FOR ONE GIFT BOX,2.747856671795999e-05
37482b,CUBIC MUG BLUE POLKA DOT,2.747856671795999e-05
79065A,TEATIME ROUND CAKE TINS,2.747856671795999e-05
