StockCode,DescriptionClean,Revenue,UnitsSold,Orders,Customers,AvgUnitPrice,RevenuePerUnit,ReturnedUnits,ReturnValue,ReturnRate
M,MANUAL,339599.81,9637,791,443,391.06160421545667,35.23916260246965,5444.0,422926.14,56.490609110719106
22423,REGENCY CAKESTAND 3 TIER,330590.32,26495,3920,1314,14.176062215477998,12.477460652953388,1450.0,16545.3,5.4727307039063975
DOT,DOTCOM POSTAGE,309854.11,1420,1420,1,218.20711971830985,218.20711971830985,3.0,10.01,0.21126760563380279
85123A,WHITE HANGING HEART T-LIGHT HOLDER,257546.2,94147,5361,1490,3.0726293807880882,2.735575217479049,3637.0,9387.1,3.8631076932881556
23843,"PAPER CRAFT , LITTLE BIRDIE",168469.6,80995,1,1,2.08,2.08,80995.0,168469.6,100.0
47566,PARTY BUNTING,148318.28,28217,2676,894,5.7139527151828595,5.25634475670695,285.0,1238.5500000000002,1.010029414891732
85099B,JUMBO BAG RED RETROSPOT,145961.83,77286,3249,860,2.36281677301732,1.8885934063090337,1191.0,2127.42,1.54102942318143
84879,ASSORTED COLOUR BIRD ORNAMENT,129324.49,80090,2808,1010,1.8583818883818883,1.6147395430141092,511.0,774.0699999999999,0.6380322137595205
POST,POSTAGE,125682.42,5363,1851,405,29.466515397082656,23.435096028342347,302.0,15252.01,5.6311765802722356
22086,PAPER CHAIN KIT 50'S CHRISTMAS,117760.29000000001,35084,2018,896,3.3699274661508705,3.3565240565499948,590.0,1461.7,1.681678257895337
23166,MEDIUM CERAMIC TOP STORAGE JAR,81700.92000000001,78033,247,138,1.46848,1.047004728768598,74494.0,77479.64,95.46473927697257
79321,CHILLI LIGHTS,80540.88,15848,1140,304,6.257759372275502,5.082084805653711,145.0,635.75,0.9149419485108531
84347,ROTATING SILVER ANGELS T-LIGHT HLDR,71300.4,31409,756,300,3.3425352112676054,2.2700627208761817,9381.0,330.45000000000005,29.86723550574676
85099F,JUMBO BAG STRAWBERRY,67985.77,36863,1833,549,2.2905882352941176,1.8442820714537613,283.0,512.24,0.7677074573420503
23084,RABBIT NIGHT LIGHT,66870.03,30739,994,450,2.386401179941003,2.1754133185855102,108.0,208.4,0.35134519665571423
21137,BLACK RECORD COVER FRAME,65189.29,18739,634,198,4.146305031446541,3.4788030311115854,23.0,82.29,0.12273867335503497
21931,JUMBO STORAGE BAG SUKI,61537.55,29183,2330,546,2.532299192520187,2.108677997464277,390.0,710.63,1.3363944762361648
21621,VINTAGE UNION JACK BUNTING,60286.04,6900,1292,583,9.307857689364958,8.737107246376812,64.0,544.0,0.927536231884058
22114,HOT WATER BOTTLE TEA AND SYMPATHY,59189.14,11678,1583,626,4.771301627033792,5.068431238225724,220.0,795.2,1.883884226751156
85099C,JUMBO BAG BAROQUE BLACK WHITE,59057.61,30640,1868,506,2.408958223162348,1.927467689295039,313.0,570.88,1.0215404699738904
22910,PAPER CHAIN KIT VINTAGE CHRISTMAS,58652.700000000004,18634,1427,701,3.300415224913495,3.1476172587742837,448.0,1185.6,2.404207362885049
22112,CHOCOLATE HOT WATER BOTTLE,57981.94,11066,1721,631,5.846643757159221,5.23964756913067,156.0,687.48,1.4097234773179108
15056N,EDWARDIAN PARASOL NATURAL,57975.450000000004,11286,1033,347,6.818394230769231,5.1369351408825095,155.0,840.55,1.3733829523303207
22411,JUMBO SHOPPER VINTAGE RED PAISLEY,57318.71,27282,2193,658,2.4498823529411764,2.100971702954329,441.0,791.52,1.6164504068616672
82484,WOOD BLACK BOARD ANT WHITE FINISH,56745.73,9831,1176,451,7.810832625318607,5.772121859424271,49.0,325.0,0.49842335469433424
22470,HEART OF WICKER LARGE,53506.130000000005,17781,1957,827,3.2045072536268138,3.0091743996400653,396.0,1028.7,2.2270963387885945
22178,VICTORIAN GLASS HANGING T-LIGHT,52382.82,40081,1816,593,1.5693047256925585,1.3069239789426412,1008.0,1262.94,2.514907312691799
21733,RED HANGING HEART T-LIGHT HOLDER,50346.490000000005,17575,1760,744,3.09675404350251,2.8646651493598867,423.0,1102.25,2.406827880512091
21181,PLEASE ONE PERSON METAL SIGN,50117.14000000001,24732,1810,598,2.366498905908096,2.0264087012776972,114.0,225.90000000000003,0.4609412906356138
22386,JUMBO BAG PINK POLKADOT,50081.96,25235,1443,432,2.5595130315500687,1.9846229443233603,461.0,826.03,1.8268278185060431
22111,SCOTTIE DOG HOT WATER BOTTLE,49771.94,9776,1689,717,5.734759698899826,5.091237725040917,217.0,936.65,2.219721767594108
21929,JUMBO BAG PINK VINTAGE PAISLEY,49651.99,25608,1619,504,2.5029736358062538,1.9389249453295845,272.0,483.96999999999997,1.0621680724773508
22189,CREAM HEART CARD HOLDER,49300.94,16186,1299,536,4.4335582822085895,3.0459001606326455,43.0,168.73000000000002,0.2656616829358705
22469,HEART OF WICKER SMALL,48935.11,27949,2155,886,1.9172,1.7508715875344378,281.0,424.65,1.0054026977709398
21843,RED RETROSPOT CAKE STAND,48564.29,4637,1188,502,12.246470588235294,10.473213284451154,494.0,4273.9,10.653439723959456
21731,RED TOADSTOOL LED NIGHT LIGHT,48315.84,28910,1537,415,2.237496782496782,1.671250086475268,990.0,1457.8999999999999,3.4244206157039088
22457,NATURAL SLATE HEART CHALKBOARD,47288.23,15373,2046,874,3.5118406993686255,3.0760573733168544,109.0,315.95000000000005,0.7090353216678592
15056BL,EDWARDIAN PARASOL BLACK,47267.450000000004,9504,857,321,6.25234752589183,4.973426978114478,213.0,1071.3500000000001,2.241161616161616
21232,STRAWBERRY CERAMIC TRINKET BOX,47169.35,36629,2310,683,1.5192987675308116,1.2877596985994704,782.0,922.59,2.1349204182478365
21754,HOME BUILDING BLOCK WORD,46516.99,7595,2066,682,6.587843794920939,6.124685977616853,39.0,231.65,0.5134957208689928
22138,BAKING SET 9 PIECE RETROSPOT,45882.01,9366,1914,1137,5.3669730010384225,4.898783899209908,859.0,4052.95,9.171471279094598
20727,LUNCH BAG BLACK SKULL.,45655.27,26678,2351,705,2.023109908409659,1.7113453032461203,1211.0,1778.95,4.539320788664818
21623,VINTAGE UNION JACK MEMOBOARD,45402.18,6165,530,311,10.215838041431262,7.364506082725061,56.0,499.20000000000005,0.9083536090835361
22326,ROUND SNACK BOXES SET OF4 WOODLAND,44063.04,15382,1390,439,3.4255777460770327,2.8645845793784943,57.0,168.15,0.37056299570927054
84078A,SET/4 WHITE RETRO STORAGE CUBES,43844.96,1128,328,151,45.85689024390244,38.86964539007092,147.0,5187.650000000001,13.031914893617023
82494L,WOODEN FRAME ANTIQUE WHITE,43811.16,15301,1973,631,3.2012643678160924,2.863287366838769,511.0,1325.8500000000001,3.339651003202405
84029E,RED WOOLLY HOTTIE WHITE HEART.,42994.24,10628,1145,500,4.464668959587274,4.045374482499059,86.0,327.7,0.8091832894241625
22197,SMALL POPCORN HOLDER,42699.89,48597,1412,426,1.0360921144452198,0.8786527974977879,363.0,276.18,0.7469596888696833
21915,RED HARMONICA IN BOX,42664.54,36289,1025,467,1.399408341416101,1.1756879495163823,884.0,991.0,2.4359998897737607
21175,GIN + TONIC DIET METAL SIGN,42613.98,20178,1609,543,2.5423874151758175,2.1119030627416,2035.0,3785.58,10.08524135196749
22383,LUNCH BAG SUKI DESIGN,42592.72,24649,2364,657,2.0805162364696086,1.7279694916629478,188.0,285.8,0.7627084263053268
23298,SPOTTY BUNTING,42513.48,8491,1141,571,5.514403114186851,5.006887292427276,110.0,482.81,1.295489341655871
20728,LUNCH BAG CARS BLUE,42270.3,24596,2067,702,1.9748732663797226,1.7185843226540902,1140.0,1678.0,4.634899983737193
48138,DOORMAT UNION FLAG,42239.5,6303,992,467,8.469145728643216,6.701491353323814,34.0,244.95999999999998,0.5394256703157227
82482,WOODEN PICTURE FRAME WHITE FINISH,41837.6,16914,2006,601,2.924807502467917,2.473548539671278,460.0,1068.15,2.7196405344684877
22355,CHARLOTTE BAG SUKI DESIGN,41580.97,27557,1406,344,1.1740366972477063,1.5089077185470117,176.0,135.04,0.6386761984250825
71477,COLOUR GLASS. STAR T-LIGHT HOLDER,41099.79,14077,757,298,3.686446173800259,2.9196412587909357,2520.0,6966.66,17.901541521631028
20725,LUNCH BAG RED RETROSPOT,41043.02,22232,1837,605,2.115301399354144,1.84612360561353,596.0,890.4,2.680820439006837
20713,JUMBO BAG OWLS,40667.05,20814,1314,371,2.5839698113207543,1.9538315556836745,252.0,448.98,1.2107235514557508
22502,PICNIC BASKET WICKER 60 PIECES,39619.5,61,2,1,649.5,649.5,0.0,0.0,0.0
85066,CREAM SWEETHEART MINI CHEST,38599.979999999996,3095,931,471,14.050127523910733,12.471722132471728,106.0,1235.4,3.4248788368336025
20726,LUNCH BAG WOODLAND,38506.74,22120,1928,585,2.1101485655737706,1.7408110307414104,1015.0,1497.95,4.588607594936709
48194,DOORMAT HEARTS,38428.12,6029,1035,448,8.770433944069431,6.373879582020236,22.0,149.7,0.36490296898324764
22960,JAM MAKING SET WITH JARS,38380.11,9030,1160,583,5.054668389319552,4.25028903654485,247.0,1012.79,2.735326688815061
21166,COOK WITH WINE METAL SIGN,38138.86,19932,1425,475,2.276118466898955,1.9134487256672688,558.0,967.2299999999999,2.79951836243227
23284,DOORMAT KEEP CALM AND COME IN,38133.64,5487,728,378,8.776284153005465,6.949815928558411,225.0,1601.25,4.100601421541826
22720,SET OF 3 CAKE TINS PANTRY DESIGN,38108.89,7483,1385,640,5.83371408045977,5.09272885206468,154.0,730.1,2.05799812909261
22629,SPACEBOY LUNCH BOX,37955.5,20807,1368,456,2.1693473531544596,1.8241697505647139,71.0,125.85000000000001,0.34123131638390924
22699,ROSES REGENCY TEACUP AND SAUCER,37682.8,12861,1411,521,3.6191713483146066,2.930005442811601,491.0,1295.25,3.8177435658191436
20712,JUMBO BAG WOODLAND ANIMALS,37499.37,17710,1415,387,2.738984593837535,2.1174121964991532,251.0,447.61,1.417278373800113
22727,ALARM CLOCK BAKELIKE RED,36543.77,9234,1363,473,4.37068115942029,3.9575232835174354,84.0,315.0,0.9096816114359974
22328,ROUND SNACK BOXES SET OF 4 FRUITS,35922.51,12876,1155,400,3.1904725085910655,2.7898811742777263,699.0,1812.4499999999998,5.428704566635601
20685,DOORMAT RED RETROSPOT,35198.96,5039,901,416,8.831219512195123,6.985306608454058,78.0,542.22,1.5479261758285374
21755,LOVE BUILDING BLOCK WORD,34836.020000000004,5643,1696,661,6.681397786837508,6.173315612262981,48.0,285.6,0.8506113769271665
22379,RECYCLING BAG RETROSPOT,34640.84,15765,1570,423,2.8999178774478835,2.1973257215350457,67.0,128.95000000000002,0.4249920710434507
22197,POPCORN HOLDER,34288.67,36749,803,295,1.0208363636363635,0.9330504231407657,427.0,329.41,1.1619363792212032
48185,DOORMAT FAIRY CAKE,34191.53,5095,597,219,9.783706176961603,6.710800785083415,688.0,4650.2,13.50343473994112
22666,RECIPE BOX PANTRY YELLOW DESIGN,33682.62,10728,1664,701,3.583942823108994,3.139692393736018,237.0,655.5500000000001,2.20917225950783
21523,DOORMAT FANCY FONT HOME SWEET HOME,33466.26,5077,715,271,9.214797202797202,6.591739216072484,5.0,40.05,0.09848335631278313
22630,DOLLY GIRL LUNCH BOX,33380.83,18122,1334,423,2.300874074074074,1.842005849244013,302.0,530.9999999999999,1.666482728175698
48187,DOORMAT NEW ENGLAND,33203.79,5291,818,389,8.366121951219512,6.275522585522586,7.0,54.730000000000004,0.1323001323001323
22382,LUNCH BAG SPACEBOY DESIGN,33049.37,19605,2109,774,1.9003522780648192,1.6857623055343025,253.0,387.25,1.2904871206324917
15036,ASSORTED COLOURS SILK FAN,32967.03,44392,992,303,0.9922557905337361,0.742634483690755,929.0,644.03,2.092719408902505
22726,ALARM CLOCK BAKELIKE GREEN,32609.32,7671,1273,404,4.472062256809338,4.2509868335288745,65.0,243.75,0.8473471516099595
22385,JUMBO BAG SPACEBOY DESIGN,32433.5,17070,1250,412,2.436019032513878,1.9000292911540715,426.0,725.44,2.495606326889279
82486,WOOD S/3 CABINET ANT WHITE FINISH,31594.39,3994,1072,320,8.51200184501845,7.910463194792188,64.0,519.0,1.6024036054081119
22139,RETROSPOT TEA SET CERAMIC 11 PC,31527.12,6168,1321,652,5.660248868778281,5.1114007782101165,50.0,234.9,0.8106355382619975
22077,6 RIBBONS RUSTIC CHARM,31513.109999999997,17238,1751,685,2.110567415730337,1.8281186912634875,117.0,193.04999999999998,0.6787330316742082
85152,HAND OVER THE CHOCOLATE SIGN,31483.7,16373,1460,486,2.30101902173913,1.9229035607402432,101.0,191.51000000000002,0.6168692359372137
22865,HAND WARMER OWL DESIGN,31416.04,14537,1212,566,2.3551353503184713,2.161108894544954,126.0,264.35,0.8667538006466259
23245,SET OF 3 REGENCY CAKE TINS,31118.550000000003,6345,873,472,5.883424657534246,4.904420803782506,90.0,421.5,1.4184397163120568
21479,WHITE SKULL HOT WATER BOTTLE,31079.8,6220,930,410,4.681708860759494,4.996752411575563,196.0,677.1800000000001,3.1511254019292605
23199,JUMBO BAG APPLES,30450.690000000002,14908,978,344,2.5699290060851925,2.0425737858867725,723.0,1309.25,4.849745103300242
22501,PICNIC BASKET WICKER LARGE,30339.36,2640,769,346,13.447272727272727,11.492181818181818,131.0,1158.45,4.962121212121212
20725,LUNCH BAG RED SPOTTY,30063.27,18085,1219,499,1.9613636363636364,1.6623317666574509,335.0,493.34999999999997,1.8523638374343379
20679,EDWARDIAN PARASOL RED,30020.97,6149,715,271,6.662262569832403,4.8822523987640265,18.0,107.1,0.29273052528866483
22697,GREEN REGENCY TEACUP AND SAUCER,29952.550000000003,9625,1343,475,3.7827011070110705,3.111953246753247,184.0,506.80000000000007,1.9116883116883114
84946,ANTIQUE SILVER TEA GLASS ETCHED,29828.78,22032,1080,413,1.5512328767123287,1.3538843500363107,134.0,153.82,0.6082062454611474
22659,LUNCH BOX I LOVE LONDON,29561.859999999997,15941,1074,293,2.3337192342752964,1.8544545511573927,336.0,572.9999999999999,2.107772410764695
84029G,KNITTED UNION FLAG HOT WATER BOTTLE,29533.87,6830,1009,386,4.793914728682171,4.324139092240117,60.0,219.7,0.8784773060029283
20914,SET/5 RED SPOTTY LID GLASS BOWLS,29468.52,10708,884,357,3.1738530066815147,2.7520097123645875,284.0,741.8000000000001,2.6522226372805378
22622,BOX OF VINTAGE ALPHABET BLOCKS,29450.11,2945,571,346,11.393466898954703,10.000037351443124,61.0,559.35,2.071307300509338
47590B,PINK HAPPY BIRTHDAY BUNTING,29363.86,5738,872,428,5.73623006833713,5.117438131753224,57.0,293.05,0.9933774834437087
22158,3 HEARTS HANGING DECORATION RUSTIC,29198.280000000002,8985,718,374,3.221857923497268,3.249669449081803,82.0,239.9,0.912632164718976
82483,WOOD 2 DRAWER CABINET WHITE FINISH,29003.370000000003,4878,1123,361,6.514496466431095,5.945750307503076,283.0,1683.8500000000001,5.801558015580156
21928,JUMBO BAG SCANDINAVIAN PAISLEY,28962.829999999998,15857,880,333,2.32086809470124,1.8265012297408083,30.0,57.0,0.18919089361165417
23355,HOT WATER BOTTLE KEEP CALM,28718.8,5816,782,474,5.271557788944723,4.937895460797799,96.0,417.6,1.6506189821182942
20971,PINK BLUE FELT CRAFT TRINKET BOX,28580.97,22260,1148,490,1.4093723129836628,1.2839609164420485,2571.0,2739.3199999999997,11.549865229110512
84978,HANGING HEART JAR T-LIGHT HOLDER,28475.96,21689,1425,525,1.5126805555555554,1.3129217575729633,361.0,417.72,1.6644381944764628
22866,HAND WARMER SCOTTY DOG DESIGN,28266.870000000003,12778,1083,530,2.3251018600531443,2.2121513538894977,135.0,259.50000000000006,1.056503365158867
22752,SET 7 BABUSHKA NESTING BOXES,28139.45,3459,692,323,9.46467142857143,8.135140213934664,224.0,1761.2,6.475860075166233
22188,BLACK HEART CARD HOLDER,28112.03,10353,566,292,4.455873015873016,2.715351105959625,5.0,19.75,0.04829518014102192
21977,PACK OF 60 PINK PAISLEY CAKE CASES,28081.73,56061,1993,767,0.7112444444444445,0.5009138260109524,219.0,117.3,0.39064590356932627
22467,GUMBALL COAT RACK,28059.480000000003,11868,1095,398,2.8445724572457243,2.3642972699696667,294.0,665.55,2.4772497472194135
82583,HOT BATHS METAL SIGN,27981.99,12877,1176,323,2.760100166944908,2.1730208899588415,107.0,204.09,0.8309388832802671
23201,JUMBO BAG ALPHABET,27850.83,13366,906,396,2.3900109769484086,2.0837071674397727,594.0,1076.02,4.444111925781835
21212,PACK OF 72 RETROSPOT CAKE CASES,27770.72,48156,1708,772,0.7426918671248568,0.5766824487083645,461.0,239.64,0.9573054240385414
20719,WOODLAND CHARLOTTE BAG,27598.42,24482,1576,365,1.1504794952681388,1.1272943386978187,135.0,106.82,0.5514255371293195
21930,JUMBO STORAGE BAG SKULLS,27368.08,13390,1321,386,2.5286163051608077,2.0439193427931293,6.0,11.49,0.04480955937266617
22624,IVORY KITCHEN SCALES,27282.73,3184,1226,579,9.279365337672905,8.5686966080402,26.0,214.2,0.8165829145728644
72741,GRAND CHOCOLATECANDLE,27239.46,19712,920,510,1.7381798483206934,1.381871956168831,62.0,89.3,0.3145292207792208
22835,HOT WATER BOTTLE I AM SO POORLY,27082.84,5302,1011,451,5.639597249508841,5.108042248208223,408.0,1744.8,7.695209354960392
22492,MINI PAINT SET VINTAGE,27056.19,42286,714,356,0.7730812324929972,0.6398380078512983,281.0,182.64999999999998,0.6645225370098851
84991,60 TEATIME FAIRY CAKE CASES,27041.21,54028,2127,822,0.6644378155117027,0.5005036277485748,350.0,187.95,0.6478122455023322
22961,JAM MAKING SET PRINTED,26888.43,17252,1200,558,1.8915876974231087,1.558568861581266,344.0,444.59999999999997,1.9939717134245305
22734,SET OF 6 RIBBONS VINTAGE CHRISTMAS,26763.75,9772,756,444,3.2632945736434107,2.738820098239869,30.0,86.7,0.30699959066721244
22386,JUMBO BAG PINK WITH WHITE SPOTS,26242.66,14202,802,358,2.151664611590629,1.847814392339107,21.0,40.95,0.1478664976763836
22149,FELTCRAFT 6 FLOWER FRIENDS,26218.97,12674,1382,684,2.382309879175551,2.0687210036294776,664.0,1244.4,5.239072116143285
22867,HAND WARMER BIRD DESIGN,26117.63,11872,1054,521,2.3753406998158377,2.199935141509434,82.0,172.20000000000002,0.6907008086253369
22551,PLASTERS IN TIN SPACEBOY,25912.87,15441,1299,616,1.811910197869102,1.678185998316171,287.0,435.15,1.8586879088141959
47566B,TEA TIME PARTY BUNTING,25803.49,5801,761,350,5.292057291666667,4.44811067057404,1635.0,4490.5,28.184795724875023
20711,JUMBO BAG TOYS,25719.13,12650,1055,326,2.7189603024574667,2.0331328063241108,38.0,70.31,0.30039525691699603
21481,FAWN BLUE HOT WATER BOTTLE,25613.45,8175,1050,439,3.761793427230047,3.13314373088685,802.0,2065.9,9.81039755351682
22507,MEMO BOARD RETROSPOT DESIGN,25603.46,5455,900,445,5.941274944567628,4.6935765352887255,24.0,118.1,0.4399633363886343
22090,PAPER BUNTING RETROSPOT,25497.960000000003,8430,921,374,3.7703779697624187,3.0246690391459077,79.0,217.05,0.9371293001186239
37503,TEA TIME CAKE STAND IN GIFT BOX,25428.33,2465,522,256,11.723193116634798,10.315752535496959,51.0,515.45,2.0689655172413794
21485,RETROSPOT HEART HOT WATER BOTTLE,25408.010000000002,5168,930,502,5.487621052631579,4.91641060371517,22.0,108.9,0.42569659442724456
21108,FAIRY CAKE FLANNEL ASSORTED COLOUR,25407.27,12962,613,325,3.001073170731707,1.9601350100293164,3159.0,6614.370000000001,24.371239006326185
22087,PAPER BUNTING WHITE LACE,25389.100000000002,8475,847,314,3.4823468208092487,2.99576401179941,159.0,465.40000000000003,1.8761061946902655
84755,COLOUR GLASS T-LIGHT HOLDER HANGING,25205.13,40439,1259,524,0.8276983503534957,0.6232876678453968,729.0,415.35,1.802715200672618
22084,PAPER CHAIN KIT EMPIRE,25163.56,8803,811,464,3.2735200974421437,2.858520958764058,111.0,299.45,1.2609337725775305
85099B,JUMBO BAG RED WHITE SPOTTY,25043.62,14061,535,321,2.185128676470588,1.7810696252044662,6.0,10.799999999999999,0.04267121826328142
20724,RED RETROSPOT CHARLOTTE BAG,24958.77,20671,1258,390,1.1285031347962382,1.2074292487059166,226.0,172.73,1.093319142760389
22090,PAPER BUNTING RETRO SPOTS,24933.940000000002,8292,783,367,3.557169811320755,3.006987457790642,418.0,1073.1,5.041003376748673
23173,REGENCY TEAPOT ROSES,24879.13,2766,416,248,11.119714964370546,8.994624005784527,52.0,436.4,1.8799710773680405
20972,PINK CREAM FELT CRAFT TRINKET BOX,24785.31,20496,1397,568,1.4045074415308292,1.209275468384075,1497.0,1553.3899999999999,7.303864168618267
48138,DOOR MAT UNION FLAG,24770.81,3776,674,389,7.36928888888889,6.560066207627119,17.0,114.45,0.4502118644067797
21314,SMALL GLASS HEART TRINKET POT,24641.390000000003,11426,1066,369,2.776856343283582,2.156606861543848,1228.0,2296.8,10.747418169088045
23203,JUMBO BAG VINTAGE DOILY,24489.08,11448,711,363,2.300598885793872,2.139157931516422,568.0,1030.6399999999999,4.96156533892383
22722,SET OF 6 SPICE TINS PANTRY DESIGN,24459.96,5972,835,394,4.675660377358491,4.095773610180844,36.0,141.70000000000002,0.6028131279303416
84077,WORLD WAR 2 GLIDERS ASSTD DESIGNS,24445.609999999997,106250,1021,482,0.28256835937499997,0.23007632941176467,1704.0,361.68,1.6037647058823528
71459,HANGING JAM JAR T-LIGHT HOLDER,24440.74,30176,925,421,1.124854368932039,0.8099396871686109,324.0,254.73000000000002,1.0737009544008482
84836,ZINC METAL HEART DECORATION,24289.33,19847,1408,662,1.3774425087108013,1.2238287902453773,102.0,127.5,0.5139315765606892
22728,ALARM CLOCK BAKELIKE PINK,24257.31,6215,969,357,4.525836734693877,3.9030265486725666,53.0,198.75,0.8527755430410298
47590A,BLUE HAPPY BIRTHDAY BUNTING,24174.010000000002,4752,689,355,5.7879565217391304,5.0871233164983165,188.0,887.8000000000001,3.9562289562289563
21231,SWEETHEART CERAMIC TRINKET BOX,24128.86,19428,1482,500,1.4993377483443708,1.2419631459748817,323.0,388.93,1.6625488984970147
21212,PACK OF 72 RETRO SPOT CAKE CASES,24054.43,46728,1410,632,0.6659163763066203,0.5147755093305941,649.0,310.02,1.3888888888888888
22698,PINK REGENCY TEACUP AND SAUCER,23990.620000000003,8050,1025,400,3.6954607177497576,2.980201242236025,197.0,546.7500000000001,2.4472049689440993
23344,JUMBO BAG 50'S CHRISTMAS,23772.07,10285,716,391,2.4177423822714683,2.311333981526495,262.0,486.96000000000004,2.547399124939232
22171,3 HOOK PHOTO SHELF ANTIQUE WHITE,23709.46,3141,661,269,9.802632375189107,7.548379496975485,154.0,1212.1,4.902897166507482
21790,VINTAGE SNAP CARDS,23506.17,27244,1888,793,1.008572922111866,0.8628017178094258,203.0,162.67,0.7451181911613566
23243,SET OF TEA COFFEE SUGAR TINS PANTRY,23489.42,4800,470,275,5.866072186836518,4.893629166666666,117.0,545.55,2.4375
22605,WOODEN CROQUET GARDEN SET,23426.82,1828,643,377,14.743509316770187,12.81554704595186,14.0,170.29999999999998,0.7658643326039387
82600,NO SINGING METAL SIGN,23096.77,11450,1152,375,2.3898446937014666,2.017185152838428,43.0,83.80000000000001,0.37554585152838427
84406B,CREAM CUPID HEARTS COAT HANGER,23080.13,7131,841,318,3.74048178613396,3.236590940961997,218.0,663.1,3.057074744075165
20914,SET/5 RED RETROSPOT LID GLASS BOWLS,23040.04,7964,1147,442,3.2624037639007697,2.8930236062280263,116.0,327.0,1.4565544952285283
22625,RED KITCHEN SCALES,22911.55,2647,958,440,9.646722338204592,8.65566679259539,37.0,299.2,1.3978088401964488
22607,WOODEN ROUNDERS GARDEN SET,22906.54,2533,744,419,10.02461847389558,9.043245163837348,16.0,133.55,0.6316620607974733
21791,VINTAGE HEADS AND TAILS CARD GAME,22858.6,17609,1316,641,1.4866241560390099,1.2981202794025781,1077.0,1156.25,6.11619058436027
22554,PLASTERS IN TIN WOODLAND ANIMALS,22853.719999999998,13588,1275,587,1.8651470588235295,1.6819046217250513,159.0,243.14999999999998,1.1701501324698262
22556,PLASTERS IN TIN CIRCUS PARADE,22334.079999999998,13585,1196,591,1.7749835526315791,1.6440250276039747,107.0,176.54999999999998,0.7876334192123666
37449,CERAMIC CAKE STAND + HANGING CAKES,22333.3,2382,477,205,11.180564853556485,9.375860621326616,255.0,2234.15,10.70528967254408
20749,ASSORTED COLOUR MINI CASES,22097.61,3062,766,426,8.091415584415586,7.216724363161332,13.0,101.75,0.4245591116917048
22113,GREY HEART HOT WATER BOTTLE,22025.93,5759,996,488,4.199551656920078,3.8246101753776696,32.0,121.8,0.5556520229206459
22585,PACK OF 6 BIRDY GIFT TAGS,21977.3,17558,1084,612,1.3802844444444444,1.251697232030983,394.0,442.90999999999997,2.24399134297756
22499,WOODEN UNION JACK BUNTING,21826.52,3596,775,452,6.612657252888319,6.069666295884316,7.0,41.650000000000006,0.1946607341490545
23202,JUMBO BAG VINTAGE LEAF,21810.43,10941,879,377,2.2962302483069976,1.993458550406727,242.0,442.46000000000004,2.2118636322091216
84970S,HANGING HEART ZINC T-LIGHT HOLDER,21794.26,26444,1425,616,1.090320781032078,0.8241665406141279,125.0,105.19999999999999,0.4726970201179852
22941,CHRISTMAS LIGHTS 10 REINDEER,21727.58,2615,483,315,9.705392561983471,8.308826003824093,74.0,610.3000000000001,2.829827915869981
22456,NATURAL SLATE CHALKBOARD LARGE,21583.2,4416,835,385,6.306929510155317,4.8875,104.0,501.5,2.355072463768116
22969,HOMEMADE JAM SCENTED CANDLES,21501.989999999998,14461,709,472,1.7717207334273626,1.4868950971578727,140.0,185.79999999999998,0.9681211534472027
21524,DOORMAT SPOTTY HOME SWEET HOME,21414.04,2818,745,355,8.928887399463807,7.599020581973031,7.0,56.39,0.248403122782115
21213,PACK OF 72 SKULL CAKE CASES,21390.76,40263,1481,528,0.7410299003322259,0.5312758612125276,89.0,48.949999999999996,0.22104661848347118
21258,VICTORIAN SEWING BOX LARGE,21386.559999999998,1509,528,186,16.944877126654063,14.172670642809805,121.0,1360.1499999999999,8.018555334658714
48184,DOORMAT ENGLISH ROSE,21326.3,3243,530,268,8.449622641509434,6.576102374344742,8.0,63.6,0.2466851680542707
22139,RETRO SPOT TEA SET CERAMIC 11 PC,21301.04,4438,771,465,5.442951030927835,4.7996935556557005,410.0,1779.6000000000001,9.238395673726904
22502,PICNIC BASKET WICKER SMALL,21260.8,3772,927,335,6.643832976445396,5.636479321314952,86.0,436.42,2.2799575821845175
85048,15CM CHRISTMAS GLASS BALL 20 LIGHTS,21201.13,2685,517,309,9.155689655172415,7.896137802607076,93.0,695.35,3.4636871508379885
22083,PAPER CHAIN KIT RETRO SPOT,21151.79,7579,591,324,3.3923865546218486,2.7908417997097246,460.0,1197.0,6.06940229581739
22570,FELTCRAFT CUSHION RABBIT,20901.1,5631,807,351,4.310666666666666,3.7117918664535603,431.0,1464.33,7.654057893802167
22424,ENAMEL BREAD BIN CREAM,20886.89,1531,741,310,15.343867924528302,13.64264532984977,47.0,570.45,3.069888961463096
23206,LUNCH BAG APPLE DESIGN,20852.579999999998,12147,1036,401,2.0589553656220323,1.7166856013830574,59.0,97.15,0.48571663785296787
21218,RED SPOTTY BISCUIT TIN,20800.31,5256,897,313,5.261407982261641,3.9574410197869105,79.0,277.25,1.5030441400304413
22294,HEART FILIGREE DOVE SMALL,20629.38,16671,861,414,1.4552125279642059,1.2374410653230161,107.0,133.75,0.6418331233879191
22617,BAKING SET SPACEBOY DESIGN,20546.99,4252,943,600,5.295658587987355,4.832311853245532,243.0,1147.55,5.714957666980244
22693,GROW A FLYTRAP OR SUNFLOWER IN TIN,20469.08,17875,350,197,1.463076923076923,1.1451233566433567,72.0,90.0,0.40279720279720277
AMAZONFEE,AMAZON FEE,20467.8,3,3,0,6822.599999999999,6822.599999999999,33.0,241988.3,1100.0
20723,STRAWBERRY CHARLOTTE BAG,20401.05,18296,1379,356,1.1350252343186733,1.1150552033231307,187.0,157.78,1.0220813292522957
22568,FELTCRAFT CUSHION OWL,20244.97,5479,875,389,4.161740614334471,3.695011863478737,212.0,725.1600000000001,3.869319218835554
85150,LADIES & GENTLEMEN METAL SIGN,20237.72,8361,1110,369,3.0002421524663676,2.420490371965076,26.0,64.95,0.3109675876091377
48188,DOORMAT WELCOME PUPPIES,20209.4,3414,428,220,8.79626168224299,5.919566490919743,9.0,71.85,0.26362038664323373
22273,FELTCRAFT DOLL MOLLY,20150.99,7355,810,423,3.300158536585366,2.739767505098573,1464.0,3562.7999999999997,19.90482664853841
22569,FELTCRAFT CUSHION BUTTERFLY,20104.43,5521,784,360,4.187288776796973,3.6414472015939143,345.0,1170.63,6.2488679587031335
21622,VINTAGE UNION JACK CUSHION COVER,19936.94,3699,626,329,5.8373892405063295,5.389818869964855,43.0,212.85000000000002,1.1624763449580968
22900,SET 2 TEA TOWELS I LOVE LONDON,19834.04,6156,723,252,3.684245283018868,3.22190383365822,216.0,552.5999999999999,3.508771929824561
22413,METAL SIGN TAKE IT OR LEAVE IT,19728.24,6976,881,446,3.297567567567568,2.8280160550458717,129.0,340.54999999999995,1.849197247706422
21174,POTTERING IN THE SHED METAL SIGN,19593.809999999998,9696,1135,402,2.5139877835951134,2.020813737623762,4.0,7.8,0.041254125412541254
21936,RED RETROSPOT PICNIC BAG,19576.72,6680,935,359,3.633620873269436,2.9306467065868267,129.0,350.45,1.9311377245508983
22561,WOODEN SCHOOL COLOURING SET,19524.269999999997,11643,905,556,1.7395341278439869,1.6769105900541095,410.0,611.6999999999999,3.5214291849179764
22558,CLOTHES PEGS RETROSPOT PACK 24,19513.17,13809,1202,541,1.6692161716171616,1.4130762546165543,91.0,130.70999999999998,0.6589905134332681
22169,FAMILY ALBUM WHITE PICTURE FRAME,19507.6,2275,701,276,9.794022824536377,8.57476923076923,93.0,741.2,4.087912087912088
22384,LUNCH BAG PINK POLKADOT,19500.66,11751,1281,508,2.0076021588280644,1.659489405157008,157.0,244.45,1.3360565058292913
84946,ANTIQUE SILVER T-LIGHT GLASS,19381.62,14664,689,348,1.5028468208092487,1.3217144026186578,316.0,349.21,2.15493726132024
22427,ENAMEL FLOWER JUG CREAM,19273.280000000002,3217,804,460,6.480569306930693,5.991072427727698,50.0,291.5,1.554243083618278
22083,PAPER CHAIN KIT RETROSPOT,19261.030000000002,6137,810,376,3.7808108108108107,3.1385090435065996,68.0,200.60000000000002,1.10803324099723
21340,CLASSIC METAL BIRDCAGE PLANT HOLDER,19194.13,1758,419,249,13.07895238095238,10.91816268486917,62.0,670.1,3.526734926052332
21908,CHOCOLATE THIS WAY METAL SIGN,19125.980000000003,9678,974,382,2.4602136317395726,1.9762326927051046,32.0,67.2,0.3306468278569953
22061,LARGE CAKE STAND HANGING STRAWBERY,19121.37,2171,520,219,11.222917466410747,8.807632427452786,114.0,1060.35,5.25103638876094
84949,SILVER HANGING T-LIGHT HOLDER,19015.8,11945,693,330,1.8268847795163583,1.5919464210966932,512.0,793.8,4.286312264545835
84947,ANTIQUE SILVER TEA GLASS ENGRAVED,18744.170000000002,15810,680,312,1.4420343839541547,1.1855895003162558,37.0,44.54,0.23402909550917142
22041,"RECORD FRAME 7"" SINGLE SIZE",18650.87,7540,555,101,3.5552499999999996,2.473590185676392,42.0,103.95,0.5570291777188329
71053,WHITE METAL LANTERN,18525.22,4700,701,290,4.430222841225627,3.9415361702127663,68.0,248.52,1.446808510638298
22555,PLASTERS IN TIN STRONGMAN,18323.32,11321,956,514,1.8076210092687948,1.6185248652945852,40.0,65.99999999999999,0.35332567794364456
21484,CHICK GREY HOT WATER BOTTLE,18171.14,4585,864,367,4.568367579908676,3.96317121046892,51.0,157.95000000000002,1.1123227917121048
79323W,WHITE CHERRY LIGHTS,18048.72,3004,349,174,7.03,6.008229027962717,1088.0,6421.1,36.21837549933422
21430,SET/3 RED GINGHAM ROSE STORAGE BOX,18044.97,4621,814,323,4.762558139534884,3.904992425881844,62.0,222.78,1.3417009305345162
22505,MEMO BOARD COTTAGE DESIGN,18034.63,3773,744,397,5.474500665778962,4.779917837264776,19.0,94.05,0.5035780545984627
22147,FELTCRAFT BUTTERFLY HEARTS,17893.579999999998,12828,1132,582,1.6181639624252775,1.3948846273776114,904.0,1142.8000000000002,7.047084502650453
22560,TRADITIONAL MODELLING CLAY,17861.71,14836,742,420,1.3711405835543766,1.2039437853868966,175.0,191.2,1.1795632245888379
84945,MULTI COLOUR SILVER T-LIGHT HOLDER,17746.71,21605,653,344,1.077181818181818,0.821416801666281,156.0,141.73,0.7220550798426291
21914,BLUE HARMONICA IN BOX,17725.36,12957,963,446,1.4485348360655736,1.3680142008180907,120.0,150.0,0.9261403102570039
22297,HEART IVORY TRELLIS SMALL,17702.62,13715,969,391,1.6488473205257836,1.2907488151658768,275.0,343.75,2.005103900838498
22847,BREAD BIN DINER STYLE IVORY,17669.989999999998,1112,472,259,17.20938559322034,15.890278776978416,49.0,794.55,4.406474820143885
22633,HAND WARMER UNION JACK,17576.670000000002,8541,858,473,2.213322222222222,2.057917105725325,39.0,81.9,0.45662100456621
84467,ENGLISH ROSE DESIGN QUILTED THROW,17477.66,816,83,40,24.040602409638552,21.418700980392156,2.0,79.9,0.24509803921568626
21136,PAINTED METAL PEARS ASSORTED,17451.45,10496,739,449,1.96908969210174,1.6626762576219514,225.0,329.36999999999995,2.143673780487805
22557,PLASTERS IN TIN VINTAGE PAISLEY,17401.3,10369,1126,580,1.8292387543252595,1.6782042627061433,68.0,112.19999999999999,0.6558009451248915
23203,JUMBO BAG DOILEY PATTERNS,17268.69,8893,514,299,2.2405222437137335,1.94182952884291,22.0,45.760000000000005,0.2473855841673226
84992,72 SWEETHEART FAIRY CAKE CASES,17259.85,34797,1460,614,0.68719707057257,0.4960154611029686,410.0,175.33,1.1782624938931519
21928,JUMBO BAG SCANDINAVIAN BLUE PAISLEY,17239.69,8411,662,232,2.683268072289157,2.0496599690880988,265.0,479.58000000000004,3.1506360718107236
84970L,SINGLE HEART ZINC T-LIGHT HOLDER,17177.04,17400,1080,463,1.243974241030359,0.9871862068965518,36.0,34.2,0.20689655172413793
21889,WOODEN BOX OF DOMINOES,17095.66,12806,1124,595,1.5506999125109362,1.3349726690613775,155.0,193.75,1.2103701389973451
21527,RED RETROSPOT TRADITIONAL TEAPOT,17030.56,2337,570,280,8.77890625,7.287359863072315,102.0,787.9,4.364569961489089
22654,DELUXE SEWING KIT,16971.27,2534,597,300,7.357757475083056,6.697423046566693,52.0,306.40000000000003,2.0520915548539858
21559,STRAWBERRY LUNCH BOX WITH CUTLERY,16891.44,6782,1041,353,3.062876064333018,2.4906281332940132,30.0,76.05,0.44234739015039815
22652,TRAVEL SEWING KIT,16794.05,9912,830,440,1.9016193853427896,1.6943149717514123,56.0,92.39999999999999,0.5649717514124294
22952,60 CAKE CASES VINTAGE CHRISTMAS,16770.31,27970,1039,520,0.7390534208059981,0.5995820521987845,552.0,241.2,1.973543081873436
21164,HOME SWEET HOME METAL SIGN,16626.41,5981,721,356,3.273665283540802,2.7798712589867915,22.0,64.9,0.3678314663099816
22993,SET OF 4 PANTRY JELLY MOULDS,16478.48,12649,1073,431,1.497788990825688,1.302749624476243,68.0,85.0,0.5375919044983793
72760B,VINTAGE CREAM 3 BASKET CAKE STAND,16409.02,1699,494,301,10.82219758064516,9.658045909358446,20.0,170.34,1.1771630370806356
22487,WHITE WOOD GARDEN PLANT LADDER,16373.699999999999,1632,898,611,10.688288888888888,10.032904411764704,70.0,635.6,4.28921568627451
21843,RETRO SPOT CAKE STAND,16354.009999999998,1493,340,207,12.17970588235294,10.953791024782316,93.0,996.3499999999999,6.22906898861353
23301,GARDENERS KNEELING PAD KEEP CALM,16327.349999999999,8807,913,405,1.9439673913043478,1.8539059838764618,114.0,168.89999999999998,1.2944248892926082
22662,LUNCH BAG DOLLY GIRL DESIGN,16213.61,9951,994,426,1.9189353233830846,1.6293447894683952,68.0,112.2,0.6833484071952568
48173C,DOORMAT BLACK FLOCK,16032.710000000001,2844,320,166,8.211433021806853,5.6373804500703235,5.0,40.95,0.17580872011251758
22296,HEART IVORY TRELLIS LARGE,16027.559999999998,9719,833,428,1.8147892271662762,1.649095585965634,8.0,13.2,0.08231299516411153
22692,DOORMAT WELCOME TO OUR HOME,15965.95,2143,612,293,9.385898692810457,7.450279981334578,143.0,665.0500000000001,6.672888474101726
21877,HOME SWEET HOME MUG,15954.75,14054,755,323,1.5780845442536326,1.1352461932545894,1086.0,1176.8200000000002,7.727337412836204
22634,CHILDS BREAKFAST SET SPACEBOY,15946.55,1688,499,322,10.162814371257484,9.447008293838863,94.0,906.3,5.568720379146919
20685,DOOR MAT RED SPOT,15889.75,2487,413,245,7.8142615012106535,6.389123441897869,5.0,36.31,0.2010454362685967
35004C,SET OF 3 COLOURED FLYING DUCKS,15874.38,3035,355,112,7.756394366197183,5.230438220757825,88.0,426.8,2.899505766062603
22759,SET OF 3 NOTEBOOKS IN PARCEL,15866.56,9380,795,472,1.9730541871921181,1.6915309168443495,26.0,42.89999999999999,0.2771855010660981
22837,HOT WATER BOTTLE BABUSHKA,15837.18,3398,436,210,5.311377777777778,4.660735726898175,37.0,157.65,1.088875809299588
22690,DOORMAT HOME SWEET HOME BLUE,15836.35,2538,439,278,8.17325,6.2396966115051224,6.0,48.3,0.2364066193853428
23313,VINTAGE CHRISTMAS BUNTING,15798.66,2990,401,254,5.548627450980392,5.283832775919732,13.0,64.35,0.43478260869565216
22635,CHILDS BREAKFAST SET DOLLY GIRL,15795.01,1660,485,325,10.30381930184805,9.515066265060241,124.0,1113.4499999999998,7.46987951807229
84997D,PINK 3 PIECE MINI DOTS CUTLERY SET,15759.53,4353,447,238,3.936065934065934,3.6203836434642778,20.0,75.0,0.4594532506317482
84375,SET OF 20 KIDS COOKIE CUTTERS,15753.18,7576,797,389,2.509092039800995,2.079353220696938,61.0,120.89999999999999,0.8051742344244984
22632,HAND WARMER RED RETROSPOT,15664.130000000001,7698,733,421,2.218229854689564,2.0348311249675244,35.0,71.5,0.45466354897375943
22193,RED DINER WALL CLOCK,15658.98,1850,616,265,9.21775974025974,8.464313513513513,39.0,319.59999999999997,2.108108108108108
22170,PICTURE FRAME WOOD TRIPLE PORTRAIT,15645.27,2385,575,279,7.42446956521739,6.559861635220126,90.0,581.9,3.7735849056603774
22619,SET OF 6 SOLDIER SKITTLES,15620.09,4091,712,421,4.421916666666667,3.818159374236128,10.0,37.5,0.24443901246638963
21891,TRADITIONAL WOODEN SKIPPING ROPE,15547.75,12147,838,483,1.5312412993039444,1.279966246809912,93.0,118.07,0.7656211410224747
48111,DOORMAT 3 SMILEY CATS,15437.73,2420,437,173,9.361095890410958,6.379227272727273,2.0,15.9,0.08264462809917356
22173,METAL 4 HOOK HANGER FRENCH CHATEAU,15411.9,5026,997,383,3.7266401590457257,3.066434540389972,146.0,399.71999999999997,2.904894548348587
85014B,RED/WHITE DOTS RUFFLED UMBRELLA,15400.28,3456,416,247,6.543149038461539,4.456099537037037,13.0,75.35,0.3761574074074074
84378,SET OF 3 HEART COOKIE CUTTERS,15388.44,11637,1248,601,1.5957911392405062,1.3223717452951793,93.0,116.06,0.7991750451147204
85014B,RED RETROSPOT UMBRELLA,15376.300000000001,2699,484,273,6.775227272727273,5.697035939236755,5.0,29.75,0.1852537977028529
22749,FELTCRAFT PRINCESS CHARLOTTE DOLL,15354.35,3759,685,383,4.075775862068965,4.084690077148178,1.0,3.75,0.026602819898909287
21094,SET/6 RED SPOTTY PAPER PLATES,15334.029999999999,19633,984,328,0.988060606060606,0.7810334640656038,762.0,495.24,3.881220394234197
84997B,RED 3 PIECE MINI DOTS CUTLERY SET,15324.35,4205,493,268,3.911322645290581,3.6443162901307966,3.0,11.25,0.0713436385255648
22940,FELTCRAFT CHRISTMAS FAIRY,15282.81,3491,586,392,4.533444816053512,4.377774276711544,39.0,120.75,1.1171584073331424
22909,SET OF 20 VINTAGE CHRISTMAS NAPKINS,15275.82,17144,1086,578,0.9761738351254479,0.8910300979934671,470.0,334.22,2.741483901073262
21975,PACK OF 60 DINOSAUR CAKE CASES,15236.619999999999,31332,1303,543,0.6300827689992475,0.48629579982126897,95.0,49.26,0.3032043916762415
21165,BEWARE OF THE CAT METAL SIGN,15167.38,9360,966,321,2.123363821138211,1.6204465811965811,51.0,82.59,0.5448717948717948
21217,RED RETROSPOT ROUND CAKE TINS,15123.2,1420,465,219,12.523447537473233,10.650140845070423,20.0,199.0,1.4084507042253522
20750,RED RETROSPOT MINI CASES,15118.47,2066,508,307,8.202882352941177,7.3177492739593415,17.0,122.35,0.8228460793804453
82582,AREA PATROLLED METAL SIGN,15110.980000000001,7479,796,258,2.3533042394014965,2.0204546062307798,129.0,241.38,1.7248295226634576
35970,ZINC FOLKART SLEIGH BELLS,15072.58,8375,692,415,2.25901269393512,1.7997110447761193,74.0,122.86000000000001,0.8835820895522388
22946,WOODEN ADVENT CALENDAR CREAM,15060.57,976,275,152,18.37695652173913,15.430911885245902,26.0,390.3,2.663934426229508
22606,WOODEN SKITTLES GARDEN SET,14881.94,1069,374,269,16.358620689655172,13.921365762394762,34.0,430.7,3.1805425631431246
22730,ALARM CLOCK BAKELIKE IVORY,14867.27,3702,746,289,4.39781041388518,4.016010264721772,58.0,217.5,1.5667206915180982
21770,OPEN CLOSED METAL SIGN,14807.300000000001,2991,651,423,5.4356748466257665,4.950618522233367,48.0,212.4,1.60481444332999
17003,BROCADE RING PURSE,14766.42,70379,457,215,0.30207343412526994,0.20981287031642962,740.0,215.78,1.0514500063939527
22485,SET OF 2 WOODEN MARKET CRATES,14677.84,1101,419,280,14.761428571428572,13.331371480472297,13.0,165.75,1.1807447774750226
21912,VINTAGE SNAKES & LADDERS,14651.33,3736,830,447,4.668100961538462,3.921662205567452,76.0,285.0,2.0342612419700217
21217,RED SPOTTY ROUND CAKE TINS,14646.039999999999,1484,463,277,10.806630669546434,9.869299191374662,30.0,285.5,2.0215633423180592
21380,WOODEN HAPPY BIRTHDAY GARLAND,14593.320000000002,5031,651,325,3.406554878048781,2.9006797853309485,582.0,1601.7,11.568276684555755
84050,PINK HEART SHAPE EGG FRYING PAN,14525.0,9853,715,308,2.1541551246537396,1.4741703034608749,66.0,107.3,0.6698467471835989
84997D,CHILDRENS CUTLERY POLKADOT PINK,14493.640000000001,3666,358,208,4.503296398891967,3.9535297326786694,4.0,15.0,0.10911074740861974
22150,3 STRIPEY MICE FELTCRAFT,14486.55,7815,938,505,2.1962277951933125,1.8536852207293666,764.0,1264.8,9.776071657069737
84997C,BLUE 3 PIECE MINI DOTS CUTLERY SET,14438.97,3970,476,271,3.907193347193347,3.637020151133501,80.0,274.08000000000004,2.0151133501259446
21672,WHITE SPOT RED CERAMIC DRAWER KNOB,14411.13,11120,815,278,1.59683192261185,1.2959649280575538,62.0,81.3,0.5575539568345323
22384,LUNCH BAG PINK RETROSPOT,14391.72,8916,812,375,1.8455259975816203,1.6141453566621802,128.0,190.4,1.4356213548676535
22352,LUNCH BOX WITH CUTLERY RETROSPOT,14348.82,5679,887,316,3.190011248593926,2.5266455361859483,31.0,78.6,0.5458707518929389
20748,KENSINGTON COFFEE SET,14266.98,1600,183,86,12.383224043715847,8.9168625,0.0,0.0,0.0
21169,YOU'RE CONFUSING ME METAL SIGN,14262.61,8856,772,278,2.130267857142857,1.6105024841915085,33.0,54.57,0.37262872628726285
21955,DOORMAT UNION JACK GUNS AND ROSES,14236.9,2349,401,201,8.678539603960397,6.060834397616007,12.0,83.4,0.5108556832694764
23200,JUMBO BAG PEARS,14188.960000000001,7067,595,262,2.4302508361204014,2.0077769916513373,134.0,243.63000000000002,1.896136974671006
84380,SET OF 3 BUTTERFLY COOKIE CUTTERS,14076.34,10405,1114,490,1.6672395369545858,1.3528438250840942,219.0,251.39,2.1047573282075924
22627,MINT KITCHEN SCALES,14016.8,1609,660,322,9.371104387291982,8.71149782473586,16.0,125.71000000000001,0.9944064636420136
35400,WOODEN BOX ADVENT CALENDAR,13999.1,1435,419,241,10.473995271867611,9.755470383275261,91.0,779.4499999999999,6.341463414634147
23343,JUMBO BAG VINTAGE CHRISTMAS,13972.710000000001,6078,476,286,2.417366255144033,2.298899308983218,271.0,505.68,4.458703520895031
21257,VICTORIAN SEWING BOX MEDIUM,13968.48,1549,532,206,10.49658536585366,9.017740477727566,27.0,205.3,1.7430600387346677
22236,CAKE STAND 3 TIER MAGIC GARDEN,13965.519999999999,1127,421,251,13.37624703087886,12.391765749778171,95.0,1121.25,8.429458740017747
22271,FELTCRAFT DOLL ROSIE,13921.730000000001,4866,787,400,3.2711712846347605,2.8610213727907934,304.0,839.2,6.247431154952733
21668,RED STRIPE CERAMIC DRAWER KNOB,13912.17,10357,825,255,1.6418127250900358,1.3432625277590036,87.0,106.42,0.8400115863667086
22366,DOORMAT AIRMAIL,13875.59,2089,433,200,9.173718244803695,6.642216371469603,29.0,209.97000000000003,1.3882240306366682
22295,HEART FILIGREE DOVE LARGE,13873.539999999999,8411,706,381,1.8310082872928175,1.649451908215432,48.0,79.19999999999999,0.5706812507430745
21888,BINGO SET,13862.17,3525,828,444,4.5841927710843375,3.9325304964539005,97.0,363.75,2.75177304964539
22444,GROW YOUR OWN PLANT IN A CAN,13856.6,10135,456,249,1.5685557986870895,1.3672027627035028,114.0,142.5,1.1248149975333004
21259,VICTORIAN SEWING BOX SMALL,13843.92,2293,655,300,6.926051829268292,6.03747056258177,27.0,155.65,1.1774967291757523
21669,BLUE STRIPE CERAMIC DRAWER KNOB,13839.18,10578,805,262,1.5683516483516484,1.308298355076574,106.0,147.32,1.002079788239743
79323P,PINK CHERRY LIGHTS,13787.93,2281,265,132,7.28390977443609,6.044686540990794,693.0,4021.35,30.38141166155195
22621,TRADITIONAL KNITTING NANCY,13784.32,8726,875,507,1.8153475336322868,1.5796837038734814,85.0,114.05,0.9741003896401559
22776,SWEETHEART CAKESTAND 3 TIER,13753.38,1378,526,347,10.917756653992395,9.980682148040637,110.0,1010.4,7.982583454281568
22109,FULL ENGLISH BREAKFAST PLATE,13750.11,3339,643,205,5.125307692307692,4.118032345013478,78.0,271.26,2.336028751123091
23077,DOUGHNUT LIP GLOSS,13695.77,10395,344,217,1.345436046511628,1.3175343915343916,60.0,75.0,0.5772005772005772
47556B,TEA TIME TEA TOWELS,13691.02,5201,449,209,3.198761061946903,2.6323822341857337,156.0,402.6,2.9994231878484907
22191,IVORY DINER WALL CLOCK,13689.85,1659,500,282,8.788469184890657,8.251868595539483,345.0,2662.2000000000003,20.795660036166367
21871,SAVE THE PLANET MUG,13654.89,11492,779,299,1.7336513994910943,1.1882083188304908,806.0,892.19,7.013574660633484
48116,DOORMAT MULTICOLOUR STRIPE,13634.35,2351,258,112,9.218139534883722,5.7993832411739685,3.0,24.15,0.12760527435133986
21390,FILIGRIS HEART WITH BUTTERFLY,13552.97,10937,588,280,1.4604628099173553,1.2391853341867056,75.0,93.75,0.6857456340861297
22636,CHILDS BREAKFAST SET CIRCUS PARADE,13437.03,1619,489,312,8.789838056680162,8.299586164298951,45.0,375.7,2.7794935145151327
C2,CARRIAGE,13426.0,268,267,45,50.21722846441948,50.09701492537314,7.0,290.0,2.6119402985074625
23356,LOVE HOT WATER BOTTLE,13334.32,2359,476,316,6.205617283950618,5.652530733361594,9.0,53.55,0.38151759220008474
23207,LUNCH BAG ALPHABET DESIGN,13325.55,7830,740,377,1.9909656084656082,1.7018582375478926,448.0,659.6,5.721583652618135
22207,FRYING PAN UNION FLAG,13298.57,3103,480,189,5.545791666666667,4.285713825330325,85.0,324.75,2.7392845633258136
23108,SET OF 10 LED DOLLY LIGHTS,13290.519999999999,2219,372,271,6.469919571045577,5.989418657052726,64.0,317.6,2.8841820639927898
21673,WHITE SPOT BLUE CERAMIC DRAWER KNOB,13272.39,10051,763,263,1.630585175552666,1.3205044274201572,103.0,143.95,1.02477365436275
23328,SET 6 SCHOOL MILK BOTTLES IN CRATE,13269.49,2841,405,195,4.845672371638142,4.670711017247448,8.0,29.64,0.2815909890883492
21098,CHRISTMAS TOILET ROLL,13263.93,8537,596,269,1.6363474025974025,1.5536991917535434,219.0,246.39,2.5653039709499827
21704,BAG 250G SWIRLY MARBLES,13235.16,17175,568,287,0.9764982578397212,0.7706061135371179,702.0,512.07,4.0873362445414845
21080,SET/20 RED RETROSPOT PAPER NAPKINS,13231.539999999999,15390,1181,493,1.0795594347464672,0.8597491877842754,22.0,18.7,0.142949967511371
22846,BREAD BIN DINER STYLE RED,13213.97,823,344,189,17.592318840579708,16.055856622114216,28.0,450.59999999999997,3.402187120291616
15044A,PINK PAPER PARASOL,13210.85,4964,250,116,3.5974,2.6613315874294923,3.0,8.05,0.06043513295729251
48187,DOOR MAT NEW ENGLAND,13201.61,2023,464,253,7.542844827586207,6.525758774097874,3.0,21.73,0.14829461196243204
22356,CHARLOTTE BAG PINK POLKADOT,13172.0,11222,907,269,1.2303787878787877,1.173765817144894,268.0,203.23,2.3881661022990555
75049L,LARGE CIRCULAR MIRROR MOBILE,13153.8,13968,344,106,1.554119318181818,0.9417096219931271,903.0,808.75,6.4647766323024065
22580,ADVENT CALENDAR GINGHAM SACK,13141.08,2326,496,275,6.1263581488933605,5.649647463456578,64.0,331.8,2.751504729148753
21935,SUKI SHOULDER BAG,13103.21,7127,921,234,2.310639913232104,1.8385309386838782,131.0,196.15,1.8380805387961274
22088,PAPER BUNTING COLOURED LACE,13076.880000000001,4399,619,266,3.5205271565495204,2.972693794044101,75.0,198.04999999999998,1.7049329393043873
22553,PLASTERS IN TIN SKULLS,13013.149999999998,7818,1091,507,1.9000811541929667,1.6645113839856738,96.0,158.39999999999998,1.2279355333844972
22464,HANGING METAL HEART LANTERN,12985.31,7853,787,397,1.90234335839599,1.6535476887813574,250.0,378.9,3.183496752833312
48129,DOORMAT TOPIARY,12927.53,2087,337,183,8.565,6.194312410158122,23.0,159.15,1.1020603737422137
84988,SET OF 72 PINK HEART PAPER DOILIES,12913.24,8305,1019,379,2.097966764418377,1.5548753762793497,64.0,91.27,0.7706201083684527
21906,PHARMACIE FIRST AID TIN,12879.460000000001,1786,424,214,8.386713615023474,7.211343784994401,39.0,263.25,2.1836506159014557
22766,PHOTO FRAME CORNICE,12864.25,4367,640,343,3.1835038759689924,2.945786581177009,63.0,185.85000000000002,1.4426379665674376
22655,VINTAGE RED KITCHEN CABINET,12845.0,76,53,45,186.32075471698113,169.01315789473685,12.0,2320.5,15.789473684210526
22838,3 TIER CAKE TIN RED AND CREAM,12837.46,894,263,177,16.882623574144485,14.359574944071587,137.0,1801.75,15.324384787472036
21216,"SET 3 RETROSPOT TEA,COFFEE,SUGAR",12764.91,2384,498,174,7.369304174950297,5.3544085570469795,18.0,87.7,0.7550335570469799
22584,PACK OF 6 PANNETONE GIFT BOXES,12739.15,4989,571,408,2.852374350086655,2.55344758468631,183.0,390.15000000000003,3.668069753457607
22947,WOODEN ADVENT CALENDAR RED,12704.15,1011,209,124,14.754761904761905,12.565924826904055,15.0,221.26999999999998,1.483679525222552
22303,COFFEE MUG APPLES DESIGN,12701.630000000001,5439,540,266,2.72731977818854,2.3352877367163085,139.0,336.45,2.555616841331127
22646,CERAMIC STRAWBERRY CAKE MONEY BANK,12654.71,8918,883,404,1.8664022346368716,1.419007625028033,109.0,155.0,1.2222471406144875
22365,DOORMAT RESPECTABLE HOUSE,12524.1,1953,323,146,9.087987616099072,6.4127496159754225,2.0,15.9,0.10240655401945725
22616,PACK OF 12 LONDON TISSUES,12460.16,39351,826,319,0.42465558194774344,0.316641508475007,72.0,22.08,0.18296866661584205
21535,RED RETROSPOT SMALL MILK JUG,12456.39,5058,815,379,2.8212681159420288,2.4627105575326214,55.0,139.35,1.0873863187030448
62018,SOMBRERO,12450.85,9567,127,70,1.7956692913385826,1.3014372321521899,0.0,0.0,0.0
22623,BOX OF VINTAGE JIGSAW BLOCKS,12432.28,2313,542,334,5.657463235294117,5.374958927799395,79.0,355.05,3.4154777345438823
22804,CANDLEHOLDER PINK HANGING HEART,12411.640000000001,4381,594,325,3.1330198019801982,2.833060944989729,340.0,875.0,7.760785208856426
22144,CHRISTMAS CRAFT LITTLE FRIENDS,12382.47,5134,704,392,2.5934078212290506,2.4118562524347484,47.0,98.7,0.9154655239579276
85014A,BLACK/BLUE DOTS RUFFLED UMBRELLA,12363.970000000001,2967,302,184,6.266611842105263,4.167162116616111,2.0,11.9,0.06740815638692282
23174,REGENCY SUGAR BOWL GREEN,12342.43,3055,322,190,4.795123456790124,4.040075286415712,88.0,345.2,2.8805237315875614
21671,RED SPOT CERAMIC DRAWER KNOB,12339.32,9488,727,265,1.6134520547945204,1.3005185497470488,170.0,237.31,1.791736930860034
21156,RETROSPOT CHILDRENS APRON,12324.05,6631,634,335,2.3205180533751966,1.8585507464937414,71.0,138.45,1.0707283969235408
22631,CIRCUS PARADE LUNCH BOX,12239.9,6274,663,270,2.4940118870728085,1.9508925725215174,35.0,68.25,0.5578578259483583
85042,ANTIQUE LILY FAIRY LIGHTS,12234.56,2694,293,142,4.947550335570471,4.541410541945063,168.0,757.4,6.23608017817372
15056P,EDWARDIAN PARASOL PINK,12228.92,2473,344,186,6.234869565217392,4.94497371613425,313.0,1091.05,12.656692276587142
22082,RIBBON REEL STRIPES DESIGN,12192.05,7267,957,512,1.8920799180327867,1.6777280858676207,31.0,51.15,0.42658593642493464
21080,SET/20 RED SPOTTY PAPER NAPKINS,12185.39,15688,942,481,0.9671593291404612,0.7767331718510964,631.0,414.96999999999997,4.0221825599184085
22301,COFFEE MUG CAT + BIRD DESIGN,12124.78,5012,646,273,3.162391975308642,2.41915003990423,76.0,192.0,1.5163607342378291
22192,BLUE DINER WALL CLOCK,12104.8,1426,543,260,8.901544117647058,8.488639551192145,31.0,252.45,2.1739130434782608
21670,BLUE SPOT CERAMIC DRAWER KNOB,12074.4,8847,768,260,1.6361707632600258,1.3648016276703967,72.0,100.0,0.8138351983723295
20969,RED FLORAL FELTCRAFT SHOULDER BAG,12066.52,3237,613,285,4.244845528455285,3.7276861291319126,145.0,491.91,4.479456286685203
21937,STRAWBERRY PICNIC BAG,12038.82,4100,657,286,3.6050832072617247,2.9362975609756097,58.0,169.10000000000002,1.4146341463414636
84212,"ASSORTED FLOWER COLOUR ""LEIS""",11961.49,24794,277,140,0.8430935251798561,0.4824348632733726,72.0,46.8,0.2903928369766879
84987,SET OF 36 TEATIME PAPER DOILIES,11864.15,8138,812,406,1.8061029411764706,1.4578704841484393,70.0,97.69999999999999,0.8601622020152371
22729,ALARM CLOCK BAKELIKE ORANGE,11864.0,2999,612,236,4.47391935483871,3.9559853284428144,35.0,130.89,1.1670556852284095
22488,NATURAL SLATE RECTANGLE CHALKBOARD,11788.06,6905,808,426,1.9600369913686806,1.7071774076755972,49.0,80.85,0.7096307023895728
23300,GARDENERS KNEELING PAD CUP OF TEA,11785.99,6809,758,351,1.9087597911227152,1.7309428697312381,152.0,231.6,2.232339550594801
21428,SET3 BOOK BOX GREEN GINGHAM FLOWER,11762.93,2883,465,228,5.06049356223176,4.080100589663545,42.0,166.0,1.45681581685744
20750,RED/WHITE DOT MINI CASES,11748.16,1622,401,246,7.9983168316831685,7.243008631319359,3.0,22.25,0.18495684340320592
22791,T-LIGHT GLASS FLUTED ANTIQUE,11728.69,9458,434,226,1.5024827586206897,1.240081412560795,190.0,209.0,2.0088813702685555
22750,FELTCRAFT PRINCESS LOLA DOLL,11697.6,3125,647,362,4.025092024539878,3.7432320000000003,10.0,37.5,0.32
22943,CHRISTMAS LIGHTS 10 VINTAGE BAUBLES,11696.64,2381,356,215,5.995530726256984,4.912490550188996,39.0,190.25,1.637967240655187
47567B,TEA TIME KITCHEN APRON,11683.27,2166,348,179,6.212670454545455,5.393938134810711,13.0,76.05000000000001,0.6001846722068329
21485,RED SPOT HEART HOT WATER BOTTLE,11670.66,2425,455,282,5.425271149674621,4.812643298969072,14.0,69.30000000000001,0.5773195876288659
22151,PLACE SETTING WHITE HEART,11609.19,27562,716,361,0.5367527173913044,0.42120274290690085,915.0,332.46,3.3197881140700964
21326,AGED GLASS SILVER T-LIGHT HOLDER,11593.86,17770,643,307,0.8101834862385321,0.6524400675295442,102.0,66.3,0.5740011254924029
23581,JUMBO BAG PAISLEY PARK,11581.83,5020,338,230,2.256289855072464,2.3071374501992032,122.0,224.76,2.4302788844621515
21260,FIRST AID TIN,11564.43,3512,534,303,3.8146654275092935,3.292833143507973,61.0,197.25,1.7369020501138952
22508,DOORSTOP RETROSPOT HEART,11561.95,2880,697,400,4.388196022727272,4.014565972222223,26.0,97.5,0.9027777777777777
22468,BABUSHKA LIGHTS STRING OF 10,11542.6,1736,413,196,7.8801694915254235,6.648963133640553,58.0,352.3,3.3410138248847927
48185,DOOR MAT FAIRY CAKE,11532.31,1729,387,182,8.218333333333334,6.669930595720069,4.0,28.48,0.23134759976865238
22637,PIGGY BANK RETROSPOT,11492.82,4480,599,329,3.0113,2.565361607142857,69.0,171.9,1.5401785714285716
22663,JUMBO BAG DOLLY GIRL DESIGN,11465.29,5764,688,268,2.4382778581765554,1.9891204024982652,34.0,66.3,0.5898681471200555
22649,STRAWBERRY FAIRY CAKE TEAPOT,11462.58,2292,487,198,5.709635627530364,5.001125654450262,72.0,352.90000000000003,3.1413612565445024
21172,PARTY METAL SIGN,11382.16,7686,972,420,1.910576923076923,1.4808951340098881,77.0,110.85,1.0018214936247722
22367,CHILDRENS APRON SPACEBOY DESIGN,11365.8,5738,849,450,2.3195657276995303,1.980794701986755,51.0,99.45,0.8888114325548973
21429,RED GINGHAM ROSE JEWELLERY BOX,11342.25,6359,997,418,2.1040532544378694,1.7836530901085077,70.0,120.3,1.1008020128951093
22988,SOLDIERS EGG CUP,11238.45,9363,446,207,1.4986474501108646,1.200304389618712,112.0,132.78,1.1961977998504754
22844,VINTAGE CREAM DOG FOOD CONTAINER,11199.64,1181,489,221,10.608028455284552,9.483183742591024,29.0,236.3,2.4555461473327687
21922,UNION STRIPE WITH FRINGE HAMMOCK,11199.18,1445,390,204,8.812122762148338,7.750297577854671,27.0,190.64999999999998,1.8685121107266434
72351B,SET/6 PINK BUTTERFLY T-LIGHTS,11184.890000000001,5785,499,208,2.362924901185771,1.9334295592048403,127.0,221.60000000000002,2.19533275713051
22968,ROSE COTTAGE KEEPSAKE BOX,11184.82,1127,306,182,11.719281045751634,9.924418811002662,26.0,248.54999999999998,2.3070097604259097
47599A,PINK PARTY BAGS,11180.57,5967,369,202,2.2879892761394105,1.8737338696162225,160.0,247.35999999999999,2.6814144461203284
22795,SWEETHEART RECIPE BOOK STAND,11175.81,1597,498,227,7.921394422310757,6.998002504696306,23.0,118.95,1.440200375704446
21868,POTTING SHED TEA MUG,11163.64,9075,881,377,1.6171621621621621,1.2301531680440771,207.0,250.39,2.28099173553719
22417,PACK OF 60 SPACEBOY CAKE CASES,11159.9,21451,1103,521,0.7101066666666667,0.5202508041583143,114.0,62.699999999999996,0.5314437555358724
21735,TWO DOOR CURIO CABINET,11112.85,853,262,139,15.352824427480916,13.027960140679953,224.0,2535.6,26.260257913247365
47591D,PINK FAIRY CAKE CHILDRENS APRON,11103.119999999999,5952,751,393,2.1309473684210527,1.8654435483870966,12.0,23.4,0.20161290322580644
23170,REGENCY TEA PLATE ROSES,11097.249999999998,6857,445,224,2.075707865168539,1.6183826746390546,718.0,1046.3,10.471051480239172
22620,4 TRADITIONAL SPINNING TOPS,11073.449999999999,8182,842,449,1.570745920745921,1.353391591297971,16.0,20.4,0.1955512099731117
22834,HAND WARMER BABUSHKA DESIGN,11072.83,6792,592,297,2.291513157894737,1.630275323910483,215.0,331.25,3.1654888103651357
22768,FAMILY PHOTO FRAME CORNICE,11064.72,1158,354,243,10.684241573033708,9.55502590673575,38.0,375.2,3.281519861830743
22198,LARGE POPCORN HOLDER,11063.4,6323,554,212,2.061032028469751,1.7497074173651748,176.0,284.59999999999997,2.783488850229322
B,ADJUST BAD DEBT,11062.06,1,1,0,11062.06,11062.06,0.0,0.0,0.0
21155,RED RETROSPOT PEG BAG,11060.2,4003,605,247,3.0693126022913257,2.762977766674994,239.0,512.7,5.970522108418686
22130,PARTY CONE CHRISTMAS DECORATION,10991.21,9737,424,298,1.8005092592592593,1.1288086679675464,183.0,136.70000000000002,1.8794289822327206
21844,RED RETROSPOT MUG,10986.43,3893,340,195,3.266140350877193,2.8220986385820703,34.0,99.9,0.8733624454148471
22694,WICKER STAR,10958.6,4893,858,484,2.4002183908045978,2.239648477416718,180.0,348.0,3.678724708767627
21210,SET OF 72 RETRO SPOT PAPER DOILIES,10949.4,7671,554,292,1.7337589928057555,1.427375831052014,7.0,10.15,0.09125277017338027
20828,GLITTER BUTTERFLY CLIPS,10940.48,4423,607,261,2.935849358974359,2.4735428442233776,30.0,76.5,0.6782726656115758
22668,PINK BABY BUNTING,10898.05,3587,579,296,3.9153886010362697,3.0382074156676886,67.0,177.65,1.8678561471982158
22667,RECIPE BOX RETROSPOT,10891.7,3886,670,338,3.0047275405007365,2.802804940813176,113.0,319.75,2.907874420998456
21907,I'M ON HOLIDAY METAL SIGN,10866.220000000001,5163,771,381,2.2837194337194338,2.1046329653302345,21.0,44.1,0.40674026728646134
22950,36 DOILIES VINTAGE CHRISTMAS,10823.97,7851,342,251,1.5666184971098265,1.3786740542606037,612.0,772.2,7.795185326709973
37370,RETRO COFFEE MUGS ASSORTED,10821.29,7145,492,184,5.550721442885772,1.514526242127362,47.0,57.42,0.6578026592022393
23209,LUNCH BAG VINTAGE DOILY,10797.0,6548,601,319,1.8969934640522876,1.6489004276114845,36.0,59.2,0.5497861942577886
21086,SET/6 RED SPOTTY PAPER CUPS,10781.81,16658,843,311,0.8944613583138173,0.6472451674870933,792.0,422.64000000000004,4.754472325609317
21210,SET OF 72 RETROSPOT PAPER DOILIES,10777.789999999999,7447,607,313,1.7963382594417077,1.4472660131596615,144.0,187.4,1.9336645629112394
22274,FELTCRAFT DOLL EMILY,10770.070000000002,3773,656,344,3.2660060514372162,2.854510999204877,74.0,199.10000000000002,1.9613040021203287
22904,CALENDAR PAPER CUT DESIGN,10755.050000000001,3467,463,269,3.3329550321199144,3.1021199884626482,322.0,885.9,9.287568503028556
21035,SET/2 RED RETROSPOT TEA TOWELS,10684.21,3335,503,191,4.400216962524654,3.203661169415292,205.0,564.75,6.146926536731634
21833,CAMOUFLAGE LED TORCH,10681.67,6239,444,210,2.048943820224719,1.7120804616124379,190.0,297.5,3.0453598333066196
21624,VINTAGE UNION JACK DOORSTOP,10641.15,1771,403,281,6.616987654320988,6.0085544889892715,25.0,128.75,1.4116318464144553
21974,SET OF 36 PAISLEY FLOWER DOILIES,10622.15,7046,808,355,1.989320987654321,1.5075432869713312,140.0,201.45,1.9869429463525403
22064,PINK DOUGHNUT TRINKET POT,10592.66,6607,694,213,2.13990099009901,1.6032480702285454,137.0,221.24999999999997,2.073558347207507
21524,DOOR MAT SPOTTY HOME SWEET HOME,10563.06,1773,287,170,7.776562500000001,5.957732656514382,0.0,0.0,0.0
48111,DOOR MAT 3 SMILEY CATS,10532.27,1830,285,125,7.744666666666666,5.755338797814208,14.0,86.5,0.7650273224043715
22179,SET 10 LIGHTS NIGHT OWL,10509.880000000001,1518,396,165,8.223400503778338,6.923504611330699,14.0,92.9,0.922266139657444
23209,LUNCH BAG DOILEY PATTERN,10502.19,6551,492,290,1.7325754527162975,1.6031430315982294,4.0,6.6,0.0610593802472905
22302,COFFEE MUG PEARS DESIGN,10492.45,4926,396,212,2.723233082706767,2.130014210312627,37.0,94.35,0.7511165245635404
22812,PACK 3 BOXES CHRISTMAS PANNETONE,10485.949999999999,4803,438,266,2.507839643652561,2.1832084114095354,41.0,79.94999999999999,0.8536331459504476
21121,SET/10 RED POLKADOT PARTY CANDLES,10451.93,8654,485,301,1.349061224489796,1.2077571065403283,96.0,120.0,1.1093136122024498
21890,S/6 WOODEN SKITTLES IN COTTON BAG,10451.6,3490,548,335,3.7205405405405405,2.994727793696275,10.0,30.200000000000003,0.28653295128939826
23208,LUNCH BAG VINTAGE LEAF DESIGN,10441.91,6308,668,305,1.9362038404726736,1.6553440076093848,73.0,109.85,1.157260621433101
22418,10 COLOUR SPACEBOY PEN,10397.33,12290,585,331,1.015704584040747,0.8459991863303499,208.0,176.79999999999998,1.6924328722538649
21982,PACK OF 12 SUKI TISSUES,10395.88,32086,718,335,0.45087431693989066,0.32400049865985164,37.0,10.83,0.11531509069376053
22174,PHOTO CUBE,10374.33,5122,557,178,2.52070796460177,2.0254451386177275,48.0,79.19999999999999,0.9371339320577898
22992,REVOLVER WOODEN RULER,10373.99,5233,348,217,2.2714044943820224,1.9824173514236576,716.0,1193.4,13.682400152875978
22725,ALARM CLOCK BAKELIKE CHOCOLATE,10324.92,2518,549,217,4.72523381294964,4.100444797458301,57.0,213.75,2.2637013502779983
84997B,CHILDRENS CUTLERY RETROSPOT RED,10316.86,2634,262,157,4.4931698113207545,3.916803340926348,6.0,22.5,0.22779043280182232
22120,WELCOME WOODEN BLOCK LETTERS,10314.19,1018,367,196,11.28659400544959,10.131817288801573,19.0,187.6,1.8664047151277015
22089,PAPER BUNTING VINTAGE PAISLEY,10303.35,3530,553,290,3.377241992882562,2.9187960339943344,61.0,173.89999999999998,1.7280453257790367
48194,DOOR MAT HEARTS,10298.44,1709,318,188,7.8927499999999995,6.026003510825044,3.0,22.47,0.17554125219426564
22740,POLKADOT PEN,10293.71,12049,275,142,1.1078985507246375,0.8543206905137355,0.0,0.0,0.0
20724,RED SPOTTY CHARLOTTE BAG,10231.44,11536,781,282,1.0475923566878982,0.8869140083217754,95.0,80.1,0.823509015256588
22380,TOY TIDY SPACEBOY,10217.66,4966,690,300,2.4576734104046243,2.0575231574708015,45.0,94.5,0.9061619009262988
23582,VINTAGE DOILY JUMBO BAG RED,10206.41,4802,259,186,2.2147709923664123,2.1254498125780925,121.0,222.68,2.5197834235735113
22748,POPPY'S PLAYHOUSE KITCHEN,10161.4,4142,742,410,2.4121276595744683,2.453259295026557,17.0,35.7,0.4104297440849831
21892,TRADITIONAL WOODEN CATCH CUP GAME,10151.28,7826,818,447,1.570631704410012,1.2971224124712497,54.0,67.5,0.6900076667518528
84997C,CHILDRENS CUTLERY POLKADOT BLUE,10150.76,2582,233,150,4.406824034334764,3.93135553834237,6.0,22.9,0.23237800154918667
22970,LONDON BUS COFFEE MUG,10140.6,4334,317,180,2.730219435736677,2.339778495616059,16.0,33.6,0.36917397323488693
21033,JUMBO BAG CHARLIE AND LOLA TOYS,10132.11,4590,573,163,3.3389703315881327,2.2074313725490198,11.0,31.29,0.23965141612200436
22966,GINGERBREAD MAN COOKIE CUTTER,10131.26,8219,732,422,1.440776439089692,1.232663341039056,5.0,6.25,0.06083465141744738
21781,MA CAMPAGNE CUTLERY BOX,10125.72,655,363,150,16.549700272479562,15.459114503816792,44.0,600.6,6.7175572519083975
84792,ENCHANTED BIRD COATHANGER 5 HOOK,10119.51,2297,519,248,5.2575623800383875,4.405533304309969,69.0,270.45,3.0039181541140616
22771,CLEAR DRAWER KNOB ACRYLIC EDWARDIAN,10117.08,7465,511,201,1.5409441233140655,1.3552685867381111,30.0,37.5,0.4018754186202277
22381,TOY TIDY PINK POLKADOT,10090.01,4712,589,177,2.941208053691275,2.14134337860781,27.0,56.45,0.5730050933786078
23171,REGENCY TEA PLATE GREEN,10051.99,6247,381,195,2.128433420365535,1.609090763566512,97.0,146.25,1.5527453177525212
21558,SKULL LUNCH BOX WITH CUTLERY,10014.54,3909,703,253,3.2565963431786216,2.5619186492709134,9.0,22.95,0.23023791250959325
21756,BATH BUILDING BLOCK WORD,9944.65,1612,581,327,6.565616438356165,6.169137717121588,6.0,35.7,0.37220843672456577
22327,ROUND SNACK BOXES SET OF 4 SKULLS,9943.550000000001,3074,651,256,3.7727218045112783,3.2347267404033837,22.0,64.5,0.715679895901106
23076,ICE CREAM SUNDAE LIP GLOSS,9935.76,8076,277,202,1.35028880866426,1.2302823179791977,28.0,35.0,0.3467062902426944
22131,FOOD CONTAINER SET 3 LOVE HEART,9914.89,5243,692,276,2.551026722925457,1.891071905397673,16.0,29.1,0.30516879649055884
84880,WHITE WIRE EGG HOLDER,9894.99,1729,375,185,6.7271618037135275,5.722955465587044,13.0,78.9,0.7518796992481203
22300,COFFEE MUG DOG + BALL DESIGN,9891.4,4117,527,254,3.0054613935969865,2.402574690308477,63.0,160.65,1.5302404663589992
85232B,SET/3 RUSSIAN DOLL STACKING TINS,9867.14,1968,371,154,5.845614973262033,5.013790650406504,42.0,205.1,2.1341463414634148
22429,ENAMEL MEASURING JUG CREAM,9844.039999999999,2288,628,364,4.799809825673534,4.302465034965034,42.0,178.5,1.8356643356643356
20829,GLITTER HANGING BUTTERFLY STRING,9825.02,4820,481,207,2.4219755600814663,2.0383858921161826,1094.0,1801.96,22.69709543568465
48184,DOOR MAT ENGLISH ROSE,9816.33,1482,326,184,7.739815950920245,6.623704453441295,3.0,22.47,0.20242914979757085
21488,RED WHITE SCARF HOT WATER BOTTLE,9784.58,2384,359,216,4.569120879120879,4.104270134228188,0.0,0.0,0.0
22645,CERAMIC HEART FAIRY CAKE MONEY BANK,9765.529999999999,5441,737,338,2.020107671601615,1.794804263922073,87.0,125.94999999999999,1.5989707774306194
22745,POPPY'S PLAYHOUSE BEDROOM,9764.64,3976,703,377,2.482682584269663,2.4558953722334,13.0,27.299999999999997,0.3269617706237425
79000,MOROCCAN TEA GLASS,9759.91,11973,436,195,1.3779587155963302,0.8151599432055457,238.0,171.89999999999998,1.9878058966006849
23240,SET OF 4 KNICK KNACK TINS DOILY,9726.48,2352,353,230,4.541388888888889,4.135408163265306,27.0,111.65,1.1479591836734695
22549,PICTURE DOMINOES,9718.41,6521,711,403,1.8593767313019391,1.4903251035117313,1.0,1.45,0.015335071308081582
47570B,TEA TIME TABLE CLOTH,9622.27,973,224,129,11.808805309734513,9.88928057553957,2.0,21.3,0.20554984583761562
84997D,PINK 3 PIECE POLKADOT CUTLERY SET,9621.970000000001,2634,280,172,4.037937062937063,3.652987851176918,31.0,116.25,1.1769172361427487
22840,ROUND CAKE TIN VINTAGE RED,9602.6,1264,392,273,8.261479591836734,7.596993670886076,29.0,229.55,2.2943037974683547
22665,RECIPE BOX BLUE SKETCHBOOK DESIGN,9589.84,2964,709,326,3.739410939691445,3.2354385964912282,45.0,129.95000000000002,1.5182186234817814
23175,REGENCY MILK JUG PINK,9587.15,3160,329,206,3.8787915407854987,3.033908227848101,80.0,225.5,2.5316455696202533
22978,PANTRY ROLLING PIN,9564.98,2464,238,153,4.3442436974789915,3.8818912337662335,75.0,272.61,3.043831168831169
85099B,RED RETROSPOT JUMBO BAG,9563.89,5417,210,157,2.143490566037736,1.7655325826103008,16.0,30.6,0.29536643898836995
22381,TOY TIDY PINK RETROSPOT,9529.53,4553,511,241,2.4802912621359225,2.093022183175928,3.0,6.300000000000001,0.06589062156819679
82552,WASHROOM METAL SIGN,9527.16,6955,794,346,1.5468875,1.3698289000718906,7.0,8.75,0.100647016534867
35961,FOLKART ZINC HEART CHRISTMAS DEC,9514.78,11430,637,262,1.1431424148606812,0.8324391951006125,1.0,0.85,0.008748906386701661
16014,SMALL CHINESE STYLE SCISSOR,9513.1,29355,93,46,0.39526881720430107,0.3240708567535343,0.0,0.0,0.0
22767,TRIPLE PHOTO FRAME CORNICE,9478.23,1004,295,197,10.317710437710437,9.440468127490039,40.0,398.0,3.9840637450199203
22942,CHRISTMAS LIGHTS 10 SANTAS,9466.41,1221,246,176,8.545263157894736,7.752997542997543,77.0,612.8500000000001,6.306306306306306
82001S,VINYL RECORD FRAME SILVER,9463.64,2639,204,83,4.134126213592233,3.5860704812428947,11.0,40.53,0.4168245547555892
85014A,BLACK/BLUE POLKADOT UMBRELLA,9433.61,1656,382,238,6.3690575916230365,5.696624396135266,6.0,35.7,0.36231884057971014
21539,RED RETROSPOT BUTTER DISH,9408.77,1861,539,235,5.802058823529412,5.055760343901128,47.0,223.26000000000002,2.525523911875336
21716,BOYS VINTAGE TIN SEASIDE BUCKET,9397.07,3709,496,241,3.3368737474949897,2.53358587220275,10.0,25.5,0.26961445133459155
20970,PINK FLORAL FELTCRAFT SHOULDER BAG,9387.29,2490,574,278,4.142339688041595,3.7699959839357433,3.0,11.25,0.12048192771084339
21385,IVORY HANGING DECORATION HEART,9358.94,10832,690,320,1.0488716502115656,0.8640084933530281,6.0,5.1,0.055391432791728215
22357,KINGS CHOICE BISCUIT TIN,9352.41,2089,467,259,5.068800856531049,4.476979415988511,48.0,198.0,2.297750119674485
84692,BOX OF 24 COCKTAIL PARASOLS,9336.68,19110,1129,348,0.6253571428571428,0.48857561486132917,207.0,86.94,1.0832025117739403
22656,VINTAGE BLUE KITCHEN CABINET,9290.0,45,37,30,214.86486486486487,206.44444444444446,13.0,2368.5,28.888888888888886
21658,GLASS BEURRE DISH,9271.89,2225,519,166,5.327878787878788,4.167141573033708,90.0,351.44,4.044943820224719
22219,LOVEBIRD HANGING DECORATION WHITE,9270.48,9771,1149,384,1.1349401709401707,0.9487749462695731,123.0,93.89,1.2588271415412957
20747,PICCADILLY TEA SET,9224.92,683,108,48,15.723703703703702,13.506471449487554,4.0,55.4,0.5856515373352855
23319,BOX OF 6 MINI 50'S CRACKERS,9219.53,3720,403,300,2.651167883211679,2.4783682795698927,116.0,244.97000000000003,3.118279569892473
21745,GAOLERS KEYS DECORATIVE GARDEN,9201.49,2699,486,236,3.953394308943089,3.409221934049648,19.0,71.25,0.7039644312708411
22741,FUNKY DIVA PEN,9173.029999999999,10652,292,132,1.0997610921501706,0.8611556515208411,51.0,43.349999999999994,0.4787833270747278
22121,NOEL WOODEN BLOCK LETTERS,9167.61,1482,439,303,6.627573033707865,6.185971659919029,8.0,47.6,0.5398110661268556
23318,BOX OF 6 MINI VINTAGE CRACKERS,9162.41,3809,376,270,2.7416492146596863,2.4054633762142292,168.0,368.71000000000004,4.4106064583880285
23080,RED METAL BOX TOP SECRET,9117.62,1074,257,148,9.339272030651342,8.489404096834265,11.0,90.75,1.0242085661080074
21933,PINK VINTAGE PAISLEY PICNIC BAG,9087.63,4116,625,294,2.4375316455696203,2.2078790087463553,21.0,58.050000000000004,0.5102040816326531
21777,RECIPE BOX WITH METAL HEART,9075.51,1126,367,169,9.097527173913043,8.059955595026643,15.0,119.25,1.3321492007104796
84030E,ENGLISH ROSE HOT WATER BOTTLE,9042.15,2122,485,254,4.866748466257669,4.261145146088595,13.0,55.25,0.6126295947219604
22195,LARGE HEART MEASURING SPOONS,9005.64,5043,806,321,2.2512576312576313,1.7857703747769185,19.0,28.349999999999998,0.3767598651596272
22989,SET 2 PANTRY DESIGN TEA TOWELS,8999.27,2811,372,241,3.6862698412698416,3.2014478833155464,24.0,78.0,0.8537886872998933
21715,GIRLS VINTAGE TIN SEASIDE BUCKET,8987.24,3553,487,255,3.257576374745417,2.529479313256403,33.0,69.75,0.9287925696594427
21985,PACK OF 12 HEARTS DESIGN TISSUES,8972.11,25523,919,493,0.4081974248927039,0.35153038435920547,108.0,31.319999999999997,0.42314774908905695
22371,AIRLINE BAG VINTAGE TOKYO 78,8936.8,1840,690,285,5.316320346320347,4.85695652173913,18.0,76.88,0.9782608695652175
22141,CHRISTMAS CRAFT TREE TOP ANGEL,8895.210000000001,3663,572,313,2.595549828178694,2.4283947583947585,16.0,33.6,0.43680043680043684
23322,LARGE WHITE HEART OF WICKER,8878.210000000001,3069,562,350,3.1351398601398603,2.892867383512545,63.0,169.85000000000002,2.0527859237536656
22333,RETROSPOT PARTY BAG + STICKER SET,8857.32,5648,409,210,1.8650121065375302,1.5682223796033994,851.0,1250.55,15.067280453257789
23439,HAND WARMER RED LOVE HEART,8855.51,3986,397,268,2.2266262135922332,2.2216532865027596,0.0,0.0,0.0
84997B,RED 3 PIECE RETROSPOT CUTLERY SET,8846.86,2418,264,169,3.9800000000000004,3.6587510339123246,100.0,349.08000000000004,4.1356492969396195
22215,CAKE STAND WHITE TWO TIER LACE,8809.93,1085,359,245,9.028802228412257,8.119751152073732,62.0,510.0,5.714285714285714
22839,3 TIER CAKE TIN GREEN AND CREAM,8794.42,566,256,138,18.081206225680933,15.537844522968198,15.0,222.04999999999998,2.65017667844523
20718,RED SPOTTY SHOPPER BAG,8763.09,7058,517,237,1.5206551059730251,1.2415826013034854,13.0,16.25,0.18418815528478322
84839,SWEETHEART KEY CABINET,8747.05,1523,393,219,7.216472081218274,5.7433026920551535,12.0,78.6,0.7879185817465528
20718,RED RETROSPOT SHOPPER BAG,8694.26,6295,696,280,1.7553934191702432,1.3811374106433678,45.0,55.49,0.7148530579825259
20974,12 PENCILS SMALL TUBE SKULL,8686.54,13267,823,370,0.74572267920094,0.6547478706565162,612.0,397.79999999999995,4.6129494233813215
22895,SET OF 2 TEA TOWELS APPLE AND PEARS,8648.49,2847,411,232,3.46310843373494,3.037755532139094,6.0,17.700000000000003,0.21074815595363539
22212,FOUR HOOK WHITE LOVEBIRDS,8642.300000000001,4024,828,323,2.6206428571428573,2.147688866799205,40.0,84.0,0.9940357852882704
84032A,CHARLIE+LOLA PINK HOT WATER BOTTLE,8624.1,3234,662,227,3.3137987987987993,2.66669758812616,38.0,112.10000000000001,1.1750154607297465
21381,MINI WOODEN HAPPY BIRTHDAY GARLAND,8568.0,5104,532,234,2.192467771639042,1.6786833855799372,603.0,949.71,11.814263322884013
21135,VICTORIAN METAL POSTCARD SPRING,8567.24,5985,405,251,2.0081490384615384,1.4314519632414369,328.0,182.8,5.480367585630744
22110,BIRD HOUSE HOT WATER BOTTLE,8563.76,2609,512,217,3.8439885496183206,3.2823917209658875,4.0,10.2,0.15331544653123802
23082,SET 6 PAPER TABLE LANTERN HEARTS,8558.76,2328,297,205,4.093564356435643,3.676443298969072,28.0,103.16,1.202749140893471
23078,ICE CREAM PEN LIP GLOSS,8553.34,6831,257,159,1.4267315175097277,1.2521358512662861,48.0,60.0,0.7026789635485288
22283,6 EGG HOUSE PAINTED WOOD,8533.09,1032,382,196,9.60413612565445,8.268498062015505,18.0,143.1,1.744186046511628
21186,WHITE DOVE HONEYCOMB PAPER GARLAND,8532.17,5272,369,187,2.0303733333333334,1.6183933990895296,10.0,14.5,0.18968133535660092
23256,CHILDRENS CUTLERY SPACEBOY,8517.67,2077,360,225,4.469945054945056,4.100948483389504,88.0,338.0,4.236880115551276
21932,SCANDINAVIAN PAISLEY PICNIC BAG,8498.61,3871,649,315,2.427794793261868,2.1954559545337125,34.0,58.3,0.8783260139498837
23493,VINTAGE DOILY TRAVEL SEWING KIT,8497.98,3964,415,282,2.156320754716981,2.143789101917255,6.0,11.399999999999999,0.15136226034308778
72807C,SET/3 VANILLA SCENTED CANDLE IN BOX,8489.17,1983,345,164,5.3535057471264365,4.280973272818962,146.0,566.38,7.362581946545638
79323LP,LIGHT PINK CHERRY LIGHTS,8481.19,1433,170,107,6.871764705882353,5.918485694347523,458.0,2702.8,31.960921144452197
22079,RIBBON REEL HEARTS DESIGN,8457.84,5028,684,397,1.9348115942028985,1.682147971360382,61.0,100.65,1.213206046141607
85049E,SCANDINAVIAN REDS RIBBONS,8453.47,6316,830,434,1.4771108490566036,1.338421469284357,28.0,35.0,0.44331855604813175
22078,RIBBON REEL LACE DESIGN,8449.94,3984,480,246,2.4969199178644765,2.120968875502008,38.0,79.8,0.9538152610441768
22751,FELTCRAFT PRINCESS OLIVIA DOLL,8445.97,2264,466,269,4.140936170212766,3.7305521201413425,6.0,22.5,0.26501766784452296
23321,SMALL WHITE HEART OF WICKER,8438.539999999999,4716,629,378,1.7480124223602485,1.7893426632739609,39.0,64.35,0.826972010178117
48188,DOOR MAT WELCOME PUPPIES,8429.7,1459,271,147,8.004132841328413,5.777724468814257,2.0,13.5,0.1370801919122687
21533,RETRO SPOT LARGE MILK JUG,8420.28,1701,519,263,5.472933333333334,4.950194003527337,45.0,212.95000000000002,2.6455026455026456
22358,KINGS CHOICE TEA CADDY,8393.61,2651,605,295,3.872950819672131,3.166205205582799,61.0,170.35,2.3010184835910974
51008,AFGHAN SLIPPER SOCK PAIR,8378.8,2604,80,44,3.4,3.217665130568356,349.0,1054.05,13.402457757296467
22329,ROUND CONTAINER SET OF 5 RETROSPOT,8371.05,5123,607,259,2.0815901639344263,1.6340132734725745,29.0,47.849999999999994,0.5660745656841694
22628,PICNIC BOXES SET OF 3 RETROSPOT,8367.8,1744,350,172,5.627806267806268,4.798050458715596,27.0,133.65,1.548165137614679
22689,DOORMAT MERRY CHRISTMAS RED,8366.72,1095,265,182,9.342255639097743,7.640840182648401,52.0,354.0,4.748858447488584
21411,GINGHAM HEART DOORSTOP RED,8352.94,2090,624,358,4.870365659777424,3.996622009569378,8.0,34.0,0.3827751196172249
21787,RAIN PONCHO RETROSPOT,8333.11,10408,308,150,1.0369426751592357,0.8006446963873943,528.0,420.0,5.073020753266718
21934,SKULL SHOULDER BAG,8275.22,4597,725,164,2.1966574965612105,1.8001348705677613,61.0,100.64999999999999,1.3269523602349358
21523,DOOR MAT FANCY FONT HOME SWEET HOME,8238.8,1194,248,123,8.449798387096775,6.900167504187604,1.0,7.49,0.08375209380234507
21874,GIN AND TONIC MUG,8209.17,6332,617,211,1.814602917341977,1.2964576753000632,29.0,36.46,0.457991156032849
85067,CREAM SWEETHEART WALL CABINET,8201.99,496,175,110,20.3275,16.53627016129032,11.0,202.45,2.217741935483871
21533,RETROSPOT LARGE MILK JUG,8194.59,1656,438,251,5.393,4.948423913043478,35.0,162.05,2.1135265700483092
22055,MINI CAKE STAND HANGING STRAWBERY,8179.19,4930,724,252,2.1599866310160425,1.6590649087221094,51.0,82.95,1.0344827586206897
84997C,BLUE 3 PIECE POLKADOT CUTLERY SET,8150.63,2246,242,160,3.90625,3.628953695458593,6.0,22.5,0.26714158504007124
85049A,TRADITIONAL CHRISTMAS RIBBONS,8114.78,6151,667,387,1.4529264705882352,1.3192619086327426,51.0,63.75,0.8291334742318323
82551,LAUNDRY 15C METAL SIGN,8081.139999999999,5641,751,306,1.6683046357615894,1.4325722389647224,6.0,7.7,0.10636411983690834
22796,PHOTO FRAME 3 CLASSIC HANGING,8020.45,806,316,201,10.424025157232704,9.950930521091811,59.0,563.8499999999999,7.320099255583126
22738,RIBBON REEL SNOWY VILLAGE,8012.57,4447,498,274,2.1882599999999996,1.8017922194738025,140.0,207.0,3.1481897908702496
21121,SET/10 RED SPOTTY PARTY CANDLES,7990.77,6561,388,249,1.3632142857142857,1.2179195244627343,74.0,92.5,1.1278768480414572
22504,CABIN BAG VINTAGE RETROSPOT,7985.03,366,115,55,25.72113043478261,21.817021857923496,12.0,322.25,3.278688524590164
21122,SET/10 PINK POLKADOT PARTY CANDLES,7962.62,6543,420,261,1.3621779859484777,1.2169677517958124,73.0,91.25,1.1156961638392173
21035,SET/2 RED SPOTTY TEA TOWELS,7960.570000000001,2659,426,192,3.611655011655012,2.993820985332832,2.0,5.9,0.07521624670928921
22592,CARDHOLDER HOLLY WREATH METAL,7956.84,1980,304,207,4.434281045751634,4.018606060606061,2.0,7.5,0.10101010101010101
21115,ROSE CARAVAN DOORSTOP,7955.84,1247,431,266,7.740046189376444,6.379983961507619,1.0,6.75,0.08019246190858059
21769,VINTAGE POST OFFICE CABINET,7954.87,123,48,42,77.62666666666667,64.67373983739837,4.0,319.8,3.2520325203252036
21527,RETRO SPOT TRADITIONAL TEAPOT,7937.910000000001,1008,261,150,9.134448669201522,7.874910714285715,69.0,545.58,6.845238095238096
21154,RED RETROSPOT OVEN GLOVE,7916.58,5279,564,221,1.8798606271777003,1.4996362947527941,213.0,228.25,4.034855086190566
21116,OWL DOORSTOP,7900.01,1382,548,164,6.6002003642987255,5.716360347322721,1.0,4.95,0.0723589001447178
21875,KINGS CHOICE MUG,7882.08,6818,414,218,1.7020432692307692,1.1560692285127603,71.0,81.53,1.0413611029627456
22466,FAIRY TALE COTTAGE NIGHTLIGHT,7877.839999999999,4336,279,146,2.2937722419928823,1.8168450184501843,22.0,42.9,0.507380073800738
22275,WEEKEND BAG VINTAGE ROSE PAISLEY,7875.33,946,313,168,8.88564263322884,8.324873150105708,5.0,42.5,0.5285412262156448
22890,NOVELTY BISCUITS CAKE STAND 3 TIER,7821.96,800,260,148,11.051226053639846,9.77745,51.0,481.34999999999997,6.375
21976,PACK OF 60 MUSHROOM CAKE CASES,7792.37,14570,950,404,0.7703626943005181,0.5348229238160603,55.0,30.25,0.3774879890185312
21531,RED RETROSPOT SUGAR JAM BOWL,7791.88,3158,583,267,2.9553650254668926,2.4673464217859404,28.0,69.6,0.8866371120962635
84568,GIRLS ALPHABET IRON ON PATCHES,7788.67,37066,310,49,0.37338709677419357,0.21012976852101656,865.0,181.64999999999998,2.333675066098311
23238,SET OF 4 KNICK KNACK TINS LONDON,7771.61,1849,274,150,4.752158273381295,4.203142239048134,16.0,65.60000000000001,0.8653326122228232
20717,STRAWBERRY SHOPPER BAG,7767.48,6296,757,283,1.5932549019607842,1.2337166454891995,125.0,137.25,1.9853875476493013
20685,DOORMAT RED SPOT,7765.42,1087,206,159,8.001682692307693,7.143900643974241,0.0,0.0,0.0
23204,CHARLOTTE BAG APPLES DESIGN,7741.94,7976,583,199,1.1219453924914675,0.9706544633901705,186.0,138.34,2.331995987963892
23007,SPACEBOY BABY GIFT SET,7741.749999999999,498,184,110,15.913423913043477,15.545682730923692,6.0,101.69999999999999,1.2048192771084338
21110,LARGE CAKE TOWEL PINK SPOTS,7729.37,1640,329,173,7.420120120120121,4.713030487804878,6.0,38.9,0.3658536585365854
22784,LANTERN CREAM GAZEBO,7727.14,1551,369,234,5.620080428954424,4.982037395228885,52.0,249.0,3.352675693101225
84032B,CHARLIE + LOLA RED HOT WATER BOTTLE,7699.25,3285,601,288,3.087963576158941,2.343759512937595,78.0,168.9,2.374429223744292
22165,"DIAMANTE HEART SHAPED WALL MIRROR,",7673.7300000000005,976,272,82,12.870218181818181,7.862428278688525,9.0,89.25,0.9221311475409836
22550,HOLIDAY FUN LUDO,7669.64,2061,428,275,4.3342890442890445,3.7213197476952935,88.0,330.0,4.269771955361476
22809,SET OF 6 T-LIGHTS SANTA,7664.720000000001,2568,379,259,3.3670680628272254,2.9847040498442374,48.0,132.0,1.8691588785046727
21870,I CAN ONLY PLEASE ONE PERSON MUG,7627.49,6083,630,243,1.5364826498422712,1.2539026795988821,97.0,121.25,1.594607923721848
22528,GARDENERS KNEELING PAD,7623.41,5824,554,284,1.4907692307692308,1.3089646291208792,45.0,56.25,0.7726648351648352
22669,RED BABY BUNTING,7613.9400000000005,2386,438,263,3.627551020408163,3.1910896898575025,55.0,142.25,2.305113160100587
22493,PAINT YOUR OWN CANVAS SET,7608.119999999999,4738,418,244,1.8342227378190255,1.6057661460531867,274.0,398.1,5.7830308146897424
22991,GIRAFFE WOODEN RULER,7604.889999999999,3887,274,185,2.273655913978495,1.956493439670697,714.0,1185.8999999999999,18.368922047851814
20685,RED SPOTTY COIR DOORMAT,7563.34,1174,208,132,7.999951923076923,6.44236797274276,8.0,54.0,0.6814310051107325
22588,CARD HOLDER GINGHAM HEART,7559.94,2747,481,318,3.1043032786885245,2.752071350564252,195.0,411.8700000000001,7.098653076083
22489,PACK OF 12 TRADITIONAL CRAYONS,7548.67,17926,786,417,0.5112939698492462,0.4211017516456544,348.0,128.88,1.941314292089702
22349,DOG BOWL CHASING BALL DESIGN,7537.37,1821,232,144,4.102905982905983,4.139137836353652,24.0,90.0,1.3179571663920924
22360,GLASS JAR ENGLISH CONFECTIONERY,7529.6,2507,429,208,3.7358700696055687,3.003430394894296,185.0,518.5500000000001,7.379337854008776
22224,WHITE LOVEBIRD LANTERN,7527.9400000000005,2373,401,234,3.6157920792079206,3.1723303834808263,22.0,64.9,0.9270965023177412
85065,CREAM SWEETHEART TRAYS,7524.44,620,256,162,13.5696875,12.136193548387096,36.0,377.8,5.806451612903226
85064,CREAM SWEETHEART LETTER RACK,7493.06,1596,280,172,6.142785714285714,4.694899749373434,4.0,20.200000000000003,0.2506265664160401
21463,MIRRORED DISCO BALL,7484.81,1349,302,169,6.5647350993377485,5.548413639733136,73.0,397.35,5.411415863602668
82580,BATHROOM METAL SIGN,7458.52,13249,1336,443,0.7649147516679022,0.562949656577855,295.0,129.49,2.226583138350064
20676,RED RETROSPOT BOWL,7445.51,5846,544,227,1.6147176684881603,1.273607594936709,96.0,106.13000000000001,1.6421484775915156
11001,ASSTD DESIGN RACING CAR PEN,7408.65,4829,251,118,1.8730078125,1.534199627252019,811.0,1093.39,16.794367363843445
21216,"SET 3 RED SPOT TIN TEA,COFFEE,SUGAR",7404.09,1500,304,127,6.161862745098039,4.93606,5.0,24.05,0.33333333333333337
72351A,SET/6 TURQUOISE BUTTERFLY T-LIGHTS,7368.68,3728,399,174,2.299032258064516,1.9765772532188841,34.0,67.03,0.9120171673819742
22945,CHRISTMAS METAL TAGS ASSORTED,7365.7,7641,338,244,2.2110693641618497,0.9639706844653841,270.0,210.78,3.53356890459364
21737,SET 3 WICKER LOG BASKETS,7362.66,398,164,118,19.868048780487804,18.499145728643217,0.0,0.0,0.0
21361,LOVE LARGE WOOD LETTERS,7361.74,556,286,181,14.29027777777778,13.240539568345323,16.0,202.2,2.877697841726619
23382,BOX OF 6 CHRISTMAS CAKE DECORATIONS,7356.18,1875,220,136,4.660950226244344,3.923296,17.0,63.75,0.9066666666666667
21876,POTTERING MUG,7351.25,5663,623,239,1.9827884615384614,1.2981193713579375,85.0,112.39999999999999,1.5009712166696099
22798,ANTIQUE GLASS DRESSING TABLE POT,7336.09,2367,356,173,3.730337078651685,3.0993198141106886,52.0,153.4,2.1968736797634136
21114,LAVENDER SCENTED FABRIC HEART,7306.14,5666,494,359,1.8057029702970298,1.2894705259442287,60.0,75.0,1.0589481115425343
22282,12 EGG HOUSE PAINTED WOOD,7304.69,561,216,92,16.838657407407407,13.020837789661318,2.0,25.5,0.35650623885918004
22465,HANGING METAL STAR LANTERN,7284.24,4522,464,270,1.8498953974895398,1.610844758956214,145.0,217.64999999999998,3.206545776205219
22907,PACK OF 20 NAPKINS PANTRY DESIGN,7279.03,8686,829,445,0.9729777256740914,0.8380186507022795,244.0,167.07999999999998,2.809118121114437
23240,SET OF 4 KNICK KNACK TINS DOILEY,7273.69,1825,183,143,4.2598924731182795,3.9855835616438355,23.0,95.05,1.2602739726027399
23083,SET 6 PAPER TABLE LANTERN STARS,7250.900000000001,1932,246,161,4.236586345381526,3.7530538302277434,63.0,214.17000000000002,3.260869565217391
22813,PACK 3 BOXES BIRD PANNETONE,7211.99,3741,342,216,2.3573198847262247,1.9278241112002137,1.0,1.95,0.02673082063619353
85174,S/4 CACTI CANDLES,7193.46,1459,357,126,6.645643835616438,4.930404386566141,141.0,607.65,9.664153529814943
22626,BLACK KITCHEN SCALES,7167.4800000000005,843,343,200,9.117871720116618,8.502348754448398,13.0,110.5,1.542111506524318
21981,PACK OF 12 WOODLAND TISSUES,7129.46,26204,553,282,0.4652304964539007,0.27207525568615476,31.0,9.69,0.11830254922912532
22577,WOODEN HEART CHRISTMAS SCANDINAVIAN,7123.929999999999,13987,831,516,0.650046565774156,0.5093250875813254,101.0,83.05,0.722099092014013
48173C,DOOR MAT BLACK FLOCK,7100.21,1234,181,109,7.327237569060774,5.753816855753647,2.0,14.98,0.1620745542949757
48116,DOOR MAT MULTICOLOUR STRIPE,7078.28,1102,239,114,8.278953974895398,6.423121597096189,0.0,0.0,0.0
22644,CERAMIC CHERRY CAKE MONEY BANK,7069.88,4858,611,304,1.9638211382113822,1.4553067105804858,107.0,254.45,2.2025524907369287
22781,GUMBALL MAGAZINE RACK,7060.58,867,307,160,9.49896103896104,8.143690888119954,51.0,366.75,5.88235294117647
23320,GIANT 50'S CHRISTMAS CRACKER,7053.57,2661,333,260,2.805680473372781,2.6507215332581735,13.0,37.57,0.4885381435550545
23215,JINGLE BELL HEART ANTIQUE SILVER,7038.400000000001,3564,210,162,2.2615962441314554,1.9748597081930417,120.0,214.8,3.3670033670033668
21625,VINTAGE UNION JACK APRON,7037.62,984,334,186,8.184553571428571,7.1520528455284555,0.0,0.0,0.0
21700,BIG DOUGHNUT FRIDGE MAGNETS,7028.51,6335,525,186,3.2401704545454546,1.1094727703235991,121.0,102.85,1.910023677979479
21984,PACK OF 12 PINK PAISLEY TISSUES,7023.95,25351,432,256,0.4113439635535307,0.2770679657607195,144.0,41.279999999999994,0.5680249299830381
37450,CERAMIC CAKE BOWL + HANGING CAKES,7023.14,2444,391,138,3.4510804020100503,2.8736252045826514,72.0,193.2,2.9459901800327333
23293,SET OF 12 FAIRY CAKE BAKING CASES,6989.54,8471,552,323,1.0651805054151624,0.8251139180734269,32.0,26.56,0.37775941447290756
22618,COOKING SET RETROSPOT,6984.349999999999,718,242,180,10.469341563786006,9.7275069637883,131.0,1226.07,18.245125348189415
21497,FANCY FONTS BIRTHDAY WRAP,6978.0,17500,485,330,0.4176907216494845,0.3987428571428571,0.0,0.0,0.0
22567,20 DOLLY PEGS RETROSPOT,6955.83,5561,506,287,1.4558431372549019,1.2508235928789786,49.0,61.45,0.8811364862434813
22243,5 HOOK HANGER RED MAGIC TOADSTOOL,6951.45,4526,213,111,1.8835779816513762,1.5358926204153778,33.0,54.449999999999996,0.7291206363234645
84997A,GREEN 3 PIECE MINI DOTS CUTLERY SET,6948.650000000001,1918,238,154,3.8622500000000004,3.622862356621481,13.0,48.75,0.6777893639207508
10002,INFLATABLE POLITICAL GLOBE,6942.26,8671,362,164,0.9791553133514985,0.8006296851574213,1223.0,883.5500000000001,14.104486218429246
22498,WOODEN REGATTA BUNTING,6933.740000000001,1147,382,211,6.827265625,6.04510897994769,0.0,0.0,0.0
22029,SPACEBOY BIRTHDAY CARD,6931.64,16779,1034,405,0.5082160077145612,0.41311401156207167,60.0,25.2,0.3575898444484177
22563,HAPPY STENCIL CRAFT,6923.85,5942,533,293,1.317904411764706,1.1652389767754965,3.0,3.75,0.05048805116122518
22377,BOTTLE BAG RETROSPOT,6920.11,3618,435,200,2.4734174311926607,1.9126893311221669,60.0,116.8,1.658374792703151
21903,MAN FLU METAL SIGN,6908.870000000001,3436,407,230,2.436167076167076,2.0107305005820724,16.0,33.1,0.46565774155995343
22938,CUPCAKE LACE PAPER SET 6,6891.249999999999,3687,273,237,2.076981818181818,1.8690669921345264,60.0,117.0,1.627339300244101
22220,CAKE STAND LOVEBIRD 2 TIER WHITE,6885.44,745,270,190,10.384074074074073,9.242201342281879,51.0,485.7,6.845637583892618
22085,PAPER CHAIN KIT SKULLS,6883.87,2538,230,141,3.188311688311688,2.7123207249802994,585.0,1501.75,23.04964539007092
21122,SET/10 PINK SPOTTY PARTY CANDLES,6882.16,5666,387,262,1.3205102040816326,1.2146417225555948,0.0,0.0,0.0
21563,RED HEART SHAPE LOVE BUCKET,6875.71,2786,362,180,3.315123287671233,2.467950466618808,19.0,52.050000000000004,0.6819813352476669
85220,SMALL FAIRY CAKE FRIDGE MAGNETS,6875.0,12236,5,4,1.3,0.5618666230794377,2513.0,3645.65,20.53775743707094
84997A,CHILDRENS CUTLERY POLKADOT GREEN,6864.42,1728,186,114,4.607849462365592,3.972465277777778,13.0,49.95,0.7523148148148148
47502,POLKADOT CUTLERY 24 PCS IN TRAY,6855.75,640,79,40,14.809113924050632,10.712109375,37.0,387.95,5.78125
37448,CERAMIC CAKE DESIGN SPOTTED MUG,6827.21,4549,528,198,1.8049816176470588,1.500815563860189,66.0,97.86,1.4508683227082875
22378,WALL TIDY RETROSPOT,6826.51,3749,546,167,2.864021937842779,1.8208882368631636,15.0,31.5,0.40010669511869834
22187,GREEN CHRISTMAS TREE CARD HOLDER,6820.7,2104,364,230,4.355464480874317,3.2417775665399238,49.0,191.45,2.328897338403042
35004B,SET OF 3 BLACK FLYING DUCKS,6809.65,1474,275,64,6.741594202898551,4.619843962008141,93.0,364.65,6.309362279511534
23297,SET 40 HEART SHAPE PETIT FOUR CASES,6792.23,4303,161,123,1.8389570552147239,1.5784871020218452,26.0,42.9,0.6042296072507553
21989,PACK OF 20 SKULL PAPER NAPKINS,6790.7,8552,654,264,1.0801963746223564,0.7940481758652946,624.0,409.44,7.296538821328344
37500,TEA TIME TEAPOT IN GIFT BOX,6787.46,881,263,147,9.145227272727272,7.704267877412032,13.0,119.97,1.4755959137343928
20973,12 PENCIL SMALL TUBE WOODLAND,6773.95,9863,658,309,0.7815611192930781,0.6868042177836358,7.0,4.55,0.07097232079488999
22431,WATERING CAN BLUE ELEPHANT,6771.5199999999995,3375,627,269,2.3333650793650795,2.0063762962962963,18.0,35.099999999999994,0.5333333333333333
23541,WALL ART CLASSIC PUDDINGS,6762.71,864,150,95,9.736866666666666,7.8272106481481485,2.0,16.5,0.23148148148148145
22430,ENAMEL WATERING CAN CREAM,6761.38,1406,362,230,5.507005494505495,4.808947368421053,37.0,171.95000000000002,2.631578947368421
21768,WALL MOUNTED VINTAGE ORGANISER,6756.09,497,163,95,18.043353658536585,13.593742454728371,2.0,27.7,0.4024144869215292
22311,OFFICE MUG WARMER BLACK+SILVER,6755.56,2116,300,120,4.553046357615894,3.192608695652174,10.0,33.50000000000001,0.4725897920604915
23254,CHILDRENS CUTLERY DOLLY GIRL,6753.71,1667,291,197,4.270341296928327,4.051415716856629,20.0,83.0,1.199760047990402
21992,VINTAGE PAISLEY STATIONERY SET,6744.8,3320,656,242,2.4166012084592143,2.031566265060241,6.0,17.700000000000003,0.18072289156626506
22354,RETROSPOT PADDED SEAT CUSHION,6735.63,1753,224,125,4.323688888888889,3.842344552196235,19.0,70.89,1.0838562464346835
22810,SET OF 6 T-LIGHTS SNOWMEN,6729.130000000001,2199,328,213,3.41,3.0600864029104144,64.0,169.60000000000002,2.910413824465666
23008,DOLLY GIRL BABY GIFT SET,6719.61,433,133,99,16.12609022556391,15.518729792147806,7.0,118.65,1.6166281755196306
23480,MINI LIGHTS WOODLAND MUSHROOMS,6719.14,1799,215,143,4.408538812785388,3.7349305169538636,20.0,68.1,1.1117287381878822
22221,CAKE STAND LOVEBIRD 2 TIER PINK,6702.33,905,156,108,10.578535031847133,7.405889502762431,12.0,119.39999999999999,1.3259668508287292
22575,METAL MERRY CHRISTMAS WREATH,6699.71,3113,330,207,2.092623906705539,2.1521715387086413,94.0,160.5,3.0195952457436555
22746,POPPY'S PLAYHOUSE LIVINGROOM,6699.25,2910,564,319,2.4317162872154117,2.302147766323024,12.0,25.2,0.4123711340206186
22526,WHEELBARROW FOR CHILDREN,6689.67,546,209,153,13.470619047619047,12.252142857142857,12.0,153.0,2.197802197802198
48129,DOOR MAT TOPIARY,6681.38,1043,207,114,7.605406698564593,6.405925215723873,0.0,0.0,0.0
23247,BISCUIT TIN 50'S CHRISTMAS,6681.25,2194,309,231,3.2880906148867313,3.045237010027347,46.0,118.54000000000002,2.096627164995442
85014D,PINK/BROWN DOTS RUFFLED UMBRELLA,6664.45,1918,90,73,6.064444444444446,3.4746871741397287,0.0,0.0,0.0
85047,WHITE BEADED GARLAND STRING 20LIGHT,6664.329999999999,1051,236,137,7.060333333333333,6.340941960038058,74.0,450.7,7.040913415794481
47599B,BLUE PARTY BAGS,6662.54,3492,286,170,2.2239100346020764,1.9079438717067583,206.0,343.96,5.899198167239404
85068,CREAM SWEETHEART SHELF + HOOKS,6647.24,960,197,130,8.65251256281407,6.9242083333333335,4.0,29.8,0.4166666666666667
22432,WATERING CAN PINK BUNNY,6636.82,3489,515,261,2.2601353965183755,1.902212668386357,18.0,35.1,0.5159071367153912
22779,WOODEN OWLS LIGHT GARLAND,6631.35,1735,193,112,4.198775510204082,3.8221037463976946,26.0,110.5,1.4985590778097981
21107,CREAM SLICE FLANNEL PINK SPOT,6624.77,2302,313,167,3.6443492063492062,2.877832319721981,0.0,0.0,0.0
22661,CHARLOTTE BAG DOLLY GIRL DESIGN,6620.45,8199,631,246,0.9583385579937304,0.8074704232223442,16.0,13.34,0.1951457494816441
85175,CACTI T-LIGHT CANDLES,6606.26,15566,442,199,1.0437387387387387,0.4244031864319671,629.0,248.82,4.04085828086856
20975,12 PENCILS SMALL TUBE RED RETROSPOT,6570.68,9880,535,317,0.7308241758241759,0.6650485829959515,176.0,108.80000000000001,1.7813765182186234
ADJUST,ADJUSTMENT BY JOHN ON 26/01/2010 17,6563.5,16,16,11,410.21875,410.21875,10.0,800.54,62.5
16156S,WRAP PINK FAIRY CAKES,6558.62,16661,419,271,0.41532219570405726,0.39365104135406037,146.0,61.32,0.8762979413000421
23229,VINTAGE DONKEY TAIL GAME,6550.17,1815,252,182,4.252261904761904,3.608909090909091,11.0,40.89,0.6060606060606061
22332,SKULLS PARTY BAG + STICKER SET,6520.549999999999,4158,381,233,1.8224675324675323,1.568193843193843,458.0,669.3,11.014911014911014
21201,TROPICAL HONEYCOMB PAPER GARLAND,6517.16,2741,235,109,2.9802066115702477,2.3776577891280555,13.0,33.15,0.47427946005107624
22364,GLASS JAR DIGESTIVE BISCUITS,6498.610000000001,2061,346,164,3.85433908045977,3.1531344007763225,110.0,306.90000000000003,5.337214944201843
23311,VINTAGE CHRISTMAS STOCKING,6488.2,2390,344,246,2.9656772334293944,2.7147280334728032,15.0,38.25,0.6276150627615062
22845,VINTAGE CREAM CAT FOOD CONTAINER,6482.96,956,387,185,7.823444730077121,6.781338912133891,14.0,88.1,1.4644351464435146
22148,EASTER CRAFT 4 CHICKS,6480.29,3237,299,209,2.3137377049180325,2.0019431572443622,52.0,101.39999999999999,1.6064257028112447
22596,CHRISTMAS STAR WISH LIST CHALKBOARD,6471.2,6331,438,309,1.123573033707865,1.0221450007897646,29.0,34.120000000000005,0.45806349707787075
23103,JINGLE BELL HEART DECORATION,6459.159999999999,3820,356,223,1.8494550408719346,1.6908795811518322,28.0,46.199999999999996,0.7329842931937173
82486,3 DRAWER ANTIQUE WHITE WOOD CABINET,6457.94,734,202,129,9.293529411764705,8.798283378746593,41.0,336.15,5.5858310626703
21494,ROTATING LEAVES T-LIGHT HOLDER,6449.0,3833,501,147,2.5810453648915184,1.6824941299243412,4.0,5.0,0.10435690060005218
22142,CHRISTMAS CRAFT WHITE FAIRY,6445.389999999999,4312,504,336,1.7227713178294572,1.4947564935064934,18.0,26.1,0.4174397031539889
15060B,FAIRY CAKE DESIGN UMBRELLA,6444.9800000000005,1414,449,174,5.541804008908686,4.557977369165489,10.0,42.22,0.7072135785007072
23553,LANDMARK FRAME CAMDEN TOWN,6444.65,568,68,50,13.30220588235294,11.346214788732393,0.0,0.0,0.0
23134,LARGE ZINC HEART WALL ORGANISER,6431.110000000001,1065,38,29,7.9068421052631574,6.038600938967137,0.0,0.0,0.0
22414,DOORMAT NEIGHBOURHOOD WITCH,6419.7,1096,173,74,9.262196531791908,5.857390510948905,2.0,16.2,0.18248175182481752
23571,TRADITIONAL NAUGHTS & CROSSES,6406.91,2841,257,195,1.8921374045801527,2.255160154875044,0.0,0.0,0.0
21242,RED RETROSPOT PLATE,6394.53,3735,368,179,2.086287262872629,1.7120562248995983,36.0,60.84,0.9638554216867471
22979,PANTRY WASHING UP BRUSH,6391.82,4090,381,225,1.8184334203655352,1.5627921760391197,91.0,117.55000000000001,2.2249388753056234
79067,CORONA MEXICAN TRAY,6380.2,1616,397,160,4.926140350877193,3.9481435643564353,18.0,62.7,1.1138613861386137
23307,SET OF 60 PANTRY DESIGN CAKE CASES,6371.889999999999,12049,629,366,0.6839469578783152,0.5288314382936343,88.0,48.4,0.730351066478546
22072,RED RETROSPOT TEA CUP AND SAUCER,6364.67,1706,375,167,4.348966408268733,3.7307561547479486,33.0,123.75,1.9343493552168818
85062,PEARL CRYSTAL PUMPKIN T-LIGHT HLDR,6363.28,3886,342,172,1.7979190751445084,1.6374884199691198,9.0,14.27,0.23160061760164694
22578,WOODEN STAR CHRISTMAS SCANDINAVIAN,6358.04,13230,766,482,0.6213483146067416,0.48057747543461826,133.0,112.49,1.0052910052910053
22063,CERAMIC BOWL WITH STRAWBERRY DESIGN,6356.06,2303,356,142,3.645095890410959,2.759904472427269,16.0,46.8,0.6947459834997829
21746,SMALL RED RETROSPOT WINDMILL,6351.9,5113,412,203,1.4903349282296652,1.242303931155877,34.0,42.5,0.6649716409153139
23172,REGENCY TEA PLATE PINK,6344.409999999999,3861,305,160,2.06783606557377,1.643203833203833,102.0,154.29999999999998,2.641802641802642
47591D,PINK FAIRY CAKE CHILD'S APRON,6339.17,3438,389,232,2.085051282051282,1.8438539848749274,0.0,0.0,0.0
22582,PACK OF 6 SWEETIE GIFT BOXES,6324.77,2522,295,225,2.8735430463576157,2.50783901665345,78.0,183.6,3.0927835051546393
84520B,PACK 20 ENGLISH ROSE PAPER NAPKINS,6321.62,7390,722,327,1.040450204638472,0.8554289580514208,12.0,10.2,0.16238159675236805
22783,SET 3 WICKER OVAL BASKETS W LIDS,6316.3,482,45,38,15.91088888888889,13.10435684647303,0.0,0.0,0.0
47559B,TEA TIME OVEN GLOVE,6311.69,5116,701,303,1.4079184247538679,1.233715793588741,54.0,67.5,1.055512118842846
22460,EMBOSSED GLASS TEALIGHT HOLDER,6283.87,4771,376,206,1.5209523809523808,1.3170970446447285,26.0,32.120000000000005,0.544959128065395
22065,CHRISTMAS PUDDING TRINKET POT,6273.84,8653,458,249,1.4177330508474575,0.7250479602450017,45.0,54.769999999999996,0.5200508494163874
20754,RETRO RED SPOTTY WASHING UP GLOVES,6257.39,3139,420,212,2.476270783847981,1.9934342147180633,32.0,64.19999999999999,1.0194329404268876
84884A,ANT WHITE WIRE HEART SPIRAL,6248.28,1708,312,195,4.5332371794871795,3.6582435597189695,1.0,3.95,0.0585480093676815
22739,RIBBON REEL CHRISTMAS SOCK BAUBLE,6226.44,3321,555,296,2.2521568627450983,1.8748690153568202,130.0,190.5,3.9144835892803376
22185,SLATE TILE NATURAL HANGING,6224.719999999999,3896,462,298,1.9247854077253217,1.5977207392197124,4.0,6.6,0.10266940451745381
22906,12 MESSAGE CARDS WITH ENVELOPES,6214.83,3370,445,274,1.993505376344086,1.8441632047477745,61.0,88.65,1.8100890207715135
22826,LOVE SEAT ANTIQUE WHITE METAL,6210.0,58,41,33,114.02439024390245,107.06896551724138,4.0,517.5,6.896551724137931
21124,SET/10 BLUE POLKADOT PARTY CANDLES,6205.84,5128,308,227,1.2908653846153846,1.2101872074882996,49.0,61.25,0.9555382215288611
22435,SET OF 9 HEART SHAPED BALLOONS,6185.22,4915,537,303,1.4271297989031078,1.258437436419125,139.0,154.75,2.8280773143438456
23169,CLASSIC GLASS COOKIE JAR,6183.389999999999,1443,301,191,4.737715231788079,4.285093555093555,93.0,379.15,6.4449064449064455
21714,CITRONELLA CANDLE GARDEN POT,6182.39,4283,522,230,1.7584600760456273,1.4434718655148262,70.0,70.1,1.6343684333411161
21078,SET/20 STRAWBERRY PAPER NAPKINS,6181.25,7211,741,342,1.1088741721854303,0.8571973374011926,2.0,1.7,0.02773540424351685
22780,LIGHT GARLAND BUTTERFILES PINK,6167.59,1623,179,110,4.196629834254144,3.800117067159581,25.0,106.25,1.5403573629081946
22222,CAKE PLATE LOVEBIRD WHITE,6160.84,1489,403,203,5.630868486352358,4.137568838146407,5.0,24.75,0.33579583613163194
84832,ZINC WILLIE WINKIE CANDLE STICK,6134.7,6805,634,281,1.07631007751938,0.9014988978692138,12.0,10.2,0.1763409257898604
22196,SMALL HEART MEASURING SPOONS,6130.99,6574,980,303,1.1788756218905472,0.9326118040766657,45.0,36.04,0.684514755095832
21667,GLASS CAKE COVER AND PLATE,6126.25,354,163,119,18.958098159509202,17.305790960451976,25.0,393.74999999999994,7.062146892655368
23192,BUNDLE OF 3 ALPHABET EXERCISE BOOKS,6114.24,3516,345,224,1.7743304843304841,1.738976109215017,3.0,4.949999999999999,0.08532423208191127
23118,PARISIENNE JEWELLERY DRAWER,6102.18,813,258,154,8.39046511627907,7.505756457564576,24.0,180.0,2.952029520295203
22849,BREAD BIN DINER STYLE MINT,6091.38,390,158,98,16.822151898734177,15.618923076923076,16.0,251.2,4.102564102564102
22898,CHILDRENS APRON APPLES DESIGN,6079.45,2877,445,249,2.4870246085011187,2.1131213069169275,1.0,1.65,0.03475842891901286
72802C,VANILLA SCENT CANDLE JEWELLED BOX,6047.5599999999995,2184,269,143,4.5729520295202954,2.7690293040293037,506.0,584.06,23.168498168498168
22361,GLASS JAR DAISY FRESH COTTON WOOL,6036.26,1854,501,189,4.225546719681909,3.2558036677454156,81.0,232.85000000000002,4.368932038834951
23534,WALL ART STOP FOR TEA,6036.2,869,219,131,7.867545454545455,6.94614499424626,7.0,41.650000000000006,0.805523590333717
85178,VICTORIAN SEWING KIT,6024.52,5478,313,177,1.363103448275862,1.0997663380795912,301.0,337.85,5.494706097115736
20751,FUNKY WASHING UP GLOVES ASSORTED,6023.26,2839,471,264,2.3205465587044536,2.1216132441000353,3.0,6.300000000000001,0.10567101091933778
20979,36 PENCILS TUBE RED RETROSPOT,6019.7,4761,434,214,1.57,1.264377231674018,210.0,262.5,4.410838059231255
21586,KINGS CHOICE GIANT TUBE MATCHES,6018.75,2583,238,172,2.5149590163934423,2.3301393728222997,37.0,94.35000000000001,1.4324428958575302
21918,SET 12 KIDS COLOUR CHALK STICKS,6013.14,14598,788,369,0.5222893081761006,0.41191533086724214,43.0,18.06,0.29456089875325386
22331,WOODLAND PARTY BAG + STICKER SET,6011.57,3661,438,225,1.9726923076923075,1.6420568150778474,28.0,46.199999999999996,0.7648183556405354
21591,COSY HOUR CIGAR BOX MATCHES,6003.08,3978,365,264,1.262421052631579,1.509069884364002,54.0,67.5,1.3574660633484164
22848,BREAD BIN DINER STYLE PINK,6001.0,373,148,74,18.048581081081082,16.08847184986595,13.0,208.35,3.485254691689008
23296,SET OF 6 TEA TIME BAKING CASES,5985.55,4979,378,243,1.524240837696335,1.202159068085961,27.0,33.75,0.5422775657762603
21980,PACK OF 12 RED SPOTTY TISSUES,5981.8099999999995,22721,271,186,0.37857142857142856,0.26327230315567096,24.0,6.959999999999999,0.10562915364640642
22855,FINE WICKER HEART,5979.24,4795,427,271,1.468498845265589,1.2469739311783108,12.0,15.0,0.2502606882168926
21124,SET/10 BLUE SPOTTY PARTY CANDLES,5966.95,4901,321,242,1.3044984802431612,1.217496429300143,0.0,0.0,0.0
23312,VINTAGE CHRISTMAS GIFT SACK,5964.150000000001,1423,214,168,4.452293577981651,4.191250878425861,1.0,4.15,0.07027406886858749
22278,OVERNIGHT BAG VINTAGE ROSE PAISLEY,5959.53,1016,383,164,6.753556701030928,5.865679133858268,21.0,117.32,2.066929133858268
23535,WALL ART BICYCLE SAFETY,5954.15,845,173,102,7.849252873563218,7.046331360946745,1.0,5.95,0.1183431952662722
22491,PACK OF 12 COLOURED PENCILS,5950.0,7423,390,264,0.8962025316455696,0.8015627104944093,180.0,134.28,2.424895594773003
23052,RECYCLED ACAPULCO MAT TURQUOISE,5949.34,654,278,147,9.784460431654676,9.0968501529052,1.0,8.25,0.1529051987767584
22348,TEA BAG PLATE RED SPOTTY,5934.19,7126,465,214,1.0631063829787233,0.8327518944709514,84.0,71.4,1.1787819253438114
22827,RUSTIC SEVENTEEN DRAWER SIDEBOARD,5910.0,38,29,24,158.79310344827587,155.52631578947367,4.0,580.0,10.526315789473683
22772,PINK DRAWER KNOB ACRYLIC EDWARDIAN,5884.92,4353,313,105,1.6559682539682539,1.351922811853894,15.0,18.75,0.34458993797381116
21407,BROWN CHECK CAT DOORSTOP,5883.33,1294,453,231,5.250021978021978,4.5466228748068005,2.0,8.5,0.1545595054095827
21561,DINOSAUR LUNCH BOX WITH CUTLERY,5874.01,2400,410,208,2.9101694915254233,2.4475041666666666,3.0,7.6499999999999995,0.125
23113,PANTRY CHOPPING BOARD,5868.5,1154,57,39,6.361754385964912,5.085355285961872,946.0,4803.06,81.97573656845753
22971,QUEENS GUARD COFFEE MUG,5849.29,2431,272,164,2.7821167883211677,2.406125051419169,16.0,37.65,0.658165364047717
23485,BOTANICAL GARDENS WALL CLOCK,5843.92,262,83,70,24.791807228915662,22.305038167938932,18.0,407.4,6.870229007633588
23154,SET OF 4 JAM JAR MAGNETS,5842.88,2701,235,141,2.2075000000000005,2.1632284339133654,61.0,126.88,2.258422806368012
22737,RIBBON REEL CHRISTMAS PRESENT,5840.43,3266,493,300,2.1432803180914513,1.7882516840171465,40.0,66.0,1.224739742804654
22660,DOORMAT I LOVE LONDON,5839.41,881,194,96,9.09840206185567,6.628161180476731,6.0,47.7,0.681044267877412
21832,CHOCOLATE CALCULATOR,5836.759999999999,3338,459,204,2.2659482758620686,1.7485799880167763,42.0,69.3,1.2582384661473938
21988,PACK OF 6 SKULL PAPER PLATES,5820.099999999999,7829,416,209,0.9512735849056603,0.7434027334270021,576.0,368.64,7.357261463788478
85132C,CHARLIE AND LOLA FIGURES TINS,5818.94,2062,302,144,4.964092409240924,2.8219883608147427,12.0,79.4,0.5819592628516004
22841,ROUND CAKE TIN VINTAGE GREEN,5811.87,746,303,215,8.394389438943895,7.790710455764075,19.0,151.05,2.546916890080429
85038,6 CHOCOLATE LOVE HEART T-LIGHTS,5803.58,2778,382,191,2.492030456852792,2.089121670266379,0.0,0.0,0.0
22687,DOORMAT CHRISTMAS VILLAGE,5784.67,895,149,97,9.817046979865772,6.46331843575419,0.0,0.0,0.0
21313,GLASS HEART T-LIGHT HOLDER,5771.11,6711,415,173,1.1320383693045564,0.8599478468186559,158.0,110.14999999999999,2.3543436149605124
22964,3 PIECE SPACEBOY COOKIE CUTTER SET,5768.830000000001,2761,408,228,2.513543689320388,2.0893987685621154,14.0,29.4,0.5070626584570808
22200,FRYING PAN PINK POLKADOT,5750.95,1291,356,119,5.596106442577031,4.454647560030984,11.0,44.25,0.8520526723470179
21498,RED RETROSPOT WRAP,5736.42,14051,440,300,0.41777272727272724,0.40825706355419544,50.0,21.0,0.3558465589637748
37495,FAIRY CAKE BIRTHDAY CANDLE SET,5732.6,1560,330,206,4.146737160120845,3.67474358974359,142.0,493.2,9.102564102564102
21452,TOADSTOOL MONEY BOX,5731.330000000001,1876,409,228,3.4547732696897375,3.055079957356077,43.0,124.05000000000001,2.292110874200427
22441,GROW YOUR OWN BASIL IN ENAMEL MUG,5729.570000000001,2645,473,295,2.4235010482180295,2.1661890359168243,10.0,21.0,0.3780718336483932
22241,GARLAND WOODEN HAPPY EASTER,5728.53,4244,463,234,1.5886111111111112,1.3497950047125353,18.0,22.31,0.4241281809613572
21577,SAVE THE PLANET COTTON TOTE BAG,5716.5199999999995,2556,464,241,2.713261802575107,2.2365101721439746,16.0,36.0,0.6259780907668232
22341,LOVE GARLAND PAINTED ZINC,5698.889999999999,3467,240,128,2.3590495867768593,1.6437525237957886,1196.0,1858.1999999999998,34.49668301124892
22115,METAL SIGN EMPIRE TEA,5695.1,2889,500,244,3.2748111332007954,1.971304949809623,1.0,2.95,0.034614053305642094
22060,LARGE CAKE STAND HANGING HEARTS,5691.41,733,158,112,9.86751552795031,7.764542974079126,26.0,186.7,3.547066848567531
21528,DAIRY MAID TRADITIONAL TEAPOT,5680.15,899,257,145,7.654163424124514,6.31829810901001,32.0,213.4,3.5595105672969964
20676,RED SPOTTY BOWL,5660.1900000000005,4630,423,212,1.463561320754717,1.2225032397408209,41.0,50.68,0.8855291576673866
22045,SPACEBOY GIFT WRAP,5656.14,13767,446,279,0.41883408071748873,0.4108476792329484,105.0,44.1,0.7626933972543039
21703,BAG 125G SWIRLY MARBLES,5646.47,14577,561,293,0.49681109185441935,0.3873547369143171,171.0,71.82,1.1730808808396789
22335,HEART DECORATION PAINTED ZINC,5644.77,8666,510,242,0.8489312977099237,0.6513697207477499,495.0,292.95000000000005,5.711977844449573
22854,CREAM SWEETHEART EGG HOLDER,5624.5,1160,244,169,5.4540650406504065,4.848706896551724,6.0,29.700000000000003,0.5172413793103449
22653,BUTTON BOX,5618.21,3031,381,156,2.042291666666667,1.8535829759155393,44.0,85.8,1.4516661167931375
84968B,S/16 VINTAGE IVORY CUTLERY,5617.66,423,130,49,14.94753846153846,13.280520094562647,1.0,12.75,0.2364066193853428
22073,RED RETROSPOT STORAGE JAR,5604.6,1400,322,173,4.57924924924925,4.003285714285714,32.0,119.28,2.2857142857142856
21207,SKULL AND CROSSBONES GARLAND,5597.419999999999,3601,282,167,1.7603886925795054,1.5544071091363507,489.0,709.25,13.579561232990836
84997A,GREEN 3 PIECE POLKADOT CUTLERY SET,5587.63,1539,165,107,4.002814371257485,3.6306887589343733,0.0,0.0,0.0
21749,LARGE RED SPOT WINDMILL,5554.92,2945,52,30,2.7224999999999997,1.886220713073005,12.0,25.200000000000003,0.40747028862478774
22119,PEACE WOODEN BLOCK LETTERS,5543.87,896,340,244,6.8107204610951015,6.187354910714285,6.0,41.7,0.6696428571428571
22899,CHILDREN'S APRON DOLLY GIRL,5542.95,2667,405,236,2.413970588235294,2.0783464566929135,7.0,14.450000000000001,0.26246719160104987
23531,WALL ART BIG LOVE,5538.26,976,112,77,7.661681415929204,5.674446721311476,0.0,0.0,0.0
22156,HEART DECORATION WITH PEARLS,5537.57,6156,581,259,1.0765151515151514,0.899540285899935,217.0,183.41,3.52501624431449
21730,GLASS STAR FROSTED T-LIGHT HOLDER,5534.17,1115,293,155,5.4511111111111115,4.963381165919283,35.0,172.55,3.1390134529147984
21900,"KEY FOB , SHED",5529.14,8325,837,361,0.8629729729729729,0.664160960960961,5.0,3.25,0.06006006006006006
23133,LARGE IVORY HEART WALL ORGANISER,5525.4,782,155,94,9.162451612903226,7.065728900255754,1.0,8.25,0.1278772378516624
21242,RED SPOTTY PLATE,5523.2,3350,289,160,1.876539792387543,1.6487164179104477,6.0,10.14,0.1791044776119403
23177,TREASURE ISLAND BOOK BOX,5521.29,2532,267,174,2.702074074074074,2.1806042654028435,20.0,45.0,0.7898894154818324
23158,SET OF 5 LUCKY CAT MAGNETS,5513.83,2633,255,96,2.674823529411765,2.0941245727307254,60.0,124.8,2.278769464489176
22670,FRENCH WC SIGN BLUE METAL,5510.57,4432,425,218,1.5685416666666667,1.2433596570397112,1160.0,1340.56,26.173285198555956
21955,DOOR MAT UNION JACK GUNS AND ROSES,5510.39,809,230,114,8.802887931034483,6.811359703337454,14.0,86.38000000000001,1.73053152039555
23583,LUNCH BAG PAISLEY PARK,5497.33,3385,325,233,1.8020481927710843,1.62402658788774,10.0,16.5,0.29542097488921715
84971S,SMALL HEART FLOWERS HOOK,5493.3099999999995,6489,459,180,1.077489270386266,0.8465572507320079,2.0,1.7,0.03082139004469102
40016,CHINESE DRAGON PAPER LANTERNS,5487.3099999999995,15435,244,133,1.9042857142857144,0.3555108519598315,0.0,0.0,0.0
82599,FANNY'S REST STOPMETAL SIGN,5479.4400000000005,2505,506,185,2.7062035225048926,2.1874011976047907,4.0,6.76,0.1596806387225549
79029,GLASS HONEYPOT WASP CATCHER,5473.82,2944,343,201,2.2632378223495704,1.8593138586956521,27.0,49.349999999999994,0.9171195652173914
22203,MILK PAN RED RETROSPOT,5469.51,1404,394,166,4.614570707070707,3.8956623931623935,15.0,56.25,1.0683760683760684
85232B,SET OF 3 BABUSHKA STACKING TINS,5465.39,1093,168,94,5.612958579881657,5.000356816102471,263.0,1297.6499999999999,24.06221408966148
72756,FAIRY CAKE CANDLES,5459.48,4012,129,114,1.46953488372093,1.3607876370887337,25.0,37.25,0.6231306081754736
22437,SET OF 9 BLACK SKULL BALLOONS,5457.97,6536,445,258,0.9758278145695365,0.8350627294981641,16.0,13.6,0.24479804161566704
85061W,WHITE JEWELLED HEART DECORATION,5451.49,6306,469,201,1.0804968944099378,0.8644925467808436,25.0,21.25,0.39644782746590546
22168,ORGANISER WOOD ANTIQUE WHITE,5450.43,657,311,249,8.4775884244373,8.29593607305936,45.0,381.65,6.8493150684931505
20677,PINK POLKADOT BOWL,5449.13,4208,412,163,1.64052757793765,1.2949453422053232,14.0,17.310000000000002,0.3326996197718631
84509A,SET OF 4 ENGLISH ROSE PLACEMATS,5442.61,1406,372,167,4.56997311827957,3.8709886201991464,13.0,48.75,0.9246088193456615
22483,RED GINGHAM TEDDY BEAR,5440.51,1883,351,223,3.2956980056980054,2.889277748274031,17.0,50.150000000000006,0.9028146574614976
20978,36 PENCILS TUBE SKULLS,5438.57,4117,557,253,1.586796460176991,1.3210031576390575,18.0,22.5,0.43721156181685694
21432,SET OF 3 CASES WOODLAND DESIGN,5435.91,942,237,152,6.09857740585774,5.770605095541401,23.0,129.35,2.4416135881104037
16161P,WRAP ENGLISH ROSE,5435.4,13198,440,289,0.41895454545454547,0.41183512653432336,25.0,10.5,0.18942263979390817
22186,RED STAR CARD HOLDER,5431.400000000001,2004,345,234,3.2433526011560696,2.710279441117765,70.0,182.3,3.493013972055888
22763,KEY CABINET MA CAMPAGNE,5430.59,662,135,95,11.09311111111111,8.203308157099698,7.0,69.64999999999999,1.0574018126888218
22595,CHRISTMAS GINGHAM HEART,5429.91,6396,383,262,0.9934455958549222,0.8489540337711069,144.0,103.68,2.25140712945591
85063,CREAM SWEETHEART MAGAZINE RACK,5426.74,308,180,104,18.89911111111111,17.619285714285713,66.0,1060.7,21.428571428571427
21749,LARGE RED RETROSPOT WINDMILL,5426.06,2712,234,133,2.503675213675214,2.000759587020649,732.0,1356.7,26.991150442477874
23135,SMALL ZINC HEART WALL ORGANISER,5416.18,1541,45,31,5.675777777777777,3.5147177157689815,0.0,0.0,0.0
23205,CHARLOTTE BAG VINTAGE ALPHABET,5405.88,5457,445,192,1.164375,0.9906322155030236,191.0,140.25,3.500091625435221
21069,VINTAGE BILLBOARD TEA MUG,5404.360000000001,5099,279,110,1.6897517730496454,1.059886252206315,726.0,770.8900000000001,14.238085899195921
84937,KASHMIR FOLKART TUMBLERS,5394.54,2542,124,50,4.990161290322581,2.1221636506687647,18.0,37.800000000000004,0.7081038552321007
22534,MAGIC DRAWING SLATE SPACEBOY,5393.83,12666,579,349,0.4942114093959732,0.4258510974261803,139.0,58.38,1.0974261803252803
22443,GROW YOUR OWN HERBS SET OF 3,5393.43,683,264,193,8.465509433962264,7.896676427525622,5.0,39.75,0.7320644216691069
20682,RED RETROSPOT CHILDRENS UMBRELLA,5380.2699999999995,1591,346,190,3.9289655172413793,3.3816907605279694,25.0,80.75,1.571338780641106
22333,RETRO SPORT PARTY BAG + STICKER SET,5370.08,3444,254,159,1.8630196078431371,1.5592566782810684,474.0,695.6999999999999,13.763066202090593
21491,SET OF THREE VINTAGE GIFT WRAPS,5367.009999999999,2878,248,184,2.124,1.8648401667824877,51.0,99.44999999999999,1.7720639332870047
22218,CAKE STAND LACE WHITE,5365.66,1234,265,143,5.378188679245283,4.348184764991896,65.0,250.75,5.26742301458671
22350,ILLUSTRATED CAT BOWL,5362.2,1897,213,107,3.088325581395349,2.8266736953083815,1.0,2.55,0.05271481286241434
23494,VINTAGE DOILY DELUXE SEWING KIT,5354.01,809,205,145,6.812864077669903,6.618059332509271,65.0,386.75,8.034610630407911
35832,WOOLLY HAT SOCK GLOVE ADVENT STRING,5341.85,1737,188,132,3.7067368421052636,3.0753310305123778,3.0,13.55,0.17271157167530224
21041,RED RETROSPOT OVEN GLOVE DOUBLE,5334.06,1382,352,141,4.283785310734463,3.8596671490593346,9.0,26.550000000000004,0.6512301013024602
37446,MINI CAKE STAND WITH HANGING CAKES,5332.25,3691,410,168,1.8811084337349397,1.4446626930371174,94.0,121.69999999999999,2.546735302086155
22951,60 CAKE CASES DOLLY GIRL DESIGN,5314.12,10050,609,328,0.6774595469255663,0.5287681592039801,240.0,116.39999999999999,2.3880597014925375
21363,HOME SMALL WOOD LETTERS,5296.4800000000005,984,401,224,5.966068796068797,5.38260162601626,19.0,92.65,1.9308943089430894
21155,RED SPOTTY PEG BAG,5282.89,2662,364,179,2.4614246575342467,1.9845567242674682,24.0,49.99,0.9015777610818932
20975,12 PENCILS SMALL TUBE RED SPOTTY,5278.03,8267,368,220,0.7499739583333334,0.6384456271924519,1307.0,749.5500000000001,15.809846377162213
22801,ANTIQUE GLASS PEDESTAL BOWL,5277.95,1300,299,173,4.593202614379085,4.059961538461538,37.0,138.39,2.8461538461538463
22998,TRAVEL CARD WALLET KEEP CALM,5262.82,12366,534,217,0.49730483271375464,0.42558790231279314,177.0,74.34,1.4313440077632218
21718,RED METAL BEACH SPADE,5250.3,4030,467,223,1.6677659574468087,1.3028039702233252,52.0,65.0,1.2903225806451613
22564,ALPHABET STENCIL CRAFT,5221.4,4570,343,208,1.3229360465116278,1.1425382932166301,679.0,721.07,14.857768052516413
22476,EMPIRE UNION JACK TV DINNER TRAY,5218.61,1333,270,145,6.568523985239852,3.9149362340585143,10.0,49.5,0.7501875468867216
21993,FLORAL FOLK STATIONERY SET,5216.88,2849,577,208,2.2613275862068964,1.831126711126711,12.0,15.0,0.4212004212004212
22117,METAL SIGN HER DINNER IS SERVED,5207.7300000000005,1765,230,142,3.060434782608696,2.9505552407932014,1.0,2.95,0.05665722379603399
22691,DOORMAT WELCOME SUNRISE,5198.6,759,219,124,8.87840182648402,6.849275362318841,143.0,665.35,18.84057971014493
22030,SWALLOWS GREETING CARD,5197.84,12735,685,353,0.4647330447330447,0.40815390655673345,120.0,50.4,0.9422850412249705
21587,COSY HOUR GIANT TUBE MATCHES,5173.05,2071,260,207,2.5416974169741695,2.4978512795750847,6.0,15.3,0.28971511347175277
22180,RETRO SPOT LAMP,5164.42,511,196,127,10.975306122448979,10.106497064579257,21.0,208.95,4.10958904109589
21872,GLAMOROUS MUG,5163.8,5092,330,169,1.54105421686747,1.0141005498821682,35.0,41.47,0.6873527101335428
22894,TABLECLOTH RED APPLES DESIGN,5160.78,561,192,125,9.770309278350515,9.199251336898396,2.0,17.0,0.35650623885918004
22775,PURPLE DRAWERKNOB ACRYLIC EDWARDIAN,5160.03,3609,283,98,1.701896551724138,1.4297672485453032,70.0,87.5,1.9395954558049322
85132A,CHARLIE + LOLA BISCUITS TINS,5152.07,1348,250,98,6.6097600000000005,3.8220103857566765,5.0,33.75,0.370919881305638
23263,SET OF 3 WOODEN HEART DECORATIONS,5147.19,3863,445,269,1.4479957805907173,1.3324333419622054,47.0,58.75,1.2166709811027698
21713,CITRONELLA CANDLE FLOWERPOT,5145.4400000000005,2733,391,232,2.3839393939393942,1.882707647274058,128.0,233.00000000000003,4.683497987559458
23162,REGENCY TEA STRAINER,5143.6900000000005,1412,176,96,4.422272727272728,3.6428399433427767,0.0,0.0,0.0
23157,SET OF 6 NATIVITY MAGNETS,5143.06,2797,164,111,2.3477058823529413,1.8387772613514481,240.0,444.0,8.580622095101894
23165,LARGE CERAMIC TOP STORAGE JAR,5141.0599999999995,3114,280,167,1.9777738515901062,1.650950545921644,102.0,154.5,3.275529865125241
22412,METAL SIGN NEIGHBOURHOOD WITCH,5140.820000000001,2401,402,166,2.5712315270935964,2.1411162015826743,2.0,4.2,0.08329862557267806
23132,SMALL IVORY HEART WALL ORGANISER,5138.6,1020,152,115,6.2221710526315785,5.037843137254902,4.0,23.0,0.39215686274509803
22571,ROCKING HORSE RED CHRISTMAS,5135.24,5780,511,294,1.044126679462572,0.8884498269896194,109.0,80.17,1.8858131487889274
22426,ENAMEL WASH BOWL CREAM,5133.3,1361,379,182,4.626394736842105,3.7717119764878766,38.0,129.7,2.792064658339456
22472,TV DINNER TRAY DOLLY GIRL,5130.62,1103,251,130,5.822709163346613,4.651514052583862,5.0,24.75,0.45330915684496825
22509,SEWING BOX RETROSPOT DESIGN,5130.36,387,187,142,15.858031914893617,13.256744186046511,19.0,288.04999999999995,4.909560723514212
22244,3 HOOK HANGER MAGIC GARDEN,5122.759999999999,2732,223,89,2.7399999999999998,1.8750951683748167,17.0,33.15,0.6222547584187409
21498,RED SPOTS WRAP,5115.5,12700,363,263,0.41597796143250687,0.40279527559055117,50.0,21.0,0.39370078740157477
22595,GINGHAM HEART DECORATION,5114.41,6139,413,251,1.0084761904761905,0.8331014823261117,0.0,0.0,0.0
22610,PENS ASSORTED FUNNY FACE,5107.54,12680,287,157,0.5563194444444445,0.4028028391167192,36.0,30.6,0.28391167192429023
22374,AIRLINE BAG VINTAGE JET SET RED,5099.84,1029,433,226,5.293149425287356,4.956112730806608,5.0,23.35,0.4859086491739553
23397,FOOT STOOL HOME SWEET HOME,5097.65,489,217,139,11.573870967741934,10.424642126789365,6.0,59.699999999999996,1.2269938650306749
21471,STRAWBERRY RAFFIA FOOD COVER,5095.63,1406,319,165,3.9207523510971787,3.624203413940256,4.0,15.0,0.2844950213371266
22433,WATERING CAN GREEN DINOSAUR,5080.98,2724,417,207,2.2687142857142857,1.8652643171806165,15.0,29.25,0.5506607929515419
23234,BISCUIT TIN VINTAGE CHRISTMAS,5079.78,1938,278,201,3.3670967741935485,2.621145510835913,16.0,46.24,0.8255933952528379
22842,BISCUIT TIN VINTAGE RED,5078.03,782,231,177,7.064612068965517,6.493644501278772,20.0,134.2,2.557544757033248
23295,SET OF 12 MINI LOAF BAKING CASES,5073.45,6134,444,250,1.1117555555555554,0.8271030322791001,13.0,10.79,0.21193348549070753
20977,36 PENCILS TUBE WOODLAND,5069.99,3792,485,242,1.5680981595092023,1.3370226793248945,76.0,95.0,2.0042194092827006
21578,WOODLAND DESIGN COTTON TOTE BAG,5062.86,2205,380,184,2.6083854166666667,2.296081632653061,10.0,22.5,0.45351473922902497
23198,PANTRY MAGNETIC SHOPPING LIST,5062.599999999999,3342,475,259,1.7995876288659793,1.5148414123279472,64.0,92.8,1.9150209455415919
23126,FELTCRAFT GIRL AMELIE KIT,5059.14,1007,275,187,5.402599277978339,5.023972194637538,16.0,79.2,1.5888778550148956
21544,SKULLS WATER TRANSFER TATTOOS,5052.21,6064,503,229,1.0451968503937008,0.8331480870712401,24.0,20.4,0.395778364116095
48189,DOORMAT FRIENDSHIP,5050.04,854,96,52,10.611979166666666,5.913395784543326,10.0,67.5,1.1709601873536302
22175,PINK OWL SOFT TOY,5033.51,1728,362,160,3.4206318681318684,2.9129108796296297,8.0,23.6,0.4629629629629629
46000S,POLYESTER FILLER PAD 40X40CM,5032.95,5261,390,240,1.412820512820513,0.9566527276183234,70.0,101.5,1.3305455236647026
22957,SET 3 PAPER VINTAGE CHICK PAPER EGG,5014.650000000001,1775,214,179,3.115555555555556,2.825154929577465,26.0,71.9,1.4647887323943662
23314,VINTAGE CHRISTMAS TABLECLOTH,5012.96,407,117,87,13.607881355932204,12.316855036855037,5.0,62.5,1.2285012285012284
23109,PACK OF SIX LED TEA LIGHTS,5008.26,1752,203,132,3.2622815533980583,2.858595890410959,96.0,239.04,5.47945205479452
84796B,BLUE SAVANNAH PICNIC HAMPER FOR 2,4999.79,600,180,28,9.24565934065934,8.332983333333333,0.0,0.0,0.0
21071,VINTAGE BILLBOARD DRINK ME MUG,4998.32,4269,472,163,1.631194968553459,1.1708409463574607,12.0,13.67,0.28109627547434995
23310,BUBBLEGUM RING ASSORTED,4997.28,12050,245,146,0.47804878048780486,0.4147120331950207,0.0,0.0,0.0
23543,WALL ART KEEP CALM,4994.790000000001,967,83,64,8.668470588235293,5.165243019648398,0.0,0.0,0.0
22318,FIVE HEART HANGING DECORATION,4983.9800000000005,1583,389,204,3.6787786259541986,3.148439671509792,20.0,59.00000000000001,1.2634238787113077
47568,ENGLISH ROSE DESIGN PEG BAG,4983.02,2384,410,179,2.543430656934307,2.0901929530201344,22.0,44.97,0.9228187919463088
21056,DOCTOR'S BAG SOFT TOY,4961.33,545,195,119,9.701076923076922,9.103357798165138,82.0,693.9,15.045871559633028
22583,PACK OF 6 HANDBAG GIFT BOXES,4955.75,1873,349,250,2.978753462603878,2.6458889482114256,111.0,272.85,5.92632140950347
21896,POTTING SHED TWINE,4944.04,2387,290,187,2.4898293515358363,2.0712358609132804,14.0,28.65,0.5865102639296188
22180,RETROSPOT LAMP,4938.96,464,214,122,11.550934579439252,10.644310344827586,28.0,274.25,6.0344827586206895
23556,LANDMARK FRAME COVENT GARDEN,4937.01,436,53,46,12.61811320754717,11.323417431192661,1.0,12.5,0.22935779816513763
23570,TRADITIONAL PICK UP STICKS GAME,4931.87,2772,276,203,1.431118881118881,1.7791738816738816,0.0,0.0,0.0
22604,SET OF 4 NAPKIN CHARMS CUTLERY,4911.72,1999,244,159,2.7537499999999997,2.4570885442721364,24.0,61.2,1.2006003001500751
22243,"HOOK, 5 HANGER ,MAGIC TOADSTOOL RED",4908.799999999999,3152,175,98,1.9305649717514124,1.5573604060913704,53.0,87.44999999999999,1.681472081218274
22199,FRYING PAN RED POLKADOT,4890.14,1211,189,90,5.052894736842106,4.0381007431874485,275.0,1032.75,22.708505367464905
22276,WASH BAG VINTAGE ROSE PAISLEY,4884.860000000001,1889,373,213,3.0158556149732623,2.5859502382212813,17.0,42.9,0.8999470619375332
23010,CIRCUS PARADE BABY GIFT SET,4879.599999999999,315,111,73,16.296576576576577,15.490793650793648,3.0,50.849999999999994,0.9523809523809524
22956,36 FOIL HEART CAKE CASES,4878.900000000001,2494,256,189,2.200530303030303,1.9562550120288695,152.0,283.20000000000005,6.094627105052125
22632,HAND WARMER RED POLKA DOT,4876.2,2592,46,28,1.9858695652173914,1.8812499999999999,0.0,0.0,0.0
23351,ROLL WRAP 50'S CHRISTMAS,4875.65,3535,354,242,1.5103072625698326,1.379250353606789,96.0,104.88,2.7157001414427158
23503,PLAYING CARDS KEEP CALM & CARRY ON,4860.55,3643,335,284,1.279298245614035,1.3342163052429317,2.0,2.5,0.05489980785067252
22107,PIZZA PLATE IN BOX,4840.59,1240,369,118,4.6385522788203755,3.903701612903226,95.0,330.71000000000004,7.661290322580645
84270,ASSTD DESIGN BUBBLE GUM RING,4824.3,22936,476,249,0.2478361344537815,0.2103374607603767,1740.0,293.40000000000003,7.586327171259157
22593,CHRISTMAS GINGHAM STAR,4823.9,5420,415,247,1.0660671462829736,0.8900184501845018,144.0,103.68,2.6568265682656826
22027,TEA PARTY BIRTHDAY CARD,4806.49,11297,845,335,0.5224793388429751,0.42546605293440737,228.0,87.12,2.0182349296273348
23554,LANDMARK FRAME OXFORD STREET,4805.53,422,57,49,13.047017543859647,11.387511848341232,0.0,0.0,0.0
22242,"HOOK, 5 HANGER , MAGIC TOADSTOOL",4795.95,2982,258,141,1.9434230769230767,1.6082997987927565,7.0,11.549999999999999,0.2347417840375587
20682,RED SPOTTY CHILDS UMBRELLA,4791.04,1483,247,153,3.6955823293172694,3.2306405933917732,32.0,98.0,2.157788267026298
23555,LANDMARK FRAME NOTTING HILL,4780.57,421,50,45,12.897450980392156,11.355273159144893,0.0,0.0,0.0
21534,DAIRY MAID LARGE MILK JUG,4768.64,939,343,199,5.368121387283237,5.078423855165069,29.0,143.55,3.08839190628328
22442,GROW YOUR OWN FLOWERS SET OF 3,4765.32,866,172,140,7.467803468208093,5.502678983833718,18.0,141.9,2.0785219399538106
23184,BULL DOG BOTTLE OPENER,4764.5,874,264,129,6.4533082706766915,5.451372997711671,13.0,64.35,1.4874141876430207
22128,PARTY CONES CANDY ASSORTED,4759.59,3923,195,143,1.5353299492385786,1.2132526127963295,56.0,70.0,1.4274789701758857
22688,DOORMAT PEACE ON EARTH BLUE,4756.7,865,93,77,8.462688172043011,5.49907514450867,0.0,0.0,0.0
21249,WOODLAND HEIGHT CHART STICKERS,4752.83,1655,258,155,3.6678294573643413,2.871800604229607,16.0,46.400000000000006,0.9667673716012084
21916,SET 12 RETRO WHITE CHALK STICKS,4751.06,11011,713,304,0.5174068965517241,0.43148306239215334,225.0,94.5,2.0434111343202255
23286,BLUE VINTAGE SPOT BEAKER,4747.62,5048,222,125,1.03009009009009,0.9404952456418383,49.0,41.65,0.9706814580031695
22672,FRENCH BATHROOM SIGN BLUE METAL,4736.11,2850,370,227,1.946595744680851,1.6617929824561402,17.0,28.049999999999997,0.5964912280701754
22399,MAGNETS PACK OF 4 CHILDHOOD MEMORY,4734.6,4042,278,180,1.301111111111111,1.1713508164275113,24.0,30.0,0.5937654626422563
22434,BALLOON PUMP WITH 10 BALLOONS,4733.49,2547,281,203,2.0394076655052262,1.858457008244994,18.0,35.1,0.7067137809187279
84508A,CAMOUFLAGE DESIGN TEDDY,4722.56,2223,64,28,2.49078125,2.1244084570400363,2.0,5.1,0.0899685110211426
85049G,CHOCOLATE BOX RIBBONS,4718.62,3829,510,288,1.3707633587786259,1.2323374249151213,45.0,56.25,1.1752415774353617
23569,TRADTIONAL ALPHABET STAMP SET,4717.66,954,192,152,5.3034693877551025,4.945136268343815,2.0,9.9,0.20964360587002098
22474,SPACEBOY TV DINNER TRAY,4716.83,968,255,143,6.18237354085603,4.87275826446281,32.0,136.0,3.3057851239669422
21588,RETROSPOT GIANT TUBE MATCHES,4713.6,2056,182,127,2.523243243243243,2.292607003891051,1.0,2.55,0.048638132295719845
23159,SET OF 5 PANCAKE DAY MAGNETS,4713.52,2293,223,121,2.3199107142857143,2.0556127344090713,25.0,52.0,1.0902747492368077
22305,COFFEE MUG PINK PAISLEY DESIGN,4711.53,2267,144,87,2.7977083333333335,2.0783105425672694,11.0,28.05,0.4852227613586237
23558,LANDMARK FRAME LONDON BRIDGE,4703.87,415,52,43,13.125384615384615,11.334626506024096,0.0,0.0,0.0
23389,SPACEBOY MINI BACKPACK,4697.54,1102,233,157,4.537829787234043,4.2627404718693285,2.0,8.3,0.18148820326678766
23176,ABC TREASURE BOOK BOX,4693.08,2165,226,159,2.663215859030837,2.1677043879907623,45.0,101.25,2.0785219399538106
48197,DOOR MAT BIRD ON THE WIRE,4691.77,673,204,70,9.546029411764707,6.971426448736999,0.0,0.0,0.0
22304,COFFEE MUG BLUE PAISLEY DESIGN,4689.56,2380,167,98,2.8558682634730537,1.970403361344538,18.0,44.55,0.7563025210084033
20961,STRAWBERRY BATH SPONGE,4687.65,3530,514,177,1.7074903474903476,1.3279461756373936,71.0,88.75,2.0113314447592066
22562,MONSTERS STENCIL CRAFT,4682.3,3978,393,251,1.3233585858585857,1.1770487682252389,0.0,0.0,0.0
21156,RED SPOTTY CHILDS APRON,4678.23,2506,296,208,2.070704697986577,1.8668116520351155,2.0,3.9,0.07980845969672785
20963,APPLE BATH SPONGE,4676.15,3459,509,168,1.7628349514563106,1.3518791558253829,10.0,12.5,0.28910089621277824
22721,SET OF 3 CAKE TINS SKETCHBOOK,4671.81,1020,297,183,5.396275167785235,4.580205882352941,0.0,0.0,0.0
23241,TREASURE TIN GYMKHANA DESIGN,4669.55,2165,363,183,2.4851092896174864,2.156836027713626,7.0,14.56,0.3233256351039261
22075,6 RIBBONS ELEGANT CHRISTMAS,4660.69,3079,358,201,1.8114325068870523,1.5137025008119518,12.0,19.799999999999997,0.3897369275738876
82581,TOILET METAL SIGN,4649.0,8399,913,371,0.6903583061889251,0.5535182759852363,71.0,38.660000000000004,0.8453387308012859
22348,TEA BAG PLATE RED RETROSPOT,4648.93,5327,496,196,1.0783632734530937,0.8727107189787874,16.0,13.6,0.3003566735498404
72807B,SET/3 OCEAN SCENT CANDLE JEWEL BOX,4645.87,1059,225,112,5.263973799126638,4.3870349386213405,28.0,119.0,2.644003777148253
21243,PINK SPOTTY PLATE,4645.09,2872,240,128,1.8881249999999998,1.6173711699164346,8.0,13.52,0.2785515320334262
15044B,BLUE PAPER PARASOL,4644.13,1670,189,97,3.5482539682539684,2.7809161676646705,1.0,2.95,0.059880239520958084
21243,PINK POLKADOT PLATE,4642.61,2772,264,124,2.1165283018867926,1.6748232323232322,8.0,13.52,0.2886002886002886
21042,RED SPOTTY APRON,4638.110000000001,794,204,120,6.717843137254902,5.841448362720404,12.0,71.4,1.5113350125944585
22574,HEART WOODEN CHRISTMAS DECORATION,4629.17,5074,415,253,1.0663095238095237,0.9123314938904218,288.0,219.84,5.675995270003941
21328,BALLOONS WRITING SET,4612.63,2441,643,257,2.262357473035439,1.8896476853748465,0.0,0.0,0.0
20675,BLUE POLKADOT BOWL,4611.89,3616,385,180,1.56426735218509,1.275412057522124,21.0,26.060000000000002,0.5807522123893806
21878,PACK OF 6 SANDCASTLE FLAGS ASSORTED,4586.48,5586,403,225,1.0591707317073171,0.8210669530970282,421.0,304.81,7.536698890082348
22800,ANTIQUE TALL SWIRLGLASS TRINKET POT,4586.4,1127,268,149,4.836455223880598,4.069565217391304,16.0,60.0,1.419698314108252
23285,PINK VINTAGE SPOT BEAKER,4572.41,4807,191,108,1.06703125,0.951198252548367,2.0,1.7,0.04160599126274183
10135,COLOURING PENCILS BROWN TUBE,4566.21,4226,324,178,1.3985626911314983,1.0805040227165168,11.0,13.75,0.2602934216753431
23404,HOME SWEET HOME BLACKBOARD,4561.76,1011,169,104,6.0208875739644965,4.512126607319486,29.0,143.55,2.868447082096934
15044D,RED PAPER PARASOL,4559.650000000001,1596,227,105,3.438471615720524,2.8569235588972433,9.0,26.150000000000002,0.5639097744360901
51014A,"FEATHER PEN,HOT PINK",4556.5,6681,377,161,0.8222015915119363,0.6820086813351295,195.0,165.75,2.918724741805119
22601,CHRISTMAS RETROSPOT ANGEL WOOD,4547.19,5250,417,257,1.0235071090047392,0.8661314285714284,4.0,3.4,0.0761904761904762
85184D,S/4 BLUE ROUND DECOUPAGE BOXES,4546.78,8311,66,48,3.496818181818182,0.5470797737937673,3940.0,1664.9199999999998,47.40705089640236
22743,MAKE YOUR OWN FLOWERPOWER CARD KIT,4542.500000000001,1502,351,199,3.5751396648044693,3.0243009320905467,6.0,17.700000000000003,0.3994673768308922
37447,CERAMIC CAKE DESIGN SPOTTED PLATE,4540.849999999999,2891,364,141,1.988224043715847,1.5706848841231407,76.0,109.16,2.6288481494292633
21614,SET OF 12 ROSE BOTANICAL T-LIGHTS,4538.17,1627,194,123,3.0643147208121833,2.789287031346036,131.0,336.05,8.051628764597417
21506,"FANCY FONT BIRTHDAY CARD,",4534.49,10878,665,310,0.4894152923538231,0.41684960470674753,60.0,25.2,0.5515719801434087
21990,MODERN FLORAL STATIONERY SET,4530.54,2453,497,170,2.26582,1.846938442723196,12.0,15.0,0.48919690175295555
21564,PINK HEART SHAPE LOVE BUCKET,4524.5,1951,294,134,3.22935593220339,2.3190671450538187,11.0,31.650000000000002,0.5638134290107637
22908,PACK OF 20 NAPKINS RED APPLES,4524.0,5610,485,266,0.955668016194332,0.8064171122994652,7.0,5.949999999999999,0.12477718360071302
23275,SET OF 3 HANGING OWLS OLLIE BEAK,4521.72,3720,325,171,1.4738323353293412,1.215516129032258,77.0,95.41,2.0698924731182795
23163,REGENCY SUGAR TONGS,4515.22,1832,209,95,3.329234449760766,2.4646397379912663,55.0,114.4,3.002183406113537
23112,PARISIENNE CURIO CABINET,4507.08,546,241,134,9.16721991701245,8.254725274725274,33.0,239.85000000000002,6.043956043956044
22760,"TRAY, BREAKFAST IN BED",4506.889999999999,356,120,82,14.2095,12.659803370786515,10.0,125.7,2.8089887640449436
23309,SET OF 60 I LOVE LONDON CAKE CASES,4495.849999999999,8275,407,178,0.7424170616113744,0.5433051359516615,64.0,35.2,0.7734138972809668
22747,POPPY'S PLAYHOUSE BATHROOM,4487.2,2035,402,241,2.4089655172413793,2.205012285012285,6.0,12.6,0.29484029484029484
84279P,CHERRY BLOSSOM DECORATIVE FLASK,4476.67,1145,299,169,4.604666666666667,3.909755458515284,44.0,163.56,3.8427947598253276
23167,SMALL CERAMIC TOP STORAGE JAR,4476.01,5847,231,129,1.0025210084033613,0.7655224901658971,525.0,365.19,8.978963571062083
22070,SMALL RED RETROSPOT MUG IN BOX,4462.95,1511,236,156,4.056386554621849,2.953639973527465,301.0,355.29,19.920582395764395
84968C,SET OF 16 VINTAGE PISTACHIO CUTLERY,4451.95,375,133,50,15.193507462686568,11.871866666666666,4.0,51.0,1.0666666666666667
23288,GREEN VINTAGE SPOT BEAKER,4444.2300000000005,4625,185,107,1.0418817204301074,0.9609145945945947,18.0,15.17,0.38918918918918916
22736,RIBBON REEL MAKING SNOWMEN,4439.28,2467,403,228,2.2283863080684596,1.7994649371706526,23.0,37.95,0.9323064450749898
21064,BOOM BOX SPEAKER BOYS,4432.92,884,171,75,5.502183908045977,5.014615384615385,9.0,53.550000000000004,1.0180995475113122
21864,UNION JACK FLAG PASSPORT COVER,4431.54,1853,411,166,2.754820143884892,2.391548839719374,20.0,42.0,1.0793308148947653
22299,PIG KEYRING WITH LIGHT & SOUND,4430.82,3912,202,103,1.629207920792079,1.132622699386503,57.0,71.25,1.4570552147239262
79341,WILLOW BRANCH LIGHTS.,4423.69,725,79,49,8.0465,6.101641379310344,448.0,2519.6000000000004,61.793103448275865
21244,BLUE POLKADOT PLATE,4419.44,2641,241,128,2.033868312757202,1.6733964407421429,17.0,28.729999999999997,0.6436955698599016
22367,CHILDS APRON SPACEBOY DESIGN,4412.87,2325,310,231,2.046121794871795,1.8980086021505376,0.0,0.0,0.0
23530,WALL ART ONLY ONE PERSON,4406.57,1050,86,59,5.584883720930232,4.196733333333333,0.0,0.0,0.0
22548,HEADS AND TAILS SPORTING FUN,4404.31,3526,428,293,1.3872499999999999,1.249095292115712,0.0,0.0,0.0
84031A,CHARLIE+LOLA RED HOT WATER BOTTLE,4404.0199999999995,1098,314,95,4.696772151898735,4.010947176684881,27.0,71.55,2.459016393442623
22573,STAR WOODEN CHRISTMAS DECORATION,4403.83,4907,405,235,1.0914669926650367,0.8974587324230691,0.0,0.0,0.0
21967,PACK OF 12 SKULL TISSUES,4401.44,15652,479,250,0.41983471074380163,0.28120623562484026,0.0,0.0,0.0
21535,RETRO SPOT SMALL MILK JUG,4380.61,1719,297,171,2.9730392156862746,2.5483478766724836,33.0,83.7,1.9197207678883073
21523,FANCY FONT HOME SWEET HOME DOORMAT,4378.65,663,164,76,7.976829268292684,6.604298642533936,0.0,0.0,0.0
22594,CHRISTMAS GINGHAM TREE,4377.33,4791,412,232,1.1050847457627118,0.9136568566061365,1.0,0.85,0.02087246921310791
21810,CHRISTMAS HANGING STAR WITH BELL,4374.41,6959,344,171,0.9649166666666666,0.628597499640753,59.0,73.75,0.8478229630694065
85053,FRENCH ENAMEL CANDLEHOLDER,4363.28,2032,378,185,2.618046875,2.147283464566929,41.0,84.46000000000001,2.017716535433071
79320,FLAMINGO LIGHTS,4357.38,928,151,67,5.845099337748344,4.695452586206897,16.0,77.10000000000001,1.7241379310344827
22896,PEG BAG APPLES DESIGN,4356.2,1689,338,171,3.1665588235294115,2.5791592658377738,18.0,45.900000000000006,1.0657193605683837
84598,BOYS ALPHABET IRON ON PATCHES,4350.14,20775,217,30,0.37119815668202766,0.2093930204572804,576.0,120.96,2.7725631768953067
20677,PINK SPOTTY BOWL,4348.93,3567,349,161,1.5096883852691216,1.2192122231567144,0.0,0.0,0.0
85184C,S/4 VALENTINE DECOUPAGE HEART BOX,4345.96,2106,283,159,3.221578947368421,2.0636087369420704,0.0,0.0,0.0
15039,SANDALWOOD FAN,4345.62,5101,306,127,1.1448376623376624,0.8519153107233876,27.0,22.95,0.5293079788276809
21844,RETRO SPOT MUG,4343.01,1481,154,102,3.400844155844156,2.932484807562458,14.0,41.300000000000004,0.9453072248480756
23349,ROLL WRAP VINTAGE CHRISTMAS,4342.6,3221,337,214,1.5426530612244898,1.3482148401117666,24.0,30.0,0.7451102142191867
22611,VINTAGE UNION JACK SHOPPING BAG,4338.63,907,195,135,5.167050000000001,4.783495038588755,4.0,19.8,0.4410143329658214
22353,LUNCH BOX WITH CUTLERY FAIRY CAKES,4320.21,1589,298,142,3.2085382059800662,2.718823159219635,5.0,12.75,0.3146633102580239
23168,CLASSIC CAFE SUGAR DISPENSER,4311.35,3075,325,132,1.7985757575757575,1.4020650406504067,54.0,65.61,1.75609756097561
21913,VINTAGE SEASIDE JIGSAW PUZZLES,4302.48,1129,298,170,4.348595317725753,3.810876882196634,4.0,15.0,0.354295837023915
47580,TEA TIME DES TEA COSY,4298.6,1662,344,158,3.132997118155619,2.5864019253910953,21.0,53.550000000000004,1.263537906137184
21153,RED SPOTTY TABLECLOTH,4294.6900000000005,393,139,91,11.799856115107914,10.927964376590332,2.0,21.3,0.5089058524173028
21012,ANTIQUE ALL GLASS CANDLESTICK,4293.7,2297,299,112,2.332857142857143,1.8692642577274705,5.0,10.5,0.21767522855899
23050,RECYCLED ACAPULCO MAT GREEN,4286.55,497,205,116,9.223268292682926,8.624849094567406,1.0,8.25,0.2012072434607646
20966,SANDWICH BATH SPONGE,4265.24,3007,420,137,1.7994339622641509,1.4184369803791153,1.0,1.25,0.03325573661456601
22723,SET OF 6 HERB TINS SKETCHBOOK,4262.820000000001,1164,295,170,4.301208053691275,3.6622164948453615,2.0,7.9,0.1718213058419244
72802B,OCEAN SCENT CANDLE IN JEWELLED BOX,4258.97,1559,212,119,4.411596244131455,2.731860166773573,458.0,679.24,29.37780628608082
22312,OFFICE MUG WARMER POLKADOT,4254.05,1233,269,104,4.289963235294118,3.450162206001622,27.0,81.65000000000002,2.18978102189781
20979,36 PENCILS TUBE RED SPOTTY,4252.11,3395,275,144,1.5688086642599277,1.252462444771723,180.0,200.68,5.3019145802650955
22744,MAKE YOUR OWN MONSOON CARD KIT,4245.17,1515,300,196,3.216754098360656,2.8020924092409243,62.0,163.70000000000002,4.092409240924092
21556,CERAMIC STRAWBERRY MONEY BOX,4244.41,1611,295,132,3.2295986622073576,2.634643078833023,4.0,10.2,0.2482929857231533
20982,12 PENCILS TALL TUBE SKULLS,4243.8,4851,576,316,0.9613333333333334,0.8748299319727891,29.0,24.65,0.5978148835291692
22497,SET OF 2 TINS VINTAGE BATHROOM,4239.07,929,279,160,5.253928571428571,4.563046286329386,5.0,21.25,0.5382131324004306
21068,VINTAGE BILLBOARD LOVE/HATE MUG,4224.63,4066,373,149,1.5829521276595744,1.0390137727496311,89.0,98.33,2.1888834235120513
21355,TOAST ITS - I LOVE YOU,4218.05,3452,341,213,1.455664739884393,1.2219148319814601,48.0,60.0,1.3904982618771726
23089,GLASS BON BON JAR,4215.78,2354,225,101,2.380175438596491,1.7909005947323704,15.0,25.65,0.637213254035684
72807A,SET/3 ROSE CANDLE IN JEWELLED BOX,4213.54,924,216,95,5.681651376146789,4.560108225108225,17.0,72.25,1.83982683982684
22600,CHRISTMAS RETROSPOT STAR WOOD,4209.9,4860,429,278,1.0088532110091741,0.8662345679012345,28.0,23.799999999999997,0.5761316872427984
22797,CHEST OF DRAWERS GINGHAM HEART,4205.5599999999995,242,140,98,18.55292857142857,17.378347107438014,25.0,411.75,10.330578512396695
84950,ASSORTED COLOUR T-LIGHT HOLDER,4199.27,6041,274,156,0.9113818181818182,0.695128290018209,58.0,44.5,0.9601059427247144
23144,ZINC T-LIGHT HOLDER STARS SMALL,4197.83,5089,274,180,0.9436727272727272,0.8248830811554333,44.0,36.52,0.8646099430143446
23012,GLASS APOTHECARY BOTTLE PERFUME,4197.110000000001,1071,246,151,4.62991935483871,3.9188702147525682,8.0,31.6,0.7469654528478058
22851,SET 20 NAPKINS FAIRY CAKES DESIGN,4193.679999999999,5167,523,306,0.9530827067669172,0.8116276369266497,78.0,66.3,1.5095800270950261
21470,FLOWER VINE RAFFIA FOOD COVER,4190.93,1102,319,160,4.200248447204969,3.8030217785843923,9.0,33.75,0.8166969147005444
21474,SWEETHEART CREAM STEEL FOLDIN BENCH,4189.5,210,94,69,19.95,19.95,7.0,139.64999999999998,3.3333333333333335
20754,RETROSPOT RED WASHING UP GLOVES,4187.43,1955,432,208,2.500434782608696,2.141907928388747,1.0,2.1,0.051150895140664954
21609,SET 12 LAVENDER BOTANICAL T-LIGHTS,4186.29,1499,218,142,3.033287671232877,2.792721814543029,0.0,0.0,0.0
22530,MAGIC DRAWING SLATE DOLLY GIRL,4176.45,9873,464,281,0.4951914893617021,0.4230173199635369,48.0,20.16,0.48617441507140685
21238,RED RETROSPOT CUP,4164.55,4731,469,186,1.0648734177215189,0.8802684421898119,65.0,54.99,1.3739167195096174
22833,HALL CABINET WITH 3 DRAWERS,4163.54,120,13,9,48.14846153846155,34.69616666666666,0.0,0.0,0.0
22127,PARTY CONES CARNIVAL ASSORTED,4153.11,3468,155,128,1.8159119496855347,1.1975519031141868,98.0,122.31,2.825836216839677
22926,IVORY GIANT GARDEN THERMOMETER,4150.31,680,216,152,6.306635944700461,6.10339705882353,15.0,89.25,2.2058823529411766
21143,ANTIQUE GLASS HEART DECORATION,4149.15,2100,182,128,2.2731382978723405,1.975785714285714,19.0,37.05,0.9047619047619048
23110,PARISIENNE KEY CABINET,4147.18,700,255,157,6.66234375,5.924542857142858,51.0,293.25,7.285714285714286
23486,ANTIQUE HEART SHELF UNIT,4145.47,275,74,64,17.8127027027027,15.074436363636364,13.0,199.65,4.7272727272727275
21539,RETRO SPOTS BUTTER DISH,4142.87,868,174,111,5.61864406779661,4.772891705069124,23.0,111.05,2.6497695852534564
21590,KINGS CHOICE CIGAR BOX MATCHES,4141.28,3448,286,203,1.246135593220339,1.2010672853828306,26.0,32.5,0.7540603248259861
70006,LOVE HEART POCKET WARMER,4139.5599999999995,4438,290,141,1.9677364864864864,0.932753492564218,2.0,2.44,0.04506534474988734
23283,DOORMAT VINTAGE LEAF,4122.2,564,142,100,9.177535211267607,7.30886524822695,7.0,57.45,1.2411347517730498
23255,CHILDRENS CUTLERY CIRCUS PARADE,4097.22,1014,158,116,4.346962025316456,4.040650887573965,9.0,37.35,0.8875739644970414
22125,UNION JACK HOT WATER BOTTLE,4089.09,653,183,117,6.847883597883598,6.262006125574273,63.0,314.85,9.647779479326186
22807,SET OF 6 T-LIGHTS TOADSTOOLS,4086.5600000000004,1375,294,125,3.702675585284281,2.9720436363636367,19.0,51.25000000000001,1.3818181818181818
23009,I LOVE LONDON BABY GIFT SET,4082.5199999999995,263,103,48,15.988252427184465,15.522889733840302,0.0,0.0,0.0
21911,GARDEN METAL SIGN,4080.8499999999995,2546,344,200,2.044550724637681,1.6028476040848387,12.0,19.799999999999997,0.4713275726630008
23193,BUFFALO BILL TREASURE BOOK BOX,4079.28,1922,175,109,2.730571428571429,2.1224141519250783,20.0,45.0,1.040582726326743
21042,RED RETROSPOT APRON,4079.2000000000003,679,195,109,7.108040201005025,6.007658321060383,6.0,34.4,0.8836524300441826
21472,LADYBIRD + BEE RAFFIA FOOD COVER,4077.82,1056,285,161,4.3950174216027875,3.86157196969697,0.0,0.0,0.0
84596B,SMALL DOLLY MIX DESIGN ORANGE BOWL,4074.67,6221,725,256,0.8488524590163935,0.6549863366018325,48.0,46.72,0.7715801318116058
20981,12 PENCILS TALL TUBE WOODLAND,4069.16,4718,513,290,0.9629126213592233,0.8624756252649427,79.0,67.14999999999999,1.6744383213225942
21901,"KEY FOB , BACK DOOR",4061.51,6159,689,315,0.8083474576271187,0.6594430914109434,153.0,99.45,2.484169508037019
84580,MOUSE TOY WITH PINK T-SHIRT,4051.94,1057,442,197,3.876792873051225,3.833434247871334,4.0,15.0,0.3784295175023652
72349B,SET/6 PURPLE BUTTERFLY T-LIGHTS,4049.9900000000002,1990,287,123,2.432474226804124,2.0351708542713567,12.0,25.200000000000003,0.6030150753768844
35924,HANGING FAIRY CAKE DECORATION,4049.4,2164,188,65,2.7565104166666665,1.8712569316081331,205.0,347.68,9.473197781885398
21717,EASTER TIN BUCKET,4039.63,1554,176,122,2.927272727272727,2.5995045045045044,9.0,22.95,0.5791505791505791
21679,SKULLS STICKERS,4034.5099999999998,4871,370,181,1.0574932614555255,0.8282714021761445,900.0,652.6800000000001,18.476698829809074
23340,VINTAGE CHRISTMAS CAKE FRILL,4034.08,2500,151,112,1.9589473684210525,1.613632,0.0,0.0,0.0
84968A,SET OF 16 VINTAGE ROSE CUTLERY,4026.8399999999997,339,119,44,13.738,11.878584070796459,34.0,390.29999999999995,10.029498525073747
22639,SET OF 4 NAPKIN CHARMS HEARTS,4021.12,1651,275,192,2.7065124555160143,2.435566323440339,6.0,15.3,0.36341611144760755
22053,EMPIRE DESIGN ROSETTE,4020.8899999999994,4551,87,61,1.508390804597701,0.8835179081520543,2.0,2.5,0.043946385409800046
22284,HEN HOUSE DECORATION,4017.74,2465,300,157,1.9993770491803278,1.6299148073022312,26.0,42.89999999999999,1.054766734279919
22057,CERAMIC PLATE STRAWBERRY DESIGN,4011.73,3060,260,113,2.046153846153846,1.3110228758169935,82.0,122.17999999999999,2.679738562091503
21349,IVY HEART WREATH,4010.73,553,171,113,8.393837209302326,7.252676311030742,8.0,54.0,1.4466546112115732
23129,HEART SHAPED HOLLY WREATH,3999.5,950,172,138,4.576279069767442,4.21,1.0,4.15,0.10526315789473684
21238,RED SPOTTY CUP,3999.45,4746,434,201,0.9722323462414578,0.8426991150442478,84.0,71.39999999999999,1.7699115044247788
20967,GREY FLORAL FELTCRAFT SHOULDER BAG,3997.34,1055,296,187,3.9911999999999996,3.788947867298578,20.0,75.0,1.8957345971563981
22245,"HOOK, 1 HANGER ,MAGIC GARDEN",3988.85,4633,413,166,1.1102870813397128,0.8609648176127779,31.0,26.35,0.6691128858191236
21987,PACK OF 6 SKULL PAPER CUPS,3988.06,6417,385,209,0.7309923664122138,0.621483559295621,301.0,138.04999999999998,4.690665419978183
21955,UNION JACK GUNS & ROSES DOORMAT,3987.11,765,102,49,7.410294117647059,5.211908496732026,2.0,13.5,0.261437908496732
22612,TEA COSY VINTAGE UNION JACK,3984.99,1001,109,83,4.2005405405405405,3.981008991008991,4.0,15.0,0.3996003996003996
23306,SET OF 36 DOILIES PANTRY DESIGN,3983.6,2741,244,172,1.7355510204081632,1.4533381977380517,7.0,10.149999999999999,0.2553812477198103
85206A,CREAM FELT EASTER EGG BASKET,3982.91,2327,318,234,1.8081055900621115,1.7116072195960463,10.0,16.5,0.4297378599054577
22244,"HOOK, 3 HANGER ,MAGIC GARDEN",3979.2,2028,208,106,2.638894230769231,1.9621301775147928,43.0,83.85,2.1203155818540433
21524,SPOTTY HOME SWEET HOME DOORMAT,3978.34,666,120,86,7.139504132231405,5.973483483483483,0.0,0.0,0.0
22959,WRAP CHRISTMAS VILLAGE,3971.46,9713,283,251,0.41809859154929574,0.40888088129311234,350.0,147.0,3.60341809945434
22356,CHARLOTTE BAG PINK WITH WHITE SPOTS,3959.52,4345,321,172,1.0377570093457944,0.9112819332566168,7.0,5.6899999999999995,0.1611047180667434
21648,ASSORTED TUTTI FRUTTI SMALL PURSE,3956.48,2940,231,96,1.8345493562231758,1.3457414965986394,256.0,274.4,8.707482993197278
22788,BROCANTE COAT RACK,3942.62,476,84,51,11.650238095238095,8.28281512605042,7.0,66.75,1.4705882352941175
23526,WALL ART DOG LICENCE,3939.76,604,114,57,8.880260869565218,6.522781456953643,16.0,95.2,2.6490066225165565
23557,LANDMARK FRAME BAKER STREET,3930.27,350,32,25,13.181875,11.229342857142857,0.0,0.0,0.0
22359,GLASS JAR KINGS CHOICE,3928.28,1242,199,111,3.560402010050251,3.162866344605475,39.0,115.05000000000001,3.140096618357488
18097C,WHITE TALL PORCELAIN T-LIGHT HOLDER,3924.92,1763,211,110,2.8269339622641505,2.226273397617697,292.0,571.8000000000001,16.56267725467952
21812,GARLAND WITH HEARTS AND BELLS,3917.4900000000002,805,205,103,5.597766990291262,4.866447204968944,26.0,128.70000000000002,3.229813664596273
22980,PANTRY SCRUBBING BRUSH,3910.0099999999998,2363,291,198,1.9236734693877549,1.6546804909013964,81.0,124.04999999999998,3.427845958527296
22179,SET 10 NIGHT OWL LIGHTS,3908.73,505,170,59,8.948604651162789,7.7400594059405945,21.0,124.95,4.158415841584159
23081,GREEN METAL BOX ARMY SUPPLIES,3906.25,467,135,78,9.44148148148148,8.36456102783726,6.0,49.5,1.284796573875803
46000M,POLYESTER FILLER PAD 45X45CM,3901.3500000000004,4205,365,206,1.4991803278688527,0.9277883472057076,21.0,32.55,0.4994054696789536
23049,RECYCLED ACAPULCO MAT RED,3896.84,456,186,103,8.921505376344086,8.545701754385965,3.0,24.75,0.6578947368421052
22314,OFFICE MUG WARMER CHOC+BLUE,3888.4800000000005,1110,249,101,4.341181102362205,3.5031351351351354,4.0,15.8,0.36036036036036034
21192,WHITE BELL HONEYCOMB PAPER,3885.64,2167,216,96,2.3542792792792793,1.7930964467005075,48.0,69.6,2.2150438394093217
22790,"MIRROR, ARCHED GEORGIAN",3884.000000000001,200,1,1,19.42,19.420000000000005,0.0,0.0,0.0
23552,BICYCLE PUNCTURE REPAIR KIT,3881.91,1863,116,93,2.2640650406504066,2.0836876006441223,0.0,0.0,0.0
37340,MULTICOLOUR SPRING FLOWER MUG,3881.33,13665,204,79,3.3486341463414635,0.28403439443834616,4996.0,501.22000000000014,36.56055616538602
21244,BLUE SPOTTY PLATE,3859.6299999999997,2404,204,120,1.8492718446601941,1.6055033277870214,6.0,10.14,0.24958402662229617
22475,SKULL DESIGN TV DINNER TRAY,3856.8,777,258,115,5.9575478927203065,4.963706563706564,6.0,29.700000000000003,0.7722007722007722
22591,CARDHOLDER GINGHAM CHRISTMAS TREE,3854.15,1347,208,148,3.4746411483253583,2.861284335560505,82.0,214.70000000000002,6.087602078693393
22843,BISCUIT TIN VINTAGE GREEN,3851.76,596,178,134,7.101444444444445,6.46268456375839,16.0,107.2,2.684563758389262
22478,BIRDHOUSE GARDEN MARKER,3848.41,2772,317,176,1.6139747634069401,1.3883152958152958,2.0,2.5,0.07215007215007214
22272,FELTCRAFT DOLL MARIA,3848.34,1371,300,207,3.1599342105263157,2.8069584245076586,1.0,2.95,0.07293946024799416
22445,PENCIL CASE LIFE IS BEAUTIFUL,3842.6600000000003,1251,271,144,3.474483985765125,3.071670663469225,0.0,0.0,0.0
21447,12 IVORY ROSE PEG PLACE SETTINGS,3842.63,2776,336,149,1.6250146627565982,1.3842327089337176,1.0,1.25,0.03602305475504323
22118,JOY WOODEN BLOCK LETTERS,3842.07,799,271,195,5.403333333333333,4.808598247809762,2.0,9.9,0.2503128911138924
23111,PARISIENNE SEWING BOX,3839.2400000000002,312,138,80,13.468920863309354,12.30525641025641,24.0,283.2,7.6923076923076925
21055,TOOL BOX SOFT TOY,3839.0899999999997,386,222,122,10.465964125560538,9.94582901554404,7.0,62.650000000000006,1.8134715025906734
22892,SET OF SALT AND PEPPER TOADSTOOLS,3835.71,3123,265,145,1.3115471698113208,1.22821325648415,116.0,139.94,3.714377201408902
21067,VINTAGE RED TEATIME MUG,3830.67,4763,266,130,1.505805243445693,0.8042557211841277,36.0,39.760000000000005,0.7558261599832038
22778,GLASS CLOCHE SMALL,3828.66,970,194,106,4.895024875621891,3.9470721649484535,71.0,250.77,7.31958762886598
22777,GLASS CLOCHE LARGE,3821.82,453,99,66,10.184545454545454,8.436688741721854,6.0,50.15,1.3245033112582782
23194,GYMKHANA TREASURE BOOK BOX,3815.5299999999997,1715,200,128,2.7494581280788175,2.224798833819242,37.0,83.25,2.1574344023323615
85040B,SET/4 BLUE FLOWER CANDLES IN BOWL,3813.7799999999997,2451,252,132,1.7399999999999998,1.5560097919216644,65.0,97.64999999999999,2.6519787841697267
21846,PINK DIAMANTE PEN IN GIFT BOX,3803.4,1601,264,51,3.9122641509433964,2.375640224859463,27.0,81.85000000000001,1.6864459712679576
21034,REX CASH+CARRY JUMBO SHOPPER,3801.8999999999996,4004,1903,800,0.9495242864296444,0.9495254745254744,28.0,26.599999999999998,0.6993006993006993
22355,"CHARLOTTE BAG , SUKI DESIGN",3796.59,4417,341,145,1.0869208211143695,0.859540412044374,9.0,7.6499999999999995,0.20375820692777905
21100,CHARLIE AND LOLA CHARLOTTE BAG,3795.0,2540,269,119,2.230259259259259,1.4940944881889764,4.0,6.6,0.15748031496062992
84016,FLAG OF ST GEORGE CAR FLAG,3791.67,19000,62,43,48.50367647058823,0.19956157894736842,60.0,50.3,0.3157894736842105
22458,CAST IRON HOOK GARDEN FORK,3790.47,1531,174,121,2.847471264367816,2.4758131939908554,0.0,0.0,0.0
72802A,ROSE SCENT CANDLE IN JEWELLED BOX,3789.9,914,182,112,4.502459016393443,4.146498905908096,45.0,185.09,4.923413566739606
71038,WHITE HANGING BEADS CANDLE HOLDER,3789.25,717,144,85,5.411379310344827,5.28486750348675,13.0,70.85,1.813110181311018
23253,16 PIECE CUTLERY SET PANTRY DESIGN,3785.06,254,69,43,17.16623188405797,14.901811023622047,2.0,31.9,0.7874015748031495
21154,RED SPOTTY OVEN GLOVE,3778.37,2816,339,171,1.5846397694524497,1.3417507102272728,10.0,12.5,0.35511363636363635
84356,POMPOM CURTAIN,3771.04,750,133,58,6.5449624060150375,5.028053333333333,6.0,41.7,0.8
21743,STAR PORTABLE TABLE LIGHT,3767.0800000000004,1288,182,117,3.553675675675676,2.924751552795031,59.0,174.05,4.580745341614907
21627,ELEPHANT CARNIVAL POUFFE,3766.35,195,115,31,22.700782608695654,19.314615384615383,6.0,78.7,3.076923076923077
23299,FOOD COVER WITH BEADS SET 2,3761.63,1009,145,109,4.374758620689655,3.7280773042616455,8.0,30.0,0.7928642220019821
21813,GARLAND WITH STARS AND BELLS,3761.4100000000003,815,184,76,5.46010752688172,4.615226993865031,21.0,103.95,2.5766871165644174
22830,UTILTY CABINET WITH HOOKS,3760.71,181,18,14,26.23611111111111,20.777403314917127,0.0,0.0,0.0
21329,DINOSAURS WRITING SET,3760.66,2082,555,253,2.1119964349376112,1.8062728146013447,20.0,33.0,0.9606147934678195
21845,DAIRY MAID STRIPE MUG,3758.4100000000003,2521,158,104,2.1685443037974683,1.4908409361364539,64.0,111.04,2.5386751289170966
23092,LARGE ANTIQUE WHITE PHOTO FRAME,3757.78,523,135,96,8.100962962962964,7.185047801147228,10.0,77.75,1.9120458891013385
21899,"KEY FOB , GARAGE DESIGN",3756.66,5900,476,266,0.7785743801652892,0.6367220338983051,67.0,43.55,1.135593220338983
22544,MINI JIGSAW SPACEBOY,3756.52,9382,341,196,0.5107894736842106,0.400396503943722,91.0,38.22,0.9699424429759114
22425,ENAMEL COLANDER CREAM,3754.4,735,280,179,5.608612099644128,5.108027210884354,25.0,112.55,3.4013605442176873
85049C,ROMANTIC PINKS RIBBONS,3746.29,2981,500,303,1.3419056974459724,1.2567225763166723,25.0,31.25,0.8386447500838645
22356,"CHARLOTTE BAG , PINK/WHITE SPOTS",3740.38,4454,360,166,1.0589722222222222,0.8397799730579255,307.0,221.82,6.892680736416704
22162,HEART GARLAND RUSTIC PADDED,3737.9,1220,260,92,3.371015037593985,3.0638524590163936,12.0,35.400000000000006,0.9836065573770493
21795,SET OF 3 BLUE STRIPE BASKET,3734.9400000000005,441,80,64,13.154124999999999,8.469251700680273,1.0,12.75,0.22675736961451248
22732,3D VINTAGE CHRISTMAS STICKERS,3733.84,2713,299,165,1.577467105263158,1.3762771839292296,0.0,0.0,0.0
22494,EMERGENCY FIRST AID TIN,3730.92,2765,468,200,1.7174734607218682,1.3493381555153707,51.0,63.75,1.8444846292947559
23064,CINDERELLA CHANDELIER,3717.56,221,23,20,45.48739130434783,16.821538461538463,71.0,1514.05,32.126696832579185
22579,WOODEN TREE CHRISTMAS SCANDINAVIAN,3715.68,7056,550,344,0.6896672504378284,0.5265986394557823,96.0,81.6,1.3605442176870748
21041,RED SPOTTY OVEN GLOVE DOUBLE,3715.23,1284,173,78,3.6568181818181817,2.8934813084112148,4.0,11.8,0.3115264797507788
22782,SET 3 WICKER STORAGE BASKETS,3712.2999999999997,254,84,75,19.985714285714284,14.61535433070866,0.0,0.0,0.0
23236,STORAGE TIN VINTAGE DOILY,3704.78,1272,190,124,3.4103125,2.9125628930817613,28.0,80.92,2.20125786163522
21351,CINAMMON & ORANGE WREATH,3702.75,1099,177,113,5.481508379888268,3.369199272065514,25.0,91.95,2.2747952684258417
21495,SKULLS AND CROSSBONES WRAP,3695.3,9065,267,150,0.41797752808988764,0.4076447876447877,25.0,10.5,0.27578599007170435
23182,TOILET SIGN OCCUPIED OR VACANT,3688.21,3741,433,140,1.5304347826086955,0.9858887997861534,14.0,11.62,0.37423148890670943
22398,MAGNETS PACK OF 4 SWALLOWS,3687.48,4240,431,273,1.0115717539863325,0.869688679245283,96.0,120.0,2.2641509433962264
20692,FLORAL ELEPHANT SOFT TOY,3682.76,908,139,75,4.892127659574468,4.055903083700441,2.0,8.5,0.22026431718061676
23130,MISTLETOE HEART WREATH GREEN,3676.18,882,179,135,4.532011173184357,4.168004535147392,9.0,37.35,1.0204081632653061
23013,GLASS APOTHECARY BOTTLE TONIC,3674.1600000000003,924,223,135,4.672946428571429,3.9763636363636365,6.0,23.7,0.6493506493506493
20785,FUSCHIA RETRO BAR STOOL,3672.35,103,37,14,36.57105263157895,35.65388349514563,1.0,39.95,0.9708737864077669
22080,RIBBON REEL SPOTS DESIGN,3668.58,2211,277,199,1.8497491039426521,1.6592401628222524,31.0,51.15,1.4020805065581186
21240,BLUE POLKADOT CUP,3658.27,4191,399,176,1.1093516209476308,0.8728871391076115,44.0,37.14,1.0498687664041995
22769,CHALKBOARD KITCHEN ORGANISER,3656.86,174,45,32,29.071555555555555,21.016436781609197,17.0,400.15,9.770114942528735
22823,CHEST NATURAL WOOD 20 DRAWERS,3655.0,32,18,17,117.5,114.21875,0.0,0.0,0.0
21592,RETRO SPOT CIGAR BOX MATCHES,3652.0,3104,190,157,1.2430729166666665,1.1765463917525774,24.0,30.0,0.7731958762886598
22962,JAM JAR WITH PINK LID,3640.93,4366,354,183,1.051380281690141,0.8339280806229958,85.0,72.11999999999999,1.946862116353642
85040A,S/4 PINK FLOWER CANDLES IN BOWL,3639.89,2065,400,193,1.9779518072289157,1.7626585956416465,44.0,72.6,2.1307506053268765
21486,PINK HEART DOTS HOT WATER BOTTLE,3638.67,1116,294,127,3.903737373737374,3.260456989247312,1.0,3.75,0.08960573476702509
85232D,SET/3 DECOUPAGE STACKING TINS,3636.66,701,223,120,5.95372197309417,5.187817403708987,13.0,64.35,1.8544935805991443
84558A,3D DOG PICTURE PLAYING CARDS,3628.11,1259,199,116,3.133529411764706,2.8817394757744244,25.0,73.75,1.9857029388403495
22589,CARDHOLDER GINGHAM STAR,3626.78,1317,238,170,3.0943153526970955,2.753819286256644,18.0,45.9,1.366742596810934
85114B,IVORY ENCHANTED FOREST PLACEMAT,3618.0499999999997,2017,223,99,2.122767857142857,1.7937778879524044,2.0,3.3,0.09915716410510658
22461,SAVOY ART DECO CLOCK,3607.81,410,146,82,12.368561643835616,8.799536585365853,62.0,625.6999999999999,15.121951219512194
23294,SET OF 6 SNACK LOAF BAKING CASES,3607.81,4392,354,214,1.089776536312849,0.821450364298725,13.0,10.79,0.2959927140255009
22353,LUNCHBOX WITH CUTLERY FAIRY CAKES,3597.68,1451,196,93,3.0384848484848486,2.4794486560992417,15.0,38.25,1.0337698139214335
23032,DRAWER KNOB CRACKLE GLAZE IVORY,3595.3799999999997,2154,194,115,1.7784848484848483,1.6691643454038996,46.0,75.9,2.1355617455896008
21787,RAIN PONCHO WITH RED SPOTS,3592.97,4727,161,98,1.0345061728395062,0.760095197799873,0.0,0.0,0.0
21866,UNION JACK FLAG LUGGAGE TAG,3591.5,2168,453,190,1.7704347826086957,1.6565959409594095,25.0,31.25,1.1531365313653137
22774,RED DRAWER KNOB ACRYLIC EDWARDIAN,3591.06,2791,184,75,1.5565405405405404,1.286657112146184,28.0,34.81,1.0032246506628448
21509,COWBOYS AND INDIANS BIRTHDAY CARD,3587.2200000000003,8696,628,264,0.5027344992050874,0.41251379944802213,24.0,10.08,0.27598896044158233
23085,ANTIQUE SILVER BAUBLE LAMP,3583.23,376,78,64,10.834999999999999,9.529867021276596,13.0,128.75,3.4574468085106385
71477,COLOURED GLASS STAR T-LIGHT HOLDER,3580.96,1012,52,31,4.481132075471698,3.538498023715415,54.0,197.46,5.33596837944664
23497,CLASSIC CHROME BICYCLE BELL,3578.62,2498,193,149,1.6264141414141413,1.4325940752602082,12.0,17.4,0.4803843074459567
22944,CHRISTMAS METAL POSTCARD WITH BELLS,3577.9900000000002,4870,158,89,1.3859509202453988,0.7347002053388091,301.0,311.21000000000004,6.180698151950718
20784,RED RETRO BAR STOOL,3570.87,107,39,6,34.55820512820513,33.372616822429904,1.0,39.95,0.9345794392523363
21112,"SWISS ROLL TOWEL, PINK SPOTS",3570.57,1516,150,86,3.2843708609271522,2.355257255936676,198.0,507.29999999999995,13.060686015831136
22704,WRAP RED APPLES,3564.76,8678,295,207,0.41891525423728815,0.41078128601060154,50.0,21.0,0.5761696243374049
22334,DINOSAUR PARTY BAG + STICKER SET,3552.3599999999997,2232,265,180,1.7332342007434942,1.591559139784946,19.0,31.35,0.8512544802867384
21794,CLASSIC FRENCH STYLE BASKET NATURAL,3552.09,713,178,123,6.00247191011236,4.981893408134643,13.0,79.35,1.8232819074333801
22603,CHRISTMAS RETROSPOT TREE WOOD,3552.0899999999997,4143,388,236,1.0315656565656566,0.857371469949312,13.0,11.049999999999999,0.313782283369539
23210,WHITE ROCKING HORSE HAND PAINTED,3551.53,2849,192,115,1.4668316831683168,1.2465882765882768,200.0,219.76,7.02000702000702
22320,BIRDS MOBILE VINTAGE DESIGN,3545.02,598,180,130,6.202333333333334,5.928127090301003,23.0,136.85,3.8461538461538463
23332,IVORY WICKER HEART LARGE,3542.7099999999996,2059,287,207,1.7616891891891888,1.720597377367654,2.0,3.3,0.09713453132588634
20886,BOX OF 9 PEBBLE CANDLES,3540.22,1777,308,163,2.387220447284345,1.992245357343838,6.0,11.7,0.3376477208778841
21784,SHOE SHINE BOX,3538.2799999999997,290,178,78,12.688595505617975,12.200965517241379,7.0,69.64999999999999,2.413793103448276
21054,NURSE'S BAG SOFT TOY,3538.0,382,182,119,9.614863387978142,9.261780104712042,2.0,17.9,0.5235602094240838
20786,BLACK RETRO BAR STOOL,3533.9,100,32,9,35.75939393939394,35.339,2.0,79.9,2.0
23191,BUNDLE OF 3 RETRO NOTE BOOKS,3529.8899999999994,2141,276,178,1.8762411347517731,1.6487108827650627,3.0,4.949999999999999,0.14012143858010276
22602,CHRISTMAS RETROSPOT HEART WOOD,3529.31,4307,289,199,0.9706397306397305,0.8194358021824936,12.0,10.2,0.2786162061759926
47505,MINATURE COLOURED GARDENING SET,3527.42,737,178,129,5.334722222222222,4.786187245590231,19.0,87.05000000000001,2.578018995929444
21179,NO JUNK MAIL METAL SIGN,3517.9,4284,505,231,1.328307392996109,0.821171802054155,12.0,4.68,0.2801120448179272
23091,ZINC HERB GARDEN CONTAINER,3516.64,556,204,155,6.744,6.324892086330935,7.0,43.75,1.2589928057553956
23353,6 GIFT TAGS VINTAGE CHRISTMAS,3510.05,4007,327,227,0.9988519637462235,0.8759795358123285,24.0,19.92,0.5989518342899924
22765,NEWSPAPER STAND,3508.3,311,53,36,17.09075471698113,11.280707395498393,1.0,14.95,0.3215434083601286
23189,SET OF 12 FORK CANDLES,3507.5099999999998,1249,141,89,3.3956338028169015,2.808254603682946,1.0,2.89,0.08006405124099279
22902,TOTE BAG I LOVE LONDON,3506.56,1716,199,102,2.593283582089552,2.0434498834498833,24.0,50.400000000000006,1.3986013986013985
84352,SILVER CHRISTMAS TREE BAUBLE STAND,3505.58,206,126,90,17.837936507936508,17.0173786407767,7.0,118.65,3.3980582524271843
21499,BLUE POLKADOT WRAP,3504.84,8702,264,200,0.41628787878787876,0.4027625833141807,225.0,82.5,2.5856125028729027
22076,6 RIBBONS EMPIRE,3490.1899999999996,2365,376,197,1.7246052631578948,1.475767441860465,0.0,0.0,0.0
21469,POLKA DOT RAFFIA FOOD COVER,3482.01,1165,210,130,3.972095238095238,2.9888497854077256,50.0,67.5,4.291845493562231
22352,LUNCHBOX WITH CUTLERY RETROSPOT,3481.89,1413,232,114,2.8957021276595745,2.4641825902335457,34.0,86.7,2.40622788393489
21466,RED FLOWER CROCHET FOOD COVER,3479.79,927,275,147,3.984782608695652,3.753818770226537,0.0,0.0,0.0
22764,"RUSTIC WOODEN CABINET, GLASS DOORS",3462.49,183,25,23,24.5848,18.92071038251366,4.0,93.8,2.185792349726776
22309,TEA COSY RED STRIPE,3459.08,1331,266,117,3.446516853932584,2.5988580015026295,26.0,66.3,1.9534184823441023
20675,BLUE SPOTTY BOWL,3455.94,2849,308,157,1.4349838187702264,1.213036153036153,19.0,23.75,0.666900666900667
21559,STRAWBERRY LUNCHBOX WITH CUTLERY,3454.09,1448,183,113,2.910752688172043,2.3854212707182323,4.0,10.2,0.2762430939226519
22172,METAL SHELF WITH RAIL,3451.82,378,185,124,9.579301075268818,9.131798941798943,4.0,34.0,1.0582010582010581
23350,ROLL WRAP VINTAGE SPOT,3445.08,2712,305,205,1.4612861736334404,1.2703097345132743,24.0,30.0,0.8849557522123894
23426,METAL SIGN DROP YOUR PANTS,3444.43,1275,206,126,3.3344711538461542,2.7015137254901957,6.0,17.34,0.4705882352941176
85123a,WHITE HANGING HEART T-LIGHT HOLDER,3444.02,516,99,0,6.543333333333333,6.674457364341086,0.0,0.0,0.0
23354,6 GIFT TAGS 50'S CHRISTMAS,3429.4,3740,322,235,0.9722121212121212,0.916951871657754,60.0,49.8,1.6042780748663104
22531,MAGIC DRAWING SLATE CIRCUS PARADE,3427.12,7944,402,249,0.486019656019656,0.4314098690835851,0.0,0.0,0.0
23156,SET OF 5 MINI GROCERY MAGNETS,3423.29,1665,205,117,2.261497584541063,2.05603003003003,24.0,49.92,1.4414414414414414
23127,FELTCRAFT GIRL NICOLE KIT,3422.4,668,182,137,5.279782608695652,5.123353293413174,13.0,64.35,1.9461077844311379
48189,DOOR MAT FRIENDSHIP,3420.2400000000002,470,181,117,8.07232044198895,7.277106382978724,0.0,0.0,0.0
23014,GLASS APOTHECARY BOTTLE ELIXIR,3419.5800000000004,856,209,122,4.863838862559241,3.9948364485981314,9.0,35.55,1.0514018691588785
23388,WOODLAND MINI BACKPACK,3411.34,816,152,114,4.640657894736842,4.180563725490196,0.0,0.0,0.0
21191,LARGE WHITE HONEYCOMB PAPER BELL,3408.61,1479,201,96,2.8894554455445545,2.3046720757268426,0.0,0.0,0.0
21902,"KEY FOB , FRONT DOOR",3408.03,5359,474,250,0.7798367346938776,0.6359451390184736,57.0,37.05,1.0636312744915097
21364,PEACE SMALL WOOD LETTERS,3407.7200000000003,468,167,118,7.620658682634731,7.281452991452992,2.0,13.5,0.4273504273504274
84472,PINK AND LILAC QUILTED THROW,3402.32,87,30,23,46.424,39.10712643678161,3.0,125.9,3.4482758620689653
37501,TEA TIME TEA SET IN GIFT BOX,3401.15,481,177,106,7.300000000000001,7.070997920997921,15.0,104.25,3.118503118503119
22440,BALLOON WATER BOMB PACK OF 35,3399.41,8523,292,187,0.4507333333333333,0.3988513434236771,44.0,18.48,0.5162501466619734
20983,12 PENCILS TALL TUBE RED RETROSPOT,3395.02,3922,383,245,0.9333080808080807,0.865634880163182,19.0,16.15,0.4844467108618052
22059,CERAMIC STRWBERRY DESIGN MUG,3393.1,2347,215,106,1.8904017857142856,1.445717937792927,35.0,52.15,1.4912654452492544
22459,CAST IRON HOOK GARDEN TROWEL,3389.74,1386,173,124,2.871085714285714,2.4456998556998557,0.0,0.0,0.0
44230,SQUARE MIRROR CURTAIN,3381.62,347,53,25,9.157547169811322,9.745302593659941,10.0,77.91,2.881844380403458
22428,ENAMEL FIRE BUCKET CREAM,3379.67,479,197,126,7.723030303030304,7.0556784968684765,15.0,104.25,3.1315240083507305
21327,SKULLS WRITING SET,3378.5099999999998,1926,495,212,2.00214,1.7541588785046727,0.0,0.0,0.0
23188,VINTAGE 2 METRE FOLDING RULER,3374.0499999999997,1627,152,102,1.9993506493506492,2.0737861094038106,1.0,1.65,0.06146281499692685
22862,LOVE HEART NAPKIN BOX,3373.22,758,221,143,4.877876106194691,4.450158311345646,4.0,17.0,0.5277044854881267
22776,SWEETHEART 3 TIER CAKE STAND,3371.58,284,158,99,12.072264150943397,11.871760563380281,24.0,219.95,8.450704225352112
84508A,CAMOFLAGE DESIGN TEDDY,3368.92,1586,44,31,2.541555555555555,2.124161412358134,8.0,16.8,0.5044136191677175
22822,CREAM WALL PLANTER HEART SHAPED,3367.35,581,183,139,6.362445652173913,5.79578313253012,2.0,11.9,0.34423407917383825
22366,DOOR MAT AIRMAIL,3366.71,461,142,92,8.24669014084507,7.3030585683297184,0.0,0.0,0.0
21211,SET OF 72 SKULL PAPER DOILIES,3365.64,2405,237,139,1.6702521008403362,1.3994345114345115,12.0,17.4,0.498960498960499
84797A,PINK HAWAIIAN PICNIC HAMPER FOR 4,3361.25,481,44,21,11.095227272727273,6.988045738045738,0.0,0.0,0.0
22223,CAKE PLATE LOVEBIRD PINK,3359.66,726,175,89,5.410338983050847,4.62763085399449,1.0,4.95,0.13774104683195593
22477,WATERING CAN GARDEN MARKER,3356.74,2414,276,155,1.6487364620938627,1.39053024026512,1.0,1.25,0.041425020712510356
23239,SET OF 4 KNICK KNACK TINS POPPIES,3353.84,842,178,125,4.393646408839779,3.983182897862233,28.0,115.8,3.32541567695962
22047,EMPIRE GIFT WRAP,3351.0,8250,261,211,0.4179310344827586,0.4061818181818182,250.0,89.0,3.0303030303030303
84968D,S/16 VINTAGE RED CUTLERY,3349.7599999999998,287,38,12,14.493684210526316,11.67163763066202,0.0,0.0,0.0
22167,"WALL MIRROR , DIAMANTE OVAL SHAPE",3331.91,425,129,65,11.791846153846153,7.839788235294117,20.0,199.0,4.705882352941177
21917,SET 12 KIDS WHITE CHALK STICKS,3324.22,8010,467,246,0.4968577494692144,0.41500873907615476,21.0,8.82,0.2621722846441948
22136,LOVE HEART SOCK HANGER,3322.22,1989,265,117,2.0905555555555555,1.670296631473102,3.0,4.55,0.1508295625942685
22536,MAGIC DRAWING SLATE PURDEY,3314.08,8491,352,233,0.4557617728531856,0.3903050288540808,131.0,47.82,1.5428100341538098
23065,LARGE DECO JEWELLERY STAND,3302.44,263,95,77,12.99621052631579,12.55680608365019,1.0,12.5,0.38022813688212925
84813,SET OF 4 DIAMOND NAPKIN RINGS,3300.7599999999998,422,99,53,11.604747474747473,7.82170616113744,1.0,3.95,0.23696682464454977
21500,PINK POLKADOT WRAP,3298.5,8125,260,191,0.4165384615384615,0.40596923076923075,0.0,0.0,0.0
22176,BLUE OWL SOFT TOY,3297.9300000000003,1088,257,124,3.3631660231660234,3.031185661764706,9.0,26.550000000000004,0.8272058823529412
22183,CAKE STAND VICTORIAN FILIGREE MED,3297.25,586,209,58,6.313157894736842,5.626706484641638,9.0,56.2,1.5358361774744027
20702,PINK PADDED MOBILE,3296.7,782,245,151,4.303225806451613,4.215728900255754,11.0,46.75,1.4066496163682864
21239,PINK POLKADOT CUP,3292.9,3685,382,166,1.1207012987012985,0.89359565807327,33.0,28.05,0.8955223880597015
20681,PINK SPOTTY CHILDS UMBRELLA,3292.86,1000,206,127,3.6892270531400966,3.29286,27.0,86.75,2.7
22122,SET OF 2 FANCY FONT TEA TOWELS,3290.0800000000004,1095,191,113,3.4707142857142856,3.0046392694063933,0.0,0.0,0.0
37410,BLACK AND WHITE PAISLEY FLOWER MUG,3288.65,25707,33,13,7.556969696969697,0.12792819076516124,6.0,7.5,0.02333994631812347
22281,EASTER TREE YELLOW BIRDS,3285.86,511,149,83,8.12261744966443,6.430254403131116,16.0,95.2,3.131115459882583
22762,CUPBOARD 3 DRAWER MA CAMPAGNE,3276.62,204,133,91,17.33932330827068,16.06186274509804,18.0,244.9,8.823529411764707
23308,SET OF 60 VINTAGE LEAF CAKE CASES,3272.6099999999997,6139,382,209,0.6942159383033419,0.5330851930281805,0.0,0.0,0.0
22967,SET 3 SONG BIRD PAPER EGGS ASSORTED,3271.4100000000003,1171,138,122,3.0120289855072464,2.793689154568745,22.0,64.9,1.8787361229718187
22794,SWEETHEART WIRE MAGAZINE RACK,3271.35,389,209,130,8.881196172248805,8.409640102827764,5.0,39.75,1.2853470437017995
84975,HEART SHAPED MIRROR,3266.4,1990,212,115,2.0309345794392524,1.6414070351758794,9.0,15.21,0.4522613065326633
21467,CHERRY CROCHET FOOD COVER,3263.75,1025,254,145,4.033984375,3.1841463414634146,5.0,18.75,0.4878048780487805
84031B,CHARLIE LOLA BLUE HOT WATER BOTTLE,3263.03,839,271,80,4.701090909090909,3.889189511323004,26.0,64.2,3.098927294398093
23395,BELLE JARDINIERE CUSHION COVER,3257.08,748,210,141,4.915592417061611,4.354385026737968,7.0,26.25,0.9358288770053476
23053,RECYCLED ACAPULCO MAT PINK,3254.32,364,164,105,9.819390243902438,8.940439560439561,1.0,8.25,0.27472527472527475
84510A,SET OF 4 ENGLISH ROSE COASTERS,3254.14,2402,474,200,1.6820964360587003,1.3547626977518734,21.0,26.25,0.8742714404662781
21477,STRING OF 20 ROSE LIGHTS,3248.94,273,45,35,14.872666666666666,11.900879120879122,23.0,257.24999999999994,8.424908424908425
22059,CERAMIC STRAWBERRY DESIGN MUG,3245.93,2593,243,112,1.668893280632411,1.2518048592364057,30.0,44.7,1.1569610489780178
84849B,FAIRY SOAP SOAP HOLDER,3244.14,1936,293,123,2.0241496598639457,1.6756921487603305,13.0,21.970000000000002,0.6714876033057852
22419,LIPSTICK PEN RED,3242.59,6847,509,191,0.5990366088631984,0.47357820943478895,10.0,4.14,0.1460493646852636
21829,DINOSAUR KEYRINGS ASSORTED,3242.18,15035,409,211,0.264126213592233,0.21564216827402727,289.0,60.69,1.9221815763219154
22792,FLUTED ANTIQUE CANDLE HOLDER,3241.1299999999997,3489,262,128,1.124885496183206,0.928956721123531,12.0,10.2,0.34393809114359414
22733,3D TRADITIONAL CHRISTMAS STICKERS,3238.49,2461,302,185,1.5417532467532469,1.3159244209670864,20.0,25.0,0.8126777732629012
18098C,PORCELAIN BUTTERFLY OIL BURNER,3231.13,1232,239,104,3.228048780487805,2.6226704545454544,24.0,70.80000000000001,1.948051948051948
23051,RECYCLED ACAPULCO MAT BLUE,3223.49,365,162,95,9.636790123456791,8.831479452054793,2.0,16.5,0.547945205479452
20992,JAZZ HEARTS PURSE NOTEBOOK,3220.3999999999996,6151,433,222,0.6853215077605321,0.5235571451796456,0.0,0.0,0.0
23230,WRAP ALPHABET DESIGN,3217.92,7976,235,178,0.41736170212765955,0.40345035105315946,75.0,31.5,0.9403209628886661
21732,RED HANGING METAL STAR TLIGHT HLDR,3214.57,925,58,50,3.8156666666666665,3.475210810810811,3.0,10.530000000000001,0.3243243243243243
21473,SWEETHEART CREAM STEEL TABLE RECT,3212.16,157,90,65,20.839,20.459617834394905,4.0,79.8,2.547770700636943
22194,BLACK DINER WALL CLOCK,3212.1,373,160,100,9.188625,8.611528150134047,6.0,51.0,1.6085790884718498
84837,WHITE SWEETHEARTS CABINET 4 DRAWERS,3210.04,251,143,109,13.428888888888888,12.789003984063745,0.0,0.0,0.0
79323GR,GREEN CHERRY LIGHTS,3209.36,532,83,60,7.097469879518073,6.032631578947369,194.0,1168.5,36.46616541353384
23393,HOME SWEET HOME CUSHION COVER,3207.91,801,229,165,4.481428571428571,4.004881398252184,21.0,78.75,2.6217228464419478
84596F,SMALL MARSHMALLOWS PINK BOWL,3196.43,4720,600,216,0.8523645320197045,0.6772097457627119,16.0,6.72,0.3389830508474576
79164,BLACK WINE GLASS,3196.0099999999998,3653,91,43,6.560434782608695,0.8749000821242814,24.0,36.599999999999994,0.6569942513003011
21986,PACK OF 12 PINK SPOT TISSUES,3194.19,8317,197,128,0.40386934673366837,0.38405554887579657,24.0,6.959999999999999,0.288565588553565
21333,CLASSIC WHITE FRAME,3192.09,1057,222,150,3.225765765765766,3.0199526963103125,18.0,59.02,1.7029328287606436
21111,"SWISS ROLL TOWEL, CHOCOLATE SPOTS",3187.1600000000003,1379,214,109,3.501898148148148,2.3112110224800584,7.0,20.650000000000002,0.5076142131979695
21830,ASSORTED CREEPY CRAWLIES,3185.6,7658,256,151,0.46162790697674416,0.4159832854531209,672.0,247.68,8.775137111517367
21628,TRIANGULAR POUFFE VINTAGE,3185.2799999999997,164,87,24,22.65022988505747,19.422439024390243,4.0,59.8,2.4390243902439024
21584,RETRO SPOT SMALL TUBE MATCHES,3183.45,2005,131,113,1.647037037037037,1.5877556109725686,20.0,33.0,0.997506234413965
22503,CABIN BAG VINTAGE PAISLEY,3178.02,141,54,29,25.080925925925925,22.539148936170214,22.0,546.6999999999999,15.602836879432624
84968C,S/16 VINTAGE PISTACHIO CUTLERY,3177.2999999999997,262,58,20,14.377758620689654,12.12709923664122,0.0,0.0,0.0
21557,SET OF 6 FUNKY BEAKERS,3169.3900000000003,932,302,71,4.149375,3.4006330472103006,1.0,2.95,0.1072961373390558
22863,SOAP DISH BROCANTE,3166.61,1107,169,120,3.2187058823529417,2.8605329719963866,13.0,38.35000000000001,1.1743450767841013
21936,RED/WHITE SPOT PICNIC BAG,3164.59,1125,111,73,3.6107964601769913,2.812968888888889,14.0,41.300000000000004,1.2444444444444445
21949,SET OF 6 STRAWBERRY CHOPSTICKS,3164.18,2598,269,91,1.7667777777777778,1.2179291762894533,6.0,7.5,0.23094688221709006
22965,3 TRADITIONAL BISCUIT CUTTERS SET,3162.6400000000003,1488,250,180,2.342896825396825,2.1254301075268818,38.0,79.80000000000001,2.553763440860215
23342,MINT DINER WALL CLOCK,3159.41,371,162,104,8.835555555555555,8.515929919137466,1.0,8.5,0.2695417789757413
22702,BLACK AND WHITE CAT BOWL,3156.3199999999997,1589,94,66,2.176842105263158,1.9863561988672118,2.0,3.95,0.12586532410320958
82494l,WOODEN FRAME ANTIQUE WHITE,3155.93,378,86,0,8.21860465116279,8.349021164021163,0.0,0.0,0.0
22700,BLACK AND WHITE DOG BOWL,3155.4,1384,98,79,2.8379591836734694,2.279913294797688,22.0,31.300000000000004,1.5895953757225432
84944,SET OF 6 KASHMIR FOLKART BAUBLES,3153.88,1135,194,122,3.8585204081632654,2.778748898678414,93.0,244.45,8.193832599118943
21519,GIN & TONIC DIET GREETING CARD,3149.93,7356,553,181,0.5015342960288808,0.4282123436650353,36.0,15.120000000000001,0.48939641109298526
23035,DRAWER KNOB CERAMIC IVORY,3147.79,2155,190,110,1.646020942408377,1.460691415313225,9.0,13.049999999999999,0.41763341067285387
23323,WHITE WICKER STAR,3146.78,1469,294,210,2.251291390728477,2.14212389380531,3.0,6.300000000000001,0.2042205582028591
22313,OFFICE MUG WARMER PINK,3146.07,985,137,74,4.273453237410072,3.193979695431472,252.0,647.4,25.583756345177665
21705,BAG 500G SWIRLY MARBLES,3145.7099999999996,2534,225,142,1.8070175438596492,1.241400947119179,26.0,41.49999999999999,1.0260457774269929
21239,PINK SPOTTY CUP,3145.4900000000002,3684,369,163,0.9951612903225806,0.8538246471226928,19.0,16.02,0.5157437567861021
21500,PINK SPOTS WRAP,3144.5,7825,232,167,0.41620689655172416,0.40185303514376997,0.0,0.0,0.0
22773,GREEN DRAWER KNOB ACRYLIC EDWARDIAN,3141.11,2368,226,95,1.5384782608695653,1.3264822635135136,12.0,15.0,0.5067567567567568
22325,MOBILE VINTAGE HEARTS,3139.99,699,224,129,5.006,4.492117310443491,48.0,237.6,6.866952789699571
21820,GLITTER HEART GARLAND WITH BELLS,3132.39,795,180,112,4.692065217391304,3.94011320754717,30.0,112.5,3.7735849056603774
82578,KITCHEN METAL SIGN,3129.2400000000002,5595,704,322,0.7130898876404494,0.5592922252010725,13.0,7.15,0.2323503127792672
22095,LADS ONLY TISSUE BOX,3123.0299999999997,2978,284,125,1.3891780821917807,1.0487004701141704,107.0,119.88,3.593015446608462
23346,SPACEBOY BEAKER,3112.34,2628,184,106,1.5186559139784948,1.1842998477929985,6.0,7.5,0.228310502283105
21352,EUCALYPTUS & PINECONE WREATH,3110.28,880,158,77,5.293647798742139,3.534409090909091,11.0,74.25,1.25
21272,SALLE DE BAIN HOOK,3109.83,2348,339,167,1.6387209302325583,1.3244591141396933,13.0,16.25,0.5536626916524702
22406,MONEY BOX KINGS CHOICE DESIGN,3104.35,2451,214,142,1.467685185185185,1.26656466748266,50.0,55.66,2.039983680130559
22891,TEA FOR ONE POLKADOT,3103.7,644,230,108,5.596608695652174,4.8194099378881985,37.0,157.25,5.745341614906832
22177,5 HOOK BLACKBOARD ORGANISER,3101.46,325,125,90,11.89312,9.542953846153846,25.0,227.0,7.6923076923076925
22972,CHILDREN'S SPACEBOY MUG,3100.9399999999996,1810,238,145,1.995774058577406,1.7132265193370164,34.0,56.099999999999994,1.8784530386740332
47504K,ENGLISH ROSE GARDEN SECATEURS,3096.08,2654,312,210,1.8726498422712934,1.1665712132629993,22.0,28.98,0.8289374529012812
22572,ROCKING HORSE GREEN CHRISTMAS,3087.18,3439,362,211,1.0399731903485254,0.8976970049432974,3.0,2.55,0.08723466123873219
20956,PORCELAIN T-LIGHT HOLDERS ASSORTED,3083.82,2338,236,117,1.7566390041493773,1.318999144568007,30.0,37.5,1.2831479897348161
79072,TEATIME CAKE TIN WITH HANDLE,3083.2,284,107,41,12.714485981308412,10.856338028169013,15.0,149.25,5.28169014084507
21707,"FOLDING UMBRELLA , BLACK/BLUE SPOT",3077.01,775,69,54,5.066811594202899,3.970335483870968,0.0,0.0,0.0
84279B,CHERRY BLOSSOM DECORATIVE FLASK,3076.92,808,215,140,4.296511627906977,3.808069306930693,17.0,63.75,2.103960396039604
21765,HANGING METAL BIRD BATH,3076.39,372,144,104,8.968367346938777,8.26986559139785,9.0,66.75,2.4193548387096775
22347,PIZZA SLICE DISH,3074.18,2680,113,49,1.6698230088495576,1.1470820895522387,0.0,0.0,0.0
23188,VINTAGE 2 METER FOLDING RULER,3073.72,1844,181,131,1.8808196721311474,1.666876355748373,13.0,21.449999999999996,0.7049891540130151
22372,AIRLINE BAG VINTAGE WORLD CHAMPION,3073.43,611,294,163,5.211627118644068,5.030163666121113,7.0,33.95,1.1456628477905073
22154,ANGEL DECORATION 3 BUTTONS,3073.32,7114,317,163,0.5343768996960486,0.43201012088838914,204.0,85.67999999999999,2.8675850435760473
84912B,GREEN ROSE WASHBAG,3072.64,1125,259,56,3.5072030651340995,2.7312355555555556,0.0,0.0,0.0
22473,TV DINNER TRAY VINTAGE PAISLEY,3070.92,813,211,120,5.152085308056872,3.777269372693727,0.0,0.0,0.0
22757,LARGE RED BABUSHKA NOTEBOOK,3070.18,2696,308,161,1.519105431309904,1.1387908011869436,1.0,1.25,0.0370919881305638
21206,STRAWBERRY HONEYCOMB GARLAND,3067.8999999999996,2155,238,117,1.8592916666666666,1.4236194895591645,11.0,18.15,0.5104408352668214
21537,RED RETROSPOT PUDDING BOWL,3065.45,712,183,133,4.643422459893048,4.305407303370786,56.0,213.0,7.865168539325842
22963,JAM JAR WITH GREEN LID,3060.43,3670,317,169,1.073625,0.8339046321525885,115.0,90.86,3.1335149863760217
20985,HEART CALCULATOR,3047.99,2370,291,162,1.5422333333333333,1.2860717299578057,44.0,54.43,1.8565400843881856
84969,BOX OF 6 ASSORTED COLOUR TEASPOONS,3047.91,702,256,62,4.7349609375,4.341752136752136,2.0,8.5,0.2849002849002849
21408,SPOTTY PINK DUCK DOORSTOP,3045.31,703,240,114,5.908458333333333,4.331877667140825,5.0,21.25,0.7112375533428165
22754,SMALL RED BABUSHKA NOTEBOOK,3044.8599999999997,3924,492,237,0.994507042253521,0.7759582059123342,12.0,10.2,0.3058103975535168
23461,SWEETHEART BIRD HOUSE,3041.21,847,94,75,4.551500000000001,3.5905667060212516,4.0,16.6,0.47225501770956313
23329,DECORATIVE WICKER HEART LARGE,3038.1899999999996,1767,233,168,1.7691199999999998,1.7194057724957552,3.0,4.949999999999999,0.1697792869269949
22208,WOOD STAMP SET THANK YOU,3036.95,2366,433,237,1.5570748299319728,1.2835798816568047,25.0,31.409999999999997,1.0566356720202874
22037,ROBOT BIRTHDAY CARD,3035.7,7054,634,270,0.521748031496063,0.4303515735752764,12.0,5.04,0.1701162461015027
21588,RETRO SPOT GIANT TUBE MATCHES,3034.9500000000003,1295,102,85,2.5240384615384617,2.3435907335907338,24.0,61.2,1.8532818532818531
15044C,PURPLE PAPER PARASOL,3027.26,967,231,100,3.820387931034483,3.130568769389866,5.0,13.95,0.5170630816959669
23242,TREASURE TIN BUFFALO BILL,3024.63,1470,214,132,2.2825345622119815,2.057571428571429,27.0,56.160000000000004,1.8367346938775513
23237,SET OF 4 KNICK KNACK TINS LEAF,3020.61,747,123,94,4.271626016260163,4.043654618473896,14.0,56.900000000000006,1.8741633199464525
22067,CHOC TRUFFLE GOLD TRINKET POT,3019.3199999999997,1855,252,108,2.096968503937008,1.6276657681940698,20.0,32.199999999999996,1.078167115902965
21626,VINTAGE UNION JACK PENNANT,3017.0699999999997,1496,204,136,2.3283009708737863,2.016758021390374,60.0,117.0,4.010695187165775
22349,"DOG BOWL , CHASING BALL DESIGN",3014.3,754,136,104,4.172205882352941,3.997745358090186,12.0,42.120000000000005,1.5915119363395225
22402,MAGNETS PACK OF 4 VINTAGE COLLAGE,3012.78,3431,250,158,0.9221259842519685,0.8781055085980765,14.0,17.5,0.40804430195278346
22202,MILK PAN PINK RETROSPOT,3011.2400000000002,750,188,67,5.012116402116402,4.014986666666667,27.0,101.25,3.5999999999999996
22805,BLUE DRAWER KNOB ACRYLIC EDWARDIAN,3008.82,2207,231,89,1.664025974025974,1.363307657453557,13.0,16.25,0.5890348889895787
23236,DOILEY STORAGE TIN,3004.46,1094,122,93,3.103008130081301,2.746307129798903,5.0,14.450000000000001,0.4570383912248629
22712,CARD DOLLY GIRL,3002.42,7295,508,209,0.5518664047151277,0.4115723098012337,37.0,15.54,0.5071967100753941
22755,SMALL PURPLE BABUSHKA NOTEBOOK,2997.63,3776,499,243,0.9772189349112426,0.7938638771186441,12.0,10.2,0.31779661016949157
84912A,PINK ROSE WASHBAG,2996.44,1094,231,59,3.620258620689655,2.7389762340036565,0.0,0.0,0.0
23390,DOLLY GIRL MINI BACKPACK,2992.3900000000003,739,161,116,4.392682926829269,4.049242219215156,1.0,4.15,0.13531799729364005
22132,RED LOVE HEART SHAPE CUP,2989.81,3345,388,154,1.149254498714653,0.8938146487294469,12.0,10.2,0.35874439461883406
22925,BLUE GIANT GARDEN THERMOMETER,2989.52,488,191,130,6.48421875,6.126065573770492,8.0,47.6,1.639344262295082
21507,"ELEPHANT, BIRTHDAY CARD,",2980.63,7113,489,230,0.49518367346938774,0.4190397863067623,12.0,5.04,0.1687051876845213
21354,TOAST ITS - BEST MUM,2979.46,2476,217,123,1.4986238532110092,1.2033360258481423,0.0,0.0,0.0
22375,AIRLINE BAG VINTAGE JET SET BROWN,2969.29,595,287,135,5.431527777777777,4.990403361344538,2.0,10.6,0.33613445378151263
22519,CHILDS GARDEN BRUSH PINK,2968.77,1431,263,142,2.4310943396226414,2.0746121593291407,14.0,29.400000000000002,0.9783368273934312
21706,"FOLDING UMBRELLA , RED/WHITE SPOT",2962.82,916,104,73,5.286153846153846,3.234519650655022,29.0,143.55,3.1659388646288207
22905,CALENDAR IN SEASON DESIGN,2957.17,1077,194,111,2.9630769230769234,2.7457474466109564,0.0,0.0,0.0
22674,FRENCH TOILET SIGN BLUE METAL,2956.33,2377,297,182,1.4519666666666666,1.243723180479596,14.0,17.5,0.5889777029869584
22664,TOY TIDY DOLLY GIRL DESIGN,2954.19,1429,266,107,2.761428571428571,2.0673128061581525,12.0,25.2,0.8397480755773268
22816,CARD MOTORBIKE SANTA,2950.93,6856,436,258,0.4823006833712984,0.43041569428238036,48.0,20.16,0.7001166861143524
22927,GREEN GIANT GARDEN THERMOMETER,2948.57,468,162,101,6.695493827160495,6.300363247863248,14.0,83.3,2.9914529914529915
23211,RED ROCKING HORSE HAND PAINTED,2930.57,2329,160,82,1.5651851851851852,1.2582954057535423,24.0,30.0,1.03048518677544
22071,SMALL WHITE RETROSPOT MUG IN BOX,2929.75,1147,175,139,3.8278531073446325,2.5542720139494333,288.0,188.0,25.108979947689626
22277,COSMETIC BAG VINTAGE ROSE PAISLEY,2927.4900000000002,1400,250,147,2.475277777777778,2.091064285714286,2.0,4.2,0.14285714285714285
85049D,BRIGHT BLUES RIBBONS,2922.96,2330,400,263,1.320909090909091,1.254489270386266,0.0,0.0,0.0
21948,SET OF 6 CAKE CHOPSTICKS,2921.36,2293,267,71,1.8755762081784386,1.2740340165721762,0.0,0.0,0.0
21214,SET OF 72 IVORY PAPER DOILIES,2920.8199999999997,2006,199,106,1.9927722772277228,1.4560418743768693,1.0,1.45,0.049850448654037885
22990,COTTON APRON PANTRY DESIGN,2917.43,633,164,117,5.315301204819277,4.6088941548183255,126.0,553.6999999999999,19.90521327014218
21592,RETROSPOT CIGAR BOX MATCHES,2900.46,2772,286,195,1.1606101694915254,1.0463419913419914,0.0,0.0,0.0
22518,CHILDS GARDEN BRUSH BLUE,2899.8,1402,270,141,2.507859778597786,2.0683309557774607,0.0,0.0,0.0
23290,SPACEBOY CHILDRENS BOWL,2890.3500000000004,2430,214,125,1.4357009345794394,1.1894444444444445,10.0,12.5,0.411522633744856
22184,CAKE STAND VICTORIAN FILIGREE LARGE,2887.07,389,146,60,9.19986301369863,7.421773778920309,18.0,134.8,4.627249357326478
21584,RETROSPOT SMALL TUBE MATCHES,2886.6,1764,221,165,1.6482905982905982,1.6363945578231291,7.0,11.55,0.3968253968253968
23345,DOLLY GIRL BEAKER,2886.25,2451,174,100,1.5064204545454545,1.177580579355365,7.0,8.75,0.28559771521827826
22955,36 FOIL STAR CAKE CASES,2885.26,1592,186,131,2.247823834196891,1.812349246231156,0.0,0.0,0.0
22811,SET OF 6 T-LIGHTS CACTI,2884.13,1021,140,51,4.010921985815602,2.8248090107737513,1.0,2.95,0.0979431929480901
23283,DOORMAT VINTAGE LEAVES DESIGN,2881.18,430,91,75,7.847912087912087,6.700418604651162,0.0,0.0,0.0
23056,FLOWERS CHANDELIER T-LIGHT HOLDER,2879.37,960,38,32,6.182564102564102,2.99934375,579.0,1859.07,60.3125
21240,BLUE SPOTTY CUP,2877.47,3390,370,169,0.9885714285714285,0.8488112094395279,1.0,0.85,0.029498525073746312
21465,PINK FLOWER CROCHET FOOD COVER,2875.6400000000003,793,187,117,4.030588235294117,3.6262799495586386,2.0,7.5,0.25220680958385877
21821,GLITTER STAR GARLAND WITH BELLS,2866.6,713,153,86,4.836602564102564,4.020476858345021,13.0,48.75,1.8232819074333801
22072,TEA CUP AND SAUCER RETRO SPOT,2866.34,700,137,67,4.624892086330935,4.094771428571429,16.0,60.0,2.2857142857142856
22480,RED TEA TOWEL CLASSIC DESIGN,2863.06,2368,263,197,1.2736704119850186,1.2090625,0.0,0.0,0.0
21424,WOODLAND STORAGE BOX LARGE,2861.6400000000003,955,142,51,4.811619718309859,2.9964816753926704,58.0,151.9,6.0732984293193715
23427,STOOL HOME SWEET HOME,2860.58,237,114,87,12.967478260869566,12.069957805907173,2.0,22.9,0.8438818565400843
22073,RETRO SPOT STORAGE JAR,2853.29,729,155,95,4.591075949367089,3.9139780521262004,12.0,45.0,1.646090534979424
22581,WOOD STOCKING CHRISTMAS SCANDISPOT,2852.6299999999997,3565,380,208,0.9357179487179488,0.8001767180925665,2.0,1.7,0.05610098176718093
23504,PLAYING CARDS JUBILEE UNION JACK,2848.8900000000003,1927,208,164,1.3483410138248846,1.4784068500259473,0.0,0.0,0.0
22930,BAKING MOULD HEART MILK CHOCOLATE,2846.8,1108,189,120,3.073350785340314,2.5693140794223828,96.0,201.6,8.664259927797833
23212,HEART WREATH DECORATION WITH BELL,2845.89,2284,185,103,1.4963157894736843,1.2460113835376532,60.0,75.0,2.626970227670753
21324,HANGING MEDINA LANTERN SMALL,2845.71,1014,175,101,3.7048022598870056,2.8064201183431954,54.0,140.1,5.325443786982249
21688,SILVER PLATE CANDLE BOWL SMALL,2845.6500000000005,912,142,97,3.6079577464788737,3.1202302631578953,6.0,17.700000000000003,0.6578947368421052
22080,RIBBON REEL POLKADOTS,2843.86,1676,242,167,2.0024489795918368,1.6968138424821002,10.0,16.5,0.5966587112171837
22449,SILK PURSE BABUSHKA PINK,2843.8300000000004,863,218,111,3.3467272727272728,3.295283893395134,12.0,40.2,1.3904982618771726
21439,BASKET OF TOADSTOOLS,2837.54,2259,240,112,1.5492181069958846,1.2561044710048694,408.0,432.48,18.06108897742364
22576,SWALLOW WOODEN CHRISTMAS DECORATION,2835.08,3132,330,191,1.0617867435158501,0.9051979565772669,6.0,5.1,0.19157088122605362
22285,"DECORATION HEN ON NEST, HANGING",2829.19,1877,147,105,1.868157894736842,1.5072935535428875,12.0,19.799999999999997,0.6393180607352157
22731,3D CHRISTMAS STAMPS STICKERS,2828.62,2018,232,138,1.5429361702127657,1.4016947472745291,34.0,42.5,1.6848364717542121
22710,WRAP I LOVE LONDON,2821.28,7184,173,112,0.4159537572254335,0.39271714922049,125.0,52.5,1.739977728285078
22217,T-LIGHT HOLDER HANGING LACE,2814.81,2374,214,152,1.405925925925926,1.1856823925863522,56.0,70.0,2.358887952822241
22671,FRENCH LAUNDRY SIGN BLUE METAL,2811.3399999999997,1688,246,140,2.044412955465587,1.665485781990521,4.0,6.3999999999999995,0.23696682464454977
21508,VINTAGE KID DOLLY CARD,2808.62,6716,541,215,0.517097966728281,0.41819833234067894,12.0,5.04,0.1786777843954735
35001W,HAND OPEN SHAPE DECO.WHITE,2806.69,883,190,78,4.085520833333334,3.1785843714609285,21.0,66.81,2.378255945639864
22452,MEASURING TAPE BABUSHKA PINK,2806.4,1089,207,96,2.5631578947368423,2.5770431588613407,7.0,20.650000000000002,0.642791551882461
84909A,PINK PAISLEY QUILT,2797.55,209,30,24,17.176666666666666,13.385406698564594,0.0,0.0,0.0
22974,CHILDRENS DOLLY GIRL MUG,2795.81,1636,211,128,2.039433962264151,1.7089303178484108,20.0,33.0,1.2224938875305624
22696,WICKER WREATH LARGE,2790.83,1415,288,203,2.258406779661017,1.9723180212014133,0.0,0.0,0.0
21360,JOY LARGE WOOD LETTERS,2790.41,441,100,81,10.0931,6.327460317460317,2.0,19.9,0.45351473922902497
22101,MIRROR MOSAIC VOTIVE HOLDER,2790.27,1909,116,44,2.3282905982905984,1.461639601885804,325.0,128.46,17.024620220010476
85199S,SMALL HANGING IVORY/RED WOOD BIRD,2789.2799999999997,6022,486,188,0.5843775100401606,0.4631816672201926,24.0,10.08,0.39853869146462967
22949,36 DOILIES DOLLY GIRL,2788.5299999999997,1965,162,121,1.736604938271605,1.4190992366412212,16.0,23.2,0.8142493638676844
84519A,TOMATO CHARLIE+LOLA COASTER SET,2788.4500000000003,1200,203,96,2.9695566502463056,2.3237083333333337,0.0,0.0,0.0
21796,SET OF 3 RED STRIPE BASKETS,2782.19,324,67,57,12.662089552238806,8.587006172839507,0.0,0.0,0.0
21728,METAL MEDINA LANTERN,2773.11,298,40,33,13.710249999999998,9.305738255033557,2.0,25.5,0.6711409395973155
21188,3D HEARTS HONEYCOMB PAPER GARLAND,2771.34,912,128,69,3.576212121212121,3.0387500000000003,35.0,89.64999999999999,3.8377192982456143
21682,LARGE MEDINA STAMPED METAL BOWL,2767.59,559,152,116,5.280526315789474,4.9509660107334525,4.0,19.8,0.7155635062611807
85132B,CHARLIE AND LOLA TABLE TINS,2767.53,919,123,73,4.942682926829268,3.01145810663765,2.0,19.9,0.2176278563656148
22365,DOOR MAT RESPECTABLE HOUSE,2765.69,380,124,79,8.205887096774193,7.278131578947368,1.0,6.75,0.2631578947368421
22242,5 HOOK HANGER MAGIC TOADSTOOL,2763.96,1774,110,77,1.8511711711711711,1.5580383314543405,50.0,82.5,2.818489289740699
23190,BUNDLE OF 3 SCHOOL EXERCISE BOOKS,2761.8999999999996,1702,202,145,1.7966009852216749,1.6227379553466508,2.0,3.3,0.11750881316098707
22081,RIBBON REEL FLORA + FAUNA,2761.04,1559,302,170,2.1825986842105265,1.7710327132777421,41.0,67.65,2.6298909557408594
21683,MEDIUM MEDINA STAMPED METAL BOWL,2757.4700000000003,936,152,96,3.308627450980392,2.9460149572649574,1.0,2.95,0.10683760683760685
23542,WALL ART 70'S ALPHABET,2757.06,356,74,44,10.14864864864865,7.744550561797753,6.0,48.7,1.6853932584269662
22675,FRENCH KITCHEN SIGN BLUE METAL,2754.95,2227,270,179,1.4426373626373625,1.2370678042209249,28.0,35.0,1.2572968118545127
15058C,ICE CREAM DESIGN GARDEN PARASOL,2753.72,470,122,56,9.667049180327869,5.858978723404255,4.0,23.8,0.851063829787234
22145,CHRISTMAS CRAFT HEART STOCKING,2752.66,1306,197,153,2.3686069651741297,2.1077029096477795,6.0,12.600000000000001,0.45941807044410415
84795C,OCEAN STRIPE HAMMOCK,2752.59,325,131,70,9.477954545454544,8.469507692307692,1.0,7.95,0.3076923076923077
23147,SINGLE ANTIQUE ROSE HOOK IVORY,2752.2,1868,261,170,1.5256226415094338,1.473340471092077,15.0,21.75,0.8029978586723768
51014C,"FEATHER PEN,COAL BLACK",2751.5,4283,266,108,0.8253558052434458,0.6424235349054401,230.0,144.9,5.370067709549381
85015,SET OF 12 VINTAGE POSTCARD SET,2750.0,2908,254,133,1.8354724409448817,0.9456671251719395,0.0,0.0,0.0
22315,200 RED + WHITE BENDY STRAWS,2749.51,2137,388,191,1.444846153846154,1.286621431913898,5.0,6.25,0.2339728591483388
22525,CHILDRENS GARDEN GLOVES PINK,2748.79,1950,330,189,1.643534743202417,1.4096358974358973,15.0,18.75,0.7692307692307693
23266,SET OF 3 WOODEN STOCKING DECORATION,2743.82,2053,319,201,1.454005934718101,1.3364929371651242,12.0,15.0,0.5845104724792985
23341,PINK DINER WALL CLOCK,2741.35,307,121,75,9.943057851239669,8.929478827361564,0.0,0.0,0.0
22482,BLUE TEA TOWEL CLASSIC DESIGN,2739.43,2319,214,154,1.2477064220183487,1.181297973264338,0.0,0.0,0.0
23100,SILVER BELLS TABLE DECORATION,2739.38,2166,257,180,1.426235741444867,1.2647183748845798,1.0,1.25,0.04616805170821791
22161,HEART DECORATION RUSTIC HANGING,2738.28,6726,489,156,0.6999212598425197,0.40711864406779663,88.0,28.880000000000003,1.3083556348498364
85183B,CHARLIE & LOLA WASTEPAPER BIN FLORA,2731.7599999999998,1725,171,124,2.454418604651163,1.5836289855072463,35.0,131.25,2.0289855072463765
22066,LOVE HEART TRINKET POT,2729.16,3436,274,185,1.1509608540925267,0.7942840512223516,11.0,10.65,0.32013969732246794
21788,KIDS RAIN MAC BLUE,2725.0899999999997,3375,206,141,0.9104225352112676,0.807434074074074,73.0,61.849999999999994,2.162962962962963
22167,OVAL WALL MIRROR DIAMANTE,2724.42,266,175,46,10.892685714285715,10.242180451127819,5.0,49.75,1.8796992481203008
16161U,WRAP SUKI AND FRIENDS,2721.92,6676,208,148,0.4185576923076923,0.40771719592570405,75.0,31.5,1.1234272019173157
22651,GENTLEMAN SHIRT REPAIR KIT,2720.86,3175,270,112,1.1600367647058822,0.8569637795275591,0.0,0.0,0.0
22818,CARD CHRISTMAS VILLAGE,2720.86,6290,404,252,0.47586633663366334,0.4325691573926868,144.0,60.48,2.289348171701113
22914,BLUE COAT RACK PARIS FASHION,2720.66,570,170,117,5.446140350877193,4.773087719298245,5.0,24.75,0.8771929824561403
47503J,SET/3 FLORAL GARDEN TOOLS IN BAG,2719.38,344,75,31,10.9716,7.905174418604651,19.0,151.05,5.523255813953488
23164,REGENCY CAKE SLICE,2718.65,578,92,70,5.579673913043479,4.703546712802768,1.0,4.95,0.17301038062283738
22650,CERAMIC PIRATE CHEST MONEY BANK,2717.8799999999997,1787,283,150,1.8404895104895105,1.5209177392277557,37.0,53.64999999999999,2.0705092333519866
21808,"CHRISTMAS GARLAND STARS,TREES",2715.53,1001,144,70,3.6015753424657535,2.712817182817183,46.0,155.0,4.595404595404595
47480,HANGING PHOTO CLIP ROPE LADDER,2713.9799999999996,1638,150,62,2.285066666666667,1.6568864468864466,15.0,24.749999999999996,0.9157509157509158
22524,CHILDRENS GARDEN GLOVES BLUE,2713.23,1952,299,188,1.5469435215946843,1.3899743852459017,14.0,17.5,0.7172131147540983
22231,JIGSAW TREE WITH BIRDHOUSE,2712.48,2135,297,166,1.5546843853820598,1.2704824355971898,107.0,150.15,5.011709601873536
21096,SET/6 FRUIT SALAD PAPER PLATES,2711.7099999999996,15919,143,91,0.6567832167832168,0.1703442427288146,7008.0,911.04,44.02286575789937
23407,SET OF 2 TRAYS HOME SWEET HOME,2709.43,267,133,103,10.601716417910447,10.147677902621723,6.0,59.699999999999996,2.247191011235955
21744,SNOWFLAKE PORTABLE TABLE LIGHT,2697.1600000000003,898,217,131,3.179144144144144,3.003518930957684,6.0,17.700000000000003,0.6681514476614699
23333,IVORY WICKER HEART MEDIUM,2695.45,2089,233,179,1.3329218106995884,1.290306366682623,12.0,15.0,0.5744375299186213
22667,RECIPE BOX RETRO SPOT DESIGN,2694.65,959,178,138,2.9388268156424586,2.8098540145985402,25.0,73.75,2.6068821689259645
85035C,ROSE 3 WICK MORRIS BOX CANDLE,2693.85,1356,197,129,3.203793103448276,1.9866150442477875,3.0,12.75,0.22123893805309736
21224,SET/4 SKULL BADGES,2691.91,2171,312,140,1.2506645569620252,1.239940119760479,22.0,27.5,1.0133578995854444
22479,DAISY GARDEN MARKER,2691.19,1939,214,129,1.5787441860465117,1.38792676637442,0.0,0.0,0.0
23264,SET OF 3 WOODEN SLEIGH DECORATIONS,2690.81,1963,299,177,1.496592356687898,1.370764136525726,1.0,1.25,0.05094243504839531
22436,12 COLOURED PARTY BALLOONS,2687.05,4216,290,173,0.6820338983050848,0.6373458254269451,27.0,17.55,0.6404174573055028
21204,DAISIES HONEYCOMB GARLAND,2682.99,1608,205,109,1.9919806763285024,1.668526119402985,49.0,71.25,3.0472636815920398
22495,SET OF 2 ROUND TINS CAMEMBERT,2682.32,940,237,165,3.4214644351464436,2.853531914893617,6.0,17.700000000000003,0.6382978723404255
90057,DIAMANTE RING ASSORTED IN BOX.,2675.88,1804,37,29,1.7997297297297299,1.4833037694013305,0.0,0.0,0.0
22155,STAR DECORATION RUSTIC,2671.81,5925,340,165,0.5615774647887324,0.45093839662447255,53.0,22.26,0.8945147679324894
21980,PACK OF 12 RED RETROSPOT TISSUES,2668.33,8616,405,262,0.39127764127764125,0.3096947539461467,168.0,48.72,1.9498607242339834
22028,PENNY FARTHING BIRTHDAY CARD,2665.13,6344,507,203,0.5311811023622047,0.4201024590163935,24.0,10.08,0.37831021437578816
21923,RED/CREAM STRIPE FRINGE HAMMOCK,2662.64,337,119,80,8.58436974789916,7.901008902077151,2.0,15.9,0.5934718100890208
21109,LARGE CAKE TOWEL CHOCOLATE SPOTS,2661.67,925,104,51,5.374259259259259,2.8774810810810814,0.0,0.0,0.0
85049B,LUSH GREENS RIBBONS,2653.3,2126,338,224,1.3162941176470588,1.248024459078081,0.0,0.0,0.0
21693,SMALL HAMMERED SILVER CANDLEPOT,2648.6200000000003,871,120,84,3.3857500000000003,3.0408955223880603,0.0,0.0,0.0
22500,SET OF 2 TINS JARDIN DE PROVENCE,2647.31,580,198,155,5.186834170854271,4.564327586206897,4.0,19.8,0.6896551724137931
21742,LARGE ROUND WICKER PLATTER,2647.28,437,193,156,6.052820512820513,6.057848970251717,0.0,0.0,0.0
23146,TRIPLE HOOK ANTIQUE IVORY ROSE,2645.2599999999998,798,227,151,3.5144155844155844,3.3148621553884707,50.0,164.1,6.265664160401002
22152,PLACE SETTING WHITE STAR,2642.2799999999997,6241,241,154,0.5179919678714859,0.4233744592212786,11.0,4.62,0.17625380547989103
21897,POTTING SHED CANDLE CITRONELLA,2641.36,866,106,86,3.107037037037037,3.0500692840646653,5.0,14.750000000000002,0.5773672055427251
82600,N0 SINGING METAL SIGN,2639.42,1225,49,30,2.673673469387755,2.1546285714285713,0.0,0.0,0.0
22270,HAPPY EASTER HANGING DECORATION,2638.67,685,153,104,4.247405063291139,3.8520729927007302,26.0,96.78,3.795620437956204
84754,S/15 SILVER GLASS BAUBLES IN BAG,2634.59,2083,218,129,1.5527232142857144,1.2648055688910227,146.0,155.14,7.009121459433509
85049F,BABY BOOM RIBBONS,2634.0,2110,314,206,1.3125078369905956,1.248341232227488,25.0,31.25,1.1848341232227488
22146,EASTER CRAFT IVY WREATH WITH CHICK,2633.13,1413,107,93,2.0039449541284404,1.8635031847133758,46.0,77.7,3.255484784147204
22376,AIRLINE BAG VINTAGE JET SET WHITE,2632.18,531,248,145,5.1749800796812755,4.957024482109228,0.0,0.0,0.0
84012,MAGIC SHEEP WOOL GROWING FROM PAPER,2628.47,1838,179,127,1.7253333333333334,1.4300707290533188,120.0,102.0,6.528835690968444
21422,PORCELAIN ROSE SMALL,2619.17,3160,147,71,1.0762837837837838,0.8288512658227848,4.0,3.4,0.12658227848101267
22758,LARGE PURPLE BABUSHKA NOTEBOOK,2618.35,2437,314,151,1.5309119496855346,1.0744152646696759,18.0,22.5,0.7386130488305294
84849D,HOT BATHS SOAP HOLDER,2618.27,1558,260,122,1.8957088122605363,1.6805327342747112,24.0,40.56,1.540436456996149
22713,CARD I LOVE LONDON,2616.12,6084,368,148,0.5608648648648649,0.43,20.0,8.4,0.3287310979618672
72800E,4 IVORY DINNER CANDLES SILVER FLOCK,2613.82,1388,286,139,2.49421768707483,1.883155619596542,12.0,9.48,0.8645533141210375
22046,TEA PARTY WRAPPING PAPER,2613.5,6375,208,147,0.41846153846153844,0.4099607843137255,34.0,14.28,0.5333333333333333
47585A,PINK FAIRY CAKE CUSHION COVER,2612.88,1084,148,66,4.460067567567568,2.410405904059041,13.0,18.75,1.1992619926199262
85034B,3 WHITE CHOC MORRIS BOXED CANDLES,2606.64,1183,152,95,3.2954545454545454,2.2034150464919695,0.0,0.0,0.0
85227,SET OF 6 3D KIT CARDS FOR KIDS,2605.75,2848,392,206,1.106153846153846,0.914940308988764,30.0,25.5,1.053370786516854
23054,RECYCLED ACAPULCO MAT LAVENDER,2604.93,295,130,81,9.533076923076923,8.830271186440678,1.0,8.25,0.3389830508474576
85034C,3 ROSE MORRIS BOXED CANDLES,2604.15,1314,197,130,2.908627450980392,1.9818493150684933,23.0,85.75,1.750380517503805
23196,VINTAGE LEAF MAGNETIC NOTEPAD,2601.15,1719,275,159,1.8156989247311828,1.513176265270506,13.0,18.849999999999998,0.7562536358347877
72799E,IVORY PILLAR CANDLE SILVER FLOCK,2600.6400000000003,1232,178,105,2.9414525139664804,2.1109090909090913,6.0,17.700000000000003,0.487012987012987
37502,TEA TIME MUG IN GIFT BOX,2599.7900000000004,868,171,97,3.311387283236994,2.995149769585254,1.0,2.95,0.1152073732718894
22439,6 ROCKET BALLOONS,2599.01,3891,363,216,0.7315945945945946,0.6679542534052944,75.0,48.75,1.927525057825752
22190,LOCAL CAFE MUG,2591.67,1400,242,88,2.361469387755102,1.851192857142857,1.0,2.1,0.07142857142857142
90062,CARNIVAL BRACELET,2591.42,204,109,33,12.660181818181817,12.703039215686275,5.0,63.75,2.450980392156863
22199,FRYING PAN RED RETROSPOT,2590.21,617,217,95,5.282626728110599,4.19807131280389,8.0,34.0,1.2965964343598055
22933,BAKING MOULD EASTER EGG MILK CHOC,2585.92,940,122,82,3.48869918699187,2.7509787234042555,156.0,337.80000000000007,16.595744680851062
84968E,S/16 VINTAGE BLACK CUTLERY,2585.45,225,40,20,12.53875,11.490888888888888,4.0,51.0,1.7777777777777777
21589,SWALLOW GIANT TUBE MATCHES,2583.4500000000003,1119,88,73,2.5044943820224717,2.3087131367292226,12.0,30.6,1.0723860589812333
21171,BATHROOM METAL SIGN,2578.27,1845,260,142,1.6744444444444444,1.3974363143631436,0.0,0.0,0.0
21642,ASSORTED TUTTI FRUTTI PEN,2575.18,4413,251,150,0.8806896551724137,0.5835440743258554,266.0,172.34,6.027645592567414
23534,STOP FOR TEA WALL ART,2572.7,518,41,40,5.775853658536586,4.966602316602316,0.0,0.0,0.0
82597,BOMBS AWAY METAL SIGN,2569.6600000000003,1210,215,106,2.577926267281106,2.1236859504132233,3.0,5.890000000000001,0.24793388429752067
22471,TV DINNER TRAY AIR HOSTESS,2568.76,627,176,91,5.779318181818182,4.096905901116428,3.0,11.85,0.4784688995215311
21653,GLASS ETCHED T-LIGHT HOLDER LARGE,2565.67,1246,111,75,2.266086956521739,2.059125200642055,7.0,14.7,0.5617977528089888
22828,REGENCY MIRROR WITH SHUTTERS,2565.0,17,11,9,154.0909090909091,150.88235294117646,2.0,290.0,11.76470588235294
23292,SPACEBOY CHILDRENS CUP,2557.57,2050,216,112,1.5344239631336405,1.2475951219512196,21.0,26.25,1.024390243902439
21288,STRIPEY CHOCOLATE NESTING BOXES,2557.4700000000003,982,224,105,3.34125,2.604348268839104,25.0,64.15,2.5458248472505094
22939,APRON APPLE DELIGHT,2556.66,516,136,87,5.724705882352942,4.954767441860465,14.0,69.30000000000001,2.7131782945736433
21499,BLUE SPOTS WRAP,2555.0,6350,196,152,0.41673469387755097,0.4023622047244094,0.0,0.0,0.0
20960,WATERMELON BATH SPONGE,2550.84,1900,215,85,1.6572018348623851,1.3425473684210527,0.0,0.0,0.0
22735,RIBBON REEL SOCKS AND MITTENS,2541.38,1434,231,133,2.3392340425531915,1.772231520223152,0.0,0.0,0.0
85035B,CHOCOLATE 3 WICK MORRIS BOX CANDLE,2539.29,986,131,75,3.890381679389313,2.575344827586207,0.0,0.0,0.0
21898,POTTING SHED ROSE CANDLE,2538.8100000000004,827,113,73,3.0016239316239317,3.069903264812576,0.0,0.0,0.0
23131,MISTLETOE HEART WREATH CREAM,2535.48,624,110,86,4.21018018018018,4.06326923076923,6.0,24.9,0.9615384615384616
20787,BLUE RETRO BAR STOOL,2535.1,74,31,7,35.78529411764706,34.258108108108104,0.0,0.0,0.0
21215,IVORY PAPER CUP CAKE CASES,2533.88,4349,291,127,0.8702372881355933,0.582635088526098,42.0,17.64,0.9657392504023914
22197,"POPCORN HOLDER , SMALL",2531.64,3189,112,66,1.04,0.7938664158043274,14.0,10.99,0.43900909375979935
21203,BUTTERFLIES HONEYCOMB GARLAND,2527.0,1539,145,85,2.0413513513513513,1.6419753086419753,49.0,71.25,3.1838856400259905
23681,LUNCH BAG RED VINTAGE DOILY,2525.04,1576,132,105,1.8662406015037591,1.6021827411167513,0.0,0.0,0.0
22451,SILK PURSE BABUSHKA RED,2521.7200000000003,734,150,88,3.9706535947712416,3.435585831062671,8.0,26.8,1.08991825613079
22342,HOME GARLAND PAINTED ZINC,2521.2499999999995,1817,230,109,2.0389565217391303,1.3875894331315353,70.0,96.29999999999998,3.8525041276829937
22350,CAT BOWL,2521.2400000000002,946,121,84,2.9835245901639342,2.665158562367865,1.0,2.55,0.10570824524312897
22415,WHITE TISSUE REAM,2520.15,317,204,156,7.95,7.95,0.0,0.0,0.0
21792,CLASSIC FRENCH STYLE BASKET GREEN,2517.88,494,141,110,5.968297872340425,5.096923076923077,13.0,84.95,2.631578947368421
21431,GREEN GINGHAM FLOWER JEWELLERY BOX,2511.3599999999997,1483,278,167,1.9398924731182796,1.6934322319622386,2.0,3.3,0.13486176668914363
84968A,S/16 VINTAGE ROSE CUTLERY,2511.24,190,85,29,14.674,13.217052631578946,0.0,0.0,0.0
23424,GINGHAM RECIPE BOOK BOX,2509.62,462,135,87,6.186740740740741,5.432077922077922,1.0,4.95,0.21645021645021645
21323,HANGING MEDINA LANTERN LARGE,2506.89,740,80,46,5.57325,3.387689189189189,3.0,12.75,0.40540540540540543
22937,BAKING MOULD CHOCOLATE CUPCAKES,2502.04,948,157,119,2.928509316770186,2.639282700421941,13.0,33.15,1.3713080168776373
23316,RED REFECTORY CLOCK,2501.64,250,110,75,11.109454545454545,10.00656,1.0,9.95,0.4
22291,"SPRING DEC , HANGING CHICK CREAM",2499.58,1900,142,76,1.6448965517241378,1.3155684210526315,24.0,34.8,1.263157894736842
82567,"AIRLINE LOUNGE,METAL SIGN",2498.98,1207,489,136,2.17200408997955,2.0704059652029825,1.0,2.1,0.08285004142502071
85054,FRENCH ENAMEL POT W LID,2495.0200000000004,916,204,107,3.4911538461538467,2.7238209606986903,8.0,20.200000000000003,0.8733624454148471
23367,SET 12 COLOUR PENCILS SPACEBOY,2491.2,3278,282,184,0.7566666666666667,0.7599755948749237,16.0,10.4,0.4881025015253203
85041,SET/4 PINK ORCHID CANDLES IN BOWL,2489.87,1853,92,64,1.7864210526315787,1.3436967080410145,14.0,23.099999999999998,0.7555315704263357
21924,BLUE/CREAM STRIPE FRINGE HAMMOCK,2486.6600000000003,315,123,82,8.614596774193549,7.894158730158731,10.0,79.5,3.1746031746031744
22091,EMPIRE TISSUE BOX,2485.86,3179,324,184,1.2600925925925925,0.7819628814092482,55.0,68.75,1.7301038062283738
21680,WOODLAND STICKERS,2483.68,2860,269,110,1.1367777777777779,0.8684195804195803,30.0,25.5,1.048951048951049
84968F,SET OF 16 VINTAGE SKY BLUE CUTLERY,2479.35,214,80,33,13.198374999999999,11.585747663551402,0.0,0.0,0.0
85206B,PINK FELT EASTER EGG BASKET,2477.2999999999997,1538,183,138,1.8157065217391304,1.6107282184655394,14.0,23.099999999999998,0.9102730819245773
22742,MAKE YOUR OWN PLAYTIME CARD KIT,2475.3,1002,180,132,3.091758241758242,2.470359281437126,2.0,5.9,0.19960079840319359
22129,PARTY CONES CANDY TREE DECORATION,2473.16,2792,107,92,1.197314814814815,0.8858022922636103,18.0,15.3,0.6446991404011462
22153,ANGEL DECORATION STARS ON DRESS,2469.16,5705,283,136,0.5477133105802048,0.432806310254163,166.0,69.72,2.9097283085013146
21686,MEDINA STAMPED METAL STOOL,2460.1400000000003,65,33,10,39.29515151515152,37.8483076923077,7.0,249.64999999999998,10.76923076923077
23352,ROLL WRAP 50'S RED CHRISTMAS,2459.2,1800,212,151,1.511643192488263,1.3662222222222222,12.0,15.0,0.6666666666666667
22829,SWEETHEART WIRE WALL TIDY,2458.62,240,117,83,11.002478632478633,10.24425,10.0,87.9,4.166666666666666
21616,4 PEAR BOTANICAL DINNER CANDLES,2458.58,1152,191,126,2.465969387755102,2.1341840277777777,0.0,0.0,0.0
20668,DISCO BALL CHRISTMAS DECORATION,2454.88,20951,367,181,0.16567204301075267,0.11717245000238653,3.0,0.36,0.014319125578731327
22911,PAPER CHAIN KIT LONDON,2454.3500000000004,853,164,115,3.219818181818182,2.8773153575615478,12.0,35.400000000000006,1.406799531066823
21330,WOODLAND ANIMAL WRITING SET,2454.0699999999997,1452,201,101,2.2783251231527095,1.6901308539944901,9.0,14.85,0.6198347107438017
21747,SMALL SKULL WINDMILL,2452.35,2049,153,83,1.4423376623376625,1.1968521229868228,126.0,136.98000000000002,6.149341142020498
21823,PAINTED METAL HEART WITH HOLLY BELL,2447.72,2468,212,136,1.3124778761061948,0.9917828200972446,24.0,34.8,0.9724473257698543
23489,VINTAGE BELLS GARLAND,2443.35,821,149,116,3.24283870967742,2.9760657734470155,0.0,0.0,0.0
21789,KIDS RAIN MAC PINK,2437.0699999999997,2920,218,138,0.9376923076923076,0.8346130136986301,92.0,78.19999999999999,3.1506849315068495
84840,SWEETHEART CARRY-ALL BASKET,2430.82,282,140,110,9.002642857142858,8.619929078014184,3.0,25.5,1.0638297872340425
22021,BLUE FELT EASTER EGG BASKET,2430.31,1413,233,161,1.7891176470588235,1.7199646142958245,12.0,19.799999999999997,0.8492569002123143
21809,CHRISTMAS HANGING TREE WITH BELL,2427.89,3015,207,118,1.2378301886792453,0.8052703150912106,0.0,0.0,0.0
21462,"NURSERY A,B,C PAINTED LETTERS",2425.41,413,171,131,6.878888888888889,5.872663438256658,6.0,40.5,1.4527845036319613
23406,HOME SWEET HOME KEY HOLDER,2422.6600000000003,456,111,65,7.10990990990991,5.312850877192983,3.0,18.75,0.6578947368421052
21274,EMBOSSED HEART 3 DRAWER SHELF,2420.69,175,105,61,14.656037735849056,13.832514285714286,1.0,12.75,0.5714285714285714
21973,SET OF 36 MUSHROOM PAPER DOILIES,2420.0299999999997,1670,210,117,1.7956190476190474,1.4491197604790418,13.0,18.849999999999998,0.7784431137724551
22613,PACK OF 20 SPACEBOY NAPKINS,2419.7599999999998,3051,273,166,0.9653571428571429,0.7931039003605375,10.0,8.5,0.32776138970829233
21106,CREAM SLICE FLANNEL CHOCOLATE SPOT,2419.6800000000003,790,169,98,3.7038823529411764,3.0628860759493675,0.0,0.0,0.0
22789,T-LIGHT HOLDER SWEETHEART HANGING,2419.54,1238,196,138,2.1268000000000002,1.9543941841680128,1.0,1.95,0.08077544426494346
22609,PENS ASSORTED SPACEBALL,2414.54,7087,201,118,0.565,0.34069987300691407,144.0,98.64,2.03188937491181
22362,GLASS JAR PEACOCK BATH SALTS,2410.53,754,258,133,3.748798449612403,3.1969893899204247,49.0,144.55,6.49867374005305
22540,MINI JIGSAW CIRCUS PARADE,2410.29,6162,189,114,0.4966315789473684,0.39115384615384613,3.0,1.26,0.04868549172346641
22897,OVEN MITT APPLES DESIGN,2409.75,1613,264,167,1.7822264150943394,1.4939553626782394,42.0,60.9,2.603843769373838
23400,SHELF WITH 4 HOOKS HOME SWEET HOME,2409.34,461,107,76,6.854074074074074,5.226334056399133,2.0,12.5,0.43383947939262474
23265,SET OF 3 WOODEN TREE DECORATIONS,2404.79,1769,293,180,1.4839016393442621,1.359406444318824,15.0,18.75,0.8479366873940078
85059,FRENCH ENAMEL WATER BASIN,2399.89,701,211,108,4.293896713615023,3.4235235378031383,10.0,30.0,1.4265335235378032
85036A,GARDENIA 1 WICK MORRIS BOXED CANDLE,2389.21,619,165,117,4.130116959064328,3.859789983844911,2.0,5.5,0.32310177705977383
20674,GREEN POLKADOT BOWL,2385.08,1848,249,118,1.5461111111111112,1.2906277056277056,7.0,8.56,0.3787878787878788
84818,DANISH ROSE PHOTO FRAME,2382.25,1788,214,122,2.0407943925233645,1.3323545861297539,107.0,132.05,5.984340044742729
21531,RETRO SPOT SUGAR JAM BOWL,2382.2400000000002,921,196,105,3.2413197969543144,2.586579804560261,9.0,22.95,0.9771986970684038
84795B,SUNSET CHECK HAMMOCK,2379.09,298,96,56,8.963333333333333,7.983523489932886,0.0,0.0,0.0
21811,HANGING HEART WITH BELL,2374.7999999999997,4619,219,106,0.9162995594713657,0.5141372591470015,48.0,18.72,1.0391859709893916
10133,COLOURING PENCILS BROWN TUBE,2373.2599999999998,3837,289,153,0.7457093425605537,0.6185196768308574,20.0,12.7,0.5212405525149857
47570,ENGLISH ROSE TABLE CLOTH,2373.01,220,78,47,12.235696202531646,10.786409090909093,0.0,0.0,0.0
23498,CLASSIC BICYCLE CLIPS,2372.68,1640,99,77,1.657941176470588,1.4467560975609755,0.0,0.0,0.0
84997d,CHILDRENS CUTLERY POLKADOT PINK,2372.33,285,65,0,8.434477611940297,8.323964912280701,0.0,0.0,0.0
23535,BICYCLE SAFTEY WALL ART,2371.94,458,39,38,5.782307692307692,5.178908296943232,0.0,0.0,0.0
23048,SET OF 10 LANTERNS FAIRY LIGHT STAR,2368.37,577,99,81,4.6737254901960785,4.104627383015598,33.0,136.95,5.719237435008666
21262,WHITE GOOSE FEATHER CHRISTMAS TREE,2366.0200000000004,606,132,69,6.068484848484848,3.904323432343235,11.0,88.45,1.8151815181518154
85034A,3 GARDENIA MORRIS BOXED CANDLES,2364.82,846,135,92,3.896338028169014,2.795295508274232,11.0,37.75,1.3002364066193852
21468,BUTTERFLY CROCHET FOOD COVER,2361.39,669,142,91,4.018827586206896,3.529730941704036,2.0,7.5,0.29895366218236175
22537,MAGIC DRAWING SLATE DINOSAUR,2360.43,5765,348,224,0.4875350140056022,0.40944145706851687,48.0,20.16,0.8326105810928014
21873,IF YOU CAN'T STAND THE HEAT MUG,2360.0099999999998,2010,199,98,1.6709547738693467,1.1741343283582089,91.0,100.07000000000001,4.527363184079602
23401,RUSTIC MIRROR WITH LACE HEART,2354.87,459,83,59,7.090361445783133,5.130435729847495,3.0,18.75,0.6535947712418301
23412,HEART MIRROR ANTIQUE WHITE,2354.8,358,76,64,7.724415584415584,6.5776536312849165,2.0,15.0,0.5586592178770949
22421,LIPSTICK PEN FUSCHIA,2351.86,4723,407,172,0.5881774580335731,0.49795892441244977,45.0,18.6,0.9527842473004446
21824,PAINTED METAL STAR WITH HOLLY BELLS,2351.46,2782,211,137,1.1228636363636364,0.8452408339324228,24.0,34.8,0.8626887131560028
21437,24 HANGING EASTER EGGS FLORAL TUB,2350.92,677,109,88,3.9735964912280703,3.472555391432792,5.0,18.75,0.7385524372230428
21126,SET OF 6 GIRLS CELEBRATION CANDLES,2349.22,2325,285,169,1.3368166089965396,1.0104172043010753,14.0,17.5,0.6021505376344086
22642,SET OF 4 NAPKIN CHARMS STARS,2348.4700000000003,989,141,113,2.5832876712328763,2.3745904954499495,0.0,0.0,0.0
23396,LE JARDIN BOTANIQUE CUSHION COVER,2345.0,559,166,114,4.7814035087719295,4.194991055456172,4.0,15.0,0.7155635062611807
85035A,GARDENIA 3 WICK MORRIS BOXED CANDLE,2344.9,646,178,113,4.322417582417582,3.629876160990712,34.0,133.94,5.263157894736842
23437,50'S CHRISTMAS GIFT BAG LARGE,2343.63,1915,129,106,1.4265891472868217,1.223827676240209,2.0,2.5,0.10443864229765012
84459B,YELLOW METAL CHICKEN HEART,2341.77,1475,213,115,2.115852534562212,1.5876406779661016,24.0,35.76,1.6271186440677967
84509F,SET OF 4 NEW ENGLAND PLACEMATS,2336.1,2749,36,29,3.989166666666667,0.8497999272462713,0.0,0.0,0.0
ADJUST,ADJUSTMENT BY JOHN ON 26/01/2010 16,2334.43,20,20,15,116.72149999999999,116.72149999999999,18.0,531.1,90.0
21826,EIGHT PIECE DINOSAUR SET,2326.87,1802,241,136,1.4558799999999998,1.2912708102108768,57.0,71.25,3.1631520532741395
22251,BIRDHOUSE DECORATION MAGIC GARDEN,2317.64,1871,298,141,1.5625913621262457,1.2387172634954569,19.0,23.75,1.015499732763228
22306,SILVER MUG BONE CHINA TREE OF LIFE,2316.2,1621,163,125,2.025333333333333,1.4288710672424427,17.0,28.7,1.0487353485502777
21615,4 LAVENDER BOTANICAL DINNER CANDLES,2308.67,1168,169,115,2.350348837209302,1.9766010273972603,0.0,0.0,0.0
23371,SET 36 COLOUR PENCILS SPACEBOY,2304.78,1705,185,98,1.5179032258064515,1.351777126099707,0.0,0.0,0.0
22363,GLASS JAR MARMALADE,2303.3900000000003,785,173,99,3.559090909090909,2.934254777070064,152.0,400.40000000000003,19.363057324840767
21947,SET OF 6 HEART CHOPSTICKS,2302.81,1675,298,122,1.7194078947368419,1.3748119402985075,0.0,0.0,0.0
22983,CARD BILLBOARD FONT,2300.21,5395,451,225,0.5278713968957871,0.4263595922150139,181.0,68.75999999999999,3.3549582947173304
71459,HANGING JAM JAR T-LIGHT HOLDERS,2298.05,2813,92,61,1.0443478260869565,0.8169392108069677,3.0,2.55,0.10664770707429791
21482,MUSHROOM BLUE HOT WATER BOTTLE,2296.76,740,184,104,3.6295135135135137,3.10372972972973,6.0,17.700000000000003,0.8108108108108109
21741,COSY SLIPPER SHOES LARGE GREEN,2293.7500000000005,701,190,108,3.830260416666667,3.2721112696148364,1.0,2.55,0.14265335235378032
85176,SEWING SUSAN 21 NEEDLE SET,2293.0,2748,306,115,1.137843137254902,0.8344250363901019,16.0,13.18,0.5822416302765648
22566,FELTCRAFT HAIRBAND PINK AND PURPLE,2292.22,2740,289,185,0.9920068027210883,0.8365766423357663,0.0,0.0,0.0
84536A,ENGLISH ROSE NOTEBOOK A7 SIZE,2289.73,5077,613,227,0.533872,0.4510005909001379,38.0,15.959999999999999,0.7484735079771518
84997b,CHILDRENS CUTLERY RETROSPOT RED,2287.37,273,55,0,8.623793103448275,8.378644688644687,0.0,0.0,0.0
23330,DECORATIVE WICKER HEART MEDIUM,2286.97,1794,216,158,1.3630044843049327,1.274788182831661,6.0,7.5,0.33444816053511706
21464,DISCO BALL ROTATOR BATTERY OPERATED,2286.75,539,217,127,4.2453917050691246,4.242578849721707,21.0,89.25,3.896103896103896
22831,WHITE BROCANTE SOAP DISH,2286.28,776,138,101,3.337714285714286,2.946237113402062,0.0,0.0,0.0
85199L,LARGE HANGING IVORY & RED WOOD BIRD,2285.02,3455,272,136,0.836,0.6613661360347323,27.0,17.55,0.7814761215629523
23029,DRAWER KNOB CRACKLE GLAZE GREEN,2284.12,1340,154,97,1.8390909090909089,1.7045671641791045,28.0,46.199999999999996,2.0895522388059704
20665,RED SPOTTY PURSE,2278.17,736,156,100,3.578525641025641,3.0953396739130437,31.0,91.45000000000002,4.211956521739131
21655,HANGING RIDGE GLASS T-LIGHT HOLDER,2277.5,1396,89,56,1.9567415730337079,1.6314469914040115,128.0,201.92000000000002,9.169054441260744
85183A,CHARLIE & LOLA WASTEPAPER BIN BLUE,2275.75,1512,141,104,2.3574825174825174,1.5051256613756614,9.0,18.75,0.5952380952380952
85107,CUT GLASS T-LIGHT HOLDER OCTAGON,2274.79,1203,70,56,2.426944444444444,1.8909310058187863,0.0,0.0,0.0
85172,HYACINTH BULB T-LIGHT CANDLES,2274.56,4271,150,110,1.2240522875816993,0.5325591196441114,153.0,64.25999999999999,3.582299227347226
85106,CUT GLASS HEXAGON T-LIGHT HOLDER,2271.24,1190,59,40,2.4219999999999997,1.9086050420168066,0.0,0.0,0.0
85014C,BLUE/BROWN DOTS RUFFLED UMBRELLA,2270.73,547,72,55,6.527916666666666,4.151243144424131,192.0,576.0,35.10054844606947
22539,MINI JIGSAW DOLLY GIRL,2268.13,5654,247,138,0.5402811244979919,0.4011549345596038,1.0,0.42,0.017686593562079942
85114C,RED ENCHANTED FOREST PLACEMAT,2263.06,1179,161,79,1.976867469879518,1.9194741306191687,0.0,0.0,0.0
35001G,HAND OPEN SHAPE GOLD,2259.47,715,103,46,4.204857142857143,3.1600979020979016,11.0,37.29,1.5384615384615385
22133,PINK LOVE HEART SHAPE CUP,2258.61,2464,327,109,1.233079268292683,0.9166436688311689,12.0,10.2,0.487012987012987
22024,RAINY LADIES BIRTHDAY CARD,2257.0,5391,439,170,0.5579271070615034,0.41866073084770916,36.0,15.120000000000001,0.667779632721202
22973,CHILDREN'S CIRCUS PARADE MUG,2254.93,1325,152,87,2.0245098039215685,1.7018339622641507,24.0,39.199999999999996,1.8113207547169812
23197,SKETCHBOOK MAGNETIC SHOPPING LIST,2253.7,1442,246,113,1.95914979757085,1.562898751733703,25.0,36.25,1.7337031900138695
21696,SMALL SILVER TRELLIS CANDLEPOT,2251.1400000000003,749,107,80,3.2544859813084113,3.0055273698264355,30.0,88.50000000000001,4.005340453938585
84469,ROSE DES PADDED FLOOR CUSHION,2249.41,664,44,35,5.513863636363637,3.387665662650602,0.0,0.0,0.0
21819,GLITTER CHRISTMAS STAR,2247.14,3847,248,178,0.7114396887159533,0.5841278918637899,0.0,0.0,0.0
21187,WHITE BELL HONEYCOMB PAPER GARLAND,2243.7799999999997,1344,144,90,2.020945945945946,1.6694791666666664,0.0,0.0,0.0
21804,WHITE CHRISTMAS GARLAND STARS TREES,2240.99,597,137,92,3.843380281690141,3.7537520938023445,2.0,7.5,0.33500837520938026
85045,GREEN CHRISTMAS TREE STRING 20LIGHT,2239.34,471,83,60,5.623176470588236,4.75443736730361,12.0,54.5,2.547770700636943
23093,SMALL PARISIENNE HEART PHOTO FRAME,2239.2400000000002,939,142,105,2.7882394366197185,2.3847071352502667,3.0,7.470000000000001,0.3194888178913738
20931,BLUE POT PLANT CANDLE,2238.07,673,157,91,4.795632911392405,3.325512630014859,27.0,87.55000000000001,4.011887072808321
22803,IVORY EMBROIDERED QUILT,2237.84,59,36,22,39.10861111111112,37.92949152542373,0.0,0.0,0.0
23326,HANGING MINI COLOURED BOTTLES,2237.08,3442,76,52,2.638026315789473,0.6499360836722835,0.0,0.0,0.0
22163,HEART STRING MEMO HOLDER HANGING,2235.1200000000003,1269,197,86,2.3265841584158418,1.7613238770685582,79.0,179.05000000000004,6.225374310480693
22336,DOVE DECORATION PAINTED ZINC,2234.96,4661,214,136,0.7334684684684685,0.4795022527354645,23.0,14.95,0.4934563398412358
21681,GIANT MEDINA STAMPED METAL BOWL,2234.81,233,79,62,10.156375,9.59145922746781,3.0,29.849999999999998,1.2875536480686696
16237,SLEEPING CAT ERASERS,2233.15,10385,580,209,0.2964957264957265,0.2150361097737121,91.0,19.11,0.876263842079923
23252,VINTAGE RED ENAMEL TRIM JUG,2231.61,595,136,104,4.0433088235294115,3.750605042016807,33.0,123.75,5.546218487394958
22409,MONEY BOX BISCUITS DESIGN,2230.46,1638,160,104,1.5593167701863353,1.3616971916971916,14.0,17.5,0.8547008547008548
84691,PACK 20 DOLLY PEGS,2225.5,2747,235,124,1.0269491525423728,0.8101565344011649,82.0,56.10000000000001,2.9850746268656714
23079,TOADSTOOL BEDSIDE LIGHT,2225.45,251,106,83,8.936915887850466,8.86633466135458,14.0,125.3,5.577689243027888
51014L,"FEATHER PEN,LIGHT PINK",2222.35,3445,226,111,0.7759471365638766,0.6450943396226415,204.0,167.88,5.921625544267053
21638,ASSORTED TUTTI FRUTTI NOTEBOOK,2220.94,1020,142,84,2.437448275862069,2.1773921568627452,8.0,16.8,0.7843137254901961
21476,STEEL SWEETHEART ROUND TABLE CREAM,2219.5099999999998,142,85,53,16.436,15.630352112676055,2.0,29.9,1.4084507042253522
23501,KEY RING BASEBALL BOOT UNION JACK,2217.87,1821,112,77,1.4955263157894738,1.2179406919275122,0.0,0.0,0.0
22074,6 RIBBONS SHIMMERING PINKS,2216.3399999999997,2156,287,127,1.5195876288659793,1.0279870129870128,12.0,19.799999999999997,0.5565862708719851
84997c,CHILDRENS CUTLERY POLKADOT BLUE,2216.21,265,56,0,8.612666666666666,8.363056603773584,0.0,0.0,0.0
84913A,SOFT PINK ROSE TOWEL,2211.54,608,266,26,3.6103759398496242,3.637401315789474,0.0,0.0,0.0
22716,CARD CIRCUS PARADE,2211.41,5218,447,244,0.5158836689038031,0.4238041395170563,12.0,5.04,0.22997316979685703
21125,SET 6 FOOTBALL CELEBRATION CANDLES,2211.38,2123,246,162,1.3050592885375494,1.041629769194536,15.0,18.75,0.7065473386716911
22711,WRAP CIRCUS PARADE,2210.34,5377,181,148,0.41911602209944754,0.4110730890831319,50.0,21.0,0.9298865538404314
85116,BLACK CANDELABRA T-LIGHT HOLDER,2206.24,1817,181,40,1.560054945054945,1.2142212438084754,30.0,63.00000000000001,1.6510731975784259
17091J,VANILLA INCENSE IN TIN,2204.35,3964,178,108,0.8962295081967213,0.5560923309788093,0.0,0.0,0.0
23403,LETTER HOLDER HOME SWEET HOME,2204.11,625,134,80,4.374,3.5265760000000004,3.0,11.25,0.48
22514,CHILDS GARDEN SPADE BLUE,2202.92,1090,240,151,2.2832083333333335,2.0210275229357797,2.0,4.2,0.1834862385321101
21811,CHRISTMAS HANGING HEART WITH BELL,2202.38,1721,163,108,1.4714035087719297,1.2797094712376527,0.0,0.0,0.0
21651,HANGING GLASS ETCHED TEALIGHT,2200.3599999999997,1361,124,81,1.84456,1.6167229977957382,0.0,0.0,0.0
22920,HERB MARKER BASIL,2199.19,3478,252,138,0.8639763779527558,0.6323145485911443,1527.0,841.0500000000001,43.90454284071305
23020,GLASS SONGBIRD STORAGE JAR,2191.84,180,76,67,12.99592105263158,12.17688888888889,6.0,73.65,3.3333333333333335
20770,ABSTRACT CIRCLE JOURNAL,2190.59,1045,201,94,2.4737623762376235,2.0962583732057416,10.0,20.1,0.9569377990430622
22227,HANGING HEART MIRROR DECORATION,2183.17,3038,356,109,0.8839678284182306,0.7186208031599737,2.0,1.3,0.06583278472679394
23436,VINTAGE CHRISTMAS GIFT BAG LARGE,2182.39,1831,105,82,1.460952380952381,1.1919115237575095,15.0,18.75,0.8192244675040962
21611,SET OF 12 LILY BOTANICAL T-LIGHTS,2182.19,750,148,93,3.1227814569536427,2.9095866666666668,6.0,17.700000000000003,0.8
23302,KNEELING MAT HOUSEWORK DESIGN,2181.42,1536,230,140,1.8876394849785407,1.4201953125,36.0,54.239999999999995,2.34375
85039B,S/4 IVORY MINI ROSE CANDLE IN BOWL,2178.52,1653,266,84,1.6629477611940298,1.3179189352692076,12.0,19.799999999999997,0.7259528130671506
22952,72 CAKE CASES VINTAGE CHRISTMAS,2178.14,4346,101,93,0.5397029702970297,0.5011826967326277,0.0,0.0,0.0
15056n,EDWARDIAN PARASOL NATURAL,2170.4,173,116,0,12.549655172413793,12.545664739884394,0.0,0.0,0.0
22292,"SPRING DEC , HANGING CHICK YELLOW",2164.88,1640,109,80,1.6096363636363638,1.320048780487805,24.0,34.8,1.4634146341463417
22948,METAL DECORATION NAUGHTY CHILDREN,2164.69,2155,180,93,1.8312903225806452,1.0044965197215778,12.0,10.2,0.5568445475638051
22069,BROWN PIRATE TREASURE CHEST,2164.63,968,267,66,2.9639405204460965,2.2361880165289256,0.0,0.0,0.0
23445,ICE CREAM BUBBLES,2161.24,2668,101,81,0.8659803921568627,0.8100599700149924,20.0,16.599999999999998,0.7496251874062968
22227,"DECORATION, HANGING HEART+MIRROR",2161.0,2983,287,113,0.9008591065292098,0.7244384847468991,31.0,20.15,1.039222259470332
22714,CARD BIRTHDAY COWBOY,2157.91,5277,359,187,0.5378830083565459,0.4089274208830775,108.0,41.04,2.046617396247868
22182,CAKE STAND VICTORIAN FILIGREE SMALL,2156.45,561,172,58,4.562325581395349,3.8439393939393938,4.0,19.8,0.7130124777183601
21245,GREEN SPOTTY PLATE,2155.17,1308,146,89,1.8419594594594595,1.6476834862385321,0.0,0.0,0.0
85216,ASSORTED CAKES FRIDGE MAGNETS,2154.2200000000003,2849,187,114,2.02281914893617,0.7561319761319762,49.0,31.85,1.71990171990172
22824,3 TIER SWEETHEART GARDEN SHELF,2153.9500000000003,61,48,47,35.7,35.31065573770492,1.0,35.95,1.639344262295082
85103,SILVER T-LIGHT SETTING,2153.43,317,87,46,7.735057471264368,6.793154574132491,46.0,280.1,14.511041009463725
22338,STAR DECORATION PAINTED ZINC,2151.99,6087,264,143,0.5545387453874538,0.3535386890093642,95.0,60.37,1.5607031378347298
21246,RED SPOTTY BIG BOWL,2150.8500000000004,423,101,68,5.613663366336634,5.084751773049646,6.0,29.700000000000003,1.4184397163120568
23161,REGENCY CAKE FORK,2145.3,1715,98,58,1.593061224489796,1.2509037900874638,12.0,15.0,0.6997084548104956
21421,PORCELAIN ROSE LARGE,2144.48,1792,105,60,1.5691666666666666,1.1966964285714285,6.0,7.5,0.33482142857142855
21905,MORE BUTTER METAL SIGN,2141.07,1615,263,132,1.688403041825095,1.3257399380804955,2.0,4.2,0.12383900928792571
22708,WRAP DOLLY GIRL,2140.5,5325,159,115,0.4184905660377358,0.4019718309859155,25.0,10.5,0.4694835680751174
22310,IVORY KNITTED MUG COSY,2140.35,1142,165,50,2.5177976190476192,1.8742119089316986,0.0,0.0,0.0
23028,DRAWER KNOB CRACKLE GLAZE BLUE,2138.63,1207,134,87,1.9329629629629628,1.7718558409279206,7.0,11.55,0.579950289975145
23213,STAR WREATH DECORATION WITH BELL,2138.42,1682,152,95,1.4865806451612902,1.2713555291319858,12.0,15.0,0.713436385255648
22454,MEASURING TAPE BABUSHKA RED,2137.21,751,115,79,3.077863247863248,2.8458189081225034,14.0,41.300000000000004,1.8641810918774968
21617,4 LILY BOTANICAL DINNER CANDLES,2135.01,834,169,102,2.94546511627907,2.5599640287769785,0.0,0.0,0.0
20764,ABSTRACT CIRCLES SKETCHBOOK,2134.76,685,193,107,4.1788659793814436,3.11643795620438,4.0,15.0,0.583941605839416
22852,DOG BOWL VINTAGE CREAM,2132.63,481,155,104,4.558709677419355,4.433742203742204,5.0,21.25,1.0395010395010396
23031,DRAWER KNOB CRACKLE GLAZE PINK,2132.5,1266,153,93,1.8296078431372549,1.684439178515008,20.0,33.0,1.579778830963665
21232,STRAWBERRY CERAMIC TRINKET POT,2131.2200000000003,1369,125,57,1.7832539682539683,1.5567713659605553,22.0,27.5,1.6070124178232286
21774,DECORATIVE CATS BATHROOM BOTTLE,2129.81,1711,368,79,2.008216216216216,1.2447749853886616,1.0,1.25,0.058445353594389245
22515,CHILDS GARDEN SPADE PINK,2129.7400000000002,1052,211,139,2.416713615023474,2.0244676806083652,4.0,8.4,0.38022813688212925
84670,JAPANESE CROCHETED ANIMAL,2128.72,5196,182,114,0.4957671957671958,0.4096843725943033,150.0,63.0,2.886836027713626
21643,ASSORTED TUTTI FRUTTI MIRROR,2127.94,1521,204,76,1.8602941176470589,1.3990401051939514,14.0,17.5,0.9204470742932281
23005,TRAVEL CARD WALLET I LOVE LONDON,2126.55,4733,241,105,0.5217213114754098,0.4493027678005494,1.0,0.42,0.021128248468201986
21195,PINK HONEYCOMB PAPER BALL,2122.66,997,150,49,2.97841059602649,2.1290471414242726,0.0,0.0,0.0
21359,RELAX LARGE WOOD LETTERS,2116.48,208,73,57,14.575066666666665,10.175384615384615,4.0,39.8,1.9230769230769231
21709,FOLDING UMBRELLA CHOC/WHITE SPOT,2115.77,533,49,35,5.658571428571429,3.969549718574109,0.0,0.0,0.0
21245,GREEN POLKADOT PLATE,2113.19,1259,158,83,2.0075,1.6784670373312154,4.0,6.76,0.3177124702144559
85099b,JUMBO BAG RED RETROSPOT,2111.64,419,25,0,4.89,5.039713603818615,0.0,0.0,0.0
23046,PAPER LANTERN 9 POINT DELUXE STAR,2111.4900000000002,349,36,31,6.809444444444445,6.050114613180517,0.0,0.0,0.0
85114A,BLACK ENCHANTED FOREST PLACEMAT,2110.9,1270,103,46,1.9424271844660193,1.6621259842519687,0.0,0.0,0.0
23232,WRAP VINTAGE LEAF DESIGN,2109.42,5251,134,118,0.4173333333333333,0.4017177680441821,26.0,10.92,0.4951437821367358
22913,RED COAT RACK PARIS FASHION,2107.85,450,122,84,5.491229508196722,4.684111111111111,4.0,19.8,0.8888888888888888
23233,WRAP POPPIES DESIGN,2105.5,5175,158,130,0.41861635220125787,0.4068599033816425,25.0,10.5,0.4830917874396135
22279,POCKET BAG BLUE PAISLEY RED SPOT,2104.62,1440,214,108,1.625299539170507,1.4615416666666665,37.0,46.25,2.569444444444444
84676,BATH DUCK WATERING CAN,2102.46,848,110,76,3.1355454545454546,2.479316037735849,49.0,132.55,5.778301886792453
40018F,CHERRY DESIGN PAPERLANTERNS,2100.33,1092,117,69,2.2838655462184874,1.9233791208791209,12.0,23.4,1.098901098901099
22996,TRAVEL CARD WALLET VINTAGE TICKET,2094.93,4801,408,155,0.5296385542168675,0.4363528431576755,26.0,10.92,0.5415538429493856
23315,IVORY REFECTORY CLOCK,2094.24,213,86,63,10.776511627906977,9.832112676056337,12.0,97.8,5.633802816901409
23251,VINTAGE RED ENAMEL TRIM MUG,2090.75,1700,119,80,1.4140336134453781,1.2298529411764705,58.0,72.5,3.4117647058823533
23438,RED SPOT GIFT BAG LARGE,2089.92,1713,103,82,1.3771844660194175,1.2200350262697024,0.0,0.0,0.0
22859,EASTER TIN BUNNY BOUQUET,2085.75,1250,165,115,1.93251497005988,1.6686,32.0,52.8,2.56
21865,PINK UNION JACK PASSPORT COVER,2085.64,896,297,129,2.605766666666667,2.3277232142857143,6.0,12.6,0.6696428571428571
22308,TEA COSY BLUE STRIPE,2085.05,677,214,75,3.9256074766355136,3.0798375184638114,26.0,66.3,3.8404726735598227
79323S,SILVER CHERRY LIGHTS,2084.32,334,56,38,7.9071428571428575,6.240479041916168,158.0,976.8000000000001,47.30538922155689
21070,VINTAGE BILLBOARD MUG,2083.46,2034,229,107,1.584655172413793,1.0243166175024583,30.0,33.32,1.4749262536873156
72799F,IVORY PILLAR CANDLE GOLD FLOCK,2082.7400000000002,1125,102,62,3.1107547169811323,1.8513244444444446,0.0,0.0,0.0
23526,DOG LICENCE WALL ART,2081.64,408,29,28,5.745172413793104,5.102058823529411,0.0,0.0,0.0
23152,IVORY SWEETHEART WIRE LETTER RACK,2080.65,554,159,108,3.9519374999999997,3.7556859205776174,7.0,26.25,1.263537906137184
84854,GIRLY PINK TOOL SET,2079.4700000000003,381,110,42,6.568198198198199,5.457926509186352,1.0,4.25,0.26246719160104987
22023,EMPIRE BIRTHDAY CARD,2076.77,4975,430,177,0.5302320185614849,0.4174412060301507,12.0,5.04,0.2412060301507538
20983,12 PENCILS TALL TUBE RED SPOTTY,2074.06,2358,258,156,0.9929457364341086,0.8795843935538592,12.0,10.2,0.5089058524173028
84796A,PINK HAWAIIAN PICNIC HAMPER FOR 2,2072.95,284,111,23,9.56162162162162,7.299119718309859,0.0,0.0,0.0
23536,VILLAGE SHOW WALL ART,2072.42,386,18,17,5.735555555555556,5.3689637305699485,0.0,0.0,0.0
23370,SET 36 COLOURING PENCILS DOILY,2070.35,1485,147,84,1.5463758389261746,1.3941750841750842,1.0,1.25,0.06734006734006734
22695,WICKER WREATH SMALL,2070.15,1457,225,151,1.709304347826087,1.4208304735758408,0.0,0.0,0.0
23360,SET 8 CANDLES VINTAGE DOILY,2070.1,1060,107,88,2.0720183486238533,1.9529245283018868,0.0,0.0,0.0
23227,FILIGREE HEART BUTTERFLY WHITE,2070.06,1642,117,61,1.5737606837606837,1.260694275274056,6.0,7.5,0.3654080389768575
21619,4 VANILLA BOTANICAL CANDLES,2069.02,1131,212,138,2.4028169014084506,1.8293722369584438,0.0,0.0,0.0
22191,EAU DE NIL DINER WALL CLOCK,2067.2,248,119,91,8.471428571428572,8.33548387096774,5.0,41.65,2.0161290322580645
85049H,URBAN BLACK RIBBONS,2067.18,2066,334,154,1.1540828402366863,1.000571151984511,0.0,0.0,0.0
22935,BAKING MOULD ROSE MILK CHOCOLATE,2066.82,690,65,46,3.8047692307692307,2.995391304347826,72.0,198.0,10.434782608695652
21200,MULTICOLOUR HONEYCOMB PAPER GARLAND,2065.16,1421,126,64,2.0235433070866145,1.4533145672061927,28.0,40.6,1.9704433497536946
21706,FOLDING UMBRELLA RED/WHITE POLKADOT,2063.39,432,150,70,5.127066666666667,4.77636574074074,1.0,4.95,0.23148148148148145
84990,60 GOLD AND SILVER FAIRY CAKE CASES,2062.19,4248,193,112,0.6447738693467336,0.48544962335216574,24.0,13.2,0.5649717514124294
23291,DOLLY GIRL CHILDRENS CUP,2059.03,1634,195,104,1.5237244897959183,1.2601162790697675,10.0,12.5,0.6119951040391677
21077,SET/20 WOODLAND PAPER NAPKINS,2058.1,2790,192,111,0.9245641025641025,0.7376702508960573,0.0,0.0,0.0
21058,PARTY INVITES WOODLAND,2055.5899999999997,2396,275,148,0.9954838709677419,0.8579257095158597,12.0,10.2,0.5008347245409015
22400,MAGNETS PACK OF 4 HOME SWEET HOME,2049.56,2450,234,159,0.8937974683544304,0.8365551020408163,25.0,30.39,1.0204081632653061
21640,ASSORTED TUTTI FRUTTI FOB NOTEBOOK,2049.4,2225,205,99,1.0971962616822428,0.9210786516853933,0.0,0.0,0.0
84968D,SET OF 16 VINTAGE RED CUTLERY,2043.95,185,68,38,12.676764705882352,11.048378378378379,1.0,12.75,0.5405405405405406
84509B,SET OF 4 FAIRY CAKE PLACEMATS,2042.73,542,168,87,4.211705882352941,3.7688745387453877,4.0,15.0,0.7380073800738007
84459A,PINK METAL CHICKEN HEART,2041.69,1263,201,96,2.3394117647058823,1.6165399841646872,96.0,143.04,7.600950118764846
22928,YELLOW GIANT GARDEN THERMOMETER,2041.3500000000001,296,118,64,7.738050847457627,6.896452702702703,6.0,35.7,2.027027027027027
23500,KEY RING BASEBALL BOOT ASSORTED,2038.33,1626,98,76,1.3861764705882351,1.2535854858548585,0.0,0.0,0.0
85016,SET OF 6 VINTAGE NOTELETS KIT,2033.33,1679,167,60,2.36,1.2110363311494936,7.0,17.85,0.4169148302561048
23490,T-LIGHT HOLDER HANGING LOVE BIRD,2032.77,542,101,83,3.961287128712871,3.7504981549815497,3.0,11.25,0.5535055350553505
21348,PINK SPOTS CHOCOLATE NESTING BOXES,2030.8400000000001,842,133,91,3.147611940298508,2.4119239904988126,31.0,54.25000000000001,3.681710213776722
21612,SET 12 WILDFLOWER BOTANICAL T-LIGHT,2025.7700000000002,698,113,76,3.2462280701754387,2.902249283667622,6.0,17.700000000000003,0.8595988538681949
22261,FELT EGG COSY WHITE RABBIT,2024.35,2105,243,126,1.1506299212598425,0.9616864608076009,4.0,3.4,0.19002375296912113
22211,WOOD STAMP SET FLOWERS,2022.35,1531,291,161,1.5166329966329966,1.3209340300457217,49.0,71.25,3.200522534291313
22799,SWEETHEART WIRE FRUIT BOWL,2020.84,253,108,85,8.828148148148149,7.987509881422924,1.0,8.5,0.3952569169960474
23268,SET OF 2 CERAMIC CHRISTMAS REINDEER,2018.1399999999999,1639,90,68,1.6722222222222223,1.2313239780353873,12.0,17.4,0.7321537522879805
23543,KEEP CALM WALL ART,2015.97,269,20,19,7.9465,7.4943122676579925,0.0,0.0,0.0
21356,TOAST ITS - FAIRY FLOWER,2014.1599999999999,1592,349,116,1.497909604519774,1.2651758793969847,1.0,1.25,0.06281407035175879
23289,DOLLY GIRL CHILDRENS BOWL,2013.7,1622,191,111,1.5367708333333334,1.2414919852034525,12.0,15.0,0.7398273736128237
22201,FRYING PAN BLUE POLKADOT,2013.18,508,165,75,4.478424242424242,3.962952755905512,2.0,8.5,0.39370078740157477
22520,CHILDS GARDEN TROWEL BLUE,2011.28,2297,372,256,0.9190501319261214,0.8756116673922507,2.0,1.7,0.087070091423596
37476,CONDIMENT TRAY 4 BOWLS AND 4 SPOONS,2010.6,209,77,22,11.156538461538462,9.620095693779904,0.0,0.0,0.0
22853,CAT BOWL VINTAGE CREAM,2008.77,581,141,96,3.6078723404255317,3.457435456110155,6.0,19.5,1.0327022375215147
23358,HOT STUFF HOT WATER BOTTLE,2008.38,594,89,61,4.198539325842697,3.381111111111111,38.0,125.94,6.397306397306397
21389,IVORY HANGING DECORATION BIRD,2008.09,2299,261,149,0.9979850746268656,0.8734623749456285,30.0,25.5,1.3049151805132666
79323G,GOLD CHERRY LIGHTS,2007.88,314,61,37,7.712295081967213,6.3945222929936305,175.0,1037.45,55.73248407643312
35953,FOLKART STAR CHRISTMAS DECORATIONS,2007.22,3868,155,98,0.7825316455696203,0.5189296794208893,24.0,30.0,0.6204756980351602
23066,SMALL DECO JEWELLERY STAND,2005.81,243,79,63,8.972278481012658,8.254362139917696,1.0,8.25,0.411522633744856
21504,SKULLS GREETING CARD,2005.02,4913,329,158,0.46684848484848485,0.4081050274781193,12.0,5.04,0.24424994911459394
23274,STAR T-LIGHT HOLDER WILLIE WINKIE,2004.9999999999998,1180,119,85,2.0156666666666667,1.6991525423728813,3.0,4.949999999999999,0.2542372881355932
47591C,BLUE FAIRY CAKE CHILD'S APRON,2004.6299999999999,1047,155,108,2.0950967741935482,1.9146418338108881,0.0,0.0,0.0
20686,DOLLY MIXTURE CHILDREN'S UMBRELLA,2002.84,590,186,117,3.713978494623656,3.39464406779661,8.0,25.0,1.3559322033898304
22932,BAKING MOULD TOFFEE CUP CHOCOLATE,2000.88,884,72,51,2.708472222222222,2.2634389140271494,120.0,262.8,13.574660633484163
22496,SET OF 2 ROUND TINS DUTCH CHEESE,1996.0900000000001,731,193,153,3.1207216494845365,2.7306292749658003,6.0,17.700000000000003,0.8207934336525308
22903,CALENDAR FAMILY FAVOURITES,1994.96,725,78,35,3.0410256410256413,2.7516689655172413,320.0,880.0,44.13793103448276
20703,BLUE PADDED SOFT MOBILE,1993.47,471,169,122,4.2601775147928995,4.232420382165605,29.0,123.25,6.1571125265392785
22521,CHILDS GARDEN TROWEL PINK,1987.9299999999998,2289,371,257,0.9325198938992042,0.8684709480122323,2.0,1.7,0.08737439930100481
84872A,TEATIME FUNKY FLOWER BACKPACK FOR 2,1983.54,181,105,6,10.98047619047619,10.95878453038674,0.0,0.0,0.0
23357,HOT WATER BOTTLE SEX BOMB,1982.05,450,102,79,5.005242718446602,4.404555555555556,0.0,0.0,0.0
85217,ASSORTED ICE CREAM FRIDGE MAGNETS,1981.8500000000001,2869,164,96,1.7262424242424241,0.6907807598466366,96.0,62.4,3.346113628441966
22068,BLACK PIRATE TREASURE CHEST,1979.82,1112,276,111,2.2503597122302157,1.780413669064748,14.0,23.099999999999998,1.2589928057553956
22466,FAIRY TALE COTTAGE NIGHT LIGHT,1979.34,976,115,74,2.5624137931034485,2.0280122950819672,17.0,28.049999999999997,1.7418032786885245
20665,RED RETROSPOT PURSE,1978.1700000000003,599,192,78,4.005233160621762,3.302454090150251,1.0,2.95,0.1669449081803005
20871,OPULENT VELVET SET/3 CANDLES,1978.05,1273,127,72,2.688372093023256,1.5538491751767478,2.0,4.2,0.15710919088766695
22599,CHRISTMAS MUSICAL ZINC STAR,1976.8799999999999,3119,189,114,0.7351832460732983,0.6338185315806348,24.0,20.4,0.7694773966014749
84828,JUNGLE POPSICLES ICE LOLLY HOLDERS,1976.31,1543,200,92,1.6291499999999999,1.2808230719377836,12.0,15.0,0.7777057679844459
22451,SILK PURSE RUSSIAN DOLL RED,1975.27,605,88,59,3.5667032967032966,3.2649090909090908,0.0,0.0,0.0
21630,FLOOR CUSHION ELEPHANT CARNIVAL,1973.3899999999999,162,95,21,13.734105263157895,12.181419753086418,4.0,35.8,2.4691358024691357
79160,HEART SHAPE WIRELESS DOORBELL,1973.0700000000002,944,210,51,2.515767441860465,2.090116525423729,21.0,44.1,2.2245762711864407
17084R,ASSORTED INCENSE PACK,1968.45,10625,66,29,0.20318181818181819,0.18526588235294117,0.0,0.0,0.0
21657,MILK BOTTLE WITH GLASS STOPPER,1967.38,257,118,76,8.511949152542373,7.655175097276265,5.0,34.75,1.9455252918287937
20674,GREEN SPOTTY BOWL,1963.44,1564,214,119,1.4592056074766355,1.2553964194373401,8.0,10.0,0.5115089514066496
22405,MONEY BOX POCKET MONEY DESIGN,1963.38,1618,215,171,1.3506849315068494,1.2134610630407912,13.0,16.06,0.8034610630407911
22931,BAKING MOULD HEART WHITE CHOCOLATE,1963.3,813,129,95,2.8299999999999996,2.414883148831488,0.0,0.0,0.0
23374,RED SPOT PAPER GIFT BAG,1962.83,2456,131,108,0.867175572519084,0.7991978827361563,16.0,13.12,0.6514657980456027
22719,GUMBALL MONOCHROME COAT RACK,1962.83,1447,231,67,1.8944635193133046,1.3564823773324117,28.0,30.44,1.9350380096751902
21082,SET/20 FRUIT SALAD PAPER NAPKINS,1960.45,7183,163,94,1.0707272727272727,0.2729291382430739,3074.0,523.94,42.795489349853824
23228,FILIGREE HEART BIRD WHITE,1960.0,1492,125,58,1.7907142857142857,1.3136729222520107,144.0,149.76,9.651474530831099
20846,ZINC HEART LATTICE T-LIGHT HOLDER,1956.81,1453,169,105,1.5538728323699422,1.346737783895389,0.0,0.0,0.0
23145,ZINC T-LIGHT HOLDER STAR LARGE,1956.68,2060,167,126,1.0807142857142857,0.9498446601941748,11.0,10.45,0.5339805825242718
22614,PACK OF 12 SPACEBOY TISSUES,1954.2999999999997,5726,368,222,0.41798927613941017,0.34130282920013966,133.0,42.269999999999996,2.3227383863080684
21695,SMALL SILVER FLOWER CANDLE POT,1952.1800000000003,630,102,65,3.627549019607843,3.098698412698413,1.0,2.95,0.15873015873015872
22098,BOUDOIR SQUARE TISSUE BOX,1952.04,2865,309,161,1.2482131661442006,0.6813403141361256,79.0,35.11,2.757417102966841
22262,FELT EGG COSY CHICKEN,1947.82,2026,306,135,1.1506583072100314,0.9614116485686081,17.0,14.45,0.839091806515301
35971,ROSE FOLKART HEART DECORATIONS,1947.74,1963,217,91,1.7866222222222223,0.9922261844116149,17.0,21.25,0.8660213958227204
20984,12 PENCILS TALL TUBE POSY,1940.9599999999998,5867,245,178,0.5354581673306773,0.33082665757627405,216.0,44.760000000000005,3.6816089994886654
21803,CHRISTMAS TREE STAR DECORATION,1938.96,4463,322,86,0.4677089783281734,0.43445216222272015,0.0,0.0,0.0
46775D,SUNSET COLOUR CHUNKY KNITTED THROW,1938.1899999999998,153,95,28,12.674,12.667908496732025,4.0,59.3,2.6143790849673203
22802,FAUX FUR CHOCOLATE THROW,1933.59,110,62,39,18.994032258064514,17.578090909090907,0.0,0.0,0.0
15058B,PINK POLKADOT GARDEN PARASOL,1932.97,234,100,35,9.832699999999999,8.260555555555555,5.0,37.35,2.1367521367521367
21991,BOHEMIAN COLLAGE STATIONERY SET,1927.54,1103,289,109,2.241917808219178,1.7475430643699001,12.0,15.0,1.087941976427924
23231,WRAP DOILEY DESIGN,1927.26,4703,164,124,0.41853658536585364,0.409793748671061,0.0,0.0,0.0
20716,PARTY FOOD SHOPPER BAG,1925.04,1533,246,121,1.4443373493975904,1.2557338551859099,11.0,13.75,0.7175472928897586
23094,LE GRAND TRAY CHIC SET,1924.92,152,79,65,12.815443037974683,12.663947368421054,2.0,25.0,1.3157894736842104
21538,DAIRY MAID PUDDING BOWL,1924.51,1308,51,40,4.00764705882353,1.4713379204892967,2.0,7.5,0.1529051987767584
21043,APRON MODERN VINTAGE COTTON,1921.03,677,141,81,4.285602836879432,2.837562776957164,3.0,17.85,0.4431314623338257
84581,DOG TOY WITH PINK CROCHET SKIRT,1920.02,506,234,125,3.8482627118644066,3.794505928853755,0.0,0.0,0.0
21802,CHRISTMAS TREE HEART DECORATION,1917.2,4377,323,89,0.4897538461538461,0.43801690655700254,1.0,0.42,0.02284669865204478
22753,SMALL YELLOW BABUSHKA NOTEBOOK,1915.2099999999998,2332,404,205,0.9516585365853659,0.8212735849056603,12.0,10.2,0.5145797598627788
21112,SWISS ROLL TOWEL PINK SPOTS,1913.6899999999998,706,39,21,3.641282051282051,2.7106090651558072,0.0,0.0,0.0
22291,HANGING CHICK CREAM DECORATION,1913.35,1293,122,73,1.6429032258064515,1.4797757153905644,24.0,34.8,1.8561484918793503
22438,BALLOON ART MAKE YOUR OWN FLOWERS,1913.22,1459,170,117,1.9240112994350282,1.3113228238519534,0.0,0.0,0.0
40001,WHITE BAMBOO RIBS LAMPSHADE,1911.6499999999999,2484,121,39,1.0641322314049586,0.7695853462157809,45.0,28.8,1.8115942028985508
22832,BROCANTE SHELF WITH HOOKS,1910.55,173,82,68,11.603658536585366,11.043641618497109,7.0,75.25,4.046242774566474
20684,STRAWBERRY DREAM CHILDS UMBRELLA,1910.06,580,176,117,3.5827683615819206,3.293206896551724,12.0,36.5,2.0689655172413794
21692,SILVER LATTICE VANILLA CANDLE POT,1906.62,502,111,81,4.022333333333333,3.79804780876494,4.0,15.0,0.796812749003984
22453,MEASURING TAPE BABUSHKA BLUE,1906.1100000000001,698,116,61,2.837179487179487,2.730816618911175,7.0,20.650000000000002,1.002865329512894
22522,CHILDS GARDEN FORK BLUE,1905.81,2240,335,249,0.9053823529411764,0.8508080357142856,15.0,12.75,0.6696428571428571
85162B,BLACK RETRODISC LAMPSHADE,1905.15,977,13,5,1.9499999999999997,1.9500000000000002,0.0,0.0,0.0
84968E,SET OF 16 VINTAGE BLACK CUTLERY,1905.03,164,60,27,12.200333333333333,11.616036585365853,0.0,0.0,0.0
23155,KNICKERBOCKERGLORY MAGNET ASSORTED,1904.7700000000002,2221,135,84,1.472074074074074,0.8576181900045026,169.0,129.71,7.609185051778478
84763,ZINC FINISH 15CM PLANTER POTS,1903.0,1517,170,106,1.4076608187134503,1.2544495715227422,0.0,0.0,0.0
21773,DECORATIVE ROSE BATHROOM BOTTLE,1899.4,1642,308,87,1.9163870967741934,1.1567600487210719,25.0,31.25,1.5225334957369063
21647,ASSORTED TUTTI FRUTTI LARGE PURSE,1899.2800000000002,848,144,91,2.5659459459459457,2.2397169811320756,4.0,8.4,0.4716981132075472
22210,WOOD STAMP SET BEST WISHES,1898.4199999999998,1586,287,179,1.3789491525423727,1.1969861286254728,15.0,24.749999999999996,0.9457755359394703
23491,VINTAGE JINGLE BELLS HEART,1897.76,228,78,64,8.462151898734177,8.323508771929825,1.0,8.25,0.43859649122807015
84519B,CARROT CHARLIE+LOLA COASTER SET,1895.3700000000001,867,214,98,2.900372093023256,2.1861245674740486,1.0,2.95,0.11534025374855825
22513,DOORSTOP FOOTBALL DESIGN,1894.7,587,172,106,4.28728323699422,3.2277683134582627,0.0,0.0,0.0
16169E,WRAP 50'S CHRISTMAS,1892.46,4563,149,143,0.41919999999999996,0.4147403024326101,125.0,52.5,2.739425816348893
23068,ALUMINIUM STAMPED HEART,1892.2300000000002,779,130,100,2.589848484848485,2.4290500641848527,0.0,0.0,0.0
21659,GLASS CAKE STAND,1891.7,120,66,45,17.163636363636364,15.764166666666666,4.0,59.8,3.3333333333333335
21581,SKULLS DESIGN COTTON TOTE BAG,1890.74,1172,203,104,2.6458333333333335,1.613259385665529,20.0,45.0,1.7064846416382253
21445,12 PINK ROSE PEG PLACE SETTINGS,1887.23,1519,146,88,1.5165068493150684,1.2424160631994734,12.0,15.0,0.7899934167215273
22602,RETROSPOT WOODEN HEART DECORATION,1886.28,2076,246,132,1.1022619047619047,0.9086127167630058,40.0,34.0,1.9267822736030826
23235,STORAGE TIN VINTAGE LEAF,1886.1,712,102,86,2.9892156862745103,2.6490168539325842,14.0,40.46,1.9662921348314606
21540,DAIRY MAID BUTTER DISH,1885.33,1209,39,31,4.472051282051282,1.5594127377998346,8.0,30.5,0.6617038875103392
23128,FELTCRAFT BOY JEAN-PAUL KIT,1884.76,366,127,103,5.303149606299213,5.149617486338798,7.0,34.65,1.912568306010929
23434,3 RAFFIA RIBBONS 50'S CHRISTMAS,1884.17,2095,199,129,0.8802,0.8993651551312649,10.0,7.9,0.47732696897374705
22523,CHILDS GARDEN FORK PINK,1882.29,2184,353,248,0.9246239554317549,0.8618543956043956,15.0,12.75,0.6868131868131868
85231B,CINAMMON SET OF 9 T-LIGHTS,1877.84,2054,384,181,1.0465809768637533,0.9142356377799415,11.0,9.35,0.5355404089581305
23394,POSTE FRANCE CUSHION COVER,1877.65,435,150,90,4.954210526315789,4.3164367816091955,0.0,0.0,0.0
22858,EASTER TIN KEEPSAKE,1877.34,1135,139,104,1.9493571428571426,1.6540440528634361,10.0,16.5,0.881057268722467
84856S,SMALL TAHITI BEACH BAG,1877.21,467,33,25,4.978787878787879,4.019721627408994,1.0,3.81,0.21413276231263384
21983,PACK OF 12 BLUE PAISLEY TISSUES,1875.0199999999998,6118,325,208,0.4161162079510703,0.3064759725400457,48.0,13.919999999999998,0.7845701209545604
21085,SET/6 WOODLAND PAPER CUPS,1872.68,13731,66,42,0.7726470588235294,0.13638336610589177,0.0,0.0,0.0
21687,SILVER PLATE CANDLE BOWL LARGE,1871.23,477,101,55,4.647358490566038,3.9229140461215932,1.0,3.75,0.20964360587002098
16016,LARGE CHINESE STYLE SCISSOR,1870.7,2314,106,57,0.8401886792452831,0.8084269662921348,0.0,0.0,0.0
23090,VINTAGE GLASS T-LIGHT HOLDER,1870.0300000000002,2237,149,96,0.9790131578947369,0.8359544032185964,9.0,7.47,0.4023245417970496
23075,PARLOUR CERAMIC WALL HOOK,1869.0,450,75,56,4.255066666666667,4.153333333333333,34.0,141.10000000000002,7.555555555555555
21091,SET/6 WOODLAND PAPER PLATES,1868.7,13700,47,31,1.0289583333333334,0.1364014598540146,0.0,0.0,0.0
21613,S/12 VANILLA BOTANICAL T-LIGHTS,1861.4500000000003,632,145,111,3.078445945945946,2.945332278481013,0.0,0.0,0.0
21287,SCENTED VELVET LOUNGE CANDLE,1860.0,4107,93,67,0.8480645161290323,0.4528853177501826,0.0,0.0,0.0
21677,HEARTS STICKERS,1859.3799999999999,2125,279,144,0.9985304659498206,0.8750023529411765,36.0,30.6,1.6941176470588233
21841,BABY MOUSE RED GINGHAM DRESS,1857.47,437,132,106,4.4216417910447765,4.25050343249428,3.0,12.75,0.6864988558352403
20772,GARDEN PATH JOURNAL,1848.73,970,161,105,2.5111111111111106,1.9059072164948454,151.0,320.25000000000006,15.56701030927835
21547,CERAMIC BIRDHOUSE CRESTED TIT SMALL,1848.4700000000003,719,119,69,3.5872727272727274,2.570890125173853,2.0,5.9,0.27816411682892905
84797B,BLUE SAVANNAH PICNIC HAMPER FOR 4,1845.2,323,33,22,10.58848484848485,5.712693498452013,2.0,33.9,0.6191950464396285
85162C,WHITE RETRODISC LAMPSHADE,1841.7,904,46,11,3.1149999999999998,2.037278761061947,0.0,0.0,0.0
22565,FELTCRAFT HAIRBANDS PINK AND WHITE,1840.9899999999998,2014,272,169,1.036231884057971,0.9140963257199601,1.0,0.85,0.04965243296921549
23378,PACK OF 12 50'S CHRISTMAS TISSUES,1840.08,3997,176,127,0.46322404371584697,0.46036527395546656,0.0,0.0,0.0
21894,POTTING SHED SEED ENVELOPES,1836.14,1320,247,120,1.7396787148594377,1.3910151515151516,0.0,0.0,0.0
21357,TOAST ITS - DINOSAUR,1827.76,1388,211,105,1.5208796296296296,1.316829971181556,48.0,60.0,3.45821325648415
22317,FIVE CATS HANGING DECORATION,1827.64,587,167,83,3.675357142857143,3.113526405451448,0.0,0.0,0.0
23109,LED TEA LIGHTS,1826.76,634,65,54,3.2733333333333334,2.8813249211356466,0.0,0.0,0.0
85173,SET/6 FROG PRINCE T-LIGHT CANDLES,1826.07,1018,150,70,2.905894039735099,1.7937819253438114,5.0,12.75,0.4911591355599214
85164B,BLACK BAROQUE CUCKOO CLOCK,1825.1799999999998,140,65,27,16.834,13.036999999999999,1.0,12.75,0.7142857142857143
21618,4 WILDFLOWER BOTANICAL CANDLES,1823.74,698,139,86,2.9126027397260277,2.612808022922636,0.0,0.0,0.0
84327A,PINK JUMPER LARRY THE LAMB,1820.27,959,123,78,2.0976422764227642,1.898091762252346,4.0,6.76,0.4171011470281543
21088,SET/6 FRUIT SALAD PAPER CUPS,1816.73,16615,136,95,0.47226277372262776,0.10934276256394825,7140.0,572.52,42.973216972615106
22586,FELTCRAFT HAIRBAND PINK AND BLUE,1815.1399999999999,2087,295,184,1.0022666666666666,0.8697364638236703,48.0,40.800000000000004,2.299952084331576
21109,"LARGE CAKE TOWEL, CHOCOLATE SPOTS",1814.82,248,119,88,7.833865546218488,7.317822580645161,2.0,13.5,0.8064516129032258
21761,WOOD AND GLASS MEDICINE CABINET,1814.75,65,24,21,29.575,27.91923076923077,1.0,29.95,1.5384615384615385
21123,SET/10 IVORY POLKADOT PARTY CANDLES,1814.59,1490,172,78,1.1925142857142856,1.2178456375838926,48.0,60.0,3.2214765100671143
21384,IVORY HANGING DECORATION BUTTERFLY,1810.1899999999998,1917,150,99,1.048157894736842,0.9442827334376629,0.0,0.0,0.0
21161,KEEP OUT BOYS DOOR HANGER,1806.05,2360,206,120,1.675781990521327,0.7652754237288135,86.0,47.66,3.6440677966101696
22307,GOLD MUG BONE CHINA TREE OF LIFE,1804.11,1199,118,87,2.3484873949579828,1.5046788990825688,41.0,49.8,3.419516263552961
90167,BEADED LOVE HEART JEWELLERY SET,1801.17,2197,111,53,1.088198198198198,0.8198315885298134,300.0,217.56,13.654984069185252
21280,VINTAGE KITCHEN PRINT VEGETABLES,1800.44,3333,70,44,2.9934285714285713,0.5401860186018602,1248.0,312.0,37.44374437443744
22770,MIRROR CORNICE,1799.62,112,71,49,16.329718309859153,16.068035714285713,7.0,104.64999999999999,6.25
21039,RED SPOTTY SHOPPING BAG,1798.04,686,116,80,2.9305172413793104,2.6210495626822157,4.0,10.2,0.5830903790087464
22454,MEASURING TAPE RUSSIAN DOLL RED,1796.4200000000003,654,64,46,3.2675,2.746819571865444,0.0,0.0,0.0
23160,REGENCY TEA SPOON,1794.48,1450,76,50,1.4881578947368421,1.2375724137931035,6.0,7.5,0.41379310344827586
21158,MOODY GIRL DOOR HANGER,1792.6599999999999,2587,310,184,1.2604672897196263,0.6929493621955933,97.0,38.17,3.749516814843448
22254,FELT TOADSTOOL LARGE,1792.21,1398,148,95,1.5208,1.2819814020028613,72.0,90.0,5.150214592274678
22922,FRIDGE MAGNETS US DINER ASSORTED,1789.1999999999998,2073,113,82,1.6745132743362832,0.8630969609261938,234.0,183.3,11.287988422575976
22166,WALL MIRROR RECTANGLE DIAMANTE PINK,1781.97,221,98,16,11.912755102040817,8.063212669683258,3.0,23.85,1.3574660633484164
84748,FOLK FELT HANGING MULTICOL GARLAND,1781.1200000000001,1170,93,27,3.4468085106382977,1.5223247863247864,0.0,0.0,0.0
20729,RED SPOTTY CANDY BAG,1778.12,5262,121,39,1.4020661157024794,0.33791714177118964,22.0,27.5,0.41809198023565186
23317,BLUE REFECTORY CLOCK,1777.46,173,82,56,11.226951219512195,10.274335260115608,0.0,0.0,0.0
21548,CERAMIC BIRDHOUSE FINCH BLUE ROOF,1776.1200000000001,682,107,55,3.7270370370370376,2.6042815249266864,15.0,44.25,2.1994134897360706
23148,MINIATURE ANTIQUE ROSE HOOK IVORY,1775.5100000000002,2091,243,142,0.9144,0.8491200382592062,13.0,10.79,0.6217120994739359
21241,GREEN SPOTTY CUP,1774.72,2102,250,125,0.9869721115537848,0.8443006660323502,1.0,0.85,0.04757373929590866
79302M,"ART LIGHTS,FUNK MONKEY",1774.18,624,107,40,3.6983333333333337,2.8432371794871796,1.0,2.95,0.16025641025641024
84507B,STRIPES DESIGN MONKEY DOLL,1764.03,1349,115,52,2.9207758620689654,1.30765752409192,7.0,11.049999999999999,0.5189028910303929
22533,MAGIC DRAWING SLATE BAKE A CAKE,1763.2,4471,230,162,0.4756595744680851,0.3943636770297473,72.0,30.240000000000002,1.6103779915007828
47566b,TEA TIME PARTY BUNTING,1761.26,212,113,0,8.317079646017698,8.307830188679246,0.0,0.0,0.0
22422,TOOTHPASTE TUBE PEN,1760.94,2743,354,119,0.9879944289693593,0.6419759387531899,24.0,15.6,0.8749544294567991
22103,MIRROR MOSAIC T-LIGHT HOLDER ROUND,1760.64,1746,71,43,2.047042253521127,1.008384879725086,483.0,203.31,27.66323024054983
21163,DO NOT TOUCH MY STUFF DOOR HANGER,1757.9199999999998,2800,253,158,1.3365530303030302,0.6278285714285714,85.0,46.01,3.0357142857142856
22209,WOOD STAMP SET HAPPY BIRTHDAY,1753.9399999999998,1415,257,159,1.4162934362934363,1.2395335689045934,28.0,36.36,1.9787985865724382
23372,SET 36 COLOUR PENCILS DOLLY GIRL,1750.29,1389,147,76,1.6135761589403974,1.2601079913606912,16.0,20.0,1.1519078473722102
21652,GLASS ETCHED T-LIGHT HOLDER MEDIUM,1747.9399999999998,896,78,64,2.098860759493671,1.9508258928571427,21.0,40.949999999999996,2.34375
84535B,FAIRY CAKES NOTEBOOK A6 SIZE,1747.76,2718,329,141,0.8439402985074628,0.6430316409124356,95.0,61.75,3.495217071376012
23359,SET OF 12 T-LIGHTS VINTAGE DOILY,1747.51,929,73,67,1.9891780821917808,1.8810656620021529,0.0,0.0,0.0
21205,MULTICOLOUR 3D BALLS GARLAND,1746.97,669,144,86,2.9221476510067115,2.6113153961136026,21.0,53.55,3.1390134529147984
22166,"WALL MIRROR , RECT DIAMANTE, PINK/",1746.78,219,61,16,12.508524590163933,7.976164383561644,5.0,39.75,2.28310502283105
21780,MA CAMPAGNE 4 DRAWER WALL SHELF,1745.85,203,32,17,10.9125,8.600246305418718,0.0,0.0,0.0
85060,WOOD FAN WITH FLOWER DESIGN,1745.62,1448,87,53,1.405909090909091,1.205538674033149,38.0,47.5,2.6243093922651934
23399,HOME SWEET HOME HANGING HEART,1745.55,1914,225,146,1.1070085470085471,0.9119905956112853,0.0,0.0,0.0
21000,ROSE DU SUD COSMETICS BAG,1744.98,690,94,37,3.76,2.5289565217391305,0.0,0.0,0.0
21637,ASSORTED SANSKRIT MINI NOTEBOOK,1741.72,1358,93,40,1.8408602150537634,1.2825625920471282,18.0,22.5,1.3254786450662739
20767,BLUE PAISLEY JOURNAL,1741.6100000000001,812,179,112,2.6804469273743012,2.1448399014778325,7.0,17.85,0.8620689655172413
22535,MAGIC DRAWING SLATE BUNNIES,1741.53,4214,293,201,0.46983108108108107,0.4132724252491694,120.0,50.4,2.8476506881822496
21760,FRENCH STYLE WALL DRESSER,1740.0,15,12,12,116.92307692307692,116.0,2.0,250.0,13.333333333333334
23101,SILVER STARS TABLE DECORATION,1739.63,2031,213,175,0.9744859813084111,0.8565386509108814,0.0,0.0,0.0
84006,MAGIC TREE -PAPER FLOWERS,1738.07,1856,212,86,1.1082075471698114,0.9364601293103448,5.0,4.25,0.26939655172413796
23096,PETIT TRAY CHIC,1736.6899999999998,1033,146,89,2.027808219178082,1.6812100677637947,0.0,0.0,0.0
21662,VINTAGE GLASS COFFEE CADDY,1735.0500000000002,270,107,59,7.3523148148148145,6.426111111111112,4.0,23.8,1.4814814814814816
23181,BULL DOG BOTTLE TOP WALL CLOCK,1733.57,201,82,60,9.421463414634145,8.624726368159203,4.0,33.0,1.9900497512437811
22035,VINTAGE CARAVAN GREETING CARD,1731.24,4083,360,152,0.5541274238227146,0.4240117560617193,49.0,20.580000000000002,1.2000979671809944
84843,WHITE SOAP RACK WITH 2 BOTTLES,1731.06,280,110,66,7.07972972972973,6.182357142857143,2.0,11.9,0.7142857142857143
84509G,SET OF 4 FAIRY CAKE PLACEMATS,1729.9,720,132,84,3.6071969696969695,2.402638888888889,0.0,0.0,0.0
21620,SET OF 4 ROSE BOTANICAL CANDLES,1729.61,960,184,113,2.2531550802139035,1.8016770833333333,6.0,22.5,0.625
21090,SET/6 COLLAGE PAPER PLATES,1729.09,3107,278,129,0.7291397849462365,0.556514322497586,36.0,14.04,1.1586739620212423
21927,BLUE/CREAM STRIPE CUSHION COVER,1728.24,1260,192,93,1.6878238341968912,1.3716190476190475,65.0,81.25,5.158730158730158
23122,PARTY CHARMS 50 PIECES,1726.09,2251,133,89,1.0386029411764706,0.7668103065304309,3.0,2.4899999999999998,0.13327410039982232
22676,FRENCH BLUE METAL DOOR SIGN 1,1722.31,1279,234,71,1.586949152542373,1.3466067240031274,11.0,13.75,0.8600469116497262
85185B,PINK HORSE SOCK PUPPET,1719.5600000000002,551,168,102,3.5200588235294124,3.120798548094374,0.0,0.0,0.0
22354,RETRO SPOT PADDED SEAT CUSHION,1718.93,475,56,45,3.952142857142857,3.6188000000000002,0.0,0.0,0.0
21895,POTTING SHED SOW 'N' GROW SET,1718.63,555,85,61,4.853139534883721,3.096630630630631,4.0,17.0,0.7207207207207207
22026,BANQUET BIRTHDAY CARD,1717.47,4029,366,140,0.5348360655737705,0.426276991809382,12.0,5.04,0.29784065524944153
21281,VINTAGE KITCHEN PRINT SEAFOOD,1716.8,3680,67,34,3.4729850746268656,0.46652173913043476,1536.0,384.0,41.73913043478261
10125,MINI FUNKY DESIGN TAPES,1715.78,2103,167,87,0.930635838150289,0.8158725630052306,0.0,0.0,0.0
21275,ZINC TOP 2 DOOR WOODEN SHELF,1714.48,249,55,45,14.021454545454544,6.885461847389558,11.0,138.45,4.417670682730924
85127,SMALL SQUARE CUT GLASS CANDLESTICK,1710.67,276,81,30,6.974634146341464,6.198079710144928,5.0,24.75,1.8115942028985508
22934,BAKING MOULD EASTER EGG WHITE CHOC,1707.47,589,78,65,3.2253846153846157,2.89893039049236,3.0,8.850000000000001,0.5093378607809848
23073,GEORGIAN TRINKET BOX,1706.5,143,61,49,12.411475409836067,11.933566433566433,1.0,12.5,0.6993006993006993
20990,SPRING FLOWER CHOPSTICKS SET/5,1706.1399999999999,895,103,54,2.2476415094339623,1.9063016759776534,1.0,1.95,0.11173184357541899
22516,CHILDS GARDEN RAKE BLUE,1700.6000000000001,840,163,106,2.482666666666667,2.0245238095238096,3.0,6.300000000000001,0.35714285714285715
22123,PING MICROWAVE APRON,1700.1399999999999,655,166,77,3.7334730538922156,2.5956335877862595,24.0,142.8,3.6641221374045805
21394,RED POLKADOT BEAKER,1698.8799999999999,3920,134,90,0.6504477611940298,0.4333877551020408,22.0,8.58,0.5612244897959183
21189,WHITE HONEYCOMB PAPER GARLAND,1698.8799999999999,797,123,53,2.4475000000000002,2.1315934755332497,0.0,0.0,0.0
22319,HAIRCLIPS FORTIES FABRIC ASSORTED,1698.04,2987,174,141,0.80816091954023,0.5684767325075326,77.0,50.050000000000004,2.5778372949447603
22286,"DECORATION , WOBBLY RABBIT , METAL",1696.29,1107,128,88,2.01140625,1.532330623306233,0.0,0.0,0.0
22198,"POPCORN HOLDER , LARGE",1696.2099999999998,1008,92,52,2.099565217391304,1.6827480158730157,38.0,62.7,3.7698412698412698
84795A,PASTEL STRIPE HAMMOCK,1696.02,208,70,34,9.646056338028169,8.153942307692308,0.0,0.0,0.0
22706,WRAP COWBOYS,1693.24,4222,125,109,0.41744,0.40105163429654195,50.0,21.0,1.1842728564661298
21629,SQUARE FLOOR CUSHION VINTAGE RED,1690.8999999999999,158,91,25,11.56120879120879,10.701898734177215,1.0,7.95,0.6329113924050633
21786,RAIN HAT WITH RED SPOTS,1688.2,4457,157,65,0.5820754716981132,0.37877496073592104,48.0,20.16,1.076957594794705
20996,JAZZ HEARTS ADDRESS BOOK,1686.79,6311,335,179,0.37842261904761904,0.2672777689748059,14.0,5.88,0.2218348914593567
22587,FELTCRAFT HAIRBAND RED AND BLUE,1686.51,1908,302,189,1.0082903225806452,0.8839150943396227,0.0,0.0,0.0
21576,LETS GO SHOPPING COTTON TOTE BAG,1686.19,732,205,118,2.513381642512077,2.3035382513661204,9.0,20.25,1.2295081967213115
85221,ASSORTED COLOUR SILK COIN PURSE,1685.46,3558,47,35,1.0245833333333334,0.4737099494097808,131.0,155.92000000000002,3.6818437324339515
70007,HI TEC ALPINE HAND WARMER,1684.58,1306,205,87,2.123381642512077,1.289877488514548,12.0,19.799999999999997,0.9188361408882083
21251,DINOSAUR HEIGHT CHART STICKER SET,1683.93,595,132,91,3.519545454545455,2.8301344537815125,0.0,0.0,0.0
22416,SET OF 36 DOILIES SPACEBOY DESIGN,1682.57,1210,112,79,1.582767857142857,1.3905537190082644,0.0,0.0,0.0
22975,SPACEBOY CHILDRENS EGG CUP,1679.66,1245,193,113,1.5469743589743588,1.3491244979919679,1.0,1.25,0.08032128514056225
23368,SET 12 COLOUR PENCILS DOLLY GIRL,1679.55,2379,232,134,0.784322033898305,0.7059899117276166,6.0,3.9,0.25220680958385877
46776F,WOVEN ROSE GARDEN CUSHION COVER,1675.73,487,157,13,4.206687898089172,3.440924024640657,0.0,0.0,0.0
72816,SET/3 CHRISTMAS DECOUPAGE CANDLES,1671.52,1344,136,65,1.9589705882352941,1.2436904761904761,24.0,30.0,1.7857142857142856
23214,JINGLE BELL HEART ANTIQUE GOLD,1670.0800000000002,777,102,78,2.395631067961165,2.1493951093951096,0.0,0.0,0.0
21446,12 RED ROSE PEG PLACE SETTINGS,1669.83,1258,232,122,1.4849166666666667,1.3273688394276628,0.0,0.0,0.0
15058A,BLUE POLKADOT GARDEN PARASOL,1668.49,200,89,40,9.208988764044944,8.34245,5.0,37.35,2.5
22673,FRENCH GARDEN SIGN BLUE METAL,1667.5,1320,195,130,1.4474999999999998,1.2632575757575757,109.0,118.01,8.257575757575758
35809A,ENAMEL PINK TEA CONTAINER,1666.78,1137,177,76,2.4808426966292134,1.4659454705364996,0.0,0.0,0.0
21382,SET/4 SPRING FLOWER DECORATION,1665.66,1238,152,78,2.2237254901960783,1.3454442649434573,8.0,6.0,0.6462035541195477
22804,PINK HANGING HEART T-LIGHT HOLDER,1664.16,880,76,50,3.3044736842105267,1.8910909090909092,164.0,419.8,18.636363636363637
21633,SUNFLOWER DECORATIVE PARASOL,1663.11,175,72,32,13.04888888888889,9.503485714285715,2.0,25.5,1.1428571428571428
85039A,SET/4 RED MINI ROSE CANDLE IN BOWL,1661.37,1448,251,61,1.6358964143426293,1.1473549723756906,3.0,4.949999999999999,0.20718232044198895
21162,TOXIC AREA DOOR HANGER,1655.8799999999999,2402,285,172,1.274808362369338,0.6893755203996669,84.0,44.76,3.4970857618651126
20752,RETRO BLUE SPOTTY WASHING UP GLOVES,1655.74,965,156,93,2.31474358974359,1.7157927461139897,1.0,2.1,0.10362694300518134
21278,VINTAGE KITCHEN PRINT PUDDINGS,1654.45,2758,118,63,3.509159663865546,0.5998730964467005,1208.0,320.4,43.79985496736766
21294,ETCHED GLASS COASTER,1653.75,2246,139,83,1.1270921985815603,0.7363089937666963,0.0,0.0,0.0
23505,PLAYING CARDS I LOVE LONDON,1651.29,1200,115,93,1.3546153846153848,1.376075,0.0,0.0,0.0
23273,HEART T-LIGHT HOLDER WILLIE WINKIE,1649.0499999999997,969,112,88,1.8786725663716815,1.7018059855521153,4.0,6.6,0.41279669762641896
21426,WOODLAND STORAGE BOX SMALL,1647.07,1028,99,44,3.2193069306930693,1.6022081712062257,104.0,161.4,10.116731517509727
23270,SET OF 2 CERAMIC PAINTED HEARTS,1646.32,1270,126,96,1.4895348837209303,1.2963149606299211,6.0,8.7,0.47244094488188976
21332,MOROCCAN BEATEN METAL MIRROR,1644.17,270,50,36,11.9834,6.089518518518519,21.0,109.75,7.777777777777778
21645,ASSORTED TUTTI FRUTTI ROUND BOX,1642.6499999999999,969,133,85,1.844148148148148,1.6952012383900927,30.0,49.49999999999999,3.0959752321981426
22025,RING OF ROSES BIRTHDAY CARD,1641.64,3970,288,148,0.5371280276816609,0.41351133501259446,12.0,5.04,0.30226700251889166
21448,12 DAISY PEGS IN WOOD BOX,1640.1699999999998,955,211,132,1.8780465116279068,1.7174554973821987,0.0,0.0,0.0
21545,CERAMIC BIRDHOUSE BUTTERFLY SMALL,1640.1200000000001,697,82,52,3.555542168674699,2.3531133428981352,2.0,5.9,0.2869440459110474
37441,ASSORTED WHITE EMBOSSED CHINA MUGS,1639.8,700,54,31,5.037777777777778,2.3425714285714285,1.0,2.1,0.14285714285714285
22410,MONEY BOX HOUSEKEEPING DESIGN,1637.46,1339,196,134,1.3945408163265305,1.2228976848394324,12.0,15.0,0.8961911874533234
85180A,RED HEARTS LIGHT CHAIN,1636.42,629,99,60,3.9513,2.601621621621622,15.0,69.75,2.384737678855326
23483,HANGING BUTTERFLY T-LIGHT HOLDER,1636.36,1328,73,57,2.409054054054054,1.2321987951807227,22.0,26.240000000000002,1.6566265060240966
21541,DINOSAURS WATER TRANSFER TATTOOS,1636.24,1907,201,119,1.0449261083743842,0.8580178290508652,19.0,16.15,0.9963293130571578
23366,SET 12 COLOURING PENCILS DOILY,1636.1,2200,191,112,0.8190721649484536,0.7436818181818181,0.0,0.0,0.0
23348,CHILDRENS TOY COOKING UTENSIL SET,1633.81,746,168,95,2.5796470588235296,2.190093833780161,23.0,47.260000000000005,3.0831099195710454
35241,ENAMEL BLUE RIM BISCUIT BIN,1631.42,309,130,75,6.062538461538462,5.279676375404531,12.0,59.400000000000006,3.8834951456310676
21593,SWALLOW CIGAR BOX MATCHES,1629.31,1391,94,69,1.2480208333333334,1.1713227893601725,24.0,30.0,1.7253774263120056
21283,NATURAL BARK CANDLE SMALL,1629.2,512,81,59,3.6758536585365857,3.18203125,12.0,39.0,2.34375
85036C,ROSE 1 WICK MORRIS BOXED CANDLE,1629.02,878,128,99,3.032748091603054,1.855375854214123,193.0,232.25,21.981776765375855
21793,CLASSIC FRENCH STYLE BASKET BROWN,1627.3600000000001,353,102,81,5.173203883495146,4.6100849858356945,0.0,0.0,0.0
21039,RED RETROSPOT SHOPPING BAG,1625.6100000000001,627,112,73,3.0420535714285712,2.592679425837321,12.0,30.6,1.9138755980861244
23391,I LOVE LONDON MINI BACKPACK,1624.02,388,86,58,4.616666666666667,4.185618556701031,0.0,0.0,0.0
84619,BLUE GINGHAM ROSE QUILT,1622.96,72,29,22,35.91413793103448,22.54111111111111,0.0,0.0,0.0
21837,CROSS STITCH ALPHABET CUSHION COVER,1622.64,244,91,61,7.640989010989012,6.65016393442623,2.0,11.9,0.819672131147541
21279,VINTAGE KITCHEN PRINT FRUITS,1621.83,3527,101,51,3.595346534653465,0.4598327190246668,1639.0,425.84999999999997,46.47008789339382
72817,SET OF 2 CHRISTMAS DECOUPAGE CANDLE,1621.28,1513,208,92,1.2854761904761904,1.071566424322538,24.0,30.0,1.5862524785194978
84997b,RED 3 PIECE RETROSPOT CUTLERY SET,1621.02,192,23,0,8.42304347826087,8.4428125,0.0,0.0,0.0
85131A,BEADED PEARL HEART WHITE ON STICK,1619.23,2025,199,64,0.97595,0.7996197530864197,14.0,12.52,0.6913580246913581
22559,SEASIDE FLYING DISC,1616.33,1279,179,100,1.493259668508287,1.26374511336982,4.0,5.0,0.3127443315089914
21656,RIDGED GLASS POSY VASE,1614.54,985,140,66,2.0507142857142853,1.6391269035532994,2.0,2.9,0.20304568527918782
23217,LAUREL HEART ANTIQUE SILVER,1613.82,1309,97,64,1.5415151515151517,1.2328647822765468,0.0,0.0,0.0
48195,DOOR MAT GREEN PAISLEY,1613.56,268,86,56,8.110813953488371,6.020746268656716,4.0,27.0,1.4925373134328357
22292,HANGING CHICK YELLOW DECORATION,1608.86,1139,113,77,1.5933333333333333,1.4125197541703247,0.0,0.0,0.0
35810A,ENAMEL PINK COFFEE CONTAINER,1604.74,1205,171,72,2.3456976744186044,1.331734439834025,1.0,2.1,0.08298755186721991
82615,PINK MARSHMALLOW SCARF KNITTING KIT,1603.97,582,90,60,3.277444444444445,2.755962199312715,4.0,11.0,0.6872852233676976
23287,RED VINTAGE SPOT BEAKER,1603.3899999999999,1879,198,114,1.03395,0.8533209153805215,51.0,43.349999999999994,2.7142096860031932
21542,WOODLAND WATER TRANSFER TATTOOS,1600.75,1877,190,112,1.016020942408377,0.8528236547682472,70.0,59.5,3.7293553542887588
20802,SMALL GLASS SUNDAE DISH CLEAR,1596.81,1051,116,68,2.104051724137931,1.519324452901998,48.0,34.92,4.567078972407232
23226,FILIGREE HEART DAISY WHITE,1596.67,1247,98,56,1.5736363636363635,1.2804089815557338,48.0,60.0,3.8492381716118684
22260,FELT EGG COSY BLUE RABBIT,1594.77,1557,241,85,1.2850813008130082,1.024258188824663,16.0,13.6,1.0276172125883107
23244,ROUND STORAGE TIN VINTAGE LEAF,1593.58,864,103,80,2.1018446601941747,1.8444212962962963,9.0,16.95,1.0416666666666665
84913B,MINT GREEN ROSE TOWEL,1593.29,420,200,27,3.6969,3.793547619047619,1.0,4.65,0.2380952380952381
21694,SMALL REGAL SILVER CANDLEPOT,1593.16,556,70,51,3.2754285714285714,2.8653956834532375,0.0,0.0,0.0
21986,PACK OF 12 PINK POLKADOT TISSUES,1591.9399999999998,5159,272,170,0.41952554744525544,0.30857530529172317,0.0,0.0,0.0
35471D,SET OF 3 BIRD LIGHT PINK FEATHER,1591.86,2241,348,158,1.2320786516853932,0.710334672021419,2.0,2.5,0.0892458723784025
35160,BUDDHA INCENSE HOLDER ASSORTED,1590.64,2180,56,33,0.8171428571428571,0.729651376146789,0.0,0.0,0.0
21383,PACK OF 12 STICKY BUNNIES,1590.43,2204,323,169,0.9649240121580547,0.7216107078039927,62.0,40.300000000000004,2.813067150635209
22106,MIRROR MOSAIC HURRICANE LAMP,1589.98,509,79,29,5.470759493670886,3.123732809430255,121.0,156.75,23.772102161100197
22517,CHILDS GARDEN RAKE PINK,1589.41,806,152,106,2.3930263157894736,1.9719727047146403,0.0,0.0,0.0
22597,CHRISTMAS MUSICAL ZINC HEART,1586.49,1850,115,84,0.982051282051282,0.8575621621621622,0.0,0.0,0.0
22099,CARAVAN SQUARE TISSUE BOX,1585.46,2123,291,168,1.2789666666666666,0.7468016957136129,24.0,30.0,1.1304757418747056
85170A,SET/6 IVORY BIRD T-LIGHT CANDLES,1585.06,848,84,45,2.5583333333333336,1.8691745283018868,32.0,51.519999999999996,3.7735849056603774
23369,SET 36 COLOUR PENCILS LOVE LONDON,1581.06,1105,126,80,1.4970542635658914,1.4308235294117646,0.0,0.0,0.0
85222,ASSORTED COLOUR SILK COSMETIC PURSE,1579.68,1406,50,39,2.2184615384615385,1.1235277382645805,2.0,2.75,0.1422475106685633
21123,SET/10 IVORY SPOTTY PARTY CANDLES,1578.47,1261,80,60,1.3386419753086418,1.2517605075337035,0.0,0.0,0.0
37342,POLKADOT COFFEE CUP & SAUCER PINK,1577.6200000000001,1589,117,51,1.8004237288135592,0.9928382630585274,56.0,45.68,3.524229074889868
21675,BUTTERFLIES STICKERS,1576.84,1782,268,124,1.0479553903345724,0.8848709315375981,12.0,10.2,0.6734006734006733
22608,PENS ASSORTED FUNKY JEWELED,1573.81,5735,170,75,0.462235294117647,0.2744219703574542,43.0,31.93,0.7497820401046207
21631,HIPPY CHIC DECORATIVE PARASOL,1571.75,221,54,38,10.77962962962963,7.111990950226244,0.0,0.0,0.0
21092,SET/6 STRAWBERRY PAPER PLATES,1571.5,12846,28,15,1.1092857142857142,0.12233380040479527,24.0,20.4,0.18682858477347034
22705,WRAP GREEN PEARS,1567.86,3733,151,114,0.42,0.42,25.0,10.5,0.669702652022502
23462,ROCOCO WALL MIRROR WHITE,1567.1399999999999,78,45,42,20.713555555555555,20.09153846153846,18.0,350.09999999999997,23.076923076923077
15059A,ENGLISH ROSE EDWARDIAN PARASOL,1567.0,509,4,1,10.5,3.0785854616895874,0.0,0.0,0.0
79323B,BLACK CHERRY LIGHTS,1565.7,242,58,35,7.727241379310345,6.469834710743802,248.0,1557.2,102.4793388429752
21550,CERAMIC BIRDHOUSE CRESTED TIT LARGE,1565.51,295,64,42,6.715223880597015,5.306813559322034,1.0,5.95,0.3389830508474576
21867,PINK UNION JACK LUGGAGE TAG,1562.87,1144,288,122,1.5381727574750832,1.3661451048951048,0.0,0.0,0.0
21925,UNION STRIPE CUSHION COVER,1562.33,1201,167,100,1.5775147928994084,1.300857618651124,18.0,22.5,1.4987510407993339
84536B,FAIRY CAKES NOTEBOOK A7 SIZE,1561.49,3514,400,131,0.5738118811881188,0.4443625498007968,52.0,21.84,1.479795105293113
21579,LOLITA DESIGN COTTON TOTE BAG,1560.85,1029,136,80,2.5860583941605837,1.516861030126336,17.0,38.25,1.6520894071914478
21972,SET OF 36 DINOSAUR PAPER DOILIES,1560.82,1055,171,105,1.644502923976608,1.4794502369668245,2.0,2.9,0.18957345971563982
85194L,HANGING SPRING FLOWER EGG LARGE,1560.6299999999999,1818,147,93,1.0477551020408162,0.8584323432343234,33.0,28.049999999999997,1.8151815181518154
21276,TWO EMBOSSED HEART MINI DRAWERS,1558.94,677,29,24,4.253103448275862,2.302717872968981,16.0,76.2,2.363367799113737
84789,ENCHANTED BIRD PLANT CAGE,1558.39,445,124,81,4.017177419354839,3.5020000000000002,8.0,30.0,1.7977528089887642
72803A,ROSE SCENT CANDLE JEWELLED DRAWER,1553.5,724,97,61,4.382680412371134,2.145718232044199,4.0,17.0,0.5524861878453038
22450,SILK PURSE BABUSHKA BLUE,1552.3500000000001,459,111,76,3.497787610619469,3.38202614379085,8.0,26.8,1.7429193899782136
21710,FOLDING UMBRELLA PINK/WHITE SPOT,1549.34,584,49,40,4.8208,2.6529794520547942,7.0,34.65,1.1986301369863013
21289,LARGE STRIPES CHOCOLATE GIFT BAG,1549.31,1413,102,52,1.3087254901960785,1.0964685067232838,20.0,25.0,1.4154281670205235
20766,GARDEN PATH SKETCHBOOK,1548.47,518,155,100,3.951910828025478,2.989324324324324,4.0,15.0,0.7722007722007722
84919,BLUE CUSHION COVER WITH FLOWER,1545.53,283,39,18,6.487435897435897,5.461236749116607,172.0,723.4,60.7773851590106
16033,MINI HIGHLIGHTER PENS,1544.52,15121,50,43,0.11639999999999999,0.10214403809271873,480.0,57.6,3.1743932279611133
22982,PANTRY PASTRY BRUSH,1543.77,1154,212,120,1.6372169811320754,1.3377556325823223,24.0,30.0,2.079722703639515
21610,SET 12 PEAR BOTANICAL T-LIGHTS,1543.67,542,97,72,3.043571428571429,2.8480996309963102,0.0,0.0,0.0
75131,METAL TUBE CHIME ON BAMBOO,1543.03,1217,68,40,1.700735294117647,1.267896466721446,0.0,0.0,0.0
22343,PARTY PIZZA DISH RED RETROSPOT,1541.47,2797,153,74,0.7627450980392158,0.5511154808723633,42.0,35.7,1.5016088666428316
20735,BLACK MINI TAPE MEASURE,1540.29,1516,203,30,1.1992610837438422,1.0160224274406333,0.0,0.0,0.0
84795D,SEASIDE STRIPE HAMMOCK,1538.79,189,83,53,8.78421686746988,8.141746031746031,1.0,6.95,0.5291005291005291
21246,RED RETROSPOT BIG BOWL,1534.78,326,108,40,4.595185185185185,4.7079141104294475,2.0,9.9,0.6134969325153374
20768,GREEN FERN JOURNAL,1534.19,767,149,98,2.557046979865772,2.000247718383312,0.0,0.0,0.0
23267,SET OF 4 SANTA PLACE SETTINGS,1531.95,1202,108,79,1.4116216216216215,1.2745008319467555,48.0,60.0,3.9933444259567388
72008,FROSTED BOX 9 WHITE T-LIGHT CANDLES,1531.4,3819,215,134,0.441,0.40099502487562194,25.0,10.5,0.6546216286986122
20986,BLUE CALCULATOR RULER,1530.95,1217,204,94,1.554354066985646,1.2579704190632703,0.0,0.0,0.0
22449,SILK PURSE RUSSIAN DOLL PINK,1530.6200000000001,461,91,58,3.709892473118279,3.3202169197396967,0.0,0.0,0.0
85036B,CHOCOLATE 1 WICK MORRIS BOX CANDLE,1530.1599999999999,598,87,70,3.0740229885057473,2.5587959866220733,6.0,25.5,1.0033444816053512
20902,VINTAGE KEEPSAKE BOX PARIS DAYS,1525.22,206,116,11,9.306034482758621,7.403980582524272,0.0,0.0,0.0
22337,ANGEL DECORATION PAINTED ZINC,1522.52,2473,146,67,0.7340939597315437,0.6156570966437526,0.0,0.0,0.0
21282,NATURAL BARK CANDLE LARGE,1522.28,356,69,49,4.772028985507246,4.276067415730337,12.0,51.0,3.3707865168539324
22293,"SPRING DEC , HANGING CHICK GREEN",1516.9199999999998,1128,100,64,1.8652941176470588,1.344787234042553,24.0,34.8,2.127659574468085
21099,SET/6 STRAWBERRY PAPER CUPS,1516.64,13290,33,20,0.755,0.1141188863807374,120.0,78.0,0.9029345372460496
85177,BASKET OF FLOWERS SEWING KIT,1514.78,1820,143,87,0.9903496503496504,0.8322967032967032,1.0,0.85,0.054945054945054944
21785,RAIN PONCHO,1514.6299999999999,2005,100,71,0.9908910891089109,0.7554264339152119,0.0,0.0,0.0
21146,ANTIQUE GLASS RIDGED HANGING BALL,1513.6699999999998,789,58,47,2.179655172413793,1.918466413181242,2.0,3.9,0.25348542458808615
21661,VINTAGE GLASS TEA CADDY,1511.3100000000002,239,98,55,7.073838383838384,6.323472803347281,6.0,35.2,2.510460251046025
22340,NOEL GARLAND PAINTED ZINC,1511.05,1799,184,81,1.242391304347826,0.8399388549193997,13.0,19.049999999999997,0.7226236798221234
22137,BATHROOM SET LOVE HEART DESIGN,1508.28,606,43,24,3.616046511627907,2.488910891089109,3.0,8.850000000000001,0.49504950495049505
21634,ASSORTED MINI MADRAS NOTEBOOK,1507.74,1771,69,42,1.363768115942029,0.8513495200451722,121.0,151.25,6.832298136645963
21002,ROSE DU SUD DRAWSTRING BAG,1507.22,417,184,25,3.536141304347826,3.6144364508393285,0.0,0.0,0.0
84526,GIANT BLACK SUNGLASSES,1503.6399999999999,538,34,23,2.112058823529412,2.7948698884758363,0.0,0.0,0.0
85159B,"WHITE TEA,COFFEE,SUGAR JARS",1503.5,659,88,53,4.945227272727273,2.2814871016691955,39.0,92.89,5.918057663125948
23250,VINTAGE RED TRIM ENAMEL BOWL,1501.03,1155,108,63,1.4721296296296298,1.2995930735930736,121.0,141.8,10.476190476190476
21199,PINK HEART CONFETTI IN TUBE,1495.6999999999998,1305,149,86,1.8689999999999998,1.1461302681992336,48.0,20.16,3.67816091954023
23280,FOLDING BUTTERFLY MIRROR HOT PINK,1495.24,1867,152,84,1.0685620915032679,0.800878414568827,2.0,1.66,0.10712372790573112
21009,ETCHED GLASS STAR TREE DECORATION,1494.99,1047,102,72,1.4825714285714284,1.4278796561604585,15.0,18.75,1.4326647564469914
21066,VINTAGE RED MUG,1494.67,2284,131,81,1.2776335877862597,0.6544089316987741,12.0,15.0,0.5253940455341506
85160A,WHITE BIRD GARDEN DESIGN MUG,1493.75,8816,32,20,5.4087499999999995,0.16943625226860254,4320.0,561.6,49.00181488203267
84856L,LARGE TAHITI BEACH BAG,1492.28,238,81,46,7.748271604938272,6.270084033613445,0.0,0.0,0.0
23334,IVORY WICKER HEART SMALL,1491.75,2271,130,83,0.7883823529411764,0.6568692206076618,0.0,0.0,0.0
22677,FRENCH BLUE METAL DOOR SIGN 2,1486.62,1091,208,65,1.6761244019138757,1.3626214482126489,11.0,13.75,1.008249312557287
21051,RIBBONS PURSE,1486.16,754,127,79,2.1744615384615384,1.9710344827586208,6.0,12.6,0.7957559681697612
15058A,BLUE WHITE SPOTS GARDEN PARASOL,1485.24,276,59,41,7.573833333333334,5.381304347826087,12.0,83.4,4.3478260869565215
23271,CHRISTMAS TABLE SILVER CANDLE SPIKE,1483.61,1715,103,68,1.055904761904762,0.8650787172011661,0.0,0.0,0.0
21849,SILVER DIAMANTE PEN IN GIFT BOX,1483.51,633,134,46,3.7198529411764705,2.3436176935229067,96.0,120.0,15.165876777251185
23559,WOODLAND BUNNIES LOLLY MAKERS,1482.41,649,124,69,2.8688709677419357,2.284144838212635,0.0,0.0,0.0
84510B,SET OF 4 FAIRY CAKES COASTERS,1481.05,1171,147,71,1.673157894736842,1.2647736976942783,2.0,2.5,0.1707941929974381
18098c,PORCELAIN BUTTERFLY OIL BURNER,1479.61,292,135,0,5.067333333333333,5.067157534246575,0.0,0.0,0.0
85125,SMALL ROUND CUT GLASS CANDLESTICK,1479.51,309,62,32,5.313709677419355,4.788058252427184,4.0,19.8,1.2944983818770228
22546,MINI JIGSAW PURDEY,1478.56,3703,171,100,0.5223837209302326,0.39928706454226304,1.0,0.42,0.027005130974885227
23392,SPACEBOY ROCKET LOLLY MAKERS,1475.03,662,113,70,2.7042982456140354,2.228141993957704,24.0,49.92,3.625377643504532
22915,ASSORTED BOTTLE TOP MAGNETS,1474.52,3281,194,116,1.1767692307692308,0.44941176470588234,90.0,37.8,2.7430661383724475
21851,LILAC DIAMANTE PEN IN GIFT BOX,1473.56,628,149,34,3.9557718120805365,2.3464331210191083,0.0,0.0,0.0
84616,SILVER ROCCOCO CHANDELIER,1472.62,72,25,19,27.726799999999997,20.453055555555554,4.0,119.8,5.555555555555555
21198,WHITE HEART CONFETTI IN TUBE,1472.3,1282,118,75,1.7450420168067227,1.1484399375975038,75.0,64.71,5.850234009360374
22912,YELLOW COAT RACK PARIS FASHION,1471.09,313,108,81,5.261192660550459,4.69996805111821,6.0,29.700000000000003,1.9169329073482428
20734,SILVER MINI TAPE MEASURE,1470.62,1593,117,50,1.3050420168067225,0.9231763967357187,1.0,0.85,0.06277463904582549
21869,POTTING SHED COFFEE MUG,1469.5800000000002,1264,111,82,1.348125,1.1626424050632913,17.0,21.25,1.3449367088607596
84659A,WHITE TRAVEL ALARM CLOCK,1469.51,588,224,55,2.5639555555555553,2.4991666666666665,3.0,7.6499999999999995,0.5102040816326531
85198,ASSORTED FARMYARD ANIMALS IN BUCKET,1469.5,3859,51,37,1.0133962264150944,0.38079813423166625,0.0,0.0,0.0
22815,CARD PSYCHEDELIC APPLES,1468.53,3433,340,111,0.5004117647058823,0.42776871540926303,0.0,0.0,0.0
21801,CHRISTMAS TREE DECORATION WITH BELL,1467.6599999999999,3398,258,69,0.45776061776061777,0.4319187757504414,36.0,15.12,1.0594467333725721
22976,CIRCUS PARADE CHILDRENS EGG CUP,1465.26,1127,149,81,1.5033999999999998,1.3001419698314107,13.0,16.25,1.1535048802129548
20681,PINK POLKADOT CHILDRENS UMBRELLA,1464.29,405,135,82,4.0942647058823525,3.6155308641975306,4.0,13.0,0.9876543209876543
23365,SET 12 COLOUR PENCILS LOVE LONDON,1463.08,1857,169,107,0.7943930635838151,0.7878729133010232,0.0,0.0,0.0
21644,ASSORTED TUTTI FRUTTI HEART BOX,1461.47,1087,137,72,1.4383916083916084,1.3444986200551978,28.0,35.0,2.5758969641214353
21818,GLITTER CHRISTMAS HEART,1460.86,1727,143,109,0.8863461538461538,0.8458946149392008,0.0,0.0,0.0
22052,VINTAGE CARAVAN GIFT WRAP,1460.5,3525,128,105,0.41812499999999997,0.41432624113475175,50.0,21.0,1.4184397163120568
23470,CARD HOLDER LOVE BIRD LARGE,1460.5,232,84,70,6.810714285714286,6.295258620689655,12.0,70.7,5.172413793103448
22929,SCHOOL DESK AND CHAIR,1459.75,23,17,17,64.17058823529412,63.46739130434783,3.0,195.0,13.043478260869565
22393,PAPERWEIGHT VINTAGE COLLAGE,1459.3700000000001,834,120,75,2.8713333333333333,1.7498441247002399,52.0,111.0,6.235011990407674
21410,COUNTRY COTTAGE DOORSTOP GREEN,1458.28,312,150,81,5.5142,4.673974358974359,1.0,4.25,0.3205128205128205
85098B,BLUE FLYING SINGING CANARY,1456.94,366,114,61,4.695043478260869,3.9807103825136614,49.0,154.15,13.387978142076504
22228,BUNNY WOODEN PAINTED WITH BIRD,1456.6,1727,275,148,1.0154676258992805,0.8434279096699479,35.0,29.749999999999996,2.026635784597568
15056bl,EDWARDIAN PARASOL BLACK,1456.3200000000002,116,87,0,12.562068965517243,12.554482758620692,0.0,0.0,0.0
21065,BOOM BOX SPEAKER GIRLS,1455.3600000000001,608,118,44,4.923114754098361,2.393684210526316,7.0,39.910000000000004,1.151315789473684
84637,KITCHEN FLOWER POTS WALL PLAQUE,1454.49,585,114,28,5.804122807017544,2.486307692307692,0.0,0.0,0.0
21317,GLASS SPHERE CANDLE STAND MEDIUM,1453.4,357,74,56,5.967763157894737,4.071148459383754,3.0,15.850000000000001,0.8403361344537815
20733,GOLD MINI TAPE MEASURE,1452.2,1927,294,67,0.8517627118644067,0.7536066424494032,300.0,216.0,15.568240788790867
21739,COSY SLIPPER SHOES SMALL GREEN,1451.8500000000001,494,177,83,3.0525280898876406,2.938967611336033,1.0,2.95,0.20242914979757085
85136C,RED SHARK HELICOPTER,1451.69,179,122,70,8.129180327868852,8.11,15.0,119.77,8.379888268156424
23086,ZINC STAR T-LIGHT HOLDER,1451.43,1225,47,31,1.5197872340425533,1.1848408163265307,16.0,20.0,1.306122448979592
22157,ANGEL DECORATION WITH LACE PADDED,1451.3999999999999,1698,124,88,0.894296875,0.8547703180212013,96.0,81.6,5.6537102473498235
85049a,TRADITIONAL CHRISTMAS RIBBONS,1451.24,434,51,0,3.3160784313725493,3.3438709677419354,0.0,0.0,0.0
23034,DRAWER KNOB CERAMIC BLACK,1448.6699999999998,979,88,57,1.6273333333333335,1.4797446373850867,6.0,8.7,0.6128702757916241
22390,PAPERWEIGHT CHILDHOOD MEMORIES,1448.52,813,83,56,2.6522891566265057,1.7816974169741697,0.0,0.0,0.0
22986,GINGHAM ROSE WRAP,1445.98,3519,122,112,0.4193442622950819,0.41090650753054847,0.0,0.0,0.0
37343,SPOTS DESIGN MUG W PINK INSIDE,1445.78,917,74,41,2.097972972972973,1.5766412213740457,0.0,0.0,0.0
21159,MOODY BOY DOOR HANGER,1445.37,2105,250,146,1.3357768924302789,0.6866365795724465,77.0,34.61,3.6579572446555817
35637A,IVORY STRING CURTAIN WITH POLE,1445.05,551,53,41,6.165849056603774,2.622595281306715,1.0,5.95,0.18148820326678766
85055,FRENCH ENAMEL UTENSIL HOLDER,1442.94,359,107,62,4.6967592592592595,4.01933147632312,0.0,0.0,0.0
84313C,ORANGE TV TRAY TABLE,1442.3899999999999,548,73,29,5.152739726027397,2.6320985401459853,0.0,0.0,0.0
84596G,SMALL CHOCOLATES PINK BOWL,1440.76,2226,348,118,0.8623011363636363,0.6472416891284816,0.0,0.0,0.0
22817,CARD SUKI BIRTHDAY,1434.9,3392,355,104,0.49591549295774645,0.4230247641509434,0.0,0.0,0.0
22249,DECORATION WHITE CHICK MAGIC GARDEN,1434.6599999999999,1636,243,126,1.0390725806451613,0.8769315403422983,4.0,3.4,0.24449877750611246
22316,200 BENDY SKULL STRAWS,1432.82,1257,119,62,1.4029411764705881,1.1398727128082735,1.0,1.25,0.07955449482895784
21561,DINOSAUR LUNCHBOX WITH CUTLERY,1429.9,570,113,82,2.832654867256637,2.5085964912280705,0.0,0.0,0.0
22093,MOTORING TISSUE BOX,1429.87,2346,275,179,0.9597122302158274,0.6094927536231883,48.0,53.16,2.0460358056265986
21292,SMALL STRIPES CHOCOLATE GIFT BAG,1427.11,2449,91,69,0.8146153846153845,0.5827317272356063,16.0,13.6,0.6533278889342589
22396,MAGNETS PACK OF 4 RETRO PHOTO,1427.08,1895,184,122,0.9205945945945946,0.7530765171503957,12.0,15.0,0.6332453825857519
85167B,BLACK GRAND BAROQUE PHOTO FRAME,1426.34,692,59,38,4.181,2.0611849710982657,0.0,0.0,0.0
22071,SMALL RETRO SPOT MUG IN BOX WHITE,1426.13,383,81,74,3.936024096385542,3.7235770234986947,21.0,60.75,5.483028720626632
22094,RED RETROSPOT TISSUE BOX,1424.1599999999999,2554,232,133,1.1035744680851063,0.5576194205168363,65.0,39.97,2.5450274079874706
21495,SKULLS WRAP,1424.0,3400,109,89,0.41853211009174307,0.4188235294117647,0.0,0.0,0.0
35965,FOLKART HEART NAPKIN RINGS,1423.63,629,174,62,3.2986781609195406,2.263322734499205,24.0,18.96,3.815580286168521
20761,BLUE PAISLEY SKETCHBOOK,1422.46,458,146,93,4.008979591836735,3.1058078602620087,4.0,15.0,0.8733624454148471
21807,WHITE CHRISTMAS STAR DECORATION,1422.45,3225,172,114,0.5124719101123596,0.4410697674418605,2.0,0.84,0.062015503875969
20801,LARGE PINK GLASS SUNDAE DISH,1422.0,1092,111,61,2.2076521739130435,1.3021978021978022,32.0,24.0,2.93040293040293
23057,BEADED CHANDELIER T-LIGHT HOLDER,1420.97,695,38,31,4.771578947368421,2.0445611510791366,433.0,636.15,62.302158273381295
21532,DAIRY MAID SUGAR JAM BOWL,1419.71,1387,90,58,2.386413043478261,1.0235832732516221,16.0,33.6,1.1535688536409516
35004G,SET OF 3 GOLD FLYING DUCKS,1419.51,359,76,46,6.24974025974026,3.954066852367688,8.0,22.59,2.2284122562674096
20840,FRENCH FLORAL CUSHION COVER,1419.09,885,93,50,2.1470212765957446,1.6034915254237287,219.0,365.85,24.74576271186441
22285,HANGING HEN ON NEST DECORATION,1418.82,828,114,72,2.0156410256410253,1.713550724637681,0.0,0.0,0.0
22819,"BIRTHDAY CARD, RETRO SPOT",1418.12,3351,331,125,0.4827190332326284,0.4231930766935243,0.0,0.0,0.0
15034,PAPER POCKET TRAVELING FAN,1416.2600000000002,10153,255,123,0.357265625,0.13949177582980402,1448.0,116.06000000000002,14.261794543484685
85071A,BLUE CHARLIE+LOLA PERSONAL DOORSIGN,1415.69,1907,147,106,1.2626845637583894,0.7423649711588883,152.0,448.4,7.970634504457262
22333,RETRO SPOT PARTY BAG + STICKER SET,1412.25,938,34,30,1.7891176470588235,1.5055970149253732,1.0,1.65,0.10660980810234541
23249,VINTAGE RED ENAMEL TRIM PLATE,1406.3,830,80,56,1.891,1.6943373493975904,55.0,87.71,6.626506024096386
47503A,ASS FLORAL PRINT MULTI SCREWDRIVER,1405.51,2853,195,146,0.63315,0.4926428321065545,36.0,25.08,1.2618296529968454
23119,PACK OF 6 LARGE FRUIT STRAWS,1401.7,2282,151,97,0.7791390728476821,0.6142418930762489,36.0,22.32,1.5775635407537247
21358,TOAST ITS - HAPPY BIRTHDAY,1398.71,1129,222,130,1.2818918918918918,1.2388928255093004,1.0,1.25,0.08857395925597875
21910,WAY OUT METAL SIGN,1398.1799999999998,1066,111,84,1.7615315315315316,1.3116135084427767,0.0,0.0,0.0
21828,EIGHT PIECE SNAKE SET,1396.6200000000001,1105,180,107,1.4790163934426228,1.2639095022624436,0.0,0.0,0.0
23055,IVORY CHANDELIER T-LIGHT HOLDER,1395.18,657,38,33,5.62125,2.1235616438356164,432.0,690.72,65.75342465753424
15058B,PINK WHITE SPOTS GARDEN PARASOL,1394.7,204,56,36,9.42125,6.836764705882353,4.0,31.8,1.9607843137254901
23040,PAPER LANTERN 9 POINT SNOW STAR,1394.03,253,41,33,6.278372093023257,5.51,0.0,0.0,0.0
22756,LARGE YELLOW BABUSHKA NOTEBOOK,1393.45,1204,215,124,1.4032870370370372,1.1573504983388705,12.0,15.0,0.9966777408637874
85087,CANDY SPOT CUSHION COVER,1392.64,420,146,21,3.6293150684931508,3.315809523809524,2.0,5.9,0.4761904761904762
85017B,ENVELOPE 50 BLOSSOM IMAGES,1390.3899999999999,2231,317,98,0.7516981132075471,0.6232138054683998,12.0,10.2,0.5378753922008068
47503K,ASSORTED FLORAL SECATEURS,1389.44,3177,42,29,2.262325581395349,0.43734340572867486,3.0,4.75,0.09442870632672333
22324,BLUE POLKADOT KIDS BAG,1389.06,568,151,52,3.31625,2.4455281690140844,8.0,15.6,1.4084507042253522
22686,FRENCH BLUE METAL DOOR SIGN NO,1388.45,1076,180,46,1.8146666666666667,1.2903810408921934,24.0,30.0,2.2304832713754648
22917,HERB MARKER ROSEMARY,1386.65,1996,252,138,0.8575889328063241,0.6947144288577155,12.0,7.800000000000001,0.6012024048096193
85169A,IVORY LOVE BIRD CANDLE,1385.82,1252,151,79,1.3951612903225807,1.106884984025559,12.0,15.0,0.9584664536741214
22339,CHRISTMAS TREE PAINTED ZINC,1385.46,3521,145,86,0.5729139072847682,0.3934848054529963,130.0,81.28,3.6921329167850043
20658,RED SPOTTY LUGGAGE TAG,1385.3,1000,195,96,1.6824489795918367,1.3853,24.0,30.0,2.4
23376,PACK OF 12 VINTAGE CHRISTMAS TISSUE,1384.9099999999999,3039,155,104,0.5079245283018868,0.455712405396512,24.0,9.36,0.7897334649555774
22250,DECORATION BUTTERFLY MAGIC GARDEN,1382.96,1521,257,98,1.1350950570342204,0.9092439184746878,4.0,3.4,0.26298487836949375
84396,6 HOOK JEWELLERY STAND BLACK DRESS,1380.52,552,49,22,5.774400000000001,2.500942028985507,0.0,0.0,0.0
23104,IVORY CAFE HANGING LAMP,1380.42,116,45,37,12.867111111111111,11.900172413793104,0.0,0.0,0.0
23414,ZINC BOX SIGN HOME,1378.75,141,64,58,10.073749999999999,9.77836879432624,4.0,39.8,2.8368794326241136
84562A,PINK/WHITE RIBBED MELAMINE JUG,1378.26,169,78,48,9.355443037974684,8.155384615384616,1.0,7.95,0.591715976331361
21011,GLITTER SNOW PEAR TREE DECORATION,1373.8,1840,118,84,1.2534920634920634,0.7466304347826087,3.0,4.35,0.16304347826086957
90200D,PINK SWEETHEART BRACELET,1372.26,327,150,41,4.221866666666666,4.19651376146789,3.0,12.75,0.9174311926605505
20704,MR ROBOT SOFT TOY,1371.42,361,80,60,6.370875,3.798947368421053,4.0,27.8,1.10803324099723
23536,WALL ART VILLAGE SHOW,1369.71,240,67,53,7.079253731343283,5.7071250000000004,4.0,23.8,1.6666666666666667
46776B,WOVEN BERRIES CUSHION COVER,1369.23,428,153,16,4.262352941176471,3.1991355140186917,0.0,0.0,0.0
20866,BLUE ROSE FABRIC MIRROR,1368.91,1280,191,76,1.4857591623036648,1.0694609375000002,120.0,127.2,9.375
23000,TRAVEL CARD WALLET TRANSPORT,1368.28,3169,278,125,0.5197132616487455,0.43177027453455347,39.0,16.38,1.230672136320606
84819,DANISH ROSE ROUND SEWING BOX,1368.26,908,95,82,2.969368421052631,1.5068942731277533,4.0,17.0,0.4405286343612335
21209,MULTICOLOUR HONEYCOMB FAN,1368.04,1476,137,66,1.7460583941605838,0.9268563685636856,37.0,38.029999999999994,2.5067750677506777
21398,RED SPOTTY COFFEE MUG,1367.79,710,53,37,2.3773584905660377,1.9264647887323942,2.0,4.2,0.28169014084507044
35599D,PINK AND WHITE CHRISTMAS TREE 120CM,1366.48,406,103,23,4.735631067961165,3.3657142857142857,6.0,17.700000000000003,1.477832512315271
84685,BEACH HUT KEY CABINET,1366.17,435,125,46,5.732,3.1406206896551727,3.0,8.75,0.6896551724137931
23546,WRAP PAISLEY PARK,1365.0,3250,120,106,0.42,0.42,0.0,0.0,0.0
84665,SQUARE CHERRY BLOSSOM CABINET,1364.7,226,47,25,6.375531914893617,6.038495575221239,26.0,154.70000000000002,11.504424778761061
22916,HERB MARKER THYME,1363.38,1962,249,135,0.8606299212598425,0.6948929663608563,12.0,7.800000000000001,0.6116207951070336
23221,REINDEER HEART DECORATION SILVER,1363.04,1536,145,85,1.0762416107382549,0.8873958333333333,58.0,48.14,3.7760416666666665
16161U,"WRAP,SUKI AND FRIENDS",1363.0,3350,110,86,0.41709090909090907,0.40686567164179105,0.0,0.0,0.0
35649,VINTAGE BEAD COSMETIC BAG,1362.8999999999999,1826,53,20,3.0605555555555557,0.7463855421686746,0.0,0.0,0.0
21786,POLKADOT RAIN HAT,1360.83,3158,294,83,0.6455115511551155,0.4309151361621279,22.0,9.24,0.6966434452184928
84965B,BLUE KASHMIRI COFFEE TABLE,1359.95,27,4,3,62.4875,50.36851851851852,0.0,0.0,0.0
22269,EGG CUP NATURAL CHICKEN,1357.7,1521,204,107,1.2078155339805825,0.8926364234056542,25.0,31.25,1.6436554898093358
21684,SMALL MEDINA STAMPED METAL BOWL,1357.61,1696,104,65,1.1099999999999999,0.8004775943396226,13.0,11.049999999999999,0.7665094339622641
23469,CARD HOLDER LOVE BIRD SMALL,1355.24,332,72,61,4.643611111111111,4.082048192771085,4.0,16.6,1.2048192771084338
22050,PINK PAISLEY ROSE GIFT WRAP,1354.0,3300,115,100,0.4186086956521739,0.4103030303030303,50.0,21.0,1.5151515151515151
17129D,CLEAR COLOUR GLASS GEMS IN BAG,1351.18,1125,39,12,1.2087179487179487,1.201048888888889,0.0,0.0,0.0
21059,PARTY INVITES DINOSAURS,1348.56,1596,221,158,0.9007692307692308,0.8449624060150376,24.0,20.4,1.5037593984962405
84466,TOP SECRET PEN SET,1348.36,1256,73,34,1.6404109589041096,1.0735350318471337,397.0,391.85,31.60828025477707
21529,RETRO SPOT CERAMIC TOASTRACK,1346.0800000000002,383,103,69,3.9699029126213596,3.5145691906005228,5.0,17.25,1.3054830287206265
20762,GREEN FERN SKETCHBOOK,1343.79,458,136,88,3.836102941176471,2.9340393013100434,4.0,15.0,0.8733624454148471
21822,GLITTER CHRISTMAS TREE WITH BELLS,1343.7,1010,142,73,1.58013698630137,1.3303960396039605,9.0,16.39,0.891089108910891
22293,HANGING CHICK GREEN DECORATION,1343.28,906,125,64,1.739921875,1.4826490066225164,0.0,0.0,0.0
84828,JUNGLE POPSICLES ICE LOLLY MOULDS,1338.8700000000001,960,153,74,1.6098064516129034,1.3946562500000002,24.0,30.0,2.5
21397,BLUE SPOTTY EGG CUP,1338.36,994,99,53,1.9963636363636361,1.3464386317907444,12.0,15.0,1.2072434607645874
21190,PINK HEARTS PAPER GARLAND,1337.59,806,111,71,1.9798260869565216,1.6595409429280397,77.0,111.65,9.553349875930522
20993,JAZZ HEARTS MEMO PAD,1334.1100000000001,10967,32,23,0.8425,0.12164767028357802,0.0,0.0,0.0
20780,BLACK EAR MUFF HEADPHONES,1333.96,231,98,35,6.895445544554456,5.774718614718615,1.0,5.49,0.4329004329004329
16235,RECYCLED PENCIL WITH RABBIT ERASER,1333.95,5827,310,124,0.3089808917197452,0.2289256907499571,133.0,27.93,2.282478119100738
22246,"GARLAND, MAGIC GARDEN 1.8M",1332.36,656,95,57,2.565208333333333,2.0310365853658534,0.0,0.0,0.0
21580,RABBIT DESIGN COTTON TOTE BAG,1329.6299999999999,542,172,76,2.855639534883721,2.4531918819188188,6.0,13.5,1.107011070110701
23538,WALL ART VINTAGE HEART,1329.54,331,32,25,5.7790625,4.0167371601208455,0.0,0.0,0.0
20933,YELLOW POT PLANT CANDLE,1329.4900000000002,505,52,38,4.1007547169811325,2.632653465346535,0.0,0.0,0.0
22446,PIN CUSHION BABUSHKA PINK,1329.48,497,153,40,2.87974358974359,2.675010060362173,6.0,20.1,1.2072434607645874
85032D,YULETIDE IMAGES GIFT WRAP SET,1327.68,1148,133,89,1.3986567164179105,1.1565156794425087,12.0,7.800000000000001,1.0452961672473868
23232,WRAP VINTAGE PETALS DESIGN,1327.5,3275,104,95,0.4176923076923077,0.40534351145038167,25.0,10.5,0.7633587786259541
21775,DECORATIVE FLORE BATHROOM BOTTLE,1326.29,874,277,63,2.009496402877698,1.5174942791762014,4.0,5.0,0.4576659038901602
21926,RED/CREAM STRIPE CUSHION COVER,1325.27,1009,147,90,1.5961224489795918,1.3134489593657086,26.0,32.5,2.576808721506442
22202,MILK PAN PINK POLKADOT,1325.01,333,81,36,5.479753086419754,3.979009009009009,4.0,15.0,1.2012012012012012
85032A,ROMANTIC IMAGES GIFT WRAP SET,1323.51,1441,161,103,1.273726708074534,0.9184663428174878,0.0,0.0,0.0
22924,FRIDGE MAGNETS LA VIE EN ROSE,1323.4199999999998,1500,95,69,1.4349999999999998,0.8822799999999998,229.0,179.05,15.266666666666667
22918,HERB MARKER PARSLEY,1322.8600000000001,1925,249,135,0.8578968253968254,0.6872,12.0,7.800000000000001,0.6233766233766234
21738,COSY SLIPPER SHOES SMALL RED,1322.63,422,131,89,3.5006617647058826,3.134194312796209,5.0,14.75,1.1848341232227488
22701,PINK DOG BOWL,1320.5700000000002,675,158,65,2.842075471698113,1.9564000000000001,16.0,43.0,2.3703703703703702
21157,RED SPOTTY WASHBAG,1319.96,586,132,59,2.740300751879699,2.252491467576792,6.0,12.6,1.023890784982935
85200,BUNNY EGG BOX,1319.09,1045,105,81,1.3532075471698113,1.262287081339713,12.0,15.0,1.1483253588516746
85135C,RED DRAGONFLY HELICOPTER,1317.92,162,111,57,8.16232142857143,8.135308641975309,2.0,15.9,1.2345679012345678
22051,BLUE SCANDINAVIAN PAISLEY WRAP,1317.5,3175,116,95,0.4193103448275862,0.4149606299212598,0.0,0.0,0.0
85071B,RED CHARLIE+LOLA PERSONAL DOORSIGN,1316.48,2340,165,123,1.3026347305389223,0.5625982905982906,2.0,5.9,0.08547008547008547
22923,FRIDGE MAGNETS LES ENFANTS ASSORTED,1314.8899999999999,1589,91,70,1.0793406593406594,0.827495280050346,176.0,134.0,11.076148521082443
22977,DOLLY GIRL CHILDRENS EGG CUP,1313.86,999,140,101,1.4704964539007093,1.315175175175175,1.0,1.25,0.10010010010010009
20760,GARDEN PATH POCKET BOOK,1313.66,5550,81,47,0.7926829268292683,0.2366954954954955,0.0,0.0,0.0
84688,BEACH HUT DESIGN BLACKBOARD,1313.52,422,81,39,5.835432098765432,3.11260663507109,53.0,155.05,12.559241706161137
23373,VINTAGE CHRISTMAS PAPER GIFT BAG,1313.3899999999999,1608,100,86,0.9070999999999999,0.8167848258706467,0.0,0.0,0.0
35598D,PINK/WHITE CHRISTMAS TREE 60CM,1312.2,1727,103,43,1.6382524271844658,0.7598147075854083,1.0,0.65,0.05790387955993051
23405,HOME SWEET HOME 2 DRAWER CABINET,1311.48,252,70,54,5.985492957746479,5.204285714285715,1.0,4.95,0.3968253968253968
85232A,SET/3 POLKA DOT STACKING TINS,1311.42,262,94,72,5.2723157894736845,5.005419847328245,25.0,123.75000000000001,9.541984732824428
22481,BLACK TEA TOWEL CLASSIC DESIGN,1309.81,1272,219,132,1.1607142857142858,1.0297248427672956,0.0,0.0,0.0
21277,FRENCH STYLE EMBOSSED HEART CABINET,1309.3899999999999,54,48,36,24.660208333333333,24.247962962962962,4.0,87.8,7.4074074074074066
21842,PINK HEART CANDY BUTTON CALCULATOR,1308.74,551,47,32,3.0110638297872336,2.375208711433757,0.0,0.0,0.0
20893,HANGING BAUBLE T-LIGHT HOLDER SMALL,1308.5900000000001,559,76,41,2.886455696202532,2.340948121645796,111.0,234.45000000000005,19.856887298747765
20798,CLEAR MILKSHAKE GLASS,1308.15,551,83,35,3.106117647058823,2.374137931034483,76.0,140.25,13.793103448275861
21945,STRAWBERRIES DESIGN FLANNEL,1307.1,1862,240,61,1.2565289256198346,0.7019871106337271,1.0,0.85,0.05370569280343716
22893,MINI CAKE STAND T-LIGHT HOLDER,1306.09,2721,182,70,0.6159016393442622,0.48000367511944136,21.0,8.82,0.7717750826901874
21219,SET/4 BADGES BALLOON GIRL,1303.27,1013,176,77,1.5539325842696627,1.2865449160908193,10.0,12.5,0.9871668311944718
20738,GREEN MINI TAPE MEASURE,1301.72,1610,74,46,0.9545945945945946,0.8085217391304348,0.0,0.0,0.0
21248,DOOR HANGER MUM + DADS ROOM,1299.55,1043,158,106,1.6889240506329115,1.245973154362416,76.0,33.160000000000004,7.28667305848514
85170D,SET/6 PINK BIRD T-LIGHT CANDLES,1296.36,723,151,48,2.8456953642384106,1.7930290456431535,7.0,12.200000000000001,0.9681881051175657
22105,MIRROR MOSAIC GOBLET CANDLE HOLDER,1294.7,692,55,23,4.25,1.8709537572254336,241.0,232.25,34.82658959537572
79191C,RETRO PLASTIC ELEPHANT TRAY,1293.76,1619,157,107,0.9820253164556961,0.7991105620753551,289.0,245.64999999999998,17.850525015441633
22232,JIGSAW TOADSTOOLS 3 PIECE,1292.59,1093,156,94,1.5590384615384614,1.1826075022872826,74.0,71.22,6.77035681610247
22267,EASTER DECORATION EGG BUNNY,1291.47,1472,117,91,1.1747107438016529,0.8773573369565217,3.0,3.75,0.20380434782608695
22181,SNOWSTORM PHOTO FRAME FRIDGE MAGNET,1291.3799999999999,1538,138,85,1.0202142857142855,0.8396488946684004,42.0,35.699999999999996,2.7308192457737324
22258,FELT FARM ANIMAL RABBIT,1291.05,1342,131,69,1.4597744360902256,0.9620342771982116,55.0,68.75,4.098360655737705
85006,SET 4 NURSERY DES ROUND BOXES,1289.31,3049,37,32,2.546756756756757,0.422863233847163,1480.0,564.4,48.54050508363398
84609,TALL ROCOCO CANDLE HOLDER,1289.24,143,38,23,10.889473684210527,9.015664335664336,2.0,17.0,1.3986013986013985
84569D,PACK 6 HEART/ICE-CREAM PATCHES,1287.54,1023,179,82,1.4511049723756906,1.2585923753665689,1.0,1.25,0.09775171065493646
85141,JARDIN ETCHED GLASS FRUITBOWL,1286.44,182,71,57,8.083424657534247,7.068351648351649,11.0,62.05,6.043956043956044
85025C,PINK HEART SHAPE PHOTO FRAME,1285.9099999999999,720,125,73,2.0527777777777776,1.7859861111111108,2.0,3.3,0.2777777777777778
17091A,LAVENDER INCENSE IN TIN,1285.8899999999999,2085,117,78,1.029059829059829,0.6167338129496402,0.0,0.0,0.0
46776A,WOVEN BUBBLE GUM CUSHION COVER,1283.23,406,121,19,4.361487603305785,3.160665024630542,0.0,0.0,0.0
72818,CHRISTMAS DECOUPAGE CANDLE,1283.1299999999999,2394,127,82,0.8364661654135338,0.5359774436090226,36.0,25.92,1.5037593984962405
46775E,CANDY POP CHUNKY KNITTED THROW,1282.9,101,51,8,13.26686274509804,12.701980198019802,0.0,0.0,0.0
82613D,METAL SIGN CUPCAKE SINGLE HOOK,1281.86,1186,271,98,1.688450184501845,1.0808263069139965,20.0,8.4,1.6863406408094435
22097,SWALLOW SQUARE TISSUE BOX,1281.75,2064,242,158,0.98532,0.6210029069767442,19.0,15.15,0.9205426356589148
22543,MINI JIGSAW BAKE A CAKE,1281.49,3247,118,72,0.5087288135593221,0.3946689251616877,0.0,0.0,0.0
85231G,ORANGE SCENTED SET/9 T-LIGHTS,1281.31,1474,253,139,0.9882101167315175,0.8692740841248303,22.0,18.7,1.4925373134328357
22214,CANDLE PLATE LACE WHITE,1279.79,549,92,43,2.7232608695652174,2.3311293260473587,0.0,0.0,0.0
84816,DANISH ROSE BEDSIDE CABINET,1278.3500000000001,33,20,18,39.45,38.73787878787879,9.0,340.6,27.27272727272727
22323,PINK POLKADOT KIDS BAG,1275.31,539,115,57,3.181896551724138,2.3660667903525043,12.0,23.4,2.2263450834879404
21425,SKULLS STORAGE BOX LARGE,1274.93,505,95,41,4.1706315789473685,2.524613861386139,31.0,91.45000000000002,6.138613861386139
21759,METAL WALL SHELF UNIT WITH HOOKS,1274.47,30,13,11,54.18692307692308,42.48233333333334,0.0,0.0,0.0
47591d,PINK FAIRY CAKE CHILDRENS APRON,1274.3799999999999,253,72,0,4.989166666666666,5.0370750988142285,0.0,0.0,0.0
23072,MARIE ANTOINETTE TRINKET BOX SILVER,1273.76,334,30,21,13.725333333333333,3.8136526946107785,72.0,384.0,21.55688622754491
21537,RETRO SPOTS PUDDING BOWL,1273.26,294,74,53,4.794415584415584,4.330816326530612,8.0,34.0,2.7210884353741496
16225,RATTLE SNAKE EGGS,1271.66,1520,165,90,1.5598192771084338,0.8366184210526316,0.0,0.0,0.0
35648,VINTAGE BEAD PINK PURSE,1270.93,1041,143,48,1.7656849315068495,1.2208741594620558,25.0,20.75,2.4015369836695486
21549,CERAMIC BIRDHOUSE RED ROOF SMALL,1270.39,547,51,36,3.3067307692307697,2.3224680073126143,7.0,20.650000000000002,1.2797074954296161
85163B,BLACK BAROQUE WALL CLOCK,1268.6599999999999,115,66,26,14.094090909090909,11.03182608695652,1.0,12.75,0.8695652173913043
21689,SILVER VANILLA FLOWER CANDLE POT,1268.12,342,60,49,4.104516129032258,3.7079532163742686,0.0,0.0,0.0
22732,3D STICKERS VINTAGE CHRISTMAS,1268.0,1060,38,38,1.24,1.1962264150943396,0.0,0.0,0.0
20765,CHRYSANTHEMUM SKETCHBOOK,1265.06,442,146,96,3.9039455782312924,2.862126696832579,5.0,18.75,1.1312217194570136
20777,CHRYSANTHEMUM NOTEBOOK,1262.7,3660,169,78,1.7810588235294116,0.34500000000000003,3.0,4.949999999999999,0.08196721311475409
21708,FOLDING UMBRELLA CREAM/MULTI SPOT,1260.25,379,53,43,5.058679245283019,3.325197889182058,3.0,14.85,0.79155672823219
23061,VINTAGE EMBOSSED HEART,1257.68,955,113,72,1.5479646017699114,1.3169424083769634,3.0,3.75,0.31413612565445026
40003,WHITE BAMBOO RIBS LAMPSHADE,1257.02,1150,60,34,1.5241666666666667,1.0930608695652173,18.0,17.099999999999998,1.565217391304348
21063,PARTY INVITES JAZZ HEARTS,1256.27,1456,238,143,0.9412605042016806,0.8628228021978022,4.0,3.4,0.27472527472527475
21145,ANTIQUE GLASS PLACE SETTING,1256.21,869,49,34,3.406734693877551,1.4455811277330266,13.0,16.25,1.4959723820483315
77101A,UNION FLAG WINDSOCK,1255.97,1082,88,55,1.5012359550561796,1.1607855822550832,0.0,0.0,0.0
22919,HERB MARKER MINT,1255.44,1800,248,136,0.8432669322709163,0.6974666666666667,12.0,7.800000000000001,0.6666666666666667
20825,GOLD WINE GLASS,1255.08,361,7,5,6.831428571428572,3.4766759002770082,6.0,22.5,1.662049861495845
35957,SMALLFOLKART BAUBLE CHRISTMAS DEC,1254.8999999999999,3565,148,51,1.2358108108108108,0.35200561009817666,100.0,19.919999999999998,2.805049088359046
23237,SET OF 4 KNICK KNACK TINS LEAVES,1253.78,306,54,51,4.204444444444444,4.0973202614379085,3.0,12.450000000000001,0.9803921568627451
20731,POSY CANDY BAG,1252.92,4142,73,40,1.4024657534246574,0.3024915499758571,55.0,58.3,1.3278609367455336
23511,EMBROIDERED RIBBON REEL EMILY,1252.01,571,98,83,2.3309090909090906,2.192661996497373,5.0,10.4,0.8756567425569177
84967B,BLUE KASHMIRI OCCASIONAL TABLE,1249.45,24,11,8,65.87272727272727,52.06041666666667,3.0,139.95,12.5
85159A,"BLACK TEA,COFFEE,SUGAR JARS",1248.98,492,82,41,6.344390243902439,2.5385772357723577,43.0,101.45,8.739837398373984
22280,POCKET BAG PINK PAISELY BROWN SPOT,1248.74,877,158,79,1.5551234567901235,1.4238768529076398,0.0,0.0,0.0
22062,CERAMIC BOWL WITH LOVE HEART DESIGN,1248.15,797,127,69,2.3800751879699247,1.566060225846926,7.0,7.93,0.8782936010037641
22450,SILK PURSE RUSSIAN DOLL BLUE,1245.93,375,69,51,3.5370422535211268,3.32248,3.0,10.05,0.8
22389,PAPERWEIGHT SAVE THE PLANET,1245.52,647,92,74,2.5418478260869564,1.9250695517774343,100.0,210.0,15.455950540958268
21752,GLASS CAKE STAND MIRRORED BASE,1244.81,77,37,28,17.717027027027026,16.166363636363634,7.0,104.64999999999999,9.090909090909092
22808,SET OF 6 T-LIGHTS EASTER CHICKS,1243.88,420,83,58,3.5695180722891573,2.961619047619048,18.0,53.1,4.285714285714286
20707,CRAZY DAISY HEART DECORATION,1243.68,1613,199,48,1.22405,0.7710353378797272,7.0,8.75,0.4339739615623063
79163,BLACK CHAMPAGNE GLASS,1240.83,1833,64,44,2.532769230769231,0.6769394435351882,10.0,5.16,0.5455537370430987
22827,GIANT SEVENTEEN DRAWER SIDEBOARD,1240.0,8,6,6,158.33333333333334,155.0,0.0,0.0,0.0
22545,MINI JIGSAW BUNNIES,1239.62,3019,175,100,0.5390909090909091,0.41060616098045705,49.0,20.580000000000002,1.6230539913878768
22070,SMALL RETRO SPOT MUG IN BOX RED,1238.54,324,84,74,3.978720930232558,3.8226543209876542,38.0,119.5,11.728395061728394
21175,GIN AND TONIC DIET METAL SIGN,1237.5,498,50,34,3.1483999999999996,2.4849397590361444,0.0,0.0,0.0
23067,HANGING ENGRAVED METAL HEART,1236.66,294,78,63,4.351951219512196,4.2063265306122455,0.0,0.0,0.0
85162A,SILVER RETRODISC LAMPSHADE,1234.27,607,20,14,3.6155,2.0333937397034596,4.0,30.31,0.6589785831960462
84969,ASSORTED COLOUR SET 6 TEASPOONS,1232.02,268,86,48,5.184418604651163,4.597089552238806,3.0,12.75,1.1194029850746268
23138,SINGLE WIRE HOOK IVORY HEART,1231.51,879,82,60,1.5985714285714285,1.4010352673492605,12.0,17.4,1.3651877133105803
22448,PIN CUSHION RUSSIAN DOLL RED,1230.67,395,36,29,3.4316216216216215,3.115620253164557,0.0,0.0,0.0
84910A,PINK PAISLEY CUSHION COVER,1230.39,432,53,37,6.489433962264151,2.848125,13.0,77.35000000000001,3.009259259259259
22678,FRENCH BLUE METAL DOOR SIGN 3,1230.38,920,184,63,1.609728260869565,1.3373695652173914,11.0,13.75,1.1956521739130435
21438,TUB 24 HANGING EASTER EGGS SPOTTY,1229.8200000000002,373,36,33,3.8329729729729727,3.297104557640751,4.0,15.0,1.0723860589812333
22921,HERB MARKER CHIVES,1226.72,1771,220,121,0.8519004524886878,0.6926708074534161,12.0,7.800000000000001,0.6775832862789385
85135B,BLUE DRAGONFLY HELICOPTER,1226.51,151,115,67,8.113275862068965,8.122582781456954,2.0,15.9,1.3245033112582782
21253,SET OF PICTURE FRAME STICKERS,1225.17,332,122,41,4.6036065573770495,3.6902710843373496,0.0,0.0,0.0
22094,RED POLKA DOT TISSUE BOX,1224.89,1003,107,58,1.7572897196261683,1.2212263210368894,27.0,33.75,2.6919242273180455
16046,TEATIME PEN CASE & PENS,1223.5,10056,59,44,0.9443548387096774,0.12166865552903738,4632.0,389.03999999999996,46.06205250596659
22290,STANDING METAL RABBIT WITH EGG,1223.02,670,78,60,2.35620253164557,1.825402985074627,1.0,2.1,0.1492537313432836
23142,IVORY WIRE KITCHEN ORGANISER,1220.8200000000002,121,40,34,11.11675,10.089421487603307,2.0,19.55,1.6528925619834711
22216,T-LIGHT HOLDER WHITE LACE,1215.83,1396,116,48,1.0712396694214876,0.8709383954154727,3.0,2.55,0.21489971346704873
23598,PAPER BUNTING VINTAGE PARTY,1215.53,427,47,40,3.2351063829787234,2.8466744730679157,0.0,0.0,0.0
48197,DOORMAT BIRD ON THE WIRE,1213.8700000000001,231,23,16,9.351304347826087,5.254848484848486,0.0,0.0,0.0
20752,BLUE POLKADOT WASHING UP GLOVES,1212.46,535,202,117,2.426435643564356,2.266280373831776,2.0,4.2,0.3738317757009346
21490,SET OF THREE 50'S GIFT WRAPS,1210.6,637,55,36,2.594642857142857,1.9004709576138146,28.0,54.599999999999994,4.395604395604396
22680,FRENCH BLUE METAL DOOR SIGN 5,1210.34,891,171,65,1.6031213872832368,1.3584062850729517,30.0,37.5,3.3670033670033668
22233,JIGSAW RABBIT AND BIRDHOUSE,1210.11,949,164,112,1.5111377245508981,1.2751422550052687,62.0,101.24,6.533192834562697
84823,DANISH ROSE FOLDING CHAIR,1210.0,120,29,29,12.363793103448277,10.083333333333334,1.0,39.95,0.8333333333333334
84687,BEACH HUT SHELF W 3 DRAWERS,1208.06,314,73,43,6.919315068493151,3.847324840764331,7.0,37.65,2.229299363057325
22265,EASTER DECORATION NATURAL CHICK,1207.8,1843,168,107,0.764406779661017,0.6553445469343462,0.0,0.0,0.0
21396,RED SPOTTY EGG CUP,1205.25,948,77,45,1.7088461538461537,1.2713607594936709,5.0,6.25,0.5274261603375527
20771,CHRYSANTHEMUM JOURNAL,1201.68,606,140,91,2.5679285714285713,1.9829702970297032,6.0,15.3,0.9900990099009901
21904,HOUSE WRECKING METAL SIGN,1201.52,757,145,103,2.090205479452055,1.587212681638045,97.0,179.70000000000002,12.813738441215325
21130,COLOURFUL STANDING GNOME,1200.93,721,49,29,3.9899999999999998,1.6656449375866853,1.0,3.45,0.13869625520110956
79066K,RETRO MOD TRAY,1200.25,1377,240,103,1.0829460580912864,0.8716412490922295,12.0,10.2,0.8714596949891068
22256,FELT FARM ANIMAL CHICKEN,1200.07,933,119,78,1.5713934426229508,1.2862486602357985,12.0,15.0,1.2861736334405145
23444,NEXT DAY CARRIAGE,1200.0,79,79,63,15.189873417721518,15.189873417721518,1.0,15.0,1.2658227848101267
84658,WHITE STITCHED CUSHION COVER,1199.66,214,64,50,6.96723076923077,5.60588785046729,0.0,0.0,0.0
21883,STARS GIFT TAPE,1199.48,2348,226,132,0.7366371681415929,0.5108517887563884,1.0,0.19,0.04258943781942078
23026,DRAWER KNOB VINTAGE GLASS STAR,1198.96,556,62,43,2.3271875,2.156402877697842,14.0,29.12,2.5179856115107913
22448,PIN CUSHION BABUSHKA RED,1196.0600000000002,358,85,54,3.801294117647059,3.3409497206703915,6.0,20.1,1.675977653631285
22403,MAGNETS PACK OF 4 VINTAGE LABELS,1195.8899999999999,1715,212,137,1.1050943396226416,0.6973119533527696,12.0,15.0,0.6997084548104956
47591B,SCOTTIES CHILDRENS APRON,1195.22,754,183,62,1.65,1.5851724137931036,0.0,0.0,0.0
84830,LARGE ENGLISH ARBORETUM,1195.15,113,7,7,15.357142857142858,10.576548672566373,3.0,50.849999999999994,2.6548672566371683
85129D,BEADED CRYSTAL HEART PINK SMALL,1193.56,793,168,59,1.8964285714285711,1.5051197982345523,1.0,1.25,0.12610340479192939
84625A,PINK NEW BAROQUECANDLESTICK CANDLE,1193.0,838,81,40,2.842345679012346,1.4236276849642004,54.0,64.80000000000001,6.443914081145586
23071,MARIE ANTOINETTE TRINKET BOX GOLD,1192.6,314,18,15,10.428947368421053,3.798089171974522,76.0,434.0,24.203821656050955
22204,MILK PAN BLUE RETROSPOT,1192.13,311,77,42,4.754675324675325,3.8332154340836015,9.0,33.75,2.8938906752411575
22102,MIRROR MOSAIC T-LIGHT HOLDER,1191.69,1842,59,35,1.9952542372881357,0.6469543973941368,721.0,282.45,39.14223669923996
72232,FENG SHUI PILLAR CANDLE,1190.9199999999998,6268,118,72,0.19,0.18999999999999997,0.0,0.0,0.0
84559A,3D SHEET OF DOG STICKERS,1190.1699999999998,1321,230,107,1.0671428571428572,0.9009613928841785,0.0,0.0,0.0
84750A,PINK SMALL GLASS CAKE STAND,1189.23,544,105,42,3.0715238095238093,2.1860845588235294,40.0,75.3,7.352941176470589
22733,3D STICKERS TRADITIONAL CHRISTMAS,1187.0,980,36,36,1.2394444444444443,1.2112244897959183,0.0,0.0,0.0
47503E,ASS FLORAL PRINT SCISSORS,1186.9,6842,25,21,1.206,0.17347266881028942,0.0,0.0,0.0
20934,SET/3 POT PLANT CANDLES,1185.07,197,74,44,7.268000000000001,6.015583756345177,20.0,107.5,10.152284263959391
84815,SET OF 3 DANISH ROSE PLANTERS,1183.8200000000002,926,53,34,5.385094339622642,1.2784233261339095,0.0,0.0,0.0
22761,CHEST 7 DRAWER MA CAMPAGNE,1182.78,48,34,27,25.308235294117647,24.64125,3.0,68.85,6.25
23539,WALL ART LOVES' SECRET,1180.35,239,39,31,6.626250000000001,4.938702928870293,0.0,0.0,0.0
22597,MUSICAL ZINC HEART DECORATION,1179.59,2763,176,90,0.6557777777777777,0.4269236337314513,34.0,28.9,1.2305465074194717
21806,WHITE CHRISTMAS HEART DECORATION,1179.4299999999998,2707,128,95,0.4993939393939394,0.4356963428149242,0.0,0.0,0.0
21312,LARGE CHUNKY GLASS ROMAN BOWL,1179.17,299,26,19,6.8161538461538465,3.9437123745819402,13.0,25.35,4.3478260869565215
21530,DAIRY MAID TOASTRACK,1178.5,902,144,88,2.108835616438356,1.3065410199556542,63.0,54.09,6.984478935698448
85130A,BEADED PEARL HEART WHITE LARGE,1176.29,685,86,59,1.8654545454545455,1.7172116788321168,0.0,0.0,0.0
23225,CHERUB HEART DECORATION SILVER,1176.17,1355,88,46,1.0939772727272727,0.8680221402214022,84.0,69.72,6.199261992619927
84674,FLYING PIG WATERING CAN,1175.93,460,106,67,3.208691588785047,2.5563695652173912,7.0,20.650000000000002,1.5217391304347827
21395,BLUE POLKADOT BEAKER,1174.1599999999999,2856,92,64,0.5721739130434783,0.4111204481792717,10.0,3.9,0.350140056022409
72819,CUPID DESIGN SCENTED CANDLES,1174.01,694,92,59,2.9731914893617017,1.691657060518732,0.0,0.0,0.0
23431,NATURAL HANGING QUILTED HEARTS,1171.23,1449,72,63,1.363918918918919,0.8083022774327122,16.0,13.280000000000001,1.1042097998619738
22321,BIRD DECORATION RED RETROSPOT,1170.3999999999999,1261,164,58,1.2772560975609757,0.9281522601110229,1.0,0.85,0.07930214115781126
22321,BIRD DECORATION RED SPOT,1169.55,1267,141,67,1.1719148936170212,0.9230860299921073,0.0,0.0,0.0
22048,BIRTHDAY BANQUET GIFT WRAP,1166.3,2815,102,93,0.4192156862745098,0.4143161634103019,25.0,10.5,0.8880994671403196
23418,LAVENDER TOILETTE BOTTLE,1166.0,557,79,55,2.562025316455696,2.0933572710951527,0.0,0.0,0.0
23515,EMBROIDERED RIBBON REEL DAISY,1164.98,579,71,58,2.3925,2.012055267702936,0.0,0.0,0.0
84313B,BLUE TV TRAY TABLE,1164.04,227,83,24,6.966024096385543,5.127929515418502,0.0,0.0,0.0
21650,ASSORTED TUTTI FRUTTI BRACELET,1163.8,3204,197,84,0.6638647342995169,0.36323345817727837,28.0,7.16,0.8739076154806492
23508,MINI PLAYING CARDS DOLLY GIRL,1163.45,2627,120,95,0.4665625,0.4428816140083746,2.0,0.84,0.07613247049866768
21649,ASSORTED TUTTI FRUTTI PHOTO FRAME,1162.89,421,29,19,3.3486206896551725,2.762209026128266,4.0,11.8,0.9501187648456058
37475,SET/4 COLOURFUL MIXING BOWLS,1160.56,116,72,45,10.565833333333332,10.004827586206897,0.0,0.0,0.0
21291,SMALL POLKADOT CHOCOLATE GIFT BAG,1159.44,1338,76,50,1.0063157894736843,0.8665470852017938,34.0,28.9,2.5411061285500747
22253,6 CROCHET STRAWBERRIES,1158.28,964,86,62,1.4741573033707864,1.2015352697095436,0.0,0.0,0.0
21763,VINTAGE WOODEN BAR STOOL,1157.8999999999999,43,17,15,27.95294117647059,26.927906976744183,3.0,81.85,6.976744186046512
23566,EGG CUP MILKMAID HEIDI,1156.93,881,83,44,1.769759036144578,1.313200908059024,4.0,5.0,0.4540295119182747
23507,MINI PLAYING CARDS BUFFALO BILL,1155.67,2882,119,91,0.4734645669291338,0.40099583622484386,0.0,0.0,0.0
23269,SET OF 2 CERAMIC CHRISTMAS TREES,1152.98,779,94,63,1.7109473684210526,1.4800770218228498,0.0,0.0,0.0
22264,FELT FARM ANIMAL WHITE BUNNY,1152.22,2014,168,80,1.0628235294117647,0.5721052631578948,0.0,0.0,0.0
84847,FLORAL BATHROOM SET,1149.73,2330,49,32,4.466122448979592,0.49344635193133046,1116.0,368.28,47.896995708154506
22806,SET OF 6 T-LIGHTS WEDDING CAKE,1149.0200000000002,430,57,42,3.376551724137931,2.6721395348837214,52.0,134.20000000000002,12.093023255813954
35962,12 ASS ZINC CHRISTMAS DECORATIONS,1148.0500000000002,487,76,39,2.950759493670886,2.357392197125257,1.0,2.1,0.20533880903490762
22814,CARD PARTY GAMES,1147.77,2728,295,101,0.504135593220339,0.42073680351906156,0.0,0.0,0.0
21261,GREEN GOOSE FEATHER CHRISTMAS TREE,1146.1200000000001,283,77,37,6.386233766233766,4.049893992932863,0.0,0.0,0.0
21316,SMALL CHUNKY GLASS ROMAN BOWL,1146.1100000000001,693,47,33,3.0117021276595746,1.653838383838384,2.0,5.9,0.2886002886002886
22615,PACK OF 12 CIRCUS PARADE TISSUES,1145.8799999999999,3718,188,110,0.45116402116402116,0.30819795589026355,12.0,4.68,0.32275416890801506
72598,SET/12 TAPER CANDLES,1145.76,1244,158,74,1.1791304347826088,0.9210289389067524,22.0,18.7,1.7684887459807075
22040,BOTANICAL ROSE GIFT WRAP,1144.3,2815,94,82,0.41659574468085103,0.4065008880994671,0.0,0.0,0.0
20932,PINK POT PLANT CANDLE,1143.97,333,81,54,4.717530864197531,3.4353453453453455,17.0,55.75,5.105105105105105
84750B,BLACK SMALL GLASS CAKE STAND,1142.02,609,78,43,2.445128205128205,1.8752380952380951,5.0,8.19,0.8210180623973727
22718,CARD CAT AND TREE,1141.36,2605,264,114,0.5665530303030303,0.4381420345489443,36.0,15.120000000000001,1.381957773512476
22786,CUSHION COVER PINK UNION JACK,1140.27,181,70,50,7.323055555555555,6.299834254143646,0.0,0.0,0.0
21366,MIRRORED WALL ART PHOTO FRAMES,1140.0,238,77,24,6.046153846153847,4.7899159663865545,0.0,0.0,0.0
85110,BLACK SILVER FLOWER T-LIGHT HOLDER,1138.04,11520,23,17,0.6665217391304348,0.09878819444444444,5040.0,387.36,43.75
84596E,SMALL LICORICE DES PINK BOWL,1137.84,1127,201,90,1.2426600985221674,1.0096184560780834,32.0,40.0,2.839396628216504
22731,3D STICKERS CHRISTMAS STAMPS,1137.0,940,34,34,1.2388235294117647,1.2095744680851064,0.0,0.0,0.0
21942,SKULLS DESIGN FLANNEL,1136.28,1672,221,41,1.2536651583710408,0.6795933014354066,24.0,20.4,1.4354066985645932
37424,WHITE WITH BLACK CATS MUG,1134.68,5249,108,28,1.2837037037037036,0.21617069918079634,2112.0,274.56,40.23623547342351
22230,JIGSAW TREE WITH WATERING CAN,1134.6399999999999,1657,193,96,0.944795918367347,0.6847555823777911,45.0,38.18,2.715751357875679
22715,CARD WEDDING DAY,1133.93,2717,218,125,0.5086697247706422,0.4173463378726537,0.0,0.0,0.0
85118,HEART T-LIGHT HOLDER,1133.68,2054,81,55,1.2466666666666666,0.551937682570594,207.0,98.67,10.077896786757547
22598,CHRISTMAS MUSICAL ZINC TREE,1131.85,1790,144,82,0.7666438356164383,0.6323184357541899,6.0,5.1,0.33519553072625696
21555,CERAMIC STRAWBERRY TRINKET TRAY,1131.3700000000001,425,134,38,3.057462686567164,2.66204705882353,1.0,2.55,0.2352941176470588
21413,PERIWINKLE T-LIGHT HOLDER,1131.14,3162,52,25,1.6411538461538462,0.35772928526249215,0.0,0.0,0.0
22739,"RIBBON REEL, XMAS SOCK/BAUBLE",1131.0,700,46,45,1.6456521739130436,1.6157142857142857,0.0,0.0,0.0
23506,MINI PLAYING CARDS SPACEBOY,1129.1200000000001,2723,146,114,0.46264900662251657,0.41466030113845026,0.0,0.0,0.0
37482B,CUBIC MUG BLUE POLKA DOT,1127.9099999999999,1251,9,5,5.19,0.9016067146282972,0.0,0.0,0.0
22255,FELT TOADSTOOL SMALL,1127.11,1185,142,73,1.1459310344827587,0.9511476793248944,45.0,38.25,3.79746835443038
22985,"WRAP, BILLBOARD FONTS DESIGN",1126.22,2891,72,65,0.41777777777777775,0.3895607056381875,0.0,0.0,0.0
21040,MODERN VINTAGE COTTON SHOPPING BAG,1125.85,894,68,43,2.4344927536231884,1.2593400447427292,0.0,0.0,0.0
20700,GREEN CAT FLORAL CUSHION COVER,1125.05,420,103,11,5.4233980582524275,2.678690476190476,2.0,7.5,0.4761904761904762
85124C,GREEN JUICY FRUIT PHOTO FRAME,1123.89,426,121,51,3.018099173553719,2.6382394366197186,6.0,15.3,1.4084507042253522
20832,RED FLOCK LOVE HEART PHOTO FRAME,1122.6499999999999,1681,158,86,0.9326415094339622,0.6678465199286139,8.0,6.8,0.4759071980963712
22252,BIRDCAGE DECORATION TEALIGHT HOLDER,1122.01,935,110,83,1.2398214285714286,1.2000106951871659,13.0,16.25,1.3903743315508021
22984,CARD GINGHAM ROSE,1121.29,2753,167,93,0.4780239520958084,0.4072974936432982,0.0,0.0,0.0
85136A,YELLOW SHARK HELICOPTER,1121.28,138,106,64,8.127196261682244,8.125217391304348,1.0,7.95,0.7246376811594203
85224,ASSORTED COLOUR SILK GLASSES CASE,1120.96,2004,61,35,1.9365625,0.5593612774451098,0.0,0.0,0.0
23510,MINI PLAYING CARDS GYMKHANA,1118.8,2521,120,90,0.4972,0.4437921459738199,0.0,0.0,0.0
23411,TRELLIS COAT RACK,1118.6100000000001,227,56,42,5.844035087719298,4.9277973568281945,1.0,4.95,0.4405286343612335
17096,ASSORTED LAQUERED INCENSE HOLDERS,1117.0900000000001,6240,76,25,0.3223684210526316,0.17902083333333335,0.0,0.0,0.0
22287,"DECORATION , WOBBLY CHICKEN, METAL",1116.61,780,76,58,1.9717105263157895,1.431551282051282,0.0,0.0,0.0
21746,SMALL RED SPOT WINDMILL,1116.44,852,76,45,1.6123076923076922,1.3103755868544602,24.0,30.0,2.8169014084507045
21010,ETCHED GLASS BIRD TREE DECORATION,1114.76,850,83,62,1.478705882352941,1.3114823529411765,12.0,15.0,1.411764705882353
23513,EMBROIDERED RIBBON REEL SUSIE,1114.26,566,70,59,2.306,1.9686572438162544,6.0,12.48,1.0600706713780919
47504H,ENGLISH ROSE SPIRIT LEVEL,1113.07,1028,140,81,2.128857142857143,1.0827529182879376,4.0,5.0,0.38910505836575876
20669,RED HEART LUGGAGE TAG,1111.89,797,214,103,1.595590909090909,1.395094102885822,0.0,0.0,0.0
47593B,SCOTTIE DOGS BABY BIB,1108.9299999999998,2147,304,77,0.7474675324675325,0.5165020959478341,0.0,0.0,0.0
23433,HANGING QUILTED PATCHWORK APPLES,1108.5800000000002,1258,89,76,1.5002247191011233,0.8812241653418125,47.0,39.010000000000005,3.7360890302066774
84678,CLASSICAL ROSE SMALL VASE,1108.28,565,81,52,2.8865476190476187,1.9615575221238937,10.0,22.900000000000002,1.7699115044247788
21707,FOLDING UMBRELLA BLACKBLUE POLKADOT,1107.94,230,103,61,4.879126213592233,4.817130434782609,0.0,0.0,0.0
84631,FRUIT TREE AND BIRDS WALL PLAQUE,1106.16,288,50,19,9.515999999999998,3.8408333333333338,3.0,23.85,1.0416666666666665
21944,KITTENS DESIGN FLANNEL,1106.01,1789,204,53,1.1505853658536584,0.6182280603689212,2.0,1.7,0.11179429849077697
21666,RIDGED GLASS T-LIGHT HOLDER,1105.15,1760,85,49,0.819186046511628,0.6279261363636364,3.0,1.9500000000000002,0.17045454545454544
22116,METAL SIGN HIS DINNER IS SERVED,1103.88,823,198,96,1.8223737373737372,1.3412879708383962,18.0,27.900000000000002,2.187120291616039
21202,DOLLY HONEYCOMB GARLAND,1103.48,854,66,53,1.780151515151515,1.2921311475409836,51.0,74.55,5.971896955503513
84638,SMALL KITCHEN FLOWER POTS PLAQUE,1101.55,400,69,27,7.495652173913044,2.753875,0.0,0.0,0.0
23375,50'S CHRISTMAS PAPER GIFT BAG,1100.6899999999998,1342,103,85,0.9369902912621358,0.8201862891207152,1.0,0.82,0.07451564828614009
47587A,PINK FAIRY CAKE COASTER,1099.88,2706,26,7,1.231153846153846,0.406459719142646,1200.0,864.0,44.345898004434595
22709,WRAP WEDDING DAY,1099.58,2799,77,68,0.415064935064935,0.3928474455162558,25.0,10.5,0.8931761343336906
22679,FRENCH BLUE METAL DOOR SIGN 4,1099.34,816,175,59,1.6481142857142859,1.3472303921568627,10.0,12.5,1.2254901960784315
21131,GOLD STANDING GNOME,1098.86,276,49,18,5.765599999999999,3.9813768115942025,0.0,0.0,0.0
21779,MA CAMPAGNE MINI WOODEN CHEST,1097.8000000000002,301,22,21,4.612272727272727,3.64717607973422,10.0,35.05,3.322259136212625
84358,FLOOR LAMP SHADE WOOD BASE,1097.48,121,29,11,12.642413793103447,9.0700826446281,0.0,0.0,0.0
85212,MINI PAINTED GARDEN DECORATION,1096.56,2831,121,82,0.7305785123966941,0.3873401624867538,0.0,0.0,0.0
37479B,CUBIC MUG FLOCK BLUE ON BROWN,1095.8500000000001,1253,32,20,3.110625,0.8745810055865922,0.0,0.0,0.0
20892,SET/3 TALL GLASS CANDLE HOLDER PINK,1095.35,102,38,21,16.152894736842104,10.738725490196078,21.0,206.15,20.588235294117645
22997,TRAVEL CARD WALLET UNION JACK,1094.93,2545,222,101,0.49327354260089684,0.4302278978388998,78.0,32.76,3.0648330058939095
84989A,75 GREEN FAIRY CAKE CASES,1093.42,2120,152,95,0.6855483870967742,0.5157641509433962,4.0,2.07,0.18867924528301888
20867,PINK ROSE FABRIC MIRROR,1093.14,1098,153,68,1.3800645161290321,0.9955737704918034,0.0,0.0,0.0
84968F,S/16 VINTAGE SKY BLUE CUTLERY,1092.42,84,51,23,13.50450980392157,13.005,0.0,0.0,0.0
85093,CANDY SPOT EGG WARMER HARE,1091.21,1361,152,57,1.192549019607843,0.8017707567964732,3.0,3.75,0.2204261572373255
23087,ZINC HEART T-LIGHT HOLDER,1090.66,868,69,43,1.5915942028985506,1.256520737327189,15.0,18.75,1.7281105990783412
20755,BLUE PAISLEY POCKET BOOK,1089.73,5145,122,74,0.9081147540983606,0.21180369290573373,0.0,0.0,0.0
21818,GLITTER HEART DECORATION,1088.59,2469,142,104,0.5535064935064935,0.4409031996759821,0.0,0.0,0.0
23432,PRETTY HANGING QUILTED HEARTS,1088.3600000000001,1276,74,65,1.3654054054054052,0.8529467084639499,0.0,0.0,0.0
84791,GINGHAM HEART DECORATION,1086.13,334,106,66,3.791320754716981,3.2518862275449103,6.0,17.700000000000003,1.7964071856287425
21839,MUMMY MOUSE RED GINGHAM RIBBON,1085.5900000000001,201,83,71,5.499036144578313,5.400945273631842,2.0,10.9,0.9950248756218906
72815,3 WICK CHRISTMAS BRIAR CANDLE,1083.36,282,70,53,3.9998591549295774,3.841702127659574,8.0,30.0,2.8368794326241136
23347,I LOVE LONDON BEAKER,1077.3,860,97,51,1.5569387755102042,1.252674418604651,34.0,42.5,3.953488372093023
21817,GLITTER CHRISTMAS TREE,1077.19,1687,130,102,0.733037037037037,0.6385240071132188,0.0,0.0,0.0
21708,FOLDING UMBRELLA CREAM POLKADOT,1076.23,232,76,36,4.491168831168831,4.638922413793104,1.0,4.95,0.43103448275862066
21632,VINTAGE PINK DECORATIVE PARASOL,1076.22,132,53,30,11.170377358490565,8.15318181818182,1.0,12.75,0.7575757575757576
23102,SILVER HEARTS TABLE DECORATION,1075.03,1274,157,128,0.970754716981132,0.8438226059654631,0.0,0.0,0.0
21850,BLUE DIAMANTE PEN IN GIFT BOX,1072.98,447,106,29,3.891981132075472,2.4004026845637583,36.0,153.0,8.053691275167784
23041,PAPER LANTERN 9 POINT SNOW STAR,1070.58,246,48,40,4.6675,4.351951219512195,24.0,99.6,9.75609756097561
21391,FRENCH LAVENDER SCENT HEART,1070.29,1076,108,70,1.521181818181818,0.9946933085501859,3.0,6.300000000000001,0.2788104089219331
21758,VINTAGE SHELLS PRINT,1069.76,135,79,34,9.013417721518987,7.924148148148148,0.0,0.0,0.0
85126,LARGE ROUND CUTGLASS CANDLESTICK,1069.16,156,34,22,7.093999999999999,6.853589743589744,10.0,67.5,6.41025641025641
21827,EIGHT PIECE CREEPY CRAWLIE SET,1068.89,835,134,89,1.3648251748251747,1.280107784431138,13.0,16.25,1.5568862275449102
82001S,SILVER RECORD COVER FRAME,1067.76,287,26,13,5.2226923076923075,3.720418118466899,0.0,0.0,0.0
84559B,3D SHEET OF CAT STICKERS,1065.55,1199,195,97,1.0304060913705584,0.8886989157631359,4.0,3.4,0.3336113427856547
23331,DECORATIVE WICKER HEART SMALL,1062.28,1596,109,67,0.781578947368421,0.6655889724310777,0.0,0.0,0.0
85131D,BEADED CRYSTAL HEART PINK ON STICK,1061.41,1423,256,17,0.8424999999999999,0.7458959943780745,0.0,0.0,0.0
22860,EASTER TIN CHICKS PINK DAISY,1060.85,612,111,85,1.9756756756756755,1.7334150326797384,15.0,24.75,2.450980392156863
22740,POLKA DOT PEN,1060.8,1248,24,23,0.85,0.85,0.0,0.0,0.0
22532,MAGIC DRAWING SLATE LEAP FROG,1060.78,2766,173,129,0.45499999999999996,0.38350686912509035,0.0,0.0,0.0
21815,STAR T-LIGHT HOLDER,1060.24,679,92,58,1.8554255319148936,1.5614727540500737,2.0,2.9,0.29455081001472755
72800F,4 IVORY DINNER CANDLES GOLD FLOCK,1060.19,822,67,51,2.497391304347826,1.2897688564476886,0.0,0.0,0.0
22856,ASSORTED EASTER DECORATIONS BELLS,1059.8500000000001,877,32,25,3.520625,1.2084948688711519,21.0,26.25,2.394526795895097
23033,DRAWER KNOB CERAMIC RED,1058.8999999999999,714,74,42,1.814864864864865,1.4830532212885152,0.0,0.0,0.0
85008,SET OF 3 CONEY ISLAND OVAL BOXES,1058.72,269,99,77,5.2247,3.935762081784387,2.0,9.9,0.7434944237918215
22995,TRAVEL CARD WALLET SUKI,1058.64,2381,266,90,0.5419402985074626,0.444619907601848,49.0,20.580000000000002,2.0579588408231837
23516,EMBROIDERED RIBBON REEL SOPHIE,1058.6,296,42,39,3.848181818181818,3.576351351351351,0.0,0.0,0.0
85163A,WHITE BAROQUE WALL CLOCK,1058.17,103,57,35,12.29877192982456,10.273495145631069,0.0,0.0,0.0
35651,VINTAGE BEAD PINK SCARF,1057.62,459,63,32,3.42234375,2.3041830065359474,12.0,19.799999999999997,2.6143790849673203
85179B,WHITE BITTY LIGHT CHAIN,1056.6,246,45,33,5.192666666666667,4.295121951219512,0.0,0.0,0.0
23529,DOLLY GIRL WALL ART,1055.94,318,11,10,3.6090909090909093,3.320566037735849,0.0,0.0,0.0
16047,POP ART PEN CASE & PENS,1054.7,10612,31,21,0.9583870967741934,0.09938748586505843,5184.0,414.72,48.85035808518658
21399,BLUE POLKADOT COFFEE MUG,1054.46,2137,83,56,1.0873493975903614,0.49343004211511465,111.0,43.29,5.194197473093121
23402,HOME SWEET HOME 3 PEG HANGER,1053.53,271,64,44,4.49640625,3.887564575645756,0.0,0.0,0.0
21825,PAINTED METAL TREE WITH HOLLY BELLS,1053.1899999999998,733,75,62,1.546875,1.436821282401091,3.0,4.35,0.4092769440654843
84908B,BLUE 5 PATCH FLOWER CUSHION COVER,1052.29,435,35,2,5.516857142857143,2.4190574712643675,0.0,0.0,0.0
85078,SCANDINAVIAN 3 HEARTS NAPKIN RING,1052.02,2258,162,63,1.4968902439024392,0.4659078830823738,1.0,0.65,0.04428697962798937
37327,ASSTD MULTICOLOUR CIRCLES MUG,1051.69,1740,89,42,1.6243478260869566,0.6044195402298851,4.0,1.56,0.22988505747126436
20783,HEART EAR MUFF HEADPHONES,1051.4,166,56,20,7.508571428571429,6.333734939759037,4.0,21.12,2.4096385542168677
23327,HANGING CLEAR MINI BOTTLE,1051.1399999999999,1734,41,33,0.7871428571428571,0.6061937716262975,8.0,4.720000000000001,0.461361014994233
84965A,PINK KASHMIRI COFFEE TABLE,1050.0,20,3,2,40.0,52.5,0.0,0.0,0.0
22857,ASSORTED EASTER GIFT TAGS,1048.28,1230,66,60,1.4554545454545456,0.852260162601626,0.0,0.0,0.0
22821,GIFT BAG PSYCHEDELIC APPLES,1047.45,1660,186,83,0.7250537634408603,0.6309939759036145,16.0,10.4,0.9638554216867471
21061,PARTY INVITES FOOTBALL,1046.56,1396,163,104,0.9699999999999999,0.7496848137535816,12.0,10.2,0.8595988538681949
84707A,SILVER JEWELLED MIRROR TRINKET TRAY,1045.8799999999999,125,64,36,10.487656249999999,8.36704,0.0,0.0,0.0
84908A,PINK 5 PATCH FLOWER CUSHION COVER,1045.16,432,36,4,5.822222222222222,2.419351851851852,1.0,6.95,0.23148148148148145
46775A,BUBBLE GUM CHUNKY KNITTED THROW,1044.23,83,32,3,14.045,12.581084337349397,1.0,16.95,1.2048192771084338
23419,HOME SWEET HOME BOTTLE,1043.72,473,86,56,2.6725581395348836,2.206596194503171,1.0,2.08,0.21141649048625794
35646,VINTAGE BEAD PINK EVENING BAG,1043.44,642,104,37,2.324245283018868,1.6252959501557633,0.0,0.0,0.0
18007,ESSENTIAL BALM 3.5G TIN IN ENVELOPE,1043.22,11396,72,40,0.242972972972973,0.09154264654264654,2400.0,120.0,21.06002106002106
23542,70'S ALPHABET WALL ART,1043.1,150,15,14,7.986,6.954,0.0,0.0,0.0
84405A,S/3 PINK COL METAL BASKET W HANDLE,1042.16,129,50,40,11.7106,8.078759689922482,1.0,12.75,0.7751937984496124
22266,EASTER DECORATION HANGING BUNNY,1040.11,2542,161,101,0.6852352941176472,0.40916994492525566,7.0,4.55,0.2753737214791503
23231,WRAP VINTAGE DOILY,1039.08,2474,94,80,0.42,0.42,0.0,0.0,0.0
20671,BLUE TEATIME PRINT BOWL,1038.72,786,143,70,1.5767832167832168,1.321526717557252,0.0,0.0,0.0
85124A,PINK JUICY FRUIT PHOTO FRAME,1037.13,377,95,43,3.2044210526315786,2.751007957559682,8.0,20.4,2.122015915119363
21269,ANTIQUE CREAM CUTLERY SHELF,1036.84,114,65,52,9.41323076923077,9.095087719298245,0.0,0.0,0.0
21725,SWEETIES STICKERS,1036.4299999999998,1135,173,81,1.1497701149425288,0.9131541850220263,2.0,1.7,0.1762114537444934
20622,VIPPASSPORT COVER,1033.55,539,111,54,2.674144144144144,1.9175324675324674,0.0,0.0,0.0
23088,ZINC HEART FLOWER T-LIGHT HOLDER,1033.28,795,79,52,1.627594936708861,1.2997232704402515,0.0,0.0,0.0
85160B,BLACK BIRD GARDEN DESIGN MUG,1032.7,6155,36,28,3.282162162162162,0.16778229082047116,2981.0,391.40999999999997,48.43216896831844
21664,RIDGED GLASS STORAGE JAR CREAM LID,1031.07,258,67,44,4.253970588235294,3.996395348837209,7.0,26.25,2.7131782945736433
84686,BEACH HUT MIRROR,1027.79,389,76,33,5.956842105263158,2.642133676092545,20.0,43.4,5.141388174807198
85104,SILVER GLASS T-LIGHT SET,1024.49,351,56,40,3.1303389830508475,2.918774928774929,8.0,23.6,2.2792022792022792
84625C,BLUE NEW BAROQUE CANDLESTICK CANDLE,1024.15,770,71,29,2.6590140845070422,1.3300649350649352,70.0,103.60000000000001,9.090909090909092
82616C,MIDNIGHT GLAMOUR SCARF KNITTING KIT,1024.1,632,142,57,2.1964084507042254,1.6204113924050632,3.0,3.75,0.4746835443037975
21417,COCKLE SHELL DISH,1023.9,502,118,41,3.0267796610169495,2.0396414342629483,25.0,52.50000000000001,4.9800796812749
35923,CANDY HEART HANGING DECORATION,1023.77,1545,112,51,1.2692920353982302,0.6626343042071198,4.0,4.14,0.2588996763754045
22247,BUNNY DECORATION MAGIC GARDEN,1022.79,1184,182,86,1.0458288770053477,0.8638429054054054,1.0,0.75,0.08445945945945946
22382,LUNCHBAG SPACEBOY DESIGN,1022.6,644,45,44,1.641111111111111,1.587888198757764,0.0,0.0,0.0
85180B,PINK HEARTS LIGHT CHAIN,1022.16,364,67,29,4.16695652173913,2.808131868131868,0.0,0.0,0.0
23452,HEART MINI PORTRAIT FRAME,1021.76,518,87,69,2.07183908045977,1.9725096525096526,1.0,1.95,0.19305019305019305
23153,ZINC SWEETHEART WIRE LETTER RACK,1020.69,263,90,67,4.236666666666666,3.8809505703422054,4.0,15.0,1.520912547528517
22717,CARD DOG AND BALL,1018.42,2405,215,118,0.5398139534883721,0.42345945945945945,12.0,5.04,0.498960498960499
84985A,SET OF 72 GREEN PAPER DOILIES,1018.13,644,153,95,1.7670322580645161,1.5809472049689441,5.0,7.25,0.7763975155279503
20839,FRENCH PAISLEY CUSHION COVER,1018.11,633,118,53,2.5029661016949154,1.6083886255924171,0.0,0.0,0.0
84923,PINK BUTTERFLY HANDBAG W BOBBLES,1017.64,234,150,5,4.34,4.348888888888889,0.0,0.0,0.0
85031C,CURIOUS IMAGES SCRAP BOOK SET,1017.48,481,106,23,3.508317757009346,2.1153430353430354,0.0,0.0,0.0
21814,HEART T-LIGHT HOLDER,1016.53,670,95,59,1.8188888888888888,1.5172089552238806,0.0,0.0,0.0
85099f,JUMBO BAG STRAWBERRY,1016.3599999999999,201,25,0,5.056,5.056517412935323,0.0,0.0,0.0
23544,WALL ART MID CENTURY MODERN,1015.78,164,20,17,7.523000000000001,6.193780487804878,1.0,8.25,0.6097560975609756
22049,WRAP CHRISTMAS SCREEN PRINT,1015.75,3500,114,95,0.296,0.2902142857142857,25.0,10.5,0.7142857142857143
22420,LIPSTICK PEN BABY PINK,1014.75,2111,234,111,0.5855416666666666,0.48069635243960207,1.0,0.42,0.047370914258645196
84709B,PINK OVAL JEWELLED MIRROR,1014.48,176,86,32,5.925287356321839,5.76409090909091,1.0,5.95,0.5681818181818182
20619,TROPICAL PASSPORT COVER,1014.42,582,196,46,2.3176020408163267,1.7429896907216493,0.0,0.0,0.0
84596L,BISCUITS SMALL BOWL LIGHT BLUE,1013.9599999999999,1536,255,78,0.9655686274509804,0.6601302083333332,0.0,0.0,0.0
20730,STRAWBERRY CANDY BAG,1011.7,2218,102,34,1.0862745098039215,0.456131650135257,11.0,13.75,0.49594229035166815
23525,WALL ART BUFFALO BILL,1011.1,334,37,24,4.367837837837838,3.027245508982036,6.0,22.5,1.7964071856287425
22681,FRENCH BLUE METAL DOOR SIGN 6,1009.42,755,138,49,1.6056737588652483,1.336980132450331,12.0,14.81,1.5894039735099337
21084,SET/6 COLLAGE PAPER CUPS,1008.8100000000001,2929,223,113,0.5650660792951542,0.3444213041993855,24.0,4.5600000000000005,0.8193922840559917
47589,CONGRATULATIONS BUNTING,1008.73,183,76,59,5.597792207792208,5.512185792349727,11.0,59.95,6.0109289617486334
84929,ASSTD FRUIT+FLOWERS FRIDGE MAGNETS,1007.52,3096,93,82,0.3666666666666667,0.32542635658914726,163.0,89.29,5.264857881136951
23460,SWEETHEART WALL TIDY,1007.0799999999999,108,43,41,9.900930232558139,9.324814814814815,5.0,49.75,4.62962962962963
22643,SET OF 4 NAPKIN CHARMS LEAVES,1006.24,464,96,72,2.395208333333333,2.1686206896551723,0.0,0.0,0.0
22416,36 DOILIES SPACEBOY DESIGN,1005.37,709,56,49,1.5557142857142858,1.4180112834978844,0.0,0.0,0.0
21836,GINGHAM OVEN GLOVE RED HEART,1003.89,249,100,77,4.3678217821782175,4.031686746987952,4.0,15.0,1.6064257028112447
23121,PACK OF 6 COCKTAIL PARASOL STRAWS,1000.44,2501,111,81,0.5528448275862069,0.400015993602559,0.0,0.0,0.0
21427,SKULLS STORAGE BOX SMALL,999.06,507,119,55,3.0454166666666667,1.970532544378698,16.0,33.6,3.155818540433925
23533,WALL ART GARDEN HAVEN,998.64,215,36,27,6.166944444444445,4.644837209302326,0.0,0.0,0.0
21127,COLOURFUL FISHING GNOME,998.03,297,48,25,7.336600000000001,3.3603703703703705,1.0,5.95,0.33670033670033667
21250,SET OF SKULL WALL STICKERS,997.5500000000001,402,60,47,3.229,2.4814676616915423,0.0,0.0,0.0
23517,EMBROIDERED RIBBON REEL REBECCA,996.38,334,63,50,3.4480952380952385,2.9831736526946107,0.0,0.0,0.0
20705,MRS ROBOT SOFT TOY,996.19,273,53,47,5.42622641509434,3.6490476190476193,1.0,1.95,0.3663003663003663
23131,MISELTOE HEART WREATH CREAM,996.0,240,1,1,4.15,4.15,0.0,0.0,0.0
20782,CAMOUFLAGE EAR MUFF HEADPHONES,995.48,155,87,39,6.8659770114942535,6.422451612903226,7.0,38.43,4.516129032258064
85170C,SET/6 EAU DE NIL BIRD T-LIGHTS,993.03,543,107,40,2.799626168224299,1.8287845303867403,1.0,2.1,0.1841620626151013
20617,FIRST CLASS PASSPORT COVER,992.99,498,105,59,2.3980952380952383,1.9939558232931727,0.0,0.0,0.0
72484,ROSES IN WHITE HEART CANDLE,991.38,1818,64,45,1.21,0.5453135313531353,0.0,0.0,0.0
21690,SILVER CANDLEPOT JARDIN,990.84,258,82,65,3.9595454545454545,3.84046511627907,0.0,0.0,0.0
21721,CANDY SHOP STICKER SHEET,990.5,1090,144,73,1.1454109589041095,0.9087155963302752,2.0,1.7,0.1834862385321101
84964B,BLUE PAINTED KASHMIRI TABLE,990.0,17,2,2,45.0,58.23529411764706,0.0,0.0,0.0
21335,LIBRARY LAMP,989.62,42,28,17,25.33285714285714,23.562380952380952,4.0,84.8,9.523809523809524
84660C,PINK STITCHED WALL CLOCK,987.98,725,85,29,3.6374117647058823,1.3627310344827586,0.0,0.0,0.0
23281,FOLDING BUTTERFLY MIRROR RED,985.8800000000001,1262,99,56,0.9833333333333333,0.7812044374009509,0.0,0.0,0.0
21636,MADRAS NOTEBOOK MEDIUM,985.74,1014,98,74,1.4927722772277225,0.9721301775147929,12.0,30.6,1.183431952662722
82613B,"METAL SIGN,CUPCAKE SINGLE HOOK",985.5699999999999,896,223,73,1.724170403587444,1.0999665178571427,21.0,9.65,2.34375
21303,FILIGREE WALL MIRROR ANTIQUE WHITE,985.54,96,30,24,15.434666666666667,10.266041666666666,11.0,76.44999999999999,11.458333333333332
85025B,EAU DE NILE HEART SHAPE PHOTO FRAME,985.4,570,95,55,2.1439795918367346,1.7287719298245614,4.0,6.6,0.7017543859649122
35958,FOLKART ZINC STAR CHRISTMAS DEC,984.63,1131,82,58,0.9695180722891567,0.8705835543766578,0.0,0.0,0.0
17021,NAMASTE SWAGAT INCENSE,984.24,3720,76,45,0.2949397590361446,0.2645806451612903,78.0,23.400000000000002,2.0967741935483875
35653,VINTAGE BEAD NOTEBOOK,982.5300000000001,311,113,42,3.7116814159292035,3.159260450160772,0.0,0.0,0.0
85019B,BLOSSOM IMAGES NOTEBOOK SET,982.47,718,47,31,2.304255319148936,1.3683426183844012,24.0,30.0,3.3426183844011144
23518,EMBROIDERED RIBBON REEL RACHEL,980.41,361,44,40,3.0959090909090907,2.7158171745152355,6.0,17.34,1.662049861495845
84030e,ENGLISH ROSE HOT WATER BOTTLE,979.4000000000001,120,46,0,8.486326530612244,8.161666666666667,0.0,0.0,0.0
22108,PING! MICROWAVE PLATE,978.74,313,128,34,3.543515625,3.126964856230032,4.0,15.0,1.2779552715654952
82616B,FRAPPUCINO SCARF KNITTING KIT,977.5500000000001,606,126,57,2.211796875,1.6131188118811883,10.0,14.2,1.65016501650165
23514,EMBROIDERED RIBBON REEL SALLY,977.39,478,74,57,2.349189189189189,2.0447489539748953,6.0,12.48,1.2552301255230125
21208,PASTEL COLOUR HONEYCOMB FAN,976.91,1083,121,65,1.626341463414634,0.9020406278855032,42.0,17.64,3.8781163434903045
23512,EMBROIDERED RIBBON REEL ROSIE,975.24,500,57,46,2.3164912280701753,1.95048,0.0,0.0,0.0
35599B,BLACK CHRISTMAS TREE 120CM,974.81,268,51,26,5.7886274509803926,3.6373507462686567,0.0,0.0,0.0
22310,KNITTED MUG COSY IVORY COLOUR,973.59,597,58,20,2.500862068965517,1.6308040201005025,13.0,21.249999999999996,2.1775544388609713
84873a,FUNKY FLOWER PICNIC BAG FOR 4,973.36,88,59,0,11.064745762711864,11.06090909090909,0.0,0.0,0.0
71279,PINK GLASS CANDLEHOLDER,972.1100000000001,293,78,34,3.8759493670886074,3.3177815699658706,12.0,35.400000000000006,4.09556313993174
84800L,LARGE WHITE/PINK ROSE ART FLOWER,970.7900000000001,650,38,32,1.861842105263158,1.493523076923077,24.0,40.56,3.6923076923076925
21562,HAWAIIAN GRASS SKIRT,970.2800000000001,678,73,47,1.8506756756756755,1.4310914454277288,0.0,0.0,0.0
85018D,YULETIDE IMAGES S/6 PAPER BOXES,969.9,787,80,57,2.195125,1.2324015247776365,21.0,38.25,2.6683608640406606
78124,MAGAZINE RACK GEBRA ASSORTED,969.61,730,31,25,1.8825806451612903,1.3282328767123288,0.0,0.0,0.0
22104,MIRROR MOSAIC CANDLE PLATE,968.0799999999999,1187,99,31,1.5765656565656565,0.8155686604886268,0.0,0.0,0.0
85189,HANGING BUTTERFLY EGG,967.9499999999999,1176,68,53,0.9401449275362319,0.8230867346938775,36.0,30.599999999999998,3.061224489795918
23183,MOTHER'S KITCHEN SPOON REST,967.17,226,84,45,4.879411764705883,4.279513274336283,8.0,30.0,3.5398230088495577
21299,EDWARDIAN TOILET ROLL UNIT,966.35,166,34,25,11.016176470588235,5.821385542168675,4.0,33.4,2.4096385542168677
20830,SILVER PHOTO FRAME,964.61,407,82,36,2.990722891566265,2.37004914004914,11.0,27.32,2.7027027027027026
90175A,WHITE GLASS CHUNKY CHARM BRACELET,964.45,107,62,20,9.030806451612902,9.01355140186916,8.0,71.6,7.476635514018691
20773,BLUE PAISLEY NOTEBOOK,963.98,3339,117,78,1.7422499999999999,0.2887032045522612,1.0,1.65,0.02994908655286014
23107,WHITE HEARTS WIRE PLANT POT HOLDER,963.27,343,71,58,3.2097183098591553,2.8083673469387755,0.0,0.0,0.0
20774,GREEN FERN NOTEBOOK,962.48,3484,119,68,1.7389999999999999,0.2762571756601607,1.0,1.65,0.02870264064293915
22682,FRENCH BLUE METAL DOOR SIGN 7,961.81,735,130,55,1.5412213740458016,1.3085850340136054,11.0,13.75,1.4965986394557822
21691,SILVER VANILLA FLOWER CANDLE POT,960.99,249,72,56,3.9889873417721518,3.859397590361446,0.0,0.0,0.0
85197,SET OF 12 MINI BUNNIES IN A BUCKET,959.46,1669,74,63,2.0594736842105266,0.5748711803475135,0.0,0.0,0.0
85130D,BEADED CRYSTAL HEART PINK LARGE,958.8499999999999,788,107,63,1.7815454545454545,1.2168147208121827,0.0,0.0,0.0
72753B,S/3 FLWR FAIRY LAVENDER CANDLES,957.73,445,14,11,3.3414285714285716,2.152202247191011,0.0,0.0,0.0
21805,WHITE CHRISTMAS TREE DECORATION,957.63,2221,103,77,0.5065714285714286,0.43117064385411974,0.0,0.0,0.0
22994,TRAVEL CARD WALLET RETROSPOT,956.94,2194,218,89,0.5283105022831049,0.4361622607110301,30.0,12.6,1.367365542388332
84360,TABLE LAMP WHITE SHADE WOOD BASE,956.89,179,40,14,6.240243902439024,5.345754189944134,0.0,0.0,0.0
22512,DOORSTOP RACING CAR DESIGN,956.1700000000001,386,73,54,3.5315068493150688,2.4771243523316064,0.0,0.0,0.0
23529,WALL ART DOLLY GIRL,956.0500000000002,319,26,18,4.647307692307693,2.9970219435736682,0.0,0.0,0.0
22246,MAGIC GARDEN FELT GARLAND,955.5899999999999,425,93,32,2.836021505376344,2.2484470588235292,12.0,23.4,2.823529411764706
23380,PACK OF 12 VINTAGE DOILY TISSUES,955.42,2272,119,85,0.48677685950413224,0.42051936619718305,36.0,14.04,1.584507042253521
84664,CHERRY BLOSSOM BATHROOM CABINET,955.35,193,51,17,4.95,4.95,5.0,24.75,2.5906735751295336
85111,SILVER GLITTER FLOWER VOTIVE HOLDER,954.15,2907,77,50,0.7558974358974359,0.3282249742002064,144.0,41.76,4.953560371517028
20758,ABSTRACT CIRCLES POCKET BOOK,953.42,5425,95,61,0.8189690721649484,0.17574562211981565,1.0,0.85,0.018433179723502304
85032B,BLOSSOM IMAGES GIFT WRAP SET,953.34,982,152,95,1.265657894736842,0.9708146639511201,0.0,0.0,0.0
21711,FOLDING UMBRELLA WHITE/RED SPOT,953.0,262,28,24,4.902142857142857,3.6374045801526718,0.0,0.0,0.0
21060,PARTY INVITES BALLOON GIRL,952.55,1276,151,102,0.940794701986755,0.746512539184953,0.0,0.0,0.0
20878,SET/9 CHRISTMAS T-LIGHTS SCENTED,952.51,737,85,61,1.4786206896551723,1.2924151967435549,0.0,0.0,0.0
17012C,ORIGAMI LAVENDER INCENSE/CANDL SET,950.4,856,113,47,2.016725663716814,1.1102803738317757,0.0,0.0,0.0
21129,SILVER FISHING GNOME,949.44,124,60,24,9.0145,7.6567741935483875,3.0,20.85,2.4193548387096775
37492B,BLUE YELLOW FLOWER PIGGY BANK,946.7199999999999,489,44,33,3.6697727272727274,1.9360327198364007,18.0,47.699999999999996,3.6809815950920246
21331,MOROCCAN BEATEN METAL DISH LARGE,946.68,110,30,23,14.569333333333333,8.606181818181819,3.0,38.25,2.727272727272727
85032C,CURIOUS IMAGES GIFT WRAP SET,946.59,886,161,85,1.3662345679012344,1.0683860045146727,12.0,7.800000000000001,1.3544018058690745
21641,ASSORTED TUTTI FRUTTI KEYRING BALL,946.31,1666,111,43,1.2257657657657657,0.5680132052821129,0.0,0.0,0.0
22939,ADULT APRON APPLE DELIGHT,945.88,184,45,32,6.362,5.140652173913043,0.0,0.0,0.0
20778,GARDEN PATH NOTEBOOK,944.3599999999999,3611,90,66,1.808021978021978,0.26152312378842424,3.0,4.949999999999999,0.08307947936859596
22986,WRAP GINGHAM ROSE,943.92,2276,82,69,0.41926829268292676,0.4147275922671353,25.0,10.5,1.0984182776801406
22529,MAGIC DRAWING SLATE GO TO THE FAIR,943.71,2341,153,114,0.4566233766233766,0.40312259718069204,0.0,0.0,0.0
85031A,ROMANTIC IMAGES SCRAP BOOK SET,943.44,477,102,36,3.543627450980392,1.977861635220126,0.0,0.0,0.0
22143,CHRISTMAS CRAFT HEART DECORATIONS,942.88,446,70,51,2.5798591549295775,2.1140807174887892,12.0,25.2,2.690582959641256
20998,ROSE DU SUD OVEN GLOVE,942.2600000000001,324,127,52,2.9443307086614174,2.9082098765432103,0.0,0.0,0.0
22096,PINK PAISLEY SQUARE TISSUE BOX,938.86,1667,180,129,0.9154594594594594,0.5632033593281344,18.0,17.34,1.0797840431913617
85124B,BLUE JUICY FRUIT PHOTO FRAME,938.47,353,102,45,2.982647058823529,2.658555240793201,6.0,15.3,1.69971671388102
90147,CHUNKY SILVER NECKLACE PASTEL FLOWE,937.4499999999999,93,58,24,10.15508474576271,10.08010752688172,4.0,39.8,4.301075268817205
84817,DANISH ROSE DECORATIVE PLATE,937.44,1059,79,70,1.6346250000000002,0.8852124645892352,43.0,87.84,4.0604343720491025
84905,PINK BUTTERFLY CUSHION COVER,937.09,259,99,16,4.873434343434343,3.618108108108108,0.0,0.0,0.0
23178,JAM CLOCK MAGNET,936.89,327,68,50,3.360294117647059,2.8651070336391435,5.0,14.45,1.529051987767584
85121B,RETRO LAUNDRY TUB PINK,936.74,86,48,27,12.071875,10.89232558139535,11.0,93.5,12.790697674418606
23540,WALL ART THE MAGIC FOREST,933.16,148,13,8,8.537692307692309,6.305135135135135,0.0,0.0,0.0
85226A,WHITE/BLUE PULL BACK RACING CAR,933.07,1714,144,95,0.7360264900662251,0.5443815635939323,45.0,24.75,2.6254375729288215
47504E,ENGLISH ROSE SCISSORS,931.86,4387,48,31,1.849375,0.2124139503077274,0.0,0.0,0.0
21726,MULTI HEARTS STICKERS,930.99,1077,155,93,0.9734177215189872,0.8644289693593314,2.0,1.7,0.18570102135561745
23179,CLOCK MAGNET MUM'S KITCHEN,930.48,324,53,36,3.5243396226415094,2.871851851851852,0.0,0.0,0.0
21720,CAKE SHOP STICKER SHEET,929.81,1068,112,73,1.0295535714285715,0.8706086142322097,12.0,10.2,1.1235955056179776
21880,RED RETROSPOT TAPE,928.9000000000001,2000,258,95,0.518996138996139,0.46445000000000003,12.0,7.800000000000001,0.6
21014,SWISS CHALET TREE DECORATION,928.0899999999999,1850,189,91,0.8054123711340206,0.5016702702702702,1.0,0.72,0.05405405405405406
20831,GOLD PHOTO FRAME,927.96,474,79,34,2.722625,1.9577215189873418,6.0,12.6,1.2658227848101267
20775,DAISY NOTEBOOK,926.54,3604,112,43,1.7398230088495574,0.2570865704772475,0.0,0.0,0.0
84918,CREAM CUSHION COVER WITH FLOWERS,925.62,198,60,13,6.020666666666667,4.674848484848485,2.0,13.9,1.0101010101010102
23099,FRENCH CARRIAGE LANTERN,925.35,137,58,46,7.039152542372881,6.754379562043796,8.0,53.2,5.839416058394161
23527,ANIMALS AND NATURE WALL ART,923.97,267,17,16,3.6958823529411764,3.460561797752809,0.0,0.0,0.0
21284,RETROSPOT CANDLE SMALL,923.97,1139,80,55,1.6502500000000002,0.8112115891132573,36.0,30.36,3.160667251975417
82607A,GLASS BONBON JAR PARFUME AUX FLEURE,923.72,663,159,65,1.8113207547169812,1.3932428355957769,18.0,22.5,2.7149321266968327
84341B,SMALL PINK MAGIC CHRISTMAS TREE,922.18,1757,121,79,0.8920799999999999,0.5248605577689243,0.0,0.0,0.0
22703,PINK CAT BOWL,921.81,513,165,57,1.9321818181818182,1.7969005847953214,0.0,0.0,0.0
22268,EASTER DECORATION SITTING BUNNY,921.75,1074,153,89,1.0505625,0.8582402234636871,14.0,11.9,1.303538175046555
20903,VINTAGE KEEPSAKE BOX TRAVELOGUE,919.8,187,86,19,7.181046511627907,4.918716577540106,1.0,6.35,0.53475935828877
22647,CERAMIC LOVE HEART MONEY BANK,919.63,1059,83,60,1.518433734939759,0.8683947119924457,24.0,34.8,2.26628895184136
85121C,RETRO LAUNDRY TUB PISTACHIO,918.91,98,53,39,9.960943396226416,9.376632653061224,2.0,17.0,2.0408163265306123
72529W,WHITE ADVENT CANDLE,918.75,464,47,39,2.4578723404255323,1.9800646551724137,74.0,125.06,15.948275862068966
21702,SET 5 MINI GATEAUX FRIDGE MAGNETS,918.6800000000001,2636,8,5,1.3425,0.3485128983308043,0.0,0.0,0.0
72045D,ROSES ON BLUE TEACUP CANDLE,918.65,539,6,3,2.98,1.7043599257884972,504.0,851.76,93.5064935064935
21291,SMALL SPOTTY CHOCOLATE GIFT BAG,918.49,1073,77,52,0.9385714285714285,0.8560018639328985,33.0,28.049999999999997,3.075489282385834
85130B,BEADED CRYSTAL HEART GREEN LARGE,918.33,911,83,50,1.6984337349397591,1.008046103183315,0.0,0.0,0.0
84600,NEW BAROQUE JEWELLERY BOX,918.27,108,52,31,9.616730769230768,8.5025,3.0,22.85,2.7777777777777777
21264,WHITE GOOSE FEATHER TREE 60CM,917.8499999999999,391,68,51,3.4735294117647055,2.3474424552429665,8.0,15.6,2.0460358056265986
84907,PINK YELLOW PATCH CUSHION COVER,916.8299999999999,383,31,9,5.774516129032258,2.393812010443864,4.0,30.6,1.0443864229765014
23338,EGG FRYING PAN RED,915.4000000000001,431,109,62,2.3390825688073393,2.123897911832947,6.0,12.48,1.3921113689095126
22683,FRENCH BLUE METAL DOOR SIGN 8,915.3,692,135,56,1.5747794117647058,1.3226878612716761,12.0,15.0,1.7341040462427744
85019A,ROMANTIC IMAGES NOTEBOOK SET,915.04,647,49,37,2.6844897959183673,1.4142812982998454,24.0,30.0,3.7094281298299845
21007,ETCHED GLASS DROPLET DECORATION,914.67,1927,48,36,1.18,0.4746600934094447,0.0,0.0,0.0
23002,TRAVEL CARD WALLET SKULLS,914.37,2119,192,85,0.5232474226804124,0.4315101462954224,128.0,53.76,6.040585181689476
21320,GLASS CHALICE GREEN LARGE,913.34,398,56,31,3.1577192982456137,2.2948241206030153,22.0,52.5,5.527638190954774
79030G,"TUMBLER, NEW ENGLAND",911.76,490,68,38,4.180882352941176,1.860734693877551,0.0,0.0,0.0
22707,WRAP MONSTER FUN,905.94,2157,83,70,0.42,0.42000000000000004,0.0,0.0,0.0
46000P,POLYESTER FILLER PAD 65CMX65CM,905.25,223,50,37,4.165,4.059417040358745,3.0,12.75,1.345291479820628
46776C,WOVEN FROST CUSHION COVER,905.1,258,96,14,4.324742268041237,3.508139534883721,0.0,0.0,0.0
48173c,DOORMAT BLACK FLOCK,904.97,54,25,0,16.632,16.758703703703706,0.0,0.0,0.0
22288,"DECORATION , HANGING METAL RABBIT",904.02,834,60,45,1.5062903225806452,1.083956834532374,0.0,0.0,0.0
23004,TRAVEL CARD WALLET PANTRY,903.16,2002,221,73,0.6030357142857142,0.4511288711288711,184.0,77.28,9.19080919080919
21444,BLUE CHALET BIRDFEEDER,902.0300000000001,291,36,18,5.461944444444445,3.0997594501718218,1.0,3.75,0.3436426116838488
23532,WALL ART WORK REST AND PLAY,901.58,210,31,23,5.301612903225807,4.293238095238095,0.0,0.0,0.0
22248,DECORATION PINK CHICK MAGIC GARDEN,901.5,1013,173,77,1.0708938547486033,0.8899308983218164,21.0,17.85,2.073050345508391
21318,GLASS CHALICE BLUE SMALL,900.42,972,93,70,1.5972340425531912,0.926358024691358,32.0,40.06,3.292181069958848
21480,PINK STRIPE HOT WATER BOTTLE,899.5200000000001,285,57,35,3.835,3.15621052631579,6.0,17.700000000000003,2.1052631578947367
84660B,BLACK STITCHED WALL CLOCK,899.48,745,61,26,3.0591803278688525,1.2073557046979866,0.0,0.0,0.0
84820,DANISH ROSE TRINKET TRAYS,899.37,323,54,46,5.308518518518519,2.7844272445820435,6.0,35.7,1.8575851393188854
20913,SET/5 BLUE SPOTTY LID GLASS BOWLS,898.7199999999999,314,43,26,3.8030232558139536,2.8621656050955413,0.0,0.0,0.0
17109B,FLOWER FAIRY INCENSE LAVENDER,896.3399999999999,4542,17,13,1.316470588235294,0.19734478203434608,0.0,0.0,0.0
20941,FROG CANDLE,896.28,998,124,54,1.7728799999999998,0.8980761523046092,47.0,41.35,4.709418837675351
85031B,BLOSSOM IMAGES SCRAP BOOK SET,896.09,496,85,25,3.3798823529411766,1.806633064516129,0.0,0.0,0.0
84760L,LARGE HANGING GLASS+ZINC LANTERN,896.0,560,1,1,1.6,1.6,0.0,0.0,0.0
22936,BAKING MOULD ROSE WHITE CHOCOLATE,895.97,279,50,30,4.326153846153846,3.211362007168459,72.0,198.0,25.806451612903224
23472,NINE DRAWER OFFICE TIDY,894.42,58,33,29,16.09060606060606,15.42103448275862,0.0,0.0,0.0
21676,FLOWERS STICKERS,893.7199999999999,1193,159,75,1.0138364779874214,0.7491366303436714,0.0,0.0,0.0
85049e,SCANDINAVIAN REDS RIBBONS,893.25,269,61,0,3.2480645161290322,3.320631970260223,0.0,0.0,0.0
84666,SQUARE CHERRY BLOSSOM CABINET,892.7,226,33,13,3.9499999999999997,3.95,0.0,0.0,0.0
20759,CHRYSANTHEMUM POCKET BOOK,891.13,5777,63,35,0.7725396825396825,0.1542548035312446,0.0,0.0,0.0
20757,RED DAISY POCKET BOOK,890.7,5347,78,49,0.8440506329113923,0.1665793903123247,0.0,0.0,0.0
17129F,BLUE GLASS GEMS IN BAG,890.12,911,81,14,1.3855555555555554,0.9770801317233809,8.0,11.66,0.8781558726673985
85194S,HANGING SPRING FLOWER EGG SMALL,889.46,1760,131,84,0.783233082706767,0.505375,29.0,18.39,1.6477272727272725
21220,SET/4 BADGES DOGS,888.68,659,159,65,1.6443749999999997,1.3485280728376328,0.0,0.0,0.0
22953,BIRTHDAY PARTY CORDON BARRIER TAPE,888.55,712,116,73,1.3849572649572648,1.2479634831460673,0.0,0.0,0.0
21724,PANDA AND BUNNIES STICKER SHEET,888.3399999999999,996,178,81,1.0143575418994413,0.8919076305220883,2.0,1.7,0.2008032128514056
85214,TUB 24 PINK FLOWER PEGS,886.2299999999999,514,169,94,1.8383625730994149,1.7241828793774316,0.0,0.0,0.0
23528,SPACEBOY WALL ART,885.9000000000001,306,13,12,3.582307692307692,2.8950980392156866,0.0,0.0,0.0
84086C,PINK/PURPLE RETRO RADIO,884.75,297,88,25,3.2385227272727275,2.978956228956229,0.0,0.0,0.0
20991,JAZZ HEARTS MAGNETIC MEMO PAD,884.5600000000002,7084,32,12,0.9515625000000001,0.12486730660643706,0.0,0.0,0.0
22164,STRING OF STARS CARD HOLDER,883.2200000000001,315,49,40,3.3463265306122447,2.8038730158730165,1.0,2.95,0.31746031746031744
23502,PLAYING CARDS VINTAGE DOILY,880.16,701,92,78,1.3027956989247311,1.2555777460770328,0.0,0.0,0.0
84974,S/2 ZINC HEART DESIGN PLANTERS,879.55,89,57,52,9.932758620689654,9.882584269662921,1.0,9.95,1.1235955056179776
72799A,BLACK PILLAR CANDLE SILVER FLOCK,877.8000000000001,612,18,14,2.4555555555555557,1.434313725490196,0.0,0.0,0.0
23423,PANTRY 3 HOOK ROLLING PIN HANGER,876.9,219,66,47,4.536969696969697,4.004109589041096,5.0,18.75,2.28310502283105
21185,HOME SWEET HOME BLACKBOARD,876.29,132,44,34,7.369318181818182,6.638560606060606,7.0,44.449999999999996,5.303030303030303
21062,PARTY INVITES SPACEMAN,875.87,1053,136,102,0.8674452554744526,0.8317853751187084,0.0,0.0,0.0
35598B,BLACK CHRISTMAS TREE 60CM,874.65,931,57,37,2.5542105263157895,0.9394736842105262,0.0,0.0,0.0
90200C,BLUE SWEETHEART BRACELET,874.63,206,98,32,4.244343434343435,4.245776699029126,4.0,17.0,1.9417475728155338
20803,SMALL PINK GLASS SUNDAE DISH,874.4599999999999,1149,84,50,1.6960714285714285,0.7610617928633594,74.0,38.46,6.440382941688425
21270,ANTIQUE CREAM CUTLERY CUPBOARD,874.43,76,51,24,12.022115384615384,11.505657894736842,0.0,0.0,0.0
22896,PEG BAG APPLE DESIGN,874.35,387,29,27,2.4879310344827585,2.2593023255813955,0.0,0.0,0.0
90200E,GREEN SWEETHEART BRACELET,873.97,209,91,36,4.22054945054945,4.181674641148326,16.0,68.0,7.655502392344498
21338,MARAKESH LANTERN SMALL,873.25,199,13,9,6.314285714285715,4.38819095477387,0.0,0.0,0.0
84925F,PSYCHEDELIC WALL THERMOMETER,873.11,714,34,29,2.2376470588235295,1.222843137254902,0.0,0.0,0.0
85165,CANDY PINK FRENCH BOUDOIR CLOCK,872.76,90,58,9,10.221379310344828,9.697333333333333,0.0,0.0,0.0
23479,WIRE EGG BASKET,872.38,113,44,35,8.26659090909091,7.720176991150442,0.0,0.0,0.0
21293,MIRRORED DOVE WALL DECORATION,872.34,343,85,29,3.0056976744186046,2.543265306122449,2.0,4.2,0.5830903790087464
21414,SCALLOP SHELL SOAP DISH,870.89,1637,36,17,2.922972972972973,0.532003665241295,1.0,2.1,0.061087354917532075
21147,JINGLE BELLS TREE DECORATION,870.48,477,118,33,2.1231932773109246,1.8249056603773586,2.0,4.2,0.41928721174004197
21392,RED SPOTTY PUDDING BOWL,869.23,3828,31,20,2.504516129032258,0.22707157784743992,2.0,4.2,0.052246603970741906
23220,REINDEER HEART DECORATION GOLD,869.1500000000001,993,103,55,1.0827884615384615,0.87527693856999,12.0,9.96,1.2084592145015105
84826,ASSTD DESIGN 3D PAPER STICKERS,869.08,14274,52,49,0.6437037037037037,0.060885526131427774,120.0,102.0,0.8406893652795292
17033,"BROCADE PURSE,SMALL ARCH BUTTON",867.8399999999999,3280,69,58,0.28536231884057967,0.2645853658536585,36.0,10.44,1.097560975609756
22322,BIRD DECORATION GREEN POLKADOT,867.5899999999999,939,164,37,1.1766463414634147,0.9239510117145899,13.0,11.049999999999999,1.384451544195953
17012B,ORIGAMI JASMINE INCENSE/CANDLE SET,867.4499999999999,721,126,43,2.1927777777777773,1.2031206657420248,0.0,0.0,0.0
20658,RED RETROSPOT LUGGAGE TAG,866.06,584,158,72,1.6828395061728396,1.4829794520547945,12.0,15.0,2.054794520547945
23545,WRAP RED VINTAGE DOILY,866.0,2100,68,63,0.41884057971014493,0.4123809523809524,0.0,0.0,0.0
21398,RED POLKADOT COFFEE MUG,864.11,1585,73,47,1.5365753424657536,0.5451798107255521,0.0,0.0,0.0
85166B,BLACK METAL BAROQUE PHOTO FRAME,864.1,510,38,28,3.8473684210526313,1.694313725490196,0.0,0.0,0.0
85161,ACRYLIC GEOMETRIC LAMP,863.85,51,32,16,18.25212121212121,16.938235294117646,2.0,37.9,3.9215686274509802
21255,"FRENCH BOTTLE , LAVENDER",860.0799999999999,476,96,46,2.3885416666666663,1.806890756302521,13.0,21.449999999999996,2.73109243697479
84632,DECORATIVE HANGING SHELVING UNIT,859.25,15,11,8,59.040909090909096,57.28333333333333,1.0,59.95,6.666666666666667
22486,PLASMATRONIC LAMP,856.4,104,40,22,9.821,8.234615384615385,14.0,178.5,13.461538461538462
84660A,WHITE STITCHED WALL CLOCK,855.26,860,51,34,2.2080392156862745,0.9944883720930232,2.0,4.54,0.23255813953488372
21635,MADRAS NOTEBOOK LARGE,855.24,398,42,35,3.29046511627907,2.1488442211055276,12.0,45.0,3.015075376884422
84578,ELEPHANT TOY WITH BLUE T-SHIRT,854.91,222,112,67,3.86859649122807,3.850945945945946,0.0,0.0,0.0
21478,SILVER SKULL HOT WATER BOTTLE,854.23,204,92,57,4.4205376344086025,4.187401960784314,1.0,3.75,0.49019607843137253
23525,BUFFALO BILL WALL ART,852.72,248,16,15,3.6925,3.4383870967741936,0.0,0.0,0.0
20756,GREEN FERN POCKET BOOK,851.5600000000001,5728,64,40,0.8060937499999999,0.14866620111731846,0.0,0.0,0.0
35954,SMALL FOLKART STAR CHRISTMAS DEC,850.49,2181,111,58,1.2202678571428571,0.38995414947271895,0.0,0.0,0.0
21376,LARGE TALL CAMPHOR WOOD TOADSTOOL,849.91,183,46,35,5.996086956521739,4.64431693989071,0.0,0.0,0.0
21458,2 PICTURE BOOK EGGS EASTER BUNNY,849.24,768,88,51,1.635,1.10578125,0.0,0.0,0.0
20897,VINTAGE NOTEBOOK PARIS DAYS,848.7,351,75,29,3.8476,2.4179487179487182,12.0,35.400000000000006,3.418803418803419
72349b,SET/6 PURPLE BUTTERFLY T-LIGHTS,848.41,204,112,0,4.165357142857142,4.158872549019608,0.0,0.0,0.0
22547,MINI JIGSAW DINOSAUR,846.82,1980,189,84,0.5929687499999999,0.4276868686868687,2.0,0.84,0.10101010101010101
22229,BUNNY WOODEN PAINTED WITH FLOWER,845.3,1007,185,101,1.0193650793650793,0.8394240317775571,52.0,44.199999999999996,5.163853028798411
22820,GIFT BAG BIRTHDAY,845.13,1353,110,67,0.6358558558558558,0.6246341463414634,2.0,1.3,0.14781966001478197
90161C,ANT COPPER LIME BOUDICCA BRACELET,843.91,169,100,28,5.0213,4.993550295857988,0.0,0.0,0.0
37423,WHITE WITH BLACK CATS PLATE,843.88,6168,70,17,1.330285714285714,0.13681582360570688,2952.0,295.2,47.85992217898833
20936,FORKED CACTUS CANDLE,843.3900000000001,333,76,42,3.6732894736842105,2.532702702702703,9.0,25.750000000000004,2.7027027027027026
21300,ANTIQUE EDWARDIAN DRESSER,841.7,53,12,11,23.479166666666668,15.8811320754717,10.0,127.5,18.867924528301888
21128,GOLD FISHING GNOME,841.63,126,57,22,9.536315789473685,6.679603174603175,0.0,0.0,0.0
23564,EGG CUP MILKMAID INGRID,841.31,644,76,39,1.7567105263157894,1.3063819875776397,0.0,0.0,0.0
84782A,PINK 3 TIER GLASS PLATE STAND,840.45,119,26,24,9.903846153846153,7.062605042016807,6.0,76.5,5.042016806722689
23551,PACK OF 12 PAISLEY PARK TISSUES,839.8399999999999,1840,136,88,0.5168115942028985,0.45643478260869563,0.0,0.0,0.0
85231L,LAVENDER SCENTED SET/9 T-LIGHTS,838.3499999999999,1039,116,81,0.914915254237288,0.8068816169393647,0.0,0.0,0.0
17039,INLAID WOOD INCENSE HOLDER,837.88,3707,43,20,0.3774418604651163,0.22602643647154033,0.0,0.0,0.0
84762B,PINK PICNIC BARBECUE BUCKET,837.77,113,48,19,8.7825,7.413893805309734,0.0,0.0,0.0
21552,CERAMIC BIRDHOUSE BLACK ROSE LARGE,837.6,165,35,25,6.259722222222222,5.076363636363636,3.0,17.85,1.8181818181818181
84997a,CHILDRENS CUTLERY POLKADOT GREEN,837.29,101,60,0,8.29,8.29,0.0,0.0,0.0
85071C,"CHARLIE+LOLA""EXTREMELY BUSY"" SIGN",837.23,1285,141,85,1.6756338028169013,0.6515408560311284,0.0,0.0,0.0
40018E,TEA TIME PAPER LANTERNS,837.02,384,81,37,2.8451851851851853,2.1797395833333333,0.0,0.0,0.0
85208,SET/12 FUNKY FELT FLOWER PEG IN BAG,836.94,420,87,56,2.1542528735632187,1.9927142857142859,0.0,0.0,0.0
47563A,RETRO LONGBOARD IRONING BOARD COVER,836.62,343,151,39,3.3438410596026493,2.439125364431487,4.0,5.0,1.1661807580174928
47367B,PAIR PADDED HANGERS PINK CHECK,834.95,242,95,35,3.5288541666666666,3.4502066115702483,1.0,3.75,0.4132231404958678
22785,SQUARECUSHION COVER PINK UNION FLAG,833.8199999999999,119,52,42,7.384038461538462,7.0068907563025205,0.0,0.0,0.0
21286,RETROSPOT CANDLE LARGE,833.75,711,52,34,2.3419230769230768,1.1726441631504922,0.0,0.0,0.0
84849A,HELLO SAILOR BLUE SOAP HOLDER,833.57,470,103,52,2.2339423076923075,1.7735531914893619,23.0,38.87,4.8936170212765955
23523,TREASURE AHOY WALL ART,833.46,270,16,15,3.585,3.0868888888888892,0.0,0.0,0.0
20776,ABSTRACT CIRCLES NOTEBOOK,832.66,3258,84,50,1.7828235294117647,0.25557397176181706,0.0,0.0,0.0
85196,EASTER BUNNIES ON A STICK,831.04,1564,71,59,0.875492957746479,0.5313554987212276,12.0,6.6000000000000005,0.7672634271099744
84509a,SET OF 4 ENGLISH ROSE PLACEMATS,829.18,111,74,0,7.472972972972973,7.47009009009009,0.0,0.0,0.0
85213,MINI ZINC GARDEN DECORATIONS,828.9999999999999,1378,80,48,1.051,0.6015965166908562,1.0,0.85,0.07256894049346879
20894,HANGING BAUBLE T-LIGHT HOLDER LARGE,827.3000000000001,267,79,47,3.453625,3.098501872659176,6.0,16.9,2.247191011235955
23017,APOTHECARY MEASURING JAR,826.28,67,22,20,12.759545454545453,12.332537313432836,1.0,12.5,1.4925373134328357
85188A,GREEN METAL SWINGING BUNNY,824.9699999999999,944,105,67,1.0245714285714285,0.8739088983050847,27.0,22.95,2.860169491525424
21551,CERAMIC BIRDHOUSE BUTTERFLY LARGE,824.95,169,22,16,6.8,4.881360946745563,0.0,0.0,0.0
79342B,BROWN FLOWER LIGHTS,824.9499999999999,119,34,22,8.726470588235294,6.93235294117647,15.0,96.05,12.605042016806722
21654,RIDGED GLASS FINGER BOWL,820.2099999999999,1183,82,53,1.2796385542168673,0.6933305156382079,0.0,0.0,0.0
82613C,"METAL SIGN,CUPCAKE SINGLE HOOK",820.01,770,187,56,1.7389304812834225,1.0649480519480519,22.0,10.9,2.857142857142857
23186,FRENCH STYLE STORAGE JAR CAFE,819.4599999999999,1982,70,57,0.3409859154929577,0.41345105953582234,12.0,9.24,0.6054490413723511
22685,FRENCH BLUE METAL DOOR SIGN 0,818.33,630,111,52,1.4936936936936938,1.298936507936508,10.0,12.5,1.5873015873015872
21375,LARGE CAMPHOR WOOD FIELD MUSHROOM,817.6,134,61,26,8.058225806451611,6.101492537313433,0.0,0.0,0.0
85187,S/12 MINI RABBIT EASTER,816.4799999999999,479,109,75,1.9455357142857141,1.7045511482254696,0.0,0.0,0.0
21719,LOVELY BONBON STICKER SHEET,813.14,906,141,69,1.0726573426573425,0.8975055187637969,0.0,0.0,0.0
20833,SHAKER THROW QUILTED,811.8,52,5,3,27.630000000000003,15.61153846153846,1.0,49.95,1.9230769230769231
21374,MIRRORED WALL ART SKULLS,809.67,470,71,57,2.8980281690140846,1.7227021276595744,0.0,0.0,0.0
85145,JARDIN ETCHED GLASS LARGE BELL JAR,809.05,91,30,27,9.403333333333334,8.89065934065934,3.0,38.25,3.296703296703297
20769,DAISY JOURNAL,808.8100000000001,438,79,48,2.561625,1.8465981735159818,0.0,0.0,0.0
47594B,SCOTTIES DESIGN WASHBAG,808.39,408,122,67,2.1536065573770493,1.9813480392156861,23.0,44.85,5.637254901960785
84922,PINK BUTTERFLY WASHBAG,808.22,342,17,9,5.865882352941177,2.363216374269006,0.0,0.0,0.0
23022,SMALL BONNE JAM JAR T-LIGHT HOLDER,808.16,422,22,19,2.0316666666666667,1.9150710900473933,30.0,62.400000000000006,7.109004739336493
21454,PAINTED PINK RABBIT,807.5999999999999,937,194,78,0.9064974619289339,0.8618996798292422,12.0,10.2,1.2806830309498398
20901,VINTAGE KEEPSAKE BOX PINK FLOWER,806.58,91,67,14,9.474626865671642,8.863516483516484,2.0,12.7,2.197802197802198
84767,ZINC POLICE BOX LANTERN,806.22,195,6,4,7.395,4.134461538461538,0.0,0.0,0.0
17012A,ORIGAMI VANILLA INCENSE/CANDLE SET,806.16,726,95,30,2.225520833333333,1.1104132231404957,0.0,0.0,0.0
84920,PINK FLOWER FABRIC PONY,805.38,201,88,43,4.446590909090909,4.006865671641791,0.0,0.0,0.0
37333,"RETRO ""TEA FOR ONE""",805.1,150,61,26,6.582131147540983,5.367333333333334,0.0,0.0,0.0
21222,SET/4 BADGES BEETLES,804.65,621,133,70,1.5156716417910447,1.29573268921095,0.0,0.0,0.0
23409,PHOTO FRAME LINEN AND LACE LARGE,801.68,215,43,39,3.8148837209302324,3.7287441860465114,7.0,26.25,3.255813953488372
85044,RED REINDEER STRING OF 20 LIGHTS,801.4,149,40,26,6.930249999999999,5.378523489932886,5.0,23.35,3.3557046979865772
16011,ANIMAL STICKERS,799.3199999999999,3812,112,83,0.20955357142857142,0.20968520461699894,24.0,5.04,0.6295907660020986
22825,DECORATIVE PLANT POT WITH FRIEZE,799.02,100,38,32,8.34,7.9902,7.0,53.25,7.000000000000001
20699,MOUSEY LONG LEGS SOFT TOY,797.96,294,88,42,3.062134831460674,2.7141496598639456,0.0,0.0,0.0
23524,HORSE & PONY WALL ART,797.3100000000001,256,17,16,3.594705882352941,3.1144921875000002,0.0,0.0,0.0
21455,PAINTED YELLOW WOODEN DAISY,797.27,901,167,60,0.9351461988304094,0.8848723640399556,17.0,14.450000000000001,1.8867924528301887
20997,ROSE DU SUD CUSHION COVER,796.74,170,83,25,4.718433734939759,4.686705882352941,0.0,0.0,0.0
21285,RETROSPOT CANDLE MEDIUM,796.4000000000001,744,63,39,2.0114285714285716,1.0704301075268818,48.0,66.0,6.451612903225806
21558,SKULL LUNCHBOX WITH CUTLERY,796.12,298,65,32,3.2686153846153845,2.6715436241610737,100.0,210.0,33.557046979865774
22058,CERAMIC LOVE HEARTS DESIGN MUG,795.72,520,103,71,1.663181818181818,1.5302307692307693,8.0,11.92,1.5384615384615385
23487,SWEET HEART CAKE CARRIER,795.5799999999999,80,44,41,10.365454545454545,9.944749999999999,9.0,89.55,11.25
17129F,DEEP BLUE GLASS GEMS IN BAG,794.4599999999999,669,64,8,1.4227692307692306,1.1875336322869954,0.0,0.0,0.0
37494A,FAIRY CAKE CERAMIC BUTTER DISH,793.44,237,51,18,4.476274509803922,3.347848101265823,5.0,14.75,2.109704641350211
84625D,WHITE NEWBAROQUE CANDLESTICK CANDLE,793.34,650,51,36,2.3296153846153844,1.220523076923077,31.0,57.85000000000001,4.769230769230769
35915C,PEACH KNITTED HEN,793.3199999999999,662,82,23,1.3530487804878046,1.198368580060423,0.0,0.0,0.0
47574A,ENGLISH ROSE SCENTED HANGING FLOWER,792.73,573,129,44,2.3022307692307695,1.3834729493891798,2.0,1.5,0.34904013961605584
23106,ZINC HEARTS PLANT POT HOLDER,792.47,283,52,48,2.9438461538461542,2.8002473498233216,12.0,34.68,4.240282685512367
23519,EMBROIDERED RIBBON REEL CLAIRE,792.31,224,24,18,4.484583333333333,3.537098214285714,0.0,0.0,0.0
85017A,ENVELOPE 50 ROMANTIC IMAGES,792.15,1157,174,45,0.8269142857142857,0.6846585998271392,0.0,0.0,0.0
45008C,DECORATIVE NET CANOPY CREAM,792.0699999999999,83,34,16,12.162647058823529,9.54301204819277,0.0,0.0,0.0
22785,CUSHION COVER PINK UNION FLAG,792.0600000000001,120,28,22,7.452142857142857,6.6005,0.0,0.0,0.0
23335,EGG FRYING PAN IVORY,790.7800000000001,377,96,62,2.3288659793814435,2.097559681697613,12.0,24.96,3.183023872679045
37330,SPOTS MUG,790.6999999999999,437,21,15,2.2990476190476192,1.809382151029748,12.0,23.099999999999998,2.745995423340961
21286,RETRO SPOT CANDLE LARGE,789.26,295,49,24,3.518367346938775,2.675457627118644,12.0,30.6,4.067796610169491
23568,EGG CUP HENRIETTA HEN CREAM,787.52,630,48,24,1.7454166666666666,1.250031746031746,1.0,1.25,0.15873015873015872
84970s,HANGING HEART ZINC T-LIGHT HOLDER,784.04,373,98,0,2.1014285714285714,2.1019839142091152,0.0,0.0,0.0
22414,DOOR MAT NEIGHBOURHOOD WITCH,783.87,96,52,30,9.153269230769231,8.1653125,0.0,0.0,0.0
22408,MONEY BOX CONFECTIONERY DESIGN,783.67,638,94,71,1.467157894736842,1.228322884012539,37.0,39.41,5.799373040752351
72799C,PINK PILLAR CANDLE SILVER FLOCK,783.1,471,48,32,3.06625,1.6626326963906581,0.0,0.0,0.0
20989,URBAN CHIC CHOPSTICKS SET/5,782.18,407,57,29,2.269824561403509,1.9218181818181816,2.0,3.9,0.4914004914004914
22204,MILK PAN BLUE POLKADOT,782.16,226,92,33,3.7533333333333334,3.460884955752212,5.0,18.75,2.2123893805309733
84247E,PACK/12 XMAS FUN CARD,780.2600000000001,270,59,56,2.993389830508475,2.8898518518518523,83.0,225.65,30.74074074074074
37461,FUNKY MONKEY MUG,778.64,742,95,35,1.61,1.0493800539083558,1.0,1.25,0.13477088948787064
21456,2 PICTURE BOOK EGGS EASTER CHICKS,776.05,738,65,42,1.447878787878788,1.0515582655826559,1.0,1.25,0.13550135501355012
90200B,BLACK SWEETHEART BRACELET,775.45,183,84,28,4.226190476190476,4.2374316939890715,4.0,17.0,2.185792349726776
84534B,FAIRY CAKE NOTEBOOK A5 SIZE,774.7099999999999,818,187,69,1.1997326203208556,0.9470782396088019,28.0,23.799999999999997,3.4229828850855744
21015,DARK BIRD HOUSE TREE DECORATION,771.7299999999999,1700,186,80,0.7685106382978723,0.4539588235294117,4.0,1.16,0.2352941176470588
23115,RED APPLES CHOPPING BOARD,770.32,152,45,38,5.8406666666666665,5.0678947368421055,0.0,0.0,0.0
22684,FRENCH BLUE METAL DOOR SIGN 9,769.86,570,113,45,1.6342608695652174,1.3506315789473684,13.0,16.25,2.280701754385965
21723,ALPHABET HEARTS STICKER SHEET,769.13,866,135,66,1.0296323529411764,0.8881408775981524,0.0,0.0,0.0
20910,VINTAGE PHOTO ALBUM PARIS DAYS,769.12,106,47,11,8.377872340425531,7.255849056603774,0.0,0.0,0.0
22985,WRAP BILLBOARD FONTS DESIGN,769.02,1831,64,52,0.42,0.42,0.0,0.0,0.0
84761,IVORY HANGING BIRD PLANTER,768.85,276,61,33,3.122295081967213,2.7856884057971016,8.0,20.4,2.898550724637681
21554,CERAMIC BIRDHOUSE RED ROOF LARGE,767.75,167,22,17,6.479545454545455,4.597305389221557,3.0,17.85,1.7964071856287425
84712B,PINK JEWELLED PHOTO FRAME,767.1600000000001,98,60,29,7.797,7.828163265306124,0.0,0.0,0.0
72755C,FLOWER FAIRY OIL BURNER SET ROSE,767.0,592,14,12,1.8928571428571428,1.2956081081081081,11.0,13.75,1.8581081081081081
35095B,RED VICTORIAN FABRIC OVAL BOX,766.64,1952,177,73,0.6162146892655367,0.39274590163934425,0.0,0.0,0.0
84029C,BROWN FURRY HOT WATER BOTTLE,766.19,204,48,27,4.5562499999999995,3.755833333333334,0.0,0.0,0.0
23140,TRIPLE WIRE HOOK IVORY HEART,766.1,182,52,29,4.535769230769231,4.2093406593406595,12.0,49.8,6.593406593406594
16259,PIECE OF CAMO STATIONERY SET,766.09,5473,55,46,0.14618181818181816,0.13997624703087885,134.0,14.100000000000001,2.4483829709482916
22640,SET OF 4 NAPKIN CHARMS 3 KEYS,765.39,357,87,58,2.561818181818182,2.143949579831933,0.0,0.0,0.0
16244B,MAXWELL 2 TONE BLUE 60 PAGE PHOTO A,765.02,345,28,8,3.872068965517241,2.217449275362319,0.0,0.0,0.0
84963A,PINK PAINTED KASHMIRI CHAIR,763.35,23,9,8,41.738888888888894,33.18913043478261,0.0,0.0,0.0
23550,WRAP ALPHABET POSTER,763.1,1855,64,60,0.41875,0.4113746630727763,0.0,0.0,0.0
35811A,ENAMEL PINK SUGAR CONTAINER,762.97,434,84,24,2.913809523809524,1.7579953917050692,2.0,4.2,0.4608294930875576
23006,TRAVEL CARD WALLET FLOWER MEADOW,762.75,1758,173,88,0.5191907514450866,0.43387372013651876,78.0,32.76,4.436860068259386
23458,DOLLY CABINET 3 DRAWERS,762.4499999999999,51,30,30,14.95,14.95,5.0,74.75,9.803921568627452
22492,MINI PAINT SET VINTAGE BOY+ GIRL,761.4,1260,18,17,0.6444444444444444,0.6042857142857143,0.0,0.0,0.0
84762C,GREEN PICNIC BARBECUE BUCKET,761.25,105,43,18,8.556511627906977,7.25,0.0,0.0,0.0
21709,FOLDING UMBRELLA CHOCOLATE POLKADOT,760.95,163,68,38,4.781323529411765,4.668404907975461,0.0,0.0,0.0
23025,DRAWER KNOB VINTAGE GLASS BALL,760.8000000000001,350,54,40,2.269814814814815,2.173714285714286,6.0,12.48,1.7142857142857144
23524,WALL ART HORSE & PONY,760.32,225,46,27,4.593478260869565,3.3792000000000004,6.0,22.5,2.666666666666667
23123,COCKTAIL SWORDS 50 PIECES,759.57,935,95,64,1.014421052631579,0.8123743315508022,6.0,4.98,0.6417112299465241
21298,EDWARDIAN 2 DRAWER WALL CABINET,755.8,52,14,14,19.37857142857143,14.534615384615384,6.0,99.7,11.538461538461538
85135A,YELLOW DRAGONFLY HELICOPTER,754.59,94,63,40,8.032380952380953,8.027553191489362,4.0,31.8,4.25531914893617
90209C,PINK ENAMEL+GLASS HAIR COMB,754.46,399,66,15,2.0842424242424245,1.8908771929824562,6.0,12.600000000000001,1.5037593984962405
47581B,FAIRY CAKE WICKER PICNIC BASKET,753.77,46,36,24,16.319444444444443,16.386304347826087,1.0,12.75,2.1739130434782608
22124,SET OF 2 TEA TOWELS PING MICROWAVE,751.9300000000001,298,132,29,2.7221969696969697,2.523255033557047,0.0,0.0,0.0
17165B,ASS COL LARGE SAND GECKO P'WEIGHT,751.68,810,57,43,1.0298360655737704,0.9279999999999999,4.0,4.2,0.49382716049382713
21194,PINK HONEYCOMB PAPER FAN,751.5,578,95,51,2.028659793814433,1.3001730103806228,10.0,6.5,1.7301038062283738
23124,18PC WOODEN CUTLERY SET DISPOSABLE,751.38,567,43,23,1.751627906976744,1.3251851851851852,0.0,0.0,0.0
84653,GREEN ROSE QUILT,750.48,14,12,8,54.88166666666667,53.605714285714285,0.0,0.0,0.0
23223,CHRISTMAS TREE HANGING SILVER,750.19,801,88,51,1.089438202247191,0.9365667915106118,12.0,9.96,1.4981273408239701
21344,MOROCCAN BEATEN METAL DISH,749.82,166,26,21,8.916153846153845,4.516987951807229,5.0,37.75,3.0120481927710845
90200A,PURPLE SWEETHEART BRACELET,749.69,177,99,32,4.227171717171717,4.235536723163842,4.0,17.0,2.2598870056497176
84615,PINK ROUND BUTTERFLY MIRROR,748.48,240,21,13,5.614285714285714,3.118666666666667,38.0,241.68,15.833333333333332
35647,VINTAGE BEAD PINK SHADE,748.24,563,74,19,1.7655999999999998,1.3290230905861458,0.0,0.0,0.0
84620,BLUE GINGHAM ROSE CUSHION COVER,746.61,121,50,41,6.5352,6.170330578512397,0.0,0.0,0.0
84663A,GRASS HOPPER WOODEN WALL CLOCK,746.39,373,64,34,4.415,2.0010455764075066,6.0,15.06,1.6085790884718498
21284,RETRO SPOT CANDLE SMALL,744.75,408,60,31,2.3819999999999997,1.8253676470588236,12.0,20.28,2.941176470588235
84842,HELLO SAILOR BATHROOM SET,744.15,1505,35,22,4.434571428571429,0.4944518272425249,720.0,237.6,47.840531561461795
21319,GLASS CHALICE GREEN SMALL,743.61,508,65,44,1.9736923076923076,1.4637992125984252,39.0,56.95,7.677165354330709
72800A,S/4 BLACK DINNER CANDLE SILVER FLOC,743.26,674,46,19,2.9821739130434786,1.1027596439169138,0.0,0.0,0.0
23282,FOLDING BUTTERFLY MIRROR IVORY,742.9200000000001,794,133,67,1.2622222222222224,0.9356675062972293,0.0,0.0,0.0
84689,S/2 BEACH HUT TREASURE CHESTS,742.9,312,40,29,5.3012500000000005,2.3810897435897433,17.0,49.55,5.448717948717949
22676,"FRENCH BLUE METAL DOOR SIGN, 1",742.67,577,79,55,1.439,1.2871230502599653,0.0,0.0,0.0
21377,SMALL CAMPHOR WOOD FIELD MUSHROOM,742.56,518,98,37,2.524387755102041,1.4335135135135133,24.0,19.200000000000003,4.633204633204633
84821,DANISH ROSE DELUXE COASTER,742.5,1318,74,50,0.7973333333333333,0.5633535660091047,12.0,10.2,0.9104704097116844
21391,FRENCH EMROIDR LAVENDER SCENT HEART,741.6,341,67,51,2.443970588235294,2.1747800586510264,0.0,0.0,0.0
21503,TOYBOX WRAP,740.42,1801,64,57,0.41875,0.41111604664075513,1.0,0.42,0.055524708495280406
23114,VINTAGE LEAF CHOPPING BOARD,737.95,149,45,40,5.451333333333333,4.95268456375839,3.0,14.850000000000001,2.013422818791946
85130C,BEADED CRYSTAL HEART BLUE LARGE,737.89,659,68,51,1.3602898550724638,1.119711684370258,0.0,0.0,0.0
84033,FLAG OF ST GEORGE,735.38,491,49,41,3.354509803921568,1.4977189409368636,13.0,21.45,2.6476578411405294
22638,SET OF 4 NAPKIN CHARMS CROWNS,735.23,405,74,56,2.3525675675675677,1.8153827160493827,1.0,2.55,0.24691358024691357
84715,SET OF 6 ICE CREAM SKITTLES,734.8900000000001,241,47,35,3.393617021276596,3.0493360995850627,0.0,0.0,0.0
90161B,ANT COPPER TURQ BOUDICCA BRACELET,734.16,147,76,21,5.021578947368421,4.994285714285714,0.0,0.0,0.0
84708B,PINK JEWELLED PHOTO FRAME,732.7900000000001,142,53,36,5.391851851851852,5.160492957746479,0.0,0.0,0.0
23435,3 RAFFIA RIBBONS VINTAGE CHRISTMAS,732.4200000000001,824,99,40,0.8976767676767677,0.888859223300971,0.0,0.0,0.0
ADJUST2,ADJUSTMENT BY PETER ON JUN 25 2010,731.0500000000001,3,3,3,243.68333333333337,243.68333333333337,0.0,0.0,0.0
85131B,BEADED CRYSTAL HEART GREEN ON STICK,730.74,948,216,12,0.8603703703703703,0.7708227848101266,0.0,0.0,0.0
90209B,GREEN ENAMEL+GLASS HAIR COMB,730.66,380,97,9,2.0865306122448977,1.9227894736842104,0.0,0.0,0.0
47503F,ASS FLORAL PRINT TORCH,729.9499999999999,2567,11,10,1.5227272727272727,0.2843591741332294,1.0,1.65,0.038955979742890535
21378,SMALL TALL CAMPHOR WOOD TOADSTOOL,728.97,560,88,47,2.1554545454545457,1.301732142857143,0.0,0.0,0.0
72800B,S/4 PURPLE DINNER CANDLE BLK FLOCK,728.6700000000001,650,34,17,2.823611111111111,1.1210307692307693,2.0,5.1,0.3076923076923077
21443,OLIVE CHALET BIRDFEEDER,727.9300000000001,257,26,18,4.631923076923077,2.832412451361868,6.0,22.5,2.3346303501945527
20657,TROPICAL LUGGAGE TAG,726.47,1881,120,54,1.301,0.3862147793726741,0.0,0.0,0.0
21415,CLAM SHELL SMALL,726.16,348,82,41,2.6460975609756097,2.0866666666666664,0.0,0.0,0.0
85230F,JASMINE VOTIVE CANDLE,725.6999999999999,2946,62,48,0.2770967741935484,0.24633401221995924,0.0,0.0,0.0
35095A,BLUE VICTORIAN FABRIC OVAL BOX,725.5600000000001,1809,166,61,0.6371686746987951,0.40108347153123275,0.0,0.0,0.0
23562,SET OF 6 RIBBONS PERFECTLY PRETTY,724.59,251,43,37,3.2853488372093027,2.886812749003984,0.0,0.0,0.0
85088,CANDY SPOT HAND BAG,723.85,347,78,38,2.3424050632911393,2.086023054755043,4.0,8.4,1.1527377521613833
84595E,LARGE TORTILLA DESIGN RED BOWL,723.5699999999999,367,43,22,3.282093023255814,1.9715803814713895,1.0,3.29,0.2724795640326975
21393,BLUE SPOTTY PUDDING BOWL,723.5500000000001,2679,28,20,2.3310714285714282,0.2700821201941023,3.0,6.300000000000001,0.11198208286674133
84971L,LARGE HEART FLOWERS HOOK,723.51,585,58,37,1.5720338983050848,1.2367692307692308,25.0,31.25,4.273504273504273
84976,RECTANGULAR SHAPED MIRROR,722.76,674,56,40,1.6939285714285715,1.0723442136498516,14.0,11.06,2.0771513353115725
20701,PINK CAT FLORAL CUSHION COVER,721.49,353,50,12,4.416,2.0438810198300286,0.0,0.0,0.0
10134,COLOURING PENCILS BROWN TUBE,721.13,625,52,44,1.2907407407407407,1.153808,10.0,12.5,1.6
84684,BEACH HUT PHOTO FRAME,720.6999999999999,609,40,17,3.28775,1.183415435139573,52.0,51.0,8.538587848932677
85017C,ENVELOPE 50 CURIOUS IMAGES,719.67,1087,119,44,0.8070247933884298,0.6620699172033119,288.0,120.96,26.494940202391902
23222,CHRISTMAS TREE HANGING GOLD,718.53,799,75,49,1.0467532467532468,0.8992866082603254,24.0,19.92,3.0037546933667083
35951,FOLKART BAUBLE CHRISTMAS DECORATION,717.99,1352,46,35,1.1871739130434782,0.5310576923076923,0.0,0.0,0.0
21001,ROSE DU SUD WASHBAG,717.8000000000001,141,90,29,4.899222222222222,5.090780141843972,0.0,0.0,0.0
84997d,PINK 3 PIECE POLKADOT CUTLERY SET,717.4300000000001,85,16,0,8.41375,8.44035294117647,0.0,0.0,0.0
84997c,BLUE 3 PIECE POLKADOT CUTLERY SET,717.25,85,17,0,8.42764705882353,8.438235294117646,0.0,0.0,0.0
21026,SPACE OWL,716.73,549,124,48,1.63304,1.30551912568306,0.0,0.0,0.0
21457,2 PICTURE BOOK EGGS EASTER DUCKS,716.0,685,65,45,1.5447692307692307,1.0452554744525548,0.0,0.0,0.0
21076,SET/20 COLLAGE PAPER NAPKIN,714.55,843,92,60,0.9846808510638299,0.8476275207591933,1.0,0.85,0.11862396204033215
20850,ZINC HEART LATTICE PLANTER BOWL,713.8000000000001,820,23,19,2.8434782608695657,0.8704878048780489,0.0,0.0,0.0
35915B,BLUE KNITTED HEN,713.73,563,67,31,1.2102941176470587,1.267726465364121,0.0,0.0,0.0
21133,PAINTED BIRD ASSORTED CHRISTMAS,712.9100000000001,410,42,38,2.1664285714285714,1.7388048780487806,0.0,0.0,0.0
23042,PAPER LANTERN 7 POINT SNOW STAR,711.51,103,28,25,7.361428571428571,6.9078640776699025,10.0,66.5,9.70873786407767
16015,MEDIUM CHINESE STYLE SCISSOR,711.38,1572,65,40,0.4870769230769231,0.4525318066157761,0.0,0.0,0.0
20854,BLUE PATCH PURSE PINK HEART,711.37,441,107,66,1.6635185185185184,1.6130839002267574,15.0,24.75,3.4013605442176873
21221,SET/4 BADGES CUTE CREATURES,709.66,535,107,55,1.4973831775700934,1.3264672897196261,0.0,0.0,0.0
23070,EDWARDIAN HEART PHOTO FRAME,709.5400000000001,160,44,29,5.090909090909091,4.4346250000000005,0.0,0.0,0.0
22100,SKULLS SQUARE TISSUE BOX,709.5,1005,127,71,1.46125,0.7059701492537314,0.0,0.0,0.0
21365,MIRRORED WALL ART STARS,707.9200000000001,469,77,51,2.5030379746835445,1.5094243070362474,0.0,0.0,0.0
21308,LOUVRE VANITY MIRROR,705.9,132,6,3,12.158333333333333,5.347727272727273,2.0,15.9,1.5151515151515151
21265,PINK GOOSE FEATHER TREE 60CM,705.59,321,34,26,3.586470588235294,2.1980996884735204,20.0,55.0,6.230529595015576
21379,CAMPHOR WOOD PORTOBELLO MUSHROOM,705.46,641,125,43,1.9376,1.1005616224648986,0.0,0.0,0.0
84952C,MIRROR LOVE BIRD T-LIGHT HOLDER,705.01,374,42,18,3.347674418604651,1.8850534759358288,0.0,0.0,0.0
21442,GREEN BIRDHOUSE DECORATION,704.9699999999999,973,136,66,1.1215441176470589,0.7245323741007194,0.0,0.0,0.0
22981,PANTRY APPLE CORER,704.13,471,105,58,1.8700925925925926,1.494968152866242,6.0,8.7,1.2738853503184715
84869,CANDY BUTTON PHOTO ALBUM,703.54,302,26,18,5.044615384615384,2.3296026490066226,0.0,0.0,0.0
20763,DAISY SKETCHBOOK,702.86,267,74,54,3.805945945945946,2.632434456928839,4.0,15.0,1.4981273408239701
84569A,PACK 3 IRON ON DOG PATCHES,702.42,562,112,59,1.3568421052631578,1.2498576512455515,1.0,1.25,0.1779359430604982
21740,COSY SLIPPER SHOES LARGE RED,698.0100000000001,201,66,44,3.687910447761194,3.4726865671641796,0.0,0.0,0.0
84584,PINK GINGHAM CAT WITH SCARF,696.75,282,75,47,2.8196,2.470744680851064,0.0,0.0,0.0
85231E,STRAWBERRY SCENTED SET/9 T-LIGHTS,695.23,835,106,77,0.9473831775700935,0.8326107784431138,12.0,10.2,1.437125748502994
22036,DINOSAUR BIRTHDAY CARD,695.11,1649,135,77,0.49740740740740735,0.421534263189812,65.0,27.3,3.9417828987265007
23187,FRENCH STYLE STORAGE JAR BONBONS,695.06,2338,74,66,0.3154666666666667,0.2972882805816937,37.0,16.49,1.5825491873396065
20898,VINTAGE NOTEBOOK TRAVELOGUE,693.9200000000001,327,53,35,3.1941818181818182,2.1220795107033643,6.0,17.700000000000003,1.834862385321101
72755D,FLOWER FAIRY OIL BURNER SET SUMMER,693.25,533,13,12,1.9423076923076923,1.300656660412758,0.0,0.0,0.0
72131,COLUMBIAN CANDLE RECTANGLE,692.28,748,56,42,1.6534482758620688,0.9255080213903742,16.0,31.2,2.13903743315508
20862,PINK PATCH PENCIL CASE BLUE HEART,691.1400000000001,325,37,21,2.6216216216216215,2.1265846153846155,1.0,2.1,0.3076923076923077
72753A,S/3 FLWR FAIRY LILLY CANDLES,690.24,315,14,10,3.735,2.1912380952380954,0.0,0.0,0.0
35964,FOLKART CLIP ON STARS,689.76,1187,132,50,1.1159701492537313,0.5810951979780961,0.0,0.0,0.0
84931B,BLUE SCOTTIE DOG W FLOWER PATTERN,688.73,274,83,44,2.6616867469879515,2.5136131386861313,3.0,7.65,1.094890510948905
90161D,ANT COPPER PINK BOUDICCA BRACELET,687.52,138,75,18,4.992000000000001,4.982028985507246,0.0,0.0,0.0
84917,WHITE HAND TOWEL WITH BUTTERFLY,686.03,229,53,16,4.334150943396226,2.9957641921397378,0.0,0.0,0.0
85186A,EASTER BUNNY GARLAND OF FLOWERS,685.87,1473,159,76,0.6140625,0.4656279701289885,12.0,5.04,0.8146639511201629
21710,FOLDING UMBRELLA PINKWHITE POLKADOT,685.6700000000001,142,61,42,5.027213114754098,4.828661971830987,0.0,0.0,0.0
84563A,PINK & WHITE BREAKFAST TRAY,685.15,139,62,26,6.021612903225806,4.929136690647482,0.0,0.0,0.0
37492D,PURPLE GREEN FLOWER PIGGY BANK,682.9899999999999,361,26,18,4.201538461538462,1.8919390581717448,8.0,13.2,2.21606648199446
22847,"BREAD BIN, DINER STYLE, IVORY",682.7499999999999,45,10,9,15.55,15.172222222222219,0.0,0.0,0.0
84951A,SET OF 4 PISTACHIO LOVEBIRD COASTER,682.66,516,111,33,2.1677477477477476,1.322984496124031,24.0,18.96,4.651162790697675
23120,PACK OF 6 SMALL FRUIT STRAWS,682.39,1685,100,69,0.46819047619047616,0.40497922848664686,72.0,30.240000000000002,4.27299703264095
85023B,EAU DE NILE JEWELLED PHOTOFRAME,682.35,293,38,32,2.526315789473684,2.3288395904436863,74.0,156.3,25.25597269624573
17165D,ASS COL LARGE SAND FROG P'WEIGHT,682.32,716,89,62,1.0346236559139785,0.9529608938547487,6.0,6.300000000000001,0.8379888268156425
22033,BOTANICAL ROSE GREETING CARD,681.93,1603,128,80,0.481640625,0.4254086088583905,0.0,0.0,0.0
23325,RUSTIC STRAWBERRY JAM POT SMALL,681.54,426,32,24,1.8299999999999998,1.5998591549295773,18.0,29.700000000000003,4.225352112676056
85084,HOLLY TOP CHRISTMAS STOCKING,681.4,682,84,53,1.0668965517241378,0.9991202346041055,0.0,0.0,0.0
21674,RIDGED GLASS PENDANT LAMPSHADE,680.8499999999999,43,9,8,16.505555555555553,15.833720930232555,0.0,0.0,0.0
21386,IVORY HANGING DECORATION EGG,680.78,1148,105,72,0.8370909090909091,0.59301393728223,0.0,0.0,0.0
17012F,ORIGAMI SANDLEWOOD INCENSE/CAND SET,680.65,586,107,38,1.8778504672897196,1.161518771331058,0.0,0.0,0.0
21397,BLUE POLKADOT EGG CUP,679.38,1163,81,51,1.2280246913580246,0.5841616509028374,0.0,0.0,0.0
23597,PAPER BUNTING PAISLEY PARK,679.07,249,31,28,3.186129032258065,2.7271887550200806,6.0,17.700000000000003,2.4096385542168677
47594A,CAROUSEL DESIGN WASHBAG,678.3,344,105,65,2.0837142857142856,1.9718023255813952,23.0,44.85,6.686046511627906
62094B,TURQ ICE CREAM BUM BAG,677.99,305,67,20,3.935820895522388,2.222918032786885,0.0,0.0,0.0
84925D,LA PALMIERA WALL THERMOMETER,677.45,452,26,24,2.321153846153846,1.4987831858407081,372.0,93.0,82.30088495575221
90160C,TURQ+RED BOUDICCA LARGE BRACELET,677.0,97,45,25,7.005333333333334,6.979381443298969,0.0,0.0,0.0
85096,HILDA CANDY SPOT RABBIT,676.92,164,66,42,4.50089552238806,4.1275609756097555,1.0,3.75,0.6097560975609756
84824,DANISH ROSE UMBRELLA STAND,676.4499999999999,38,32,23,18.4484375,17.801315789473684,1.0,15.95,2.631578947368421
23428,IVORY RETRO KITCHEN WALL CLOCK,675.91,77,33,25,9.915454545454546,8.778051948051948,2.0,16.3,2.5974025974025974
22511,RETROSPOT BABUSHKA DOORSTOP,675.5600000000001,297,77,63,3.187272727272727,2.274612794612795,1.0,3.75,0.33670033670033667
21847,GREEN DIAMANTE PEN IN GIFT BOX,675.37,347,71,20,3.2625,1.9463112391930837,0.0,0.0,0.0
22641,SET OF 4 NAPKIN CHARMS INSTRUMENT,674.3,288,67,48,2.604328358208955,2.3413194444444443,0.0,0.0,0.0
22999,TRAVEL CARD WALLET RETRO PETALS,674.11,1544,105,61,0.4817592592592593,0.4365997409326425,0.0,0.0,0.0
20856,DENIM PATCH PURSE PINK BUTTERFLY,674.0899999999999,408,122,70,1.6599999999999997,1.6521813725490193,11.0,18.15,2.696078431372549
37444C,PINK BREAKFAST CUP AND SAUCER,673.72,1654,54,14,4.633888888888889,0.40732769044740025,768.0,99.84,46.43288996372431
22034,ROBIN CHRISTMAS CARD,673.49,1617,94,71,0.4511702127659574,0.41650587507730363,24.0,10.08,1.4842300556586272
22965,3 TRADITIONAL COOKIE CUTTERS SET,671.4000000000001,354,10,10,2.05,1.8966101694915256,0.0,0.0,0.0
75013B,"STRING OF 8 BUTTERFLIES,PINK",669.62,390,76,48,2.02275,1.716974358974359,1.0,2.7,0.2564102564102564
72023F,RED ORGANIC CANDLE IN GLASS,669.62,640,49,34,1.3499999999999999,1.04628125,0.0,0.0,0.0
85205B,PINK FELT EASTER RABBIT GARLAND,669.38,241,61,36,3.193064516129032,2.777510373443983,0.0,0.0,0.0
23024,LARGE BONNE JAM JAR T-LIGHT HOLDER,667.8500000000001,255,11,8,3.0081818181818183,2.619019607843138,2.0,4.98,0.7843137254901961
82613A,"METAL SIGN,CUPCAKE SINGLE HOOK",667.47,492,116,63,1.6133620689655173,1.3566463414634147,2.0,2.5,0.40650406504065045
72750B,FLOWER FAIRY SET 3 CANDLES LAVENDER,666.85,303,30,25,3.283333333333333,2.200825082508251,18.0,43.1,5.9405940594059405
85203,HANGING WOOD AND FELT BUTTERFLY,665.91,1463,224,94,0.5662337662337663,0.4551674641148325,0.0,0.0,0.0
21879,HEARTS GIFT TAPE,664.84,1567,152,81,0.7494771241830065,0.4242756860242502,0.0,0.0,0.0
21247,SET OF RED SALAD SERVERS,664.73,422,81,44,1.8867901234567903,1.5751895734597157,0.0,0.0,0.0
90082D,DIAMANTE BOW BROOCH BLACK COLOUR,664.3499999999999,103,51,28,6.51156862745098,6.449999999999999,2.0,12.7,1.9417475728155338
21750,LARGE SKULL WINDMILL,663.85,309,62,43,2.428548387096774,2.1483818770226537,1.0,2.1,0.3236245954692557
21884,CAKES AND BOWS GIFT TAPE,663.61,1448,161,61,0.9903105590062111,0.45829419889502765,0.0,0.0,0.0
46776E,WOVEN CANDY CUSHION COVER,662.1,205,77,9,4.191948051948051,3.229756097560976,0.0,0.0,0.0
21197,MULTICOLOUR CONFETTI IN TUBE,661.81,453,45,29,1.6319565217391303,1.4609492273730682,21.0,34.65,4.635761589403973
22383,LUNCHBAG SUKI DESIGN,661.63,410,35,29,1.742,1.6137317073170732,0.0,0.0,0.0
23547,WRAP FLOWER SHOP,661.5,1575,62,57,0.42,0.42,0.0,0.0,0.0
17109C,FLOWER FAIRY INCENSE ROSE,661.23,3124,15,13,1.238,0.21166133162612036,1.0,1.69,0.03201024327784891
23482,PEARLISED IVORY HEART LARGE,661.02,418,39,32,1.765897435897436,1.5813875598086125,0.0,0.0,0.0
85188B,PINK METAL SWINGING BUNNY,660.88,748,74,48,1.0734210526315788,0.8835294117647059,24.0,20.4,3.2085561497326207
22322,BIRD DECORATION GREEN SPOT,660.62,678,108,42,1.3082407407407406,0.9743657817109145,2.0,1.7,0.2949852507374631
21764,VINTAGE WOODEN PLATE RACK,659.1500000000001,17,11,11,39.49545454545455,38.77352941176471,1.0,39.95,5.88235294117647
16169K,WRAP FOLK ART,658.75,2075,60,56,0.3625,0.31746987951807226,0.0,0.0,0.0
17012D,ORIGAMI ROSE INCENSE/CANDLE SET,658.72,520,116,41,1.9451724137931032,1.2667692307692309,0.0,0.0,0.0
21263,GREEN GOOSE FEATHER TREE 60CM,658.29,299,56,39,3.060175438596491,2.201638795986622,2.0,3.9,0.6688963210702341
85186C,BUNNY EGG GARLAND,658.19,1400,152,75,0.6046794871794872,0.4701357142857143,44.0,18.48,3.1428571428571432
46776D,WOVEN SUNSET CUSHION COVER,658.07,153,76,7,4.279605263157895,4.301111111111111,1.0,11.93,0.6535947712418301
20652,BLUE SPOTTY LUGGAGE TAG,657.9,1236,80,40,1.248148148148148,0.5322815533980583,0.0,0.0,0.0
22056,CERAMIC PLATE LOVE HEART DESIGN,656.87,607,34,23,1.9435294117647057,1.082158154859967,1.0,1.49,0.16474464579901155
85028S,FRENCH CHATEAU SMALL FRUITBOWL,656.82,430,33,29,3.327058823529412,1.5274883720930235,38.0,54.9,8.837209302325581
22677,"FRENCH BLUE METAL DOOR SIGN, 2",656.41,509,77,56,1.4463636363636365,1.289607072691552,0.0,0.0,0.0
71403,"PINK/WHITE ""KEEP CLEAN"" BULLET BIN",656.0500000000001,176,69,20,4.638260869565218,3.7275568181818186,2.0,5.9,1.1363636363636365
21441,BLUE BIRDHOUSE DECORATION,655.4599999999999,928,133,67,1.1006716417910447,0.7063146551724138,0.0,0.0,0.0
22054,MINI CAKE STAND HANGING HEARTS,655.01,361,74,45,2.1535897435897433,1.814432132963989,14.0,23.099999999999998,3.8781163434903045
85028L,FRENCH CHATEAU LARGE FRUIT BOWL,654.01,271,27,22,5.863333333333333,2.413321033210332,26.0,45.9,9.59409594095941
85168B,BLACK BAROQUE CARRIAGE CLOCK,652.17,72,52,17,9.157884615384615,9.057916666666666,0.0,0.0,0.0
90184C,BLACK CHUNKY BEAD BRACELET W STRAP,651.89,72,49,21,9.102857142857141,9.054027777777778,0.0,0.0,0.0
85019C,CURIOUS IMAGES NOTEBOOK SET,651.19,423,25,18,3.3876,1.5394562647754138,36.0,81.0,8.51063829787234
37474,SET/4 2 TONE EGG SHAPE MIXING BOWLS,651.05,63,44,33,10.812222222222221,10.334126984126984,0.0,0.0,0.0
47310M,"SMALL POP BOX,FUNKY MONKEY",650.96,488,85,23,1.7739999999999998,1.3339344262295083,0.0,0.0,0.0
21307,SET/4 BUTTERFLY MIRROR MAGNETS,650.07,749,72,41,2.1256944444444446,0.867917222963952,1.0,2.1,0.13351134846461948
20714,POSY SHOPPER BAG,649.8199999999999,1580,28,10,0.9467857142857142,0.4112784810126582,0.0,0.0,0.0
23224,CHERUB HEART DECORATION GOLD,649.02,738,71,44,1.0394366197183098,0.8794308943089431,14.0,11.620000000000001,1.8970189701897018
84993A,75 GREEN PETIT FOUR CASES,648.61,1471,177,88,0.5324719101123595,0.440931339225017,0.0,0.0,0.0
20618,QUEEN OF THE SKIES PASSPORT COVER,648.54,297,137,50,2.278905109489051,2.1836363636363636,0.0,0.0,0.0
21350,GINGHAM HEART WREATH,647.7500000000001,225,42,39,2.940909090909091,2.8788888888888895,2.0,5.9,0.8888888888888888
21003,ROSE DU SUD CUSHION COVER,647.75,109,64,10,5.928125,5.942660550458716,0.0,0.0,0.0
17164B,ASS COL SMALL SAND GECKO P'WEIGHT,646.56,1620,81,64,0.4168292682926829,0.3991111111111111,2.0,0.84,0.12345679012345678
21134,VICTORIAN METAL POSTCARD CHRISTMAS,646.4399999999999,377,46,40,2.1581249999999996,1.7146949602122015,0.0,0.0,0.0
84916,HAND TOWEL PALE BLUE W FLOWERS,646.4300000000001,261,58,28,4.468965517241379,2.4767432950191575,0.0,0.0,0.0
22678,"FRENCH BLUE METAL DOOR SIGN, 3",645.15,501,71,50,1.4629577464788732,1.2877245508982036,0.0,0.0,0.0
47597,NEW ENGLAND TEATOWELS,644.88,322,124,34,1.9637301587301585,2.0027329192546586,0.0,0.0,0.0
23408,PHOTO FRAME LINEN AND LACE SMALL,644.8000000000001,310,59,53,2.08,2.08,14.0,29.12,4.516129032258064
85215,ASSORTED CHEESE FRIDGE MAGNETS,643.89,831,66,33,1.6874626865671642,0.7748375451263537,0.0,0.0,0.0
17181,CIRCLE OF FRIENDS CANDLE HOLDER,642.66,353,65,26,3.771641791044776,1.8205665722379603,0.0,0.0,0.0
22134,LADLE LOVE HEART RED,642.4,1489,145,57,0.6335172413793103,0.43143049026192076,12.0,5.04,0.8059100067159166
16169M,WRAP DAISY CARPET,640.95,2060,59,56,0.35483333333333333,0.3111407766990292,0.0,0.0,0.0
17084N,FAIRY DREAMS INCENSE,640.26,2768,187,42,0.34598930481283424,0.2313078034682081,0.0,0.0,0.0
84520D,PACK OF 20 FAIRY CAKE PAPER NAPKINS,639.4699999999999,699,94,53,1.1359574468085107,0.91483547925608,12.0,10.2,1.7167381974248928
84865,NEW BAROQUE BLACK PHOTO ALBUM,639.42,77,48,26,9.396666666666667,8.304155844155844,0.0,0.0,0.0
84986B,SET OF 36 SILVER PAPER DOILIES,639.06,432,75,58,1.5328947368421053,1.4793055555555554,0.0,0.0,0.0
35004P,SET OF 3 PINK FLYING DUCKS,638.97,120,43,17,6.8058139534883715,5.32475,0.0,0.0,0.0
21665,TRIANGULAR RIDGED GLASS POSY HOLDER,638.8,879,75,35,1.088974358974359,0.7267349260523321,0.0,0.0,0.0
84601A,NEW BAROQUE IVORY CUSHION COVER,638.34,260,15,9,3.6726666666666667,2.4551538461538462,150.0,187.5,57.692307692307686
84766,SILVER ROCOCO CANDLE STICK,638.0,200,27,24,4.57962962962963,3.19,16.0,43.199999999999996,8.0
17107D,"FLOWER FAIRY,5 SUMMER B'DRAW LINERS",637.5,250,65,52,2.55,2.55,2.0,5.1,0.8
21816,CHRISTMAS TREE T-LIGHT HOLDER,637.3399999999999,422,50,34,1.6994117647058824,1.5102843601895732,1.0,1.45,0.23696682464454977
84872a,TEATIME FUNKY FLOWER BACKPACK FOR 2,636.47,58,45,0,10.975333333333333,10.973620689655172,0.0,0.0,0.0
85185D,FROG SOCK PUPPET,636.11,195,66,38,3.762878787878788,3.2621025641025643,0.0,0.0,0.0
23492,VINTAGE JINGLE BELLS WREATH,635.38,76,28,24,8.549285714285714,8.360263157894737,0.0,0.0,0.0
22391,PAPERWEIGHT HOME SWEET HOME,635.19,323,66,45,2.8237878787878787,1.9665325077399383,0.0,0.0,0.0
23298,"BUNTING , SPOTTY",634.7,146,7,7,4.721428571428572,4.347260273972603,0.0,0.0,0.0
84507C,BLUE CIRCLES DESIGN MONKEY DOLL,634.64,433,70,27,2.7132394366197183,1.4656812933025405,10.0,20.4,2.3094688221709005
22510,GINGHAM BABUSHKA DOORSTOP,633.35,272,62,53,2.888225806451613,2.3284926470588236,0.0,0.0,0.0
20819,SILVER TEDDY BEAR,631.49,228,65,39,3.888,2.7696929824561405,0.0,0.0,0.0
84951B,SET OF 4 BLACK LOVEBIRD COASTERS,631.12,477,92,29,2.0094623655913977,1.3231027253668763,0.0,0.0,0.0
23216,LAUREL HEART ANTIQUE GOLD,630.73,525,44,32,1.446888888888889,1.2013904761904761,0.0,0.0,0.0
84964A,PINK PAINTED KASHMIRI TABLE,630.0,11,2,2,45.0,57.27272727272727,0.0,0.0,0.0
23019,SMALL APOTHECARY MEASURING JAR,629.05,81,28,26,8.078571428571427,7.766049382716049,0.0,0.0,0.0
85230E,STRAWBRY SCENTED VOTIVE CANDLE,628.41,2445,66,44,0.27545454545454545,0.25701840490797545,0.0,0.0,0.0
23027,DRAWER KNOB VINTAGE GLASS HEXAGON,627.95,295,30,26,2.216666666666667,2.1286440677966105,0.0,0.0,0.0
22263,FELT EGG COSY LADYBIRD,627.38,836,105,34,1.1693457943925232,0.7504545454545455,49.0,32.34,5.861244019138756
22042,CHRISTMAS CARD SINGING ANGEL,627.19,1738,128,89,0.40689922480620155,0.36086881472957427,24.0,10.08,1.380897583429229
72814,SET OF 3 CHRISTMAS BRIAR CANDLES,626.39,176,31,26,3.8603125,3.559034090909091,0.0,0.0,0.0
16169N,WRAP BLUE RUSSIAN FOLKART,626.25,2025,56,52,0.3501785714285714,0.30925925925925923,0.0,0.0,0.0
71101E,STANDING FAIRY POLE SUPPORT,626.13,777,47,34,0.8364583333333333,0.8058301158301159,3.0,2.55,0.3861003861003861
90184B,AMETHYST CHUNKY BEAD BRACELET W STR,625.48,69,47,23,9.110212765957447,9.064927536231885,3.0,26.849999999999998,4.3478260869565215
85218,S/5 MINI ICE CREAM FRIDGE MAGNETS,625.1999999999999,1992,2,2,0.875,0.31385542168674696,3.0,4.35,0.15060240963855423
82616A,BUBBLE GUM SCARF KNITTING KIT,624.21,316,52,42,2.9890384615384615,1.975348101265823,0.0,0.0,0.0
22289,"DECORATION , HANGING METAL CHICKEN",623.96,616,42,26,1.5902325581395347,1.012922077922078,0.0,0.0,0.0
85092,CANDY SPOT TEA COSY,622.57,391,24,14,4.058333333333333,1.5922506393861895,24.0,30.0,6.138107416879795
20694,FLORAL PINK MONSTER,622.33,166,54,23,4.398363636363636,3.748975903614458,4.0,15.0,2.4096385542168677
22288,HANGING METAL RABBIT DECORATION,621.97,476,59,37,1.6196825396825396,1.3066596638655463,0.0,0.0,0.0
22129,PARTY CONES CANDY DECORATION,621.96,454,67,6,2.337910447761194,1.3699559471365639,0.0,0.0,0.0
84596J,MIXED NUTS LIGHT GREEN BOWL,621.74,810,138,50,1.183623188405797,0.7675802469135803,6.0,7.5,0.7407407407407408
23425,STORAGE TIN HOME SWEET HOME,621.44,275,56,35,3.0989285714285715,2.2597818181818186,7.0,17.43,2.5454545454545454
23180,MUM'S KITCHEN CLOCK,621.09,122,49,29,5.939387755102041,5.0909016393442625,1.0,4.95,0.819672131147541
16156N,"WRAP, FRIENDSHIP ON GREEN",619.5,1475,56,51,0.42,0.42,0.0,0.0,0.0
22043,CHRISTMAS CARD SCREEN PRINT,619.25,2203,125,86,0.3305511811023622,0.28109396277802995,12.0,5.04,0.5447117566954154
23528,WALL ART SPACEBOY,618.59,173,37,20,5.19972972972973,3.575664739884393,0.0,0.0,0.0
84707B,PINK JEWELLED MIRROR TRINKET TRAY,618.52,79,51,22,8.634509803921569,7.829367088607595,4.0,39.8,5.063291139240507
22837,HOT WATER BOTTLE BABUSHKA LARGE,618.0,136,14,14,4.621428571428572,4.544117647058823,0.0,0.0,0.0
20696,FLORAL SOFT CAR TOY,617.9399999999999,151,60,28,4.625666666666667,4.092317880794702,0.0,0.0,0.0
23471,SIX DRAWER OFFICE TIDY,616.79,65,27,26,10.162592592592592,9.489076923076922,0.0,0.0,0.0
23453,OVAL MINI PORTRAIT FRAME,615.98,316,47,40,1.9883673469387753,1.9493037974683545,0.0,0.0,0.0
72772,SET/4 SCENTED CANDLES IN RAMEKINS,615.84,457,9,8,2.531111111111111,1.3475711159737418,0.0,0.0,0.0
84952B,BLACK LOVE BIRD T-LIGHT HOLDER,615.49,364,44,15,3.0925,1.6909065934065934,3.0,11.25,0.8241758241758242
84932C,SMALL ORIENTAL BLUE FOLDING STOOL,615.4,282,34,31,3.105882352941176,2.1822695035460993,1.0,8.5,0.3546099290780142
20689,RETRO SISTERS EXPRESSO CUPS,614.1,429,41,25,6.176585365853659,1.4314685314685316,12.0,23.4,2.797202797202797
84859A,SILVER DISCO HANDBAG,613.53,293,58,40,3.3916666666666666,2.0939590443686007,0.0,0.0,0.0
47583A,SET OF 3 WICKER BASKET ROSE,612.8199999999999,71,6,5,26.30333333333333,8.631267605633802,2.0,49.9,2.8169014084507045
85114c,RED ENCHANTED FOREST PLACEMAT,612.64,185,42,0,3.3133333333333335,3.3115675675675673,0.0,0.0,0.0
37351,ORANGE FLOWER MUG,612.5099999999999,5404,11,7,3.7536363636363634,0.11334381939304217,0.0,0.0,0.0
23018,LARGE APOTHECARY MEASURING JAR,612.1600000000001,51,21,19,12.900476190476192,12.003137254901963,0.0,0.0,0.0
79315W,FLYING SAUCER TABLE LIGHT IN WHITE,611.51,199,13,6,4.3561538461538465,3.0729145728643217,0.0,0.0,0.0
35972,DAISY FOLKART HEART DECORATION,611.38,440,87,43,1.7579545454545453,1.3895,0.0,0.0,0.0
84858C,PINK RIVIERA HANDBAG,611.0699999999999,347,30,22,5.593999999999999,1.761008645533141,0.0,0.0,0.0
22538,MINI JIGSAW GO TO THE FAIR,610.43,1443,86,56,0.5362790697674419,0.423028413028413,0.0,0.0,0.0
22680,"FRENCH BLUE METAL DOOR SIGN, 5",610.11,477,65,51,1.4050769230769231,1.2790566037735849,0.0,0.0,0.0
gift_0001_30,DOTCOMGIFTSHOP GIFT VOUCHER £30.00,610.09,24,24,0,25.420416666666668,25.420416666666668,0.0,0.0,0.0
23454,THREE MINI HANGING FRAMES,610.0,142,50,39,4.540566037735849,4.295774647887324,2.0,8.3,1.4084507042253522
90198A,VINTAGE ROSE BEAD BRACELET RASPBERR,609.4300000000001,144,84,21,4.223928571428571,4.232152777777778,0.0,0.0,0.0
21392,RED POLKADOT PUDDING BOWL,608.9,3717,17,12,2.17,0.1638149044928706,3648.0,474.24,98.14366424535916
20655,QUEEN OF SKIES LUGGAGE TAG,608.48,414,189,55,1.70125,1.4697584541062803,0.0,0.0,0.0
84051,ASS COLOUR GLOWING TIARAS,607.98,746,60,50,0.8963934426229508,0.8149865951742628,0.0,0.0,0.0
21173,LOO ROLL METAL SIGN,607.9599999999999,340,77,44,2.2123076923076925,1.7881176470588234,12.0,19.799999999999997,3.5294117647058822
20695,FLORAL BLUE MONSTER,604.58,142,61,24,4.856393442622951,4.257605633802817,4.0,17.0,2.8169014084507045
85169D,PINK LOVE BIRD CANDLE,603.98,521,88,39,1.4993181818181818,1.1592706333973128,1.0,1.25,0.19193857965451055
79190B,RETRO PLASTIC POLKA TRAY,603.08,1485,136,57,0.539264705882353,0.40611447811447815,16.0,6.72,1.0774410774410774
21416,CLAM SHELL LARGE,603.0600000000002,751,22,15,4.120434782608696,0.8030093209054596,0.0,0.0,0.0
84247G,"DECOUPAGE,GREETING CARD,",602.67,1414,107,54,0.48644859813084107,0.4262164073550212,0.0,0.0,0.0
21711,FOLDING UMBRELLA WHITE/RED POLKADOT,602.6600000000001,120,43,27,5.442093023255814,5.022166666666667,0.0,0.0,0.0
84932A,SMALL GREEN PEONY FOLDING STOOL,602.6,262,24,22,3.860416666666667,2.3000000000000003,0.0,0.0,0.0
20863,BLUE PATCH PENCIL CASE PINK HEART,601.53,293,50,35,2.4202,2.053003412969283,1.0,2.1,0.3412969283276451
82095,HEART BUTTONS JEWELLERY BOX,600.91,100,48,21,6.192916666666666,6.0091,0.0,0.0,0.0
23520,EMBROIDERED RIBBON REEL RUBY,600.55,167,32,30,3.9675,3.5961077844311373,0.0,0.0,0.0
84876D,BLUE HEART COMPACT MIRROR,600.52,331,35,24,3.5862857142857143,1.8142598187311179,14.0,47.5,4.229607250755287
85146,JARDIN ETCHED GLASS SMALL BELL JAR,599.38,118,29,23,5.614516129032259,5.0794915254237285,0.0,0.0,0.0
90143,SILVER BRACELET W PASTEL FLOWER,599.13,79,41,15,7.63390243902439,7.583924050632912,7.0,52.5,8.860759493670885
17109D,FLOWER FAIRY INCENSE BOUQUET,598.3100000000001,1257,38,33,1.406153846153846,0.4759824980111377,1.0,1.69,0.07955449482895784
21440,12 MINI TOADSTOOL PEGS,597.56,472,95,72,1.32875,1.2660169491525421,2.0,2.5,0.423728813559322
84682,CLASSICAL ROSE DISH,596.94,295,49,31,3.3329411764705887,2.0235254237288136,6.0,17.700000000000003,2.0338983050847457
22679,"FRENCH BLUE METAL DOOR SIGN, 4",596.34,468,62,48,1.4125806451612903,1.2742307692307693,0.0,0.0,0.0
82011C,BATHROOM SCALES FOOTPRINTS IN SAND,595.18,131,71,36,5.237887323943662,4.5433587786259535,0.0,0.0,0.0
85117,NIGHTINGALE COATHOOK WHITE,594.3199999999999,347,61,29,2.2267213114754094,1.7127377521613831,0.0,0.0,0.0
47469,ASSORTED SHAPES PHOTO CLIP SILVER,594.28,1220,29,21,0.6308333333333334,0.48711475409836064,24.0,15.6,1.9672131147540985
72122,COFFEE SCENT PILLAR CANDLE,593.3299999999999,586,120,80,1.1326612903225806,1.0125085324232082,0.0,0.0,0.0
16236,KITTY PENCIL ERASERS,593.29,2652,260,108,0.30335849056603775,0.22371417797888385,28.0,5.88,1.0558069381598794
20849,ZINC HEART LATTICE DOUBLE PLANTER,593.03,674,24,15,4.047083333333333,0.8798664688427299,0.0,0.0,0.0
22092,BLUE PAISLEY TISSUE BOX,592.91,933,140,105,0.8154285714285714,0.6354876741693462,0.0,0.0,0.0
62096A,PINK/YELLOW FLOWERS HANDBAG,592.79,383,89,47,2.2487912087912085,1.5477545691906005,0.0,0.0,0.0
23377,PACK OF 12 DOLLY GIRL TISSUES,592.4499999999999,1351,133,69,0.5607462686567164,0.4385270170244263,8.0,3.12,0.5921539600296076
85113,POLKA DOT PISTACHIO PAIL,591.6600000000001,285,48,36,2.310612244897959,2.076,0.0,0.0,0.0
21304,ARCHED GREY MIRROR,591.58,86,18,16,11.132222222222222,6.8788372093023264,0.0,0.0,0.0
84963B,BLUE PAINTED KASHMIRI CHAIR,591.5,18,6,5,42.958333333333336,32.861111111111114,0.0,0.0,0.0
20794,BLUE TILE HOOK,591.02,212,48,27,3.4424489795918363,2.787830188679245,18.0,45.9,8.49056603773585
21322,GLASS SPHERE CANDLE STAND LARGE,590.45,301,14,12,4.9678571428571425,1.9616279069767444,0.0,0.0,0.0
84563B,BLUE & WHITE BREAKFAST TRAY,590.04,128,59,27,5.206271186440678,4.6096875,0.0,0.0,0.0
20661,BLUE SPOTTY PURSE,589.9000000000001,483,70,29,2.9594366197183097,1.2213250517598346,24.0,70.80000000000001,4.968944099378882
21256,"FRENCH BOTTLE, BRASSERIE DES ARTIST",588.64,326,65,31,2.422923076923077,1.8056441717791412,0.0,0.0,0.0
21893,POTTING SHED SEED TIN,587.8,172,20,13,5.4975000000000005,3.417441860465116,0.0,0.0,0.0
21167,WHITE SAGE INCENSE,587.52,2440,114,32,0.3299122807017544,0.24078688524590164,50.0,10.5,2.0491803278688523
21223,SET/4 BADGES WOODLAND ANIMAL,587.08,492,43,33,1.4345454545454546,1.1932520325203253,0.0,0.0,0.0
84934,ASSTD DESIGN POP ART SLIM PEN,586.5,687,13,12,0.9153846153846155,0.8537117903930131,1.0,0.85,0.1455604075691412
22683,"FRENCH BLUE METAL DOOR SIGN, 8",586.36,458,63,48,1.4271875,1.2802620087336245,0.0,0.0,0.0
23565,EGG CUP MILKMAID HELGA,586.31,410,63,28,1.8453968253968254,1.4300243902439023,5.0,6.25,1.2195121951219512
23499,SET 12 VINTAGE DOILY CHALK,586.23,1312,110,86,0.4831858407079646,0.44682164634146343,0.0,0.0,0.0
90199C,5 STRAND GLASS NECKLACE CRYSTAL,585.29,99,31,24,6.3130303030303025,5.9120202020202015,1.0,6.35,1.0101010101010102
90195A,PURPLE GEMSTONE BRACELET,585.1999999999999,70,44,24,8.693181818181818,8.36,5.0,44.75,7.142857142857142
84569C,PACK 4 FLOWER/BUTTERFLY PATCHES,584.93,415,89,45,1.792696629213483,1.4094698795180722,13.0,16.25,3.132530120481928
21016,LIGHT BIRD HOUSE TREE DECORATION,582.85,834,82,58,0.9679310344827585,0.6988609112709833,4.0,1.68,0.4796163069544364
82001s,SILVER RECORD COVER FRAME,581.88,78,15,0,7.46,7.46,0.0,0.0,0.0
21553,CERAMIC BIRDHOUSE FINCH BLUE LARGE,581.27,90,39,24,7.881282051282051,6.458555555555555,1.0,5.95,1.1111111111111112
22785,SQUARECUSHION COVER PINK UNION JACK,581.23,173,42,27,7.178571428571429,3.3597109826589597,0.0,0.0,0.0
20781,GOLD EAR MUFF HEADPHONES,579.93,103,61,34,6.378196721311475,5.630388349514563,6.0,32.94,5.825242718446602
20804,GLASS CHICKEN BUTTER DISH,579.3100000000001,325,61,21,2.6788524590163934,1.7824923076923078,48.0,69.6,14.76923076923077
22999,TRAVEL CARD WALLET VINTAGE LEAF,578.48,1350,117,65,0.48307692307692307,0.4285037037037037,3.0,1.26,0.2222222222222222
85232A,SET/3 POLKADOT STACKING TINS,578.46,113,44,31,5.750227272727273,5.1191150442477875,7.0,34.65,6.1946902654867255
90010B,BLACK/WHITE GLASS/SILVER BRACELET,578.02,63,34,16,9.342647058823529,9.174920634920635,1.0,8.95,1.5873015873015872
15056p,EDWARDIAN PARASOL PINK,577.84,46,38,0,12.569473684210527,12.561739130434784,0.0,0.0,0.0
21419,CONCH SHELL,577.6899999999999,1259,19,12,4.353157894736842,0.4588482922954725,0.0,0.0,0.0
22685,"FRENCH BLUE METAL DOOR SIGN, 0",577.51,461,54,45,1.272909090909091,1.2527331887201736,0.0,0.0,0.0
23324,RUSTIC STRAWBERRY JAM POT LARGE,577.48,279,38,32,2.2357894736842105,2.069820788530466,35.0,67.50999999999999,12.544802867383511
35922,EASTER BUNNY WREATH,575.99,97,36,20,7.111666666666666,5.938041237113402,4.0,19.8,4.123711340206185
85144,JARDIN ETCHED GLASS CHEESE DISH,575.45,219,40,37,3.889024390243902,2.627625570776256,0.0,0.0,0.0
23016,GLASS TWIST BON BON JAR,575.25,74,24,19,8.714583333333332,7.773648648648648,3.0,19.950000000000003,4.054054054054054
23125,6PC WOOD PLATE SET DISPOSABLE,574.88,459,38,15,1.9131578947368422,1.2524618736383442,0.0,0.0,0.0
84932D,SMALL ORIENTAL RED FOLDING STOOL,574.71,239,21,16,4.629047619047619,2.404644351464435,0.0,0.0,0.0
20935,ROUND CACTUS CANDLE,574.48,300,46,35,3.0772340425531914,1.9149333333333334,6.0,17.700000000000003,2.0
47421,ASSORTED COLOUR LIZARD SUCTION HOOK,572.7,1463,74,23,0.41481481481481486,0.3914559125085441,16.0,6.72,1.0936431989063569
22684,"FRENCH BLUE METAL DOOR SIGN, 9",572.58,450,54,46,1.3645454545454545,1.2724000000000002,0.0,0.0,0.0
17013D,ORIGAMI ROSE INCENSE IN TUBE,572.4,1068,31,17,1.7083870967741936,0.5359550561797752,1.0,1.57,0.09363295880149813
84675,FROG KING WATERING CAN,571.71,206,62,39,3.6961290322580647,2.7752912621359225,8.0,23.6,3.8834951456310676
84924A,WAKE UP COCKEREL CALENDAR SIGN,571.0,133,62,41,4.855483870967742,4.293233082706767,0.0,0.0,0.0
20615,BLUE SPOTTY PASSPORT COVER,570.85,316,88,32,2.5984269662921347,1.8064873417721519,0.0,0.0,0.0
16162L,THE KING GIFT BAG,570.43,8101,30,16,0.7496666666666667,0.07041476360943093,3744.0,187.2,46.21651647944699
84509C,SET OF 4 POLKADOT PLACEMATS,570.19,149,60,29,4.089166666666666,3.826778523489933,0.0,0.0,0.0
85202,HANGING WOOD AND FELT HEART,570.09,1208,208,79,0.5805045871559633,0.4719288079470199,24.0,10.08,1.9867549668874174
85129A,"WHITE PEARL BEADED HEART, SMALL",569.16,444,75,51,1.427,1.2818918918918918,12.0,15.0,2.7027027027027026
85086A,CANDY SPOT HEART DECORATION,568.73,587,152,44,1.1639869281045752,0.9688756388415674,0.0,0.0,0.0
23219,LAUREL STAR ANTIQUE SILVER,568.6,430,61,41,1.52765625,1.322325581395349,0.0,0.0,0.0
84806B,WHITE CANDYSTUFT ARTIFICIAL FLOWER,568.02,450,32,28,1.3784375,1.2622666666666666,0.0,0.0,0.0
84846A,SCENTED CANDLE IN DIGITALIS TIN,567.55,251,54,39,2.573888888888889,2.2611553784860554,0.0,0.0,0.0
85119,WATERING CAN SINGLE HOOK PISTACHIO,567.48,413,39,36,1.7169999999999999,1.374043583535109,16.0,27.04,3.87409200968523
22425,ENAMEL COLLANDER CREAM,567.12,122,23,21,5.085652173913044,4.648524590163935,0.0,0.0,0.0
16169C,WRAP BLUE REINDEER,567.0,1350,43,42,0.42,0.42,0.0,0.0,0.0
85169C,EAU DE NIL LOVE BIRD CANDLE,566.82,505,71,27,1.372676056338028,1.1224158415841585,12.0,15.0,2.376237623762376
22699,TEACUP AND SAUCER REGENCY ROSES,566.7,210,14,13,2.835714285714286,2.698571428571429,0.0,0.0,0.0
21285,RETRO SPOT CANDLE MEDIUM,566.22,263,36,20,2.848611111111111,2.1529277566539924,0.0,0.0,0.0
21899,GARAGE KEY FOB,565.81,778,148,81,0.9021476510067113,0.7272622107969151,0.0,0.0,0.0
20838,FRENCH LATTICE CUSHION COVER,565.8,446,63,36,1.9461904761904762,1.268609865470852,12.0,10.2,2.690582959641256
37444A,YELLOW BREAKFAST CUP AND SAUCER,563.43,2709,43,16,3.199767441860465,0.207984496124031,1309.0,172.98999999999998,48.320413436692505
23381,PACK OF 12 VINTAGE LEAF TISSUES,562.88,1496,80,59,0.4760493827160494,0.37625668449197863,0.0,0.0,0.0
23272,TREE T-LIGHT HOLDER WILLIE WINKIE,562.2199999999999,364,44,34,1.916818181818182,1.5445604395604393,0.0,0.0,0.0
23413,VINTAGE COFFEE GRINDER BOX,561.23,109,30,20,6.259333333333333,5.148899082568808,12.0,49.8,11.009174311926607
37345,ASSTD HEARTS DESIGN MUGS,561.05,321,9,5,4.038888888888889,1.7478193146417444,0.0,0.0,0.0
85230B,CINNAMON SCENTED VOTIVE CANDLE,561.04,2120,68,49,0.278235294117647,0.26464150943396225,0.0,0.0,0.0
84773,RED ROSE AND LACE C/COVER,560.5,190,48,34,2.95,2.95,2.0,5.9,1.0526315789473684
16049,TEATIME GEL PENS ASST,560.48,3169,32,22,0.381875,0.1768633638371726,0.0,0.0,0.0
22682,"FRENCH BLUE METAL DOOR SIGN, 7",560.05,443,58,47,1.3586206896551725,1.264221218961625,0.0,0.0,0.0
16238,PARTY TIME PENCIL ERASERS,559.54,2447,236,104,0.30966244725738395,0.22866366979975478,0.0,0.0,0.0
85090,CANDY SPOT APRON,559.28,106,53,26,5.87925925925926,5.27622641509434,8.0,37.2,7.547169811320755
22447,PIN CUSHION BABUSHKA BLUE,558.28,180,59,26,3.365254237288136,3.1015555555555556,6.0,20.1,3.3333333333333335
21160,KEEP OUT GIRLS DOOR HANGER,557.49,794,58,44,1.5117241379310344,0.7021284634760705,74.0,30.259999999999998,9.319899244332493
84306,S/3 PINK SQUARE PLANTERS ROSES,557.4799999999999,48,31,18,12.064193548387097,11.614166666666664,0.0,0.0,0.0
22950,SET OF 36 DOILIES VINTAGE CHRISTMAS,557.4,444,2,2,1.35,1.2554054054054054,0.0,0.0,0.0
84569B,PACK 3 FIRE ENGINE/CAR PATCHES,557.18,433,76,54,1.427763157894737,1.2867898383371823,1.0,1.25,0.23094688221709006
23069,EDWARDIAN PHOTO FRAME,556.21,88,32,27,6.4440625,6.3205681818181825,0.0,0.0,0.0
23451,SQUARE MINI PORTRAIT FRAME,556.17,277,52,38,2.273396226415094,2.0078339350180503,0.0,0.0,0.0
72586,SET OF 6 HALLOWEEN GHOST T-LIGHTS,556.11,1244,125,65,0.60624,0.4470337620578778,36.0,15.12,2.8938906752411575
21371,MIRRORED WALL ART POPPIES,556.01,404,64,33,2.59578125,1.3762623762376238,0.0,0.0,0.0
21881,CUTE CATS TAPE,554.95,1332,118,49,0.8329661016949151,0.41662912912912914,0.0,0.0,0.0
90120D,WHITE MURANO TWIST BRACELET,554.13,134,40,16,4.20025,4.135298507462687,0.0,0.0,0.0
84859C,PINK DISCO HANDBAG,552.72,304,39,29,3.041,1.8181578947368422,0.0,0.0,0.0
23473,WOODLAND SMALL RED FELT HEART,552.02,678,51,41,0.9533333333333333,0.814188790560472,0.0,0.0,0.0
22452,MEASURING TAPE RUSSIAN DOLL PINK,551.7,182,48,30,3.2583333333333333,3.0313186813186817,6.0,17.700000000000003,3.296703296703297
84805B,BLUE CLIMBING HYDRANGA ART FLOWER,551.4000000000001,340,9,7,2.461111111111111,1.6217647058823532,0.0,0.0,0.0
79030G,TUMBLER NEW ENGLAND,551.1899999999999,1261,53,35,1.408867924528302,0.43710547184773985,0.0,0.0,0.0
22044,CHRISTMAS CARD STACK OF PRESENTS,550.28,1946,89,80,0.32055555555555554,0.2827749229188078,13.0,5.46,0.6680369989722508
22681,"FRENCH BLUE METAL DOOR SIGN, 6",550.1,430,56,43,1.4710526315789472,1.2793023255813953,0.0,0.0,0.0
23456,MEDIUM PARLOUR PICTURE FRAME,550.0,136,34,31,4.126470588235295,4.044117647058823,2.0,8.3,1.4705882352941175
21373,MIRRORED WALL ART SNOWFLAKES,548.89,636,61,52,1.2465573770491802,0.8630345911949685,12.0,9.0,1.8867924528301887
85071D,CHARLIE+LOLA MY ROOM DOOR SIGN,548.86,884,112,78,1.2823684210526316,0.6208823529411764,0.0,0.0,0.0
85091,CANDY SPOT BREAD BASKETS,548.81,343,20,14,5.513,1.6000291545189502,17.0,69.69999999999999,4.956268221574344
22584,PACK OF 6 PANETTONE GIFT BOXES,548.63,233,18,14,3.1944444444444446,2.3546351931330474,14.0,35.699999999999996,6.008583690987124
72800B,4 PURPLE FLOCK DINNER CANDLES,548.11,335,57,40,2.4956896551724137,1.6361492537313433,0.0,0.0,0.0
23549,WRAP BIRD GARDEN,548.1,1305,52,46,0.42,0.42000000000000004,0.0,0.0,0.0
20888,SET 3 JARDIN DE FEMME SCENT CANDLES,547.74,367,19,10,3.8852631578947374,1.4924795640326975,0.0,0.0,0.0
23074,EMBOSSED HEART TRINKET BOX,547.27,246,48,32,2.623125,2.2246747967479674,6.0,12.48,2.4390243902439024
85184C,SET 4 VALENTINE DECOUPAGE HEART BOX,545.75,169,62,38,3.8452380952380953,3.2292899408284024,0.0,0.0,0.0
21339,MARAKESH LANTERN LARGE,544.5,30,12,12,19.257692307692306,18.15,0.0,0.0,0.0
22394,PAPERWEIGHT KINGS CHOICE,544.29,346,55,43,2.540909090909091,1.5730924855491328,6.0,15.3,1.7341040462427744
84596K,JELLY BABIES YELLOW SMALL BOWL,543.41,428,93,48,1.4280645161290322,1.2696495327102804,1.0,1.25,0.23364485981308408
22983,"CARD, BILLBOARD FONT",543.34,1300,100,67,0.5289108910891089,0.4179538461538462,0.0,0.0,0.0
18094C,WHITE AND BLUE CERAMIC OIL BURNER,542.61,400,85,21,1.8468235294117645,1.356525,1.0,1.25,0.25
35969,FOLKART CROWN TABLE DECORATIONS,542.4699999999999,523,76,36,1.9160526315789475,1.037227533460803,0.0,0.0,0.0
47021G,SET/6 BEAD COASTERS GAUZE BAG GOLD,541.96,713,70,28,2.199577464788732,0.7601122019635345,0.0,0.0,0.0
20943,SET/6 GINGERBREAD STAR T-LIGHTS,540.21,381,71,46,1.6716901408450704,1.4178740157480316,1.0,1.25,0.26246719160104987
21311,SET/4 BIRD MIRROR MAGNETS,539.67,701,94,62,1.5697894736842104,0.7698573466476462,27.0,7.83,3.851640513552068
85027L,FRENCH CHATEAU LARGE PLATTER,538.5,190,40,36,4.65,2.8342105263157893,34.0,66.3,17.894736842105264
16048,TEATIME ROUND PENCIL SHARPENER,537.06,3461,105,59,0.40254716981132077,0.15517480496966193,0.0,0.0,0.0
84592,CROCHET ROSE PURSE WITH SUEDE BACK,536.4000000000001,173,47,33,3.443829787234043,3.1005780346820813,0.0,0.0,0.0
84414B,FUSCHIA/GREEN STRIPE WOOLLY BLANKET,536.24,78,9,7,13.965555555555556,6.874871794871795,0.0,0.0,0.0
21017,RED BIRD HOUSE TREE DECORATION,535.89,659,87,32,1.354942528735632,0.8131866464339909,0.0,0.0,0.0
23398,HANGING HEART BONHEUR,535.35,606,69,53,1.0450666666666666,0.8834158415841584,1.0,0.85,0.16501650165016502
23660,HENRIETTA HEN MUG,534.66,306,42,30,2.2404761904761905,1.7472549019607841,16.0,26.4,5.228758169934641
72800D,S/4 BLUE DINNER CANDLE SILVER FLOCK,534.58,418,36,26,2.5780555555555553,1.2788995215311005,1.0,2.55,0.23923444976076555
90203,SILVER CHARM NECKLACE 70CM,534.27,71,34,18,7.547941176470588,7.524929577464788,1.0,7.5,1.4084507042253522
21418,STARFISH SOAP DISH,533.84,194,66,24,3.4825373134328355,2.751752577319588,3.0,7.65,1.5463917525773196
16169P,WRAP GREEN RUSSIAN FOLKART,533.75,1750,48,46,0.3577083333333333,0.305,25.0,10.5,1.4285714285714286
20823,GOLD WINE GOBLET,533.71,253,19,14,3.6510526315789478,2.109525691699605,4.0,18.6,1.5810276679841897
20659,ECONOMY LUGGAGE TAG,533.51,369,138,55,1.5739285714285713,1.4458265582655827,0.0,0.0,0.0
85020,ROUND PINK HEART MIRROR,533.48,240,58,36,2.571896551724138,2.2228333333333334,0.0,0.0,0.0
85030,FRENCH CHATEAU OVAL PLATTER,531.4499999999999,211,29,26,5.05344827586207,2.5187203791469193,27.0,70.64999999999999,12.796208530805686
84661B,BLACK SQUARE TABLE CLOCK,530.22,243,51,21,3.2335294117647058,2.1819753086419755,0.0,0.0,0.0
72267,PREMIUM CHURCH CANDLE,530.16,265,45,38,2.175869565217391,2.0006037735849054,0.0,0.0,0.0
21734,SMALL MARAKESH LANTERN ON STICK,529.49,97,29,14,5.727666666666667,5.458659793814433,6.0,22.5,6.185567010309279
90160D,PINK BOUDICCA LARGE BRACELET,529.22,76,25,18,6.9764,6.963421052631579,1.0,6.95,1.3157894736842104
21943,CAKES AND RABBITS DESIGN FLANNEL,529.16,591,149,37,1.1034228187919464,0.8953637901861251,0.0,0.0,0.0
84799,SPRIG LAVENDER ARTIFICIAL FLOWER,528.78,678,31,26,1.0358064516129033,0.7799115044247787,60.0,35.16,8.849557522123893
20653,CHERRY BLOSSOM LUGGAGE TAG,528.77,2004,81,26,1.3807407407407408,0.2638572854291417,0.0,0.0,0.0
23139,SINGLE WIRE HOOK PINK HEART,528.6999999999999,414,27,20,1.6128571428571428,1.2770531400966183,12.0,17.4,2.898550724637681
16202B,PASTEL BLUE PHOTO ALBUM,528.56,1039,22,13,4.7690909090909095,0.5087199230028874,472.0,144.48000000000002,45.42829643888354
23060,HEART BEADED TRELLIS DECORATION,528.1700000000001,249,42,34,2.2197727272727272,2.1211646586345383,0.0,0.0,0.0
90175D,TIGRIS EYE CHUNKY CHARM BRACELET,527.8199999999999,58,41,11,9.128780487804878,9.100344827586206,0.0,0.0,0.0
21336,GOLD WASHBAG,527.5600000000001,1823,43,13,3.43906976744186,0.2893911135490949,865.0,115.27,47.44925946242458
22344,PARTY PIZZA DISH PINK POLKADOT,526.64,1296,88,38,0.71,0.406358024691358,0.0,0.0,0.0
71270,PHOTO CLIP LINE,525.4,370,81,29,1.67,1.42,0.0,0.0,0.0
22898,CHILDRENS APRON APPLE DESIGN,524.71,291,26,25,2.0023076923076926,1.803127147766323,0.0,0.0,0.0
72728,ROSE SCENT CANDLES IN GLASS,523.1500000000001,643,54,44,0.8452727272727273,0.8136080870917576,0.0,0.0,0.0
21403,BLUE EGG SPOON,523.07,2319,157,80,0.33420382165605095,0.22555843035791293,0.0,0.0,0.0
22861,EASTER TIN CHICKS IN GARDEN,522.93,305,50,36,2.0107999999999997,1.7145245901639343,0.0,0.0,0.0
85226C,BLUE PULL BACK RACING CAR,522.3100000000001,989,83,54,0.7651190476190476,0.5281193124368049,0.0,0.0,0.0
23537,WALL ART I LOVE LONDON,521.73,99,32,18,7.0649999999999995,5.2700000000000005,0.0,0.0,0.0
21459,YELLOW EASTER EGG HUNT START POST,520.55,263,44,33,2.300909090909091,1.9792775665399238,18.0,35.1,6.844106463878327
23336,EGG FRYING PAN PINK,519.25,225,85,46,2.604418604651163,2.307777777777778,0.0,0.0,0.0
BANK CHARGES,BANK CHARGES,519.241,34,33,19,15.271794117647058,15.271794117647058,76.0,36001.49,223.52941176470588
20793,BLUE TILED TRAY,518.5,281,22,13,8.935,1.8451957295373667,5.0,33.75,1.7793594306049825
20868,SILVER FABRIC MIRROR,518.07,882,71,40,0.9214084507042254,0.5873809523809524,0.0,0.0,0.0
35810B,ENAMEL BLUE RIM COFFEE CONTAINER,517.71,325,68,43,2.2813235294117646,1.5929538461538462,13.0,10.790000000000001,4.0
84657,GREEN ROSE CUSHION COVER,517.48,246,20,14,4.4990000000000006,2.1035772357723577,0.0,0.0,0.0
84762A,WHITE PICNIC BARBECUE BUCKET,517.4300000000001,59,29,24,9.866551724137931,8.770000000000001,11.0,94.45,18.64406779661017
84683,CLASSICAL ROSE CANDLESTAND,516.85,537,46,18,1.6375510204081631,0.9624767225325885,1.0,1.25,0.186219739292365
85039C,S/4 BLACK MINI ROSE CANDLE IN BOWL,516.31,536,114,27,1.7143859649122808,0.9632649253731342,2.0,3.3,0.3731343283582089
90114,SUMMER DAISIES BAG CHARM,514.18,205,111,19,2.48972972972973,2.508195121951219,0.0,0.0,0.0
84931A,PINK SCOTTIE DOG W FLOWER PATTERN,513.69,204,82,42,2.7070731707317073,2.518088235294118,0.0,0.0,0.0
46118,FUNKY MONKEY CUSHION COVER,513.58,373,72,23,3.027945205479452,1.3768900804289546,0.0,0.0,0.0
16168M,FUNKY MONKEY GIFT BAG MEDIUM,512.38,1686,101,42,0.5918811881188119,0.3039027283511269,0.0,0.0,0.0
82605,OLD DOC RUSSEL METAL SIGN,512.13,227,101,62,2.4473529411764705,2.256079295154185,0.0,0.0,0.0
72807c,SET/3 VANILLA SCENTED CANDLE IN BOX,511.98,60,44,0,8.494545454545454,8.533,0.0,0.0,0.0
23136,IVORY WIRE SWEETHEART LETTER TRAY,511.89,135,49,39,4.034081632653061,3.7917777777777775,0.0,0.0,0.0
47559b,TEA TIME OVEN GLOVE,511.46,154,44,0,3.2895454545454546,3.321168831168831,0.0,0.0,0.0
85179A,GREEN BITTY LIGHT CHAIN,511.07,217,70,24,3.2454285714285716,2.3551612903225805,3.0,13.95,1.3824884792626728
84875B,GREEN SQUARE COMPACT MIRROR,511.01,373,40,16,1.9637499999999999,1.3699999999999999,0.0,0.0,0.0
85129C,BEADED CRYSTAL HEART BLUE SMALL,510.23,390,65,37,1.606969696969697,1.3082820512820514,0.0,0.0,0.0
84989B,75 BLACK FAIRY CAKE CASES,510.15,1009,57,34,0.6828070175438596,0.505599603567889,0.0,0.0,0.0
84782C,GREEN 3 TIER GLASS PLATE STAND,509.9,74,18,18,9.616666666666667,6.89054054054054,6.0,50.1,8.108108108108109
21540,DAIRY MAID CERAMIC BUTTER DISH,509.62,114,48,27,4.9504166666666665,4.470350877192982,12.0,51.0,10.526315789473683
90058B,CRYSTAL STUD EARRINGS ASSORTED COL,509.08,1082,29,27,0.47379310344827585,0.47049907578558225,36.0,13.68,3.3271719038817005
20753,RETRO PINK SPOT WASHING UP GLOVES,509.0,218,56,30,2.6607142857142856,2.334862385321101,2.0,4.2,0.9174311926605505
22135,LADLE LOVE HEART PINK,508.75,1096,151,40,0.682251655629139,0.4641879562043796,24.0,10.08,2.18978102189781
20615,BLUE POLKADOT PASSPORT COVER,506.96,325,109,32,2.5990825688073396,1.559876923076923,0.0,0.0,0.0
23043,PAPER LANTERN 9 POINT HOLLY STAR L,506.01,75,20,15,7.492,6.7467999999999995,0.0,0.0,0.0
20654,FIRST CLASS LUGGAGE TAG,505.41,398,120,65,1.3760330578512396,1.2698743718592966,0.0,0.0,0.0
35004S,SET OF 3 SILVER FLYING DUCKS,505.4,145,24,12,7.283333333333332,3.48551724137931,10.0,56.519999999999996,6.896551724137931
23527,WALL ART ANIMALS AND NATURE,504.59,153,31,25,4.163870967741936,3.29797385620915,7.0,26.25,4.57516339869281
37352,BIRD IN TREE MUG,504.55,4643,8,6,1.10625,0.10866896403187594,0.0,0.0,0.0
22286,DECORATION WOBBLY RABBIT METAL,504.46,830,67,35,1.225820895522388,0.6077831325301205,0.0,0.0,0.0
84877B,GREEN ROUND COMPACT MIRROR,504.43,291,43,13,2.682093023255814,1.7334364261168385,2.0,2.5,0.6872852233676976
22541,MINI JIGSAW LEAP FROG,503.92,1245,66,34,0.5591044776119403,0.40475502008032127,0.0,0.0,0.0
84218,BOX/12 CHICK & EGG IN BASKET,503.51,261,96,74,2.0510204081632653,1.9291570881226052,1.0,1.95,0.38314176245210724
85169B,BLACK LOVE BIRD CANDLE,502.90999999999997,428,93,31,1.510851063829787,1.1750233644859813,0.0,0.0,0.0
85142,JARDIN ETCHED GLASS GINGER JAR,502.58,57,34,26,9.403823529411765,8.81719298245614,1.0,7.95,1.7543859649122806
20845,ZINC HEART LATTICE 2 WALL PLANTER,502.27,76,24,15,7.169583333333333,6.608815789473684,0.0,0.0,0.0
21117,BLOND DOLL DOORSTOP,502.08000000000004,328,26,23,1.912692307692308,1.5307317073170732,0.0,0.0,0.0
79337,BLUE FLOCK GLASS CANDLEHOLDER,502.03,1194,21,16,1.0266666666666666,0.42046063651591287,6.0,2.28,0.5025125628140703
84804B,BLUE DELPHINIUM ARTIFICIAL FLOWER,501.9700000000001,355,19,17,2.5040000000000004,1.4140000000000001,1.0,2.95,0.28169014084507044
90010E,AMBER GLASS/SILVER BRACELET,501.65,56,35,16,8.912285714285714,8.958035714285714,4.0,35.8,7.142857142857142
23117,POPPY FIELDS CHOPPING BOARD,501.23,93,45,39,5.598888888888888,5.389569892473118,1.0,4.95,1.0752688172043012
47591B,SCOTTIES DES CHILD'S APRON,500.83,300,98,52,1.706734693877551,1.6694333333333333,0.0,0.0,0.0
23021,GLASS BONNE JAM JAR,500.82000000000005,120,27,24,4.441851851851852,4.173500000000001,0.0,0.0,0.0
20865,PATCHWORK PENCIL CASE BUTTERFLY,500.49,251,33,24,2.196060606060606,1.99398406374502,82.0,145.47,32.669322709163346
71143,SILVER BOOK MARK WITH BEADS,500.34,332,96,10,2.0165624999999996,1.5070481927710844,1.0,0.85,0.30120481927710846
84706D,CHERRY BLOSSOM TABLE CLOCK,500.19,219,16,14,4.771249999999999,2.283972602739726,1.0,1.95,0.45662100456621
16219,HOUSE SHAPE PENCIL SHARPENER,499.55,3357,128,58,0.555703125,0.1488084599344653,48.0,2.88,1.4298480786416443
21882,SKULLS TAPE,499.44,1052,119,61,0.7752892561983471,0.4747528517110266,0.0,0.0,0.0
35471A,SET OF 3 BIRD L.BLUE FEATHER,499.31,421,83,41,1.6135294117647059,1.1860095011876484,25.0,31.25,5.938242280285035
23560,SET OF 6 RIBBONS COUNTRY STYLE,499.18,172,26,20,3.543846153846154,2.9022093023255815,0.0,0.0,0.0
84247L,FAWN AND MUSHROOM GREETING CARD,498.21,1137,110,62,0.5278181818181817,0.43817941952506595,12.0,5.04,1.0554089709762533
20864,DENIM PATCH PENCIL CASE BUTTERFLY,498.14,252,29,20,2.2,1.9767460317460317,1.0,2.1,0.3968253968253968
47592A,CAROUSEL DES CHILD'S OVERALL,497.81,257,74,28,1.8847297297297296,1.9370038910505836,0.0,0.0,0.0
35600D,PINK AND WHITE CHRISTMAS TREE 180CM,497.70000000000005,141,13,11,7.084615384615384,3.5297872340425536,0.0,0.0,0.0
85230A,OPIUM SCENTED VOTIVE CANDLE,497.03999999999996,1992,48,31,0.2683333333333333,0.2495180722891566,0.0,0.0,0.0
21399,BLUE SPOTTY COFFEE MUG,495.98,241,35,23,2.5700000000000003,2.058008298755187,1.0,2.1,0.4149377593360996
72800C,S/4 PINK DINNER CANDLE SILVER FLOCK,494.39000000000004,394,28,22,2.642333333333333,1.2547969543147208,0.0,0.0,0.0
22031,BOTANICAL LAVENDER BIRTHDAY CARD,493.99,1125,142,65,0.5171830985915493,0.4391022222222222,12.0,5.04,1.0666666666666667
84798B,PURPLE FOXGLOVE ARTIIFCIAL FLOWER,492.90000000000003,326,10,8,2.125,1.5119631901840491,4.0,10.2,1.2269938650306749
16239,BALLERINA HEART DECORATION.,492.17,347,21,13,2.6557142857142857,1.41835734870317,0.0,0.0,0.0
90160B,RED BOUDICCA LARGE BRACELET,490.92,71,29,19,6.8420689655172415,6.9143661971830985,0.0,0.0,0.0
84827,ASS DES PHONE SPONGE CRAFT STICKER,489.79,1027,29,23,0.5545161290322581,0.4769133398247323,0.0,0.0,0.0
37482P,CUBIC MUG PINK POLKADOT,489.6,549,56,36,2.7157894736842105,0.8918032786885246,0.0,0.0,0.0
21004,ROSE DU SUD CHILDS APRON,489.14,106,52,28,4.899811320754717,4.614528301886792,0.0,0.0,0.0
35967,FOLK ART METAL STAR T-LIGHT HOLDER,488.51,936,112,50,0.765625,0.5219123931623931,1.0,0.38,0.10683760683760685
84876B,GREEN HEART COMPACT MIRROR,488.31,344,40,22,2.4007317073170733,1.4195058139534884,0.0,0.0,0.0
21663,VINTAGE GLASS SUGAR CADDY,488.16,76,32,21,7.245625,6.423157894736843,7.0,41.65,9.210526315789473
51020B,STRIPY DESIGN SHOWER CAP,488.11999999999995,1084,60,40,0.962,0.45029520295202946,2.0,0.58,0.18450184501845018
84970l,SINGLE HEART ZINC T-LIGHT HOLDER,487.14,233,65,0,2.0984615384615384,2.0907296137339055,0.0,0.0,0.0
22892,SALT AND PEPPER SHAKERS TOADSTOOLS,486.35,397,30,26,1.3696666666666666,1.2250629722921915,0.0,0.0,0.0
72800D,4 BLUE DINNER CANDLES SILVER FLOCK,485.63,213,50,29,2.8042,2.2799530516431923,0.0,0.0,0.0
22897,OVEN MITT APPLE DESIGN,485.0,343,34,30,1.5732352941176468,1.41399416909621,0.0,0.0,0.0
22407,MONEY BOX FIRST ADE DESIGN,484.34000000000003,394,64,49,1.4015625,1.229289340101523,36.0,38.16,9.137055837563452
84875D,BLUE SQUARE COMPACT MIRROR,483.75,371,37,17,1.722972972972973,1.3039083557951483,0.0,0.0,0.0
23218,LAUREL STAR ANTIQUE GOLD,483.03,379,40,27,1.57225,1.274485488126649,0.0,0.0,0.0
22259,FELT FARM ANIMAL HEN,482.95,590,72,31,1.297162162162162,0.8185593220338983,3.0,3.75,0.5084745762711864
22038,BOTANICAL LAVENDER GIFT WRAP,481.0,1150,45,43,0.4182222222222222,0.4182608695652174,0.0,0.0,0.0
84984B,RED PEONY CUSHION COVER,480.85,309,10,7,3.9300000000000006,1.5561488673139159,0.0,0.0,0.0
85227,SET/6 3D KIT CARDS FOR KIDS,480.69,592,50,27,1.1601960784313725,0.8119763513513514,0.0,0.0,0.0
22346,PARTY PIZZA DISH GREEN POLKADOT,479.6,1159,68,26,0.6523188405797101,0.41380500431406386,0.0,0.0,0.0
23169,CLASSIC GLASS SWEET JAR,479.45,119,14,14,4.092857142857143,4.028991596638655,0.0,0.0,0.0
16244A,MAXWELL 2 TONE PINK 60 PAGE PHOTO A,479.40999999999997,186,28,6,4.073571428571428,2.5774731182795696,0.0,0.0,0.0
23422,PANTRY HOOK BALLOON WHISK,477.89,213,47,29,2.777872340425532,2.2436150234741783,0.0,0.0,0.0
37492C,GREEN BLUE FLOWER PIGGY BANK,477.29999999999995,242,24,19,3.81,1.9723140495867766,1.0,4.65,0.4132231404958678
21620,S/4 ROSE BOTANICAL CANDLE,477.12,127,38,33,3.83425,3.7568503937007875,0.0,0.0,0.0
21132,SILVER STANDING GNOME,476.61,93,47,25,5.723191489361702,5.1248387096774195,0.0,0.0,0.0
72750C,"F.FAIRY S/3 CANDLE/GLASS, ROSE",476.4,232,15,12,2.75,2.0534482758620687,0.0,0.0,0.0
23561,SET OF 6 RIBBONS PARTY,476.0,170,16,13,3.40875,2.8,0.0,0.0,0.0
72801G,S/4 BURGUNDY WINE DINNER CANDLES,475.91999999999996,786,26,19,1.4284615384615384,0.6054961832061068,0.0,0.0,0.0
85170B,SET/6 BLACK BIRD T-LIGHT CANDLES,475.91,283,58,19,2.615689655172414,1.681660777385159,8.0,16.8,2.8268551236749118
85109,PINK BOUDOIR T-LIGHT HOLDER,475.43000000000006,4211,20,17,0.787,0.11290192353360248,1872.0,131.04000000000002,44.454998812633576
84809A,WHITE CHRYSANTHEMUMS ART FLOWER,474.84,276,21,18,2.020952380952381,1.7204347826086956,2.0,4.2,0.7246376811594203
21507,ELEPHANT BIRTHDAY CARD,474.78000000000003,1110,95,63,0.5482105263157895,0.4277297297297298,12.0,5.04,1.0810810810810811
21536,DAIRY MAID SMALL MILK JUG,474.74,221,61,42,2.2688888888888887,2.1481447963800906,7.0,14.700000000000001,3.167420814479638
85136B,BLUE SHARK HELICOPTER,473.77000000000004,59,47,39,8.020638297872342,8.030000000000001,1.0,7.95,1.694915254237288
22697,TEACUP AND SAUCER REGENCY GREEN,472.5,174,13,13,2.8576923076923078,2.7155172413793105,0.0,0.0,0.0
40046A,RED DAISY PAPER LAMPSHADE,472.07,355,62,26,1.7974193548387096,1.329774647887324,0.0,0.0,0.0
22951,72 CAKE CASES DOLLY GIRL DESIGN,471.84999999999997,943,25,25,0.5448000000000001,0.5003711558854719,0.0,0.0,0.0
84926E,FLOWERS TILE COASTER,471.57,1081,52,40,0.7690384615384616,0.4362349676225717,0.0,0.0,0.0
85144,JARDIN ETCHED GLASS BUTTER DISH,471.4,68,30,25,7.191935483870967,6.93235294117647,2.0,14.5,2.941176470588235
20662,FIRST CLASS HOLIDAY PURSE,471.33000000000004,728,49,23,2.718571428571429,0.6474313186813188,300.0,51.00000000000001,41.208791208791204
84901,BLACK FACE LAMB WITH PANTS,471.13,123,74,44,3.8594594594594596,3.8303252032520323,0.0,0.0,0.0
gift_0001_20,DOTCOMGIFTSHOP GIFT VOUCHER £20.00,471.06,28,26,0,16.807692307692307,16.82357142857143,0.0,0.0,0.0
23521,WALL ART CAT AND BIRD,469.73,143,40,18,4.424,3.284825174825175,0.0,0.0,0.0
21518,BANK ACCOUNT GREETING CARD,469.28000000000003,1107,109,58,0.504862385321101,0.4239205058717254,0.0,0.0,0.0
90192,JADE DROP EARRINGS W FILIGREE,469.18,94,53,10,5.0220754716981135,4.991276595744681,2.0,9.9,2.127659574468085
22686,"FRENCH BLUE METAL DOOR SIGN, NO",468.94,356,48,33,1.5912499999999998,1.317247191011236,0.0,0.0,0.0
72799B,PURPLE PILLAR CANDLE BLACK FLOCK,467.71000000000004,322,16,7,3.664375,1.4525155279503106,0.0,0.0,0.0
85211,S/4 GROOVY CAT MAGNETS,467.4,306,75,43,2.055128205128205,1.5274509803921568,5.0,6.529999999999999,1.6339869281045754
35911A,MULTICOLOUR RABBIT EGG WARMER,466.69,388,96,38,1.5051546391752577,1.2028092783505155,0.0,0.0,0.0
72225C,LAVENDER SCENT CAKE CANDLE,466.38,1926,38,25,0.2689473684210526,0.24214953271028036,48.0,13.919999999999998,2.4922118380062304
23379,PACK OF 12 RED APPLE TISSUES,465.36,1220,76,49,0.5376623376623376,0.3814426229508197,0.0,0.0,0.0
51020A,SUMMER FUN DESIGN SHOWER CAP,463.30999999999995,1303,50,37,0.8276,0.3555717574827321,2.0,0.58,0.15349194167306215
23455,SMALL PARLOUR PICTURE FRAME,462.45,165,33,30,2.8782352941176472,2.8027272727272727,0.0,0.0,0.0
90120C,GREEN MURANO TWIST BRACELET,462.32,109,58,12,4.241379310344827,4.2414678899082565,0.0,0.0,0.0
84972L,GIANT PINK HEART MEMO HOLDER,462.15000000000003,117,46,41,3.95,3.95,0.0,0.0,0.0
72132,COLUMBIAN CUBE CANDLE,462.15,549,28,22,1.6935714285714287,0.8418032786885246,0.0,0.0,0.0
72789,BASKET/8 SCENTED LOVE TOKEN CANDLES,461.53,122,45,42,3.837608695652174,3.783032786885246,10.0,37.5,8.19672131147541
85204,HANGING WOOD AND FELT FLOWER,460.9,2353,154,69,0.3968789808917197,0.1958776030599235,1.0,0.12,0.042498937526561836
90195B,BLACK GEMSTONE BRACELET,460.69,52,26,19,8.768846153846154,8.859423076923077,4.0,35.8,7.6923076923076925
23691,WRAP KEEP CALM BIRTHDAY,460.5,1125,36,34,0.4183333333333333,0.4093333333333333,0.0,0.0,0.0
84915,HAND TOWEL PINK FLOWER AND DAISY,459.56,234,37,15,4.340810810810811,1.963931623931624,0.0,0.0,0.0
84948,SILVER HANGING T-LIGHT HOLDER DOME,459.21,273,36,28,1.7905405405405406,1.682087912087912,4.0,6.6,1.465201465201465
22193,RED WALL CLOCK,459.0,60,1,1,7.65,7.65,0.0,0.0,0.0
22191,IVORY WALL CLOCK,459.0,60,1,1,7.65,7.65,0.0,0.0,0.0
47422,ASSORTED MONKEY SUCTION CUP HOOK,458.34000000000003,1177,66,28,0.4140845070422535,0.38941376380628717,49.0,20.580000000000002,4.163126593033136
16207B,PINK HEART RED HANDBAG,457.65000000000003,265,46,12,2.654782608695652,1.7269811320754718,0.0,0.0,0.0
22345,PARTY PIZZA DISH BLUE POLKADOT,457.58,1183,81,33,0.657710843373494,0.3867962806424345,18.0,15.3,1.521555367709214
23045,PAPER LANTERN 5 POINT STAR MOON,456.48,108,20,17,4.564,4.226666666666667,20.0,83.0,18.51851851851852
90145,SILVER HOOP EARRINGS WITH FLOWER,455.86,75,45,16,6.132666666666667,6.078133333333334,0.0,0.0,0.0
84509A,ENGLISH ROSE PLACEMATS,455.18,117,32,19,4.470625,3.8904273504273506,0.0,0.0,0.0
90201B,BLACK ENAMEL FLOWER RING,454.31000000000006,154,54,14,2.9568518518518516,2.9500649350649355,13.0,38.35000000000001,8.441558441558442
21757,LIGHTHOUSE PRINTED METAL SIGN,454.3,80,42,15,6.3058139534883715,5.67875,0.0,0.0,0.0
72586,"S/6 HALLOWEEN GHOST T LIGHTS, 5CM H",453.99,1059,58,39,0.5444827586206896,0.4286968838526912,0.0,0.0,0.0
84508B,STRIPES DESIGN TEDDY,453.76,169,74,40,2.8228378378378376,2.6849704142011834,6.0,15.3,3.5502958579881656
22813,PACK 3 BOXES BIRD PANETTONE,451.84,204,31,11,3.4170967741935483,2.2149019607843137,0.0,0.0,0.0
20621,ECONOMY PASSPORT COVER,451.67,207,33,23,2.3584848484848484,2.1819806763285023,0.0,0.0,0.0
23548,WRAP MAGIC FOREST,451.5,1075,43,42,0.42,0.42,0.0,0.0,0.0
23509,MINI PLAYING CARDS FUN FAIR,451.46000000000004,1062,65,51,0.4865151515151515,0.4251035781544256,0.0,0.0,0.0
90120B,BLUE MURANO TWIST BRACELET,451.44,107,42,17,4.192619047619048,4.219065420560748,0.0,0.0,0.0
82081,PINK HEARTS PHOTO ALBUM,451.35,174,23,11,5.259130434782609,2.5939655172413794,0.0,0.0,0.0
84597C,RETRO PINK BALL ASHTRAY,450.98,364,44,21,1.4622727272727274,1.238956043956044,4.0,5.0,1.098901098901099
16012,FOOD/DRINK SPONGE STICKERS,449.82,2142,63,53,0.21,0.21,0.0,0.0,0.0
21393,BLUE POLKADOT PUDDING BOWL,449.26,2565,15,14,1.788125,0.17515009746588694,2496.0,324.48,97.30994152046783
20616,CHERRY BLOSSOM PASSPORT COVER,449.26,283,121,31,2.0985123966942147,1.5874911660777384,0.0,0.0,0.0
16218,CARTOON PENCIL SHARPENERS,448.13,4629,98,60,0.4536734693877551,0.09680924605746381,0.0,0.0,0.0
90014A,SILVER/MOP ORBIT NECKLACE,447.21,44,34,15,10.20705882352941,10.163863636363637,0.0,0.0,0.0
17164D,ASS COL SMALL SAND FROG P'WEIGHT,447.0,1150,28,26,0.41516129032258065,0.38869565217391305,0.0,0.0,0.0
72127,COLUMBIAN CANDLE ROUND,445.94,366,65,49,1.3138805970149254,1.218415300546448,1.0,1.25,0.273224043715847
79030D,"TUMBLER, BAROQUE",445.45,484,21,15,4.163333333333334,0.9203512396694215,0.0,0.0,0.0
84857C,PINK MONTE CARLO HANDBAG,445.03,197,17,13,4.375294117647059,2.2590355329949237,1.0,1.95,0.5076142131979695
21529,RED RETROSPOT TOASTRACK,444.36,120,49,32,4.132448979591837,3.7030000000000003,3.0,10.350000000000001,2.5
90010A,MIDNIGHT BLUE GLASS/SILVER BRACELET,443.84999999999997,49,30,12,9.071666666666665,9.058163265306122,6.0,53.7,12.244897959183673
72128,COLUMBIAN CANDLE ROUND,442.23999999999995,714,88,61,0.8893406593406593,0.6193837535014005,0.0,0.0,0.0
62096B,PURPLE/TURQ FLOWERS HANDBAG,441.99,257,82,42,2.315542168674699,1.719805447470817,0.0,0.0,0.0
90198B,VINTAGE ROSE BEAD BRACELET BLACK,441.9,104,49,22,4.244693877551021,4.249038461538461,0.0,0.0,0.0
16243B,BROWN COZY SQUARE PHOTO ALBUM,441.77,212,8,1,5.49625,2.083820754716981,0.0,0.0,0.0
90154,LAZER CUT NECKLACE W PASTEL BEADS,439.65,59,7,6,8.707142857142857,7.451694915254237,0.0,0.0,0.0
16161M,WRAP PINK FLOCK,439.0,1050,39,36,0.41794871794871796,0.4180952380952381,25.0,10.5,2.380952380952381
79030A,"TUMBLER, ENGLISH ROSE",438.25,171,33,18,5.692424242424242,2.5628654970760234,0.0,0.0,0.0
23023,RIDGED BONNE JAM JAR T-LIGHT HOLDER,437.82,274,25,23,1.7651999999999999,1.5978832116788322,2.0,3.3,0.7299270072992701
90013A,MIDNIGHT BLUE VINTAGE EARRINGS,434.27,115,77,8,3.788961038961039,3.7762608695652173,8.0,30.0,6.956521739130435
22343,PARTY PIZZA DISH RED WHITE SPOT,434.07,488,34,21,1.1191176470588236,0.8894877049180328,0.0,0.0,0.0
79071B,ENGLISH ROSE METAL WASTE BIN,433.70000000000005,142,66,51,3.1742424242424243,3.0542253521126765,0.0,0.0,0.0
21027,NINJA RABBIT PINK,433.61,355,77,39,1.2543037974683544,1.22143661971831,0.0,0.0,0.0
84859B,BLUE DISCO HANDBAG,433.46,282,18,14,2.8922222222222222,1.5370921985815602,0.0,0.0,0.0
84510F,SET OF 4 NEW ENGLAND COASTERS,432.75,1099,38,23,1.4618421052631578,0.3937670609645132,2.0,2.5,0.18198362147406735
84798A,PINK FOXGLOVE ARTIIFCIAL FLOWER,432.45000000000005,195,10,9,2.505,2.217692307692308,12.0,30.6,6.153846153846154
37464,ROBOT MUG IN DISPLAY BOX,431.18,316,82,45,1.7680722891566265,1.364493670886076,0.0,0.0,0.0
84858B,BLUE RIVIERA HANDBAG,431.0,326,9,8,2.816666666666667,1.322085889570552,0.0,0.0,0.0
23058,CHRISTMAS HANGING SNOWFLAKE,430.86,490,48,39,1.2252083333333335,0.8793061224489797,0.0,0.0,0.0
72800C,4 PINK DINNER CANDLE SILVER FLOCK,430.45,266,50,33,2.6636,1.6182330827067668,0.0,0.0,0.0
20851,ZINC HEART LATTICE TRAY OVAL,429.57,335,28,21,5.966206896551724,1.2822985074626865,2.0,11.9,0.5970149253731344
16045,POPART WOODEN PENCILS ASST,429.44,9312,74,65,0.049600000000000005,0.04611683848797251,0.0,0.0,0.0
90013B,BLACK VINTAGE EARRINGS,428.92,104,79,5,4.186835443037975,4.12423076923077,0.0,0.0,0.0
84966B,BLUE KASHMIRI BOXED MIRROR,428.0,33,4,3,16.0,12.969696969696969,0.0,0.0,0.0
84422,PINK/BLUE DISC/MIRROR STRING,427.95,782,38,19,1.0126315789473683,0.5472506393861892,49.0,19.57,6.265984654731457
84801A,PINK HYDRANGEA ART FLOWER,427.44000000000005,272,15,14,1.976,1.5714705882352944,0.0,0.0,0.0
23457,LARGE PARLOUR PICTURE FRAME,427.03000000000003,85,29,25,5.135862068965517,5.023882352941177,0.0,0.0,0.0
23522,DOG AND BALL WALL ART,425.87999999999994,252,4,3,2.26,1.6899999999999997,0.0,0.0,0.0
85230G,ORANGE VOTIVE CANDLE,425.75999999999993,1680,46,32,0.2691304347826087,0.2534285714285714,48.0,13.919999999999998,2.857142857142857
20715,LITTLE FLOWER SHOPPER BAG,424.0,400,1,1,1.06,1.06,400.0,424.0,100.0
21028,NINJA RABBIT BLACK,423.9,323,92,31,1.6121739130434782,1.3123839009287925,0.0,0.0,0.0
45016,DECORATIVE NET CANOPY LEOPARD,423.73,101,25,8,5.946923076923077,4.195346534653465,6.0,22.5,5.9405940594059405
16207A,PINK STRAWBERRY HANDBAG,423.53000000000003,143,76,17,3.001578947368421,2.961748251748252,0.0,0.0,0.0
21678,PAISLEY PATTERN STICKERS,423.0,572,80,39,0.97425,0.7395104895104895,0.0,0.0,0.0
16008,SMALL FOLDING SCISSOR(POINTED EDGE),422.96,3141,85,64,0.15623529411764706,0.1346577523081821,0.0,0.0,0.0
21729,SMALL MARAKESH METAL LANTERN,422.9,124,30,19,4.051290322580646,3.4104838709677416,0.0,0.0,0.0
22446,PIN CUSHION RUSSIAN DOLL PINK,422.45000000000005,122,34,24,3.7544117647058823,3.462704918032787,0.0,0.0,0.0
22840,"CAKE TIN, ROUND, VINTAGE RED,CREAM",421.05,59,10,10,7.55,7.136440677966102,0.0,0.0,0.0
47579,TEA TIME BREAKFAST BASKET,420.87,185,55,37,2.5601785714285716,2.274972972972973,1.0,2.1,0.5405405405405406
46126A,ELVIS WALLHANGING / CURTAIN,419.99,317,48,23,1.5891666666666666,1.3248895899053628,0.0,0.0,0.0
84967C,GREEN KASHMIRI OCCASIONAL TABLE,419.85,9,4,3,67.4625,46.650000000000006,0.0,0.0,0.0
84770,ROUND GEORGIAN SILVER MIRROR,419.25000000000006,135,16,14,3.825,3.105555555555556,46.0,135.70000000000002,34.074074074074076
72780,BLACK SILOUETTE CANDLE PLATE,418.18,514,44,36,0.8411363636363636,0.813579766536965,12.0,10.2,2.3346303501945527
22032,BOTANICAL LILY GREETING CARD,418.12,980,111,64,0.46522522522522525,0.4266530612244898,0.0,0.0,0.0
72750A,FLOWER FAIRY SET OF 3 LILY CANDLES,417.7,206,8,6,2.45,2.0276699029126215,2.0,3.9,0.9708737864077669
84532B,FAIRY CAKES RECTANGLUAR BOXES,417.58,54,31,21,7.502903225806452,7.732962962962962,0.0,0.0,0.0
85097B,BLUE ROCKING SINGING CANARY,417.17,106,40,25,4.135365853658537,3.9355660377358492,12.0,38.6,11.320754716981133
37482P,CUBIC MUG PINK POLKA DOT,416.71000000000004,118,27,17,6.839259259259259,3.531440677966102,0.0,0.0,0.0
35240,ENAMEL BLUE RIM OVAL TRAY SET/2,416.01,49,39,35,8.49,8.49,0.0,0.0,0.0
85014b,RED RETROSPOT UMBRELLA,414.82000000000005,33,30,0,12.555333333333333,12.570303030303032,0.0,0.0,0.0
84529C,YELLOW KNITTED KIDS RUCKSACK,414.74,78,37,9,5.033783783783784,5.317179487179487,0.0,0.0,0.0
84997b,RED 3 PIECE MINI DOTS CUTLERY SET,414.18,49,7,0,8.348571428571429,8.45265306122449,0.0,0.0,0.0
22395,PAPERWEIGHT VINTAGE PAISLEY,413.76,234,53,31,3.0911320754716978,1.768205128205128,0.0,0.0,0.0
84007,MAGIC GARDEN MOUNT FUJI,413.12,157,39,30,2.6815384615384614,2.6313375796178344,0.0,0.0,0.0
85112,S/3 TEAR DROP CUT GLASS DECORATION,412.77,465,34,20,1.6549999999999998,0.8876774193548387,0.0,0.0,0.0
23459,DOLLY CABINET 2 DRAWERS,412.5,33,19,19,12.5,12.5,3.0,37.5,9.090909090909092
20666,ECONOMY HOLIDAY PURSE,412.45000000000005,911,46,22,2.408478260869565,0.45274423710208567,400.0,68.0,43.90779363336993
23415,HOME SWEET HOME HOOK,412.17999999999995,328,47,42,1.4517021276595745,1.2566463414634146,5.0,8.25,1.524390243902439
21520,BOOZE & WOMEN GREETING CARD,411.63,957,108,61,0.5285185185185185,0.4301253918495298,2.0,0.84,0.20898641588296762
84884a,ANT WHITE WIRE HEART SPIRAL,410.89,49,35,0,8.37742857142857,8.385510204081632,0.0,0.0,0.0
20857,BLUE ROSE PATCH PURSE PINK BUTTERFL,410.84999999999997,249,73,57,1.65,1.65,16.0,26.4,6.425702811244979
21341,KASBAH LANTERN WITH GLASS,410.64,72,29,15,7.1865517241379315,5.703333333333333,0.0,0.0,0.0
90149,SILVER FLOWR PINK SHELL NECKLACE,410.26000000000005,62,9,6,7.371111111111111,6.617096774193549,0.0,0.0,0.0
84509B,FAIRY CAKE PLACEMATS,409.94,107,28,20,4.573571428571428,3.831214953271028,0.0,0.0,0.0
37444B,BLUE BREAKFAST CUP AND SAUCER,409.6,2010,28,14,3.8150000000000004,0.2037810945273632,984.0,127.92,48.95522388059702
16169F,WRAP BLIZZARD,409.5,975,34,34,0.42,0.42,0.0,0.0,0.0
84595B,LARGE TRIFLE DESIGN L BLUE BOWL,408.9,230,16,13,3.09375,1.7778260869565217,0.0,0.0,0.0
22786,PILLOWCUSHION COVER PINK UNION JACK,408.83000000000004,67,22,17,6.412727272727273,6.101940298507463,0.0,0.0,0.0
21252,SET OF MEADOW FLOWER STICKERS,408.66,168,22,14,3.3613636363636363,2.4325,0.0,0.0,0.0
22323,BAG FOR CHILDREN VINTAGE PINK,408.0,96,1,1,4.25,4.25,0.0,0.0,0.0
22324,BAG FOR CHILDREN VINTAGE BLUE,408.0,96,1,1,4.25,4.25,0.0,0.0,0.0
72803B,OCEAN SCENT CANDLE JEWELLED DRAWER,407.88,92,36,28,4.472105263157895,4.433478260869565,2.0,8.5,2.1739130434782608
22776,"CAKESTAND, 3 TIER, LOVEHEART",405.5,46,7,7,9.328571428571427,8.815217391304348,0.0,0.0,0.0
84984A,GREEN PEONY CUSHION COVER,403.75,255,12,8,3.8000000000000003,1.5833333333333333,0.0,0.0,0.0
82076,BEECH WOOD PHOTO FRAME,403.64,290,19,5,2.726842105263158,1.3918620689655172,0.0,0.0,0.0
90206C,CRYSTAL DIAMANTE STAR BROOCH,402.61,80,57,9,5.043684210526316,5.032625,0.0,0.0,0.0
84932B,SMALL PINK PEONY FOLDING STOOL,401.3,189,17,17,3.105882352941176,2.1232804232804234,0.0,0.0,0.0
22134,MINI LADLE LOVE HEART RED,401.18,865,153,28,0.6414285714285715,0.4637919075144509,0.0,0.0,0.0
23339,EGG FRYING PAN BLUE,400.84000000000003,173,76,43,2.511578947368421,2.3169942196531794,0.0,0.0,0.0
23576,SNACK TRAY RED VINTAGE DOILY,400.03999999999996,198,37,28,2.4010526315789473,2.02040404040404,0.0,0.0,0.0
23429,RED RETRO KITCHEN WALL CLOCK,400.01,47,23,19,8.887391304347826,8.510851063829787,0.0,0.0,0.0
23039,T-LIGHT HOLDER SILVER HEART HANDLE,399.71,199,28,22,2.3906896551724137,2.0085929648241203,6.0,11.7,3.015075376884422
85007,SET OF 3 VINTAGE TEA TIME BOXES,399.62,143,21,16,4.180454545454546,2.7945454545454544,3.0,13.95,2.097902097902098
23466,TUSCAN VILLA DOVECOTE BIRD FEEDER,399.03,43,23,17,10.403478260869566,9.279767441860464,1.0,8.25,2.3255813953488373
21698,MOCK LOBSTER FRIDGE MAGNET,399.01,530,112,38,1.2316964285714285,0.7528490566037735,0.0,0.0,0.0
20889,JARDIN DE FEMME SCENTED CANDLE,398.04,657,13,12,2.3376923076923077,0.6058447488584475,0.0,0.0,0.0
D,DISCOUNT,397.89,196,5,5,41.378,2.030051020408163,3064.0,13277.52,1563.265306122449
79191B,RETRO PLASTIC POLKA TRAY,397.37,479,70,46,1.0322857142857143,0.8295824634655532,32.0,27.199999999999996,6.6805845511482245
85167A,WHITE GRAND BAROQUE PHOTO FRAME,396.8,176,14,12,4.235714285714286,2.2545454545454544,27.0,81.0,15.340909090909092
90180A,BLACK+WHITE NECKLACE W TASSEL,396.64,44,28,18,9.73,9.014545454545454,1.0,9.95,2.272727272727273
84804A,CREAM DELPHINIUM ARTIFICIAL FLOWER,396.38000000000005,218,18,15,2.7022222222222223,1.8182568807339452,0.0,0.0,0.0
21025,SPACE FROG,396.12,300,81,30,1.520864197530864,1.3204,0.0,0.0,0.0
90120A,PINK MURANO TWIST BRACELET,395.68,93,41,14,4.258536585365854,4.254623655913979,0.0,0.0,0.0
23484,HEART TRELLIS TRIPLE T-LIGHT HOLDER,395.11,129,30,20,3.8125806451612902,3.062868217054264,0.0,0.0,0.0
84726,LILLIES CANVAS PICTURE,394.85,233,5,4,2.17,1.6946351931330472,0.0,0.0,0.0
84873A,FUNKY FLOWER PICNIC BAG FOR 4,394.15,32,16,5,13.243749999999999,12.3171875,0.0,0.0,0.0
21736,GOLD SCROLL GLASS T-LIGHT HOLDER,393.69,193,27,22,2.343571428571429,2.039844559585492,3.0,1.17,1.5544041450777202
23661,MILK MAIDS MUG,393.59,219,33,23,2.2335294117647058,1.797214611872146,20.0,33.0,9.1324200913242
84952A,CLEAR LOVE BIRD T-LIGHT HOLDER,392.53,148,39,13,3.135897435897436,2.6522297297297297,0.0,0.0,0.0
90201D,GREEN ENAMEL FLOWER RING,391.37,133,57,12,2.9396491228070176,2.9426315789473683,0.0,0.0,0.0
84673B,BLUE FLY SWAT,391.31,503,133,65,0.9244776119402984,0.7779522862823062,1.0,0.65,0.19880715705765406
90124B,BLUE MURANO TWIST NECKLACE,391.18,39,30,11,10.054333333333334,10.03025641025641,0.0,0.0,0.0
84711A,SILVER OVAL SHAPE TRINKET BOX,390.95,42,24,13,9.000416666666666,9.308333333333334,0.0,0.0,0.0
23150,IVORY SWEETHEART SOAP DISH,390.75,148,49,33,2.9436734693877553,2.6402027027027026,1.0,2.49,0.6756756756756757
20661,BLUE POLKADOT PURSE,390.16,415,53,9,3.068490566037736,0.940144578313253,330.0,139.5,79.51807228915662
47562,ENGLISH ROSE IRONING BOARD COVER,390.0,104,41,16,3.75,3.75,4.0,14.2,3.8461538461538463
84802B,PURPLE ANEMONE ARTIFICIAL FLOWER,389.79,411,17,16,1.5405882352941176,0.9483941605839417,0.0,0.0,0.0
84081,WHITE CERAMIC PARTY SET (5PCS),389.3,100,20,14,5.212000000000001,3.8930000000000002,1.0,4.25,1.0
16044,POP-ART FLUORESCENT PENS,389.22,6193,3,2,0.3,0.06284837720006459,0.0,0.0,0.0
23337,EGG FRYING PAN MINT,388.75,180,69,49,2.287971014492754,2.1597222222222223,0.0,0.0,0.0
84497,BUTTONS AND STRIPES NOTEBOOK,387.13,97,37,29,4.15102564102564,3.9910309278350513,0.0,0.0,0.0
23103,BELL HEART DECORATION,387.0,252,9,9,1.6277777777777775,1.5357142857142858,0.0,0.0,0.0
90158,ST TROPEZ NECKLACE,386.32,77,63,11,5.028888888888889,5.017142857142857,0.0,0.0,0.0
84292,ROSE PINK METAL FOLDING CHAIR,385.98,44,14,11,10.534285714285714,8.772272727272728,1.0,7.95,2.272727272727273
90070,RUBY GLASS CLUSTER BRACELET,385.15000000000003,63,35,9,6.216571428571429,6.113492063492064,9.0,53.550000000000004,14.285714285714285
22698,TEACUP AND SAUCER REGENCY PINK,384.0,144,9,9,2.816666666666667,2.6666666666666665,0.0,0.0,0.0
22838,"CAKE TIN, 3 TIER RED/IVORY",383.4,28,8,8,14.399999999999999,13.692857142857141,0.0,0.0,0.0
84509c,SET OF 4 POLKADOT PLACEMATS,383.18,51,32,0,7.515,7.513333333333334,0.0,0.0,0.0
90201A,PURPLE ENAMEL FLOWER RING,382.84000000000003,130,54,16,2.9424074074074076,2.944923076923077,4.0,11.8,3.076923076923077
23116,VEGETABLE GARDEN CHOPPING BOARD,382.44,76,22,17,6.240909090909091,5.032105263157895,0.0,0.0,0.0
71053,WHITE MOROCCAN METAL LANTERN,381.54999999999995,69,26,9,6.704615384615384,5.529710144927535,0.0,0.0,0.0
90035B,"PEARL & SHELL 42""NECKL. PINK",380.89,43,4,4,10.185,8.857906976744186,0.0,0.0,0.0
72801E,S/4 FESTIVE GREEN DINNER CANDLES,380.84,718,22,17,1.231818181818182,0.5304178272980501,0.0,0.0,0.0
90184A,AMBER CHUNKY BEAD BRACELET W STRAP,380.82,42,25,11,9.146799999999999,9.067142857142857,0.0,0.0,0.0
72750B,"F.FAIRY S/3 CANDLE/GLASS,LAVENDER",380.35,193,9,8,2.3944444444444444,1.9707253886010363,0.0,0.0,0.0
20670,VIP HOLIDAY PURSE,378.85,694,48,20,2.8625000000000003,0.5458933717579251,312.0,86.4,44.95677233429395
84533B,FAIRY CAKES ROUND NESTING BOXES,377.93,59,24,17,7.096666666666667,6.405593220338983,0.0,0.0,0.0
20976,12 PENCILS SMALL TUBE POSY,376.34000000000003,549,76,51,0.748421052631579,0.6855009107468124,0.0,0.0,0.0
85033G,SET/6 GOLD REINDEER T-LIGHT CANDLES,376.05,236,32,16,2.742424242424242,1.5934322033898305,3.0,1.9500000000000002,1.2711864406779663
16258A,SWIRLY CIRCULAR RUBBERS IN BAG,375.93,1063,101,58,0.5233009708737864,0.3536500470366886,1.0,0.42,0.09407337723424271
23396,LA JARDIN BOTANIQUE CUSHION COVER,375.53,87,28,23,5.007142857142857,4.3164367816091955,0.0,0.0,0.0
23128,DOLLCRAFT BOY JEAN-PAUL,373.9,82,12,12,4.883333333333334,4.559756097560975,0.0,0.0,0.0
84680,CLASSICAL ROSE URN,372.3,94,17,14,7.06764705882353,3.9606382978723405,2.0,15.9,2.127659574468085
84741C,CITRUS GARLAND FELT FLOWERS,372.14,185,51,42,2.125576923076923,2.0115675675675675,0.0,0.0,0.0
84877D,BLUE ROUND COMPACT MIRROR,371.84999999999997,160,43,14,2.9727906976744185,2.3240624999999997,0.0,0.0,0.0
84429A,MEDIUM PINK BUDDHA HEAD,371.78000000000003,109,42,22,4.005,3.4108256880733947,0.0,0.0,0.0
16216,LETTER SHAPE PENCIL SHARPENER,371.64,4158,88,69,0.21955056179775279,0.08937950937950938,110.0,17.6,2.6455026455026456
22511,DOORSTOP RUSSIAN DOLL RETROSPOT,371.1,102,36,31,3.733783783783784,3.6382352941176475,0.0,0.0,0.0
90134,OLD ROSE COMBO BEAD NECKLACE,370.92,126,96,2,2.9409375,2.943809523809524,0.0,0.0,0.0
78033,FLAG OF ST GEORGE CHAIR,370.6,156,19,13,4.652631578947369,2.3756410256410256,3.0,17.85,1.9230769230769231
22559,SEASIDE FRISBEE,370.54,308,26,21,1.3807692307692307,1.2030519480519482,0.0,0.0,0.0
79336,LIGHT PINK FLOCK GLASS CANDLEHOLDER,369.78000000000003,840,21,13,1.4557142857142857,0.4402142857142857,0.0,0.0,0.0
20663,QUEEN OF THE SKIES HOLIDAY PURSE,369.41,1074,44,13,2.5777272727272726,0.3439571694599628,503.0,93.85,46.83426443202979
20652,BLUE POLKADOT LUGGAGE TAG,369.39,284,94,34,1.5206382978723405,1.300669014084507,0.0,0.0,0.0
90082B,DIAMANTE BOW BROOCH RED COLOUR,368.29999999999995,58,25,18,6.35,6.35,0.0,0.0,0.0
20906,VINTAGE NOTEBOOK BEAUTY GIRL,368.24,101,47,25,4.0925,3.645940594059406,0.0,0.0,0.0
85026B,EAU DE NILE JEWELLED T-LIGHT HOLDER,367.55,300,29,20,1.1020689655172413,1.2251666666666667,10.0,8.5,3.3333333333333335
47503G,ASS FLORAL PRINT TAPE MEASURE,367.36,284,35,21,1.5697222222222222,1.2935211267605635,0.0,0.0,0.0
23575,SNACK TRAY PAISLEY PARK,367.34999999999997,179,32,22,2.5823529411764703,2.0522346368715083,0.0,0.0,0.0
47504G,ENGLISH ROSE TAPE MEASURE,366.81,266,57,38,1.92859649122807,1.378984962406015,1.0,1.25,0.37593984962406013
35915A,CREAM KNITTED HEN,365.76,288,1,1,1.27,1.27,0.0,0.0,0.0
90002D,FLOWER BURST SILVER RING CRYSTAL,365.74,104,34,17,3.7570588235294116,3.516730769230769,2.0,7.5,1.9230769230769231
84926D,LA PALMIERA TILE COASTER,365.34999999999997,773,47,29,1.0852083333333333,0.4726390685640362,0.0,0.0,0.0
79190A,RETRO PLASTIC 70'S TRAY,364.25,790,119,42,0.577983193277311,0.4610759493670886,34.0,14.67,4.30379746835443
35968,FOLK ART METAL HEART T-LIGHT HOLDER,363.34000000000003,761,75,49,0.6993421052631579,0.4774507227332458,25.0,9.5,3.28515111695138
90164B,WHITE ROSEBUD PEARL BRACELET,362.94,67,35,8,6.648571428571429,5.417014925373135,0.0,0.0,0.0
90160A,PURPLE BOUDICCA LARGE BRACELET,362.51,52,25,18,6.98,6.971346153846154,7.0,48.65,13.461538461538462
85094,CANDY SPOT EGG WARMER RABBIT,360.99,760,108,40,0.8366666666666667,0.47498684210526315,1.0,1.25,0.13157894736842105
21880,RED AND WHITE SPOT TAPE,360.93,483,71,35,1.138732394366197,0.7472670807453416,12.0,7.800000000000001,2.484472049689441
84760S,SMALL HANGING GLASS+ZINC LANTERN,360.21,222,36,24,1.9478378378378376,1.6225675675675675,0.0,0.0,0.0
21946,PARTY TIME DESIGN FLANNEL,358.96999999999997,625,67,25,0.9995522388059701,0.574352,0.0,0.0,0.0
84402D,PINK DRESS JEWELLERY STAND,358.93,373,13,9,2.2946153846153847,0.9622788203753352,0.0,0.0,0.0
90036E,"FLOWER GLASS GARLD NECKL36""AMETHYST",358.87,45,28,10,7.991785714285714,7.974888888888889,0.0,0.0,0.0
23579,SNACK TRAY I LOVE LONDON,358.75,169,35,22,2.6265714285714283,2.1227810650887573,0.0,0.0,0.0
84711B,PINK OVAL SHAPE TRINKET BOX,357.71,39,30,11,8.988,9.172051282051282,0.0,0.0,0.0
84997a,GREEN 3 PIECE MINI DOTS CUTLERY SET,357.41,43,11,0,8.006363636363638,8.311860465116279,0.0,0.0,0.0
84800M,MEDIUM WHITE/PINK ROSE ART FLOWER,357.22,250,27,25,1.5892592592592591,1.4288800000000001,3.0,5.07,1.2
22555,PLASTERS IN TIN MR STRONG,357.0,228,11,11,1.6318181818181818,1.5657894736842106,0.0,0.0,0.0
35912B,WHITE/PINK CHICK DECORATION,355.58000000000004,288,30,22,1.8506666666666667,1.2346527777777778,0.0,0.0,0.0
21038,SET/4 MODERN VINTAGE COTTON NAPKINS,355.48,166,52,39,2.2201923076923076,2.1414457831325304,2.0,5.9,1.2048192771084338
20799,PINK MILKSHAKE GLASS,355.33,200,26,11,3.1257692307692304,1.7766499999999998,8.0,29.46,4.0
72487,ROSES WHITE ROUND CANDLE,355.05,827,14,13,1.1528571428571428,0.429322853688029,0.0,0.0,0.0
90019A,SILVER M.O.P ORBIT BRACELET,354.59000000000003,68,51,16,5.2829411764705885,5.214558823529412,0.0,0.0,0.0
72801C,4 ROSE PINK DINNER CANDLES,354.45,537,28,20,1.3875,0.6600558659217877,0.0,0.0,0.0
47310M,SMALL POP BOX FUNKY MONKEY,353.98,258,87,20,1.5590909090909089,1.3720155038759692,0.0,0.0,0.0
90082A,DIAMANTE BOW BROOCH GREEN COLOUR,353.71,55,32,16,6.4799999999999995,6.4310909090909085,0.0,0.0,0.0
90013C,GREEN VINTAGE EARRINGS,353.55,88,56,10,4.1125,4.017613636363636,1.0,3.75,1.1363636363636365
20950,SET/6 ANGEL T-LIGHTS WHITE/GOLD,353.39,687,83,57,0.7546428571428571,0.514395924308588,0.0,0.0,0.0
22039,BOTANICAL LILY GIFT WRAP,353.0,850,30,27,0.41466666666666663,0.4152941176470588,25.0,10.5,2.941176470588235
84898F,YELLOW FLOWERS FELT HANDBAG KIT,352.75,165,52,37,2.1796153846153845,2.1378787878787877,0.0,0.0,0.0
46000R,POLYESTER FILLER PAD 45X30CM,352.34999999999997,303,62,42,1.4266129032258066,1.1628712871287128,0.0,0.0,0.0
84809B,PINK CHRYSANTHEMUMS ART FLOWER,351.6,296,8,7,1.7875,1.1878378378378378,0.0,0.0,0.0
23420,PANTRY HOOK TEA STRAINER,351.37,164,32,26,2.33625,2.1425,0.0,0.0,0.0
82001s,VINYL RECORD FRAME SILVER,351.09999999999997,47,14,0,7.482857142857143,7.470212765957446,0.0,0.0,0.0
90201C,RED ENAMEL FLOWER RING,350.94000000000005,119,46,16,2.9495652173913043,2.9490756302521013,6.0,17.700000000000003,5.042016806722689
90161A,ANT COPPER RED BOUDICCA BRACELET,349.96,70,43,14,5.023953488372093,4.999428571428571,0.0,0.0,0.0
22268,DECORATION SITTING BUNNY,349.53999999999996,1480,83,32,0.422,0.23617567567567566,39.0,7.41,2.635135135135135
23421,PANTRY HOOK SPATULA,349.2,160,33,24,2.5148484848484847,2.1825,0.0,0.0,0.0
72750A,"F.FAIRY S/3 CANDLE/GLASS,LILY/VALLY",349.15000000000003,177,8,8,2.45,1.9725988700564974,0.0,0.0,0.0
22029,SPACE BOY BIRTHDAY CARD,349.12,823,67,51,0.5092537313432836,0.4242041312272175,0.0,0.0,0.0
82011B,BATHROOM SCALES RUBBER DUCKS,348.8,93,48,23,4.251041666666667,3.750537634408602,0.0,0.0,0.0
23044,PAPER LANTERN 9 POINT HOLLY STAR S,348.59000000000003,83,20,19,4.347142857142858,4.199879518072289,0.0,0.0,0.0
23057,GEMSTONE CHANDELIER T-LIGHT HOLDER,347.7,78,7,7,4.835714285714286,4.457692307692308,0.0,0.0,0.0
84249D,FAIRY CAKE GREETINGS CARD,347.3,823,64,48,0.4790625,0.42199270959902796,24.0,10.08,2.916160388821385
84535A,ENGLISH ROSE NOTEBOOK A6 SIZE,346.93,607,64,44,0.8453846153846154,0.5715485996705107,0.0,0.0,0.0
22257,FELT FARM ANIMAL SHEEP,345.47999999999996,419,57,23,1.2447457627118643,0.8245346062052505,12.0,15.0,2.863961813842482
84801B,WHITE HYDRANGEA ART FLOWER,345.0,214,18,14,2.0194444444444444,1.6121495327102804,0.0,0.0,0.0
90148,LONG SILVER NECKLACE PASTEL FLOWER,343.98,27,18,15,12.735,12.74,1.0,12.75,3.7037037037037033
35004c,SET OF 3 COLOURED FLYING DUCKS,343.72,27,25,0,12.731200000000001,12.730370370370371,0.0,0.0,0.0
84881,BLUE WIRE SPIRAL CANDLE HOLDER,342.94,52,24,21,6.8808333333333325,6.595,1.0,6.35,1.9230769230769231
21306,SET/4 DAISY MIRROR MAGNETS,342.8,681,68,48,1.3966176470588234,0.5033773861967695,19.0,7.32,2.7900146842878124
20940,SET/6 GARDEN GNOME T-LIGHT CANDLES,342.75,118,22,15,3.475454545454546,2.9046610169491527,36.0,106.2,30.508474576271187
90191,SILVER LARIAT 40CM,342.6,40,21,13,11.324761904761905,8.565000000000001,0.0,0.0,0.0
35833P,4 PINK FLOCK CHRISTMAS BALLS,342.17,185,64,32,2.33578125,1.8495675675675676,0.0,0.0,0.0
72814,SET/3 CHRISTMAS BRIAR CANDLES,341.53,90,23,18,3.925217391304348,3.7947777777777776,2.0,7.5,2.2222222222222223
72811,SMALL ZINC/GLASS CANDLEHOLDER,340.45,445,22,18,1.4468181818181818,0.7650561797752808,0.0,0.0,0.0
23523,WALL ART TREASURE AHOY,340.35,90,25,21,4.158399999999999,3.7816666666666667,6.0,22.5,6.666666666666667
75149N,STRING CRYSTALS NATURAL,340.0,272,25,18,1.25,1.25,0.0,0.0,0.0
79303B,BLUE STAR BLOCK TABLE LAMP,339.57,109,10,4,4.752000000000001,3.115321100917431,0.0,0.0,0.0
84925A,WAKE UP COCKEREL WALL THERMOMETER,339.29,179,17,14,2.808235294117647,1.8954748603351956,0.0,0.0,0.0
84576,BLUE CAT BISCUIT BARREL PINK HEART,337.04,96,32,19,4.8925,3.5108333333333337,0.0,0.0,0.0
23127,DOLLCRAFT GIRL NICOLE,336.6,68,12,12,4.95,4.95,0.0,0.0,0.0
35914,PINK CHICK EGG WARMER + EGG CUP,336.58,243,56,25,1.637758620689655,1.3851028806584362,0.0,0.0,0.0
17011F,ORIGAMI SANDLEWOOD INCENSE+FLOWER,336.2,385,20,15,2.12,0.8732467532467533,0.0,0.0,0.0
20847,ZINC HEART LATTICE CHARGER LARGE,334.35,80,27,17,4.747407407407407,4.179375,1.0,7.62,1.25
17109A,FLOWER FAIRY INCENSE LILY,333.61,709,13,12,1.1861538461538461,0.4705359661495064,0.0,0.0,0.0
21402,RED EGG SPOON,333.42,1698,151,81,0.3663815789473684,0.19636042402826856,1.0,0.42,0.058892815076560655
90175C,BLUE GLASS CHUNKY CHARM BRACELET,332.95,37,20,15,9.04,8.998648648648649,0.0,0.0,0.0
20688,BEAUTY SPEED EXPRESSO CUPS,332.9,464,11,9,6.004545454545454,0.7174568965517241,0.0,0.0,0.0
47583B,SET OF 3 WICKER BASKET TEA AND CAKE,332.6,27,6,6,21.958333333333332,12.31851851851852,0.0,0.0,0.0
21420,OYSTER TRINKET BOX,332.16,120,31,21,3.613125,2.7680000000000002,0.0,0.0,0.0
35637C,PINK STRING CURTAIN WITH POLE,331.14,100,19,14,6.51,3.3114,0.0,0.0,0.0
85024B,EAU DE NILE JEWELLED PHOTOFRAME,330.9,218,20,19,1.6404761904761902,1.5178899082568806,0.0,0.0,0.0
84870C,GREEN GEISHA GIRL,330.36,93,41,21,3.4463414634146345,3.552258064516129,0.0,0.0,0.0
35921,EASTER BUNNY HANGING GARLAND,330.32,183,49,23,2.8282,1.8050273224043716,1.0,1.25,0.546448087431694
90129B,TURQUOISE GLASS TASSLE BAG CHARM,329.95,146,62,17,2.0748387096774197,2.259931506849315,0.0,0.0,0.0
37467,PIG MUG IN TWO COLOUR DESIGNS,328.51,273,64,28,2.58890625,1.2033333333333334,0.0,0.0,0.0
72739B,WHITE CHOCOLATE SCENT CANDLE,328.39,394,28,10,1.835357142857143,0.8334771573604061,0.0,0.0,0.0
90014B,GOLD M PEARL ORBIT NECKLACE,327.81,32,26,11,10.25153846153846,10.2440625,0.0,0.0,0.0
21722,SWEET PUDDING STICKER SHEET,327.75,347,79,33,1.1548101265822783,0.9445244956772334,3.0,2.55,0.8645533141210375
23236,DOILEY BISCUIT TIN,327.59999999999997,120,13,13,2.8592307692307695,2.7299999999999995,0.0,0.0,0.0
84902,PINK KNITTED COW STUFFED TOY,326.33,84,53,28,3.930377358490566,3.884880952380952,0.0,0.0,0.0
84706A,ENGLISH ROSE TABLE CLOCK,325.88,137,7,6,7.339999999999999,2.3786861313868615,0.0,0.0,0.0
21309,LOUVRE CHALKBOARD,325.6,49,5,5,9.16,6.644897959183674,1.0,9.95,2.0408163265306123
90209A,PURPLE ENAMEL+GLASS HAIR COMB,325.5,173,10,7,1.9949999999999999,1.8815028901734103,9.0,18.9,5.202312138728324
22045,SPACE BOY GIFT WRAP,325.5,775,27,26,0.42,0.42,0.0,0.0,0.0
23037,CANDLE HOLDER SILVER MADELINE,325.15999999999997,196,20,17,1.886,1.6589795918367345,0.0,0.0,0.0
23478,WOODLAND LARGE PINK FELT HEART,324.40000000000003,285,13,9,1.5130769230769232,1.1382456140350878,0.0,0.0,0.0
23521,CAT AND BIRD WALL ART,323.64,270,4,3,2.005,1.1986666666666665,0.0,0.0,0.0
90175B,PINK GLASS CHUNKY CHARM BRACELET,322.85,36,27,6,8.966666666666667,8.968055555555557,2.0,17.9,5.555555555555555
84870B,BLUE GEISHA GIRL,322.61,90,40,22,3.658,3.5845555555555557,1.0,3.75,1.1111111111111112
90197B,BLACK GLASS BRACELET W HEART CHARMS,322.52,64,51,2,5.046666666666667,5.039375,0.0,0.0,0.0
90178A,AMBER CHUNKY GLASS+BEAD NECKLACE,322.40999999999997,27,21,14,11.938571428571427,11.94111111111111,0.0,0.0,0.0
23205,CHARLOTTE BAG ALPHABET DESIGN,320.5,400,22,22,0.838181818181818,0.80125,0.0,0.0,0.0
72801G,4 BURGUNDY WINE DINNER CANDLES,320.2,537,38,28,1.3038461538461539,0.5962756052141527,0.0,0.0,0.0
85131C,BEADED CRYSTAL HEART BLUE ON STICK,320.15,439,72,20,0.9393150684931506,0.7292710706150342,0.0,0.0,0.0
85070,ANT WHITE SWEETHEART TABLE W 3 DRAW,320.0,3,3,3,106.66666666666667,106.66666666666667,1.0,125.0,33.33333333333333
22287,DECORATION WOBBLY CHICKEN,319.14,560,45,25,1.181111111111111,0.5698928571428571,12.0,4.68,2.142857142857143
84795b,SUNSET CHECK HAMMOCK,317.71999999999997,19,17,0,16.712352941176473,16.722105263157893,0.0,0.0,0.0
85089,CANDY SPOT BUNNY,317.54,99,29,15,3.9010000000000002,3.207474747474748,0.0,0.0,0.0
85033S,SET/6 SILVER REINDEER T-LIGHTS,317.34999999999997,258,49,34,1.567,1.2300387596899223,1.0,0.65,0.3875968992248062
84933C,LARGE BLUE ORIENTAL FOLDING STOOL,317.0,136,6,6,4.716666666666667,2.3308823529411766,0.0,0.0,0.0
90018A,SILVER M.O.P ORBIT DROP EARRINGS,316.99,75,56,15,4.218928571428572,4.226533333333333,1.0,4.25,1.3333333333333335
17091B,JASMINE TEA INCENSE IN TIN,316.98,276,51,35,1.4219230769230768,1.1484782608695654,0.0,0.0,0.0
21401,BLUE PUDDING SPOON,315.7,1437,121,72,0.3197540983606557,0.2196938065414057,0.0,0.0,0.0
84509G,FAIRY CAKE PLACEMATS,315.55,82,27,18,4.586296296296296,3.848170731707317,0.0,0.0,0.0
85129B,BEADED CRYSTAL HEART GREEN SMALL,315.11,233,56,26,1.7257142857142858,1.3524034334763948,0.0,0.0,0.0
84673A,PINK FLY SWAT,314.84,500,99,57,0.740990099009901,0.6296799999999999,1.0,0.65,0.2
84933A,LARGE GREEN PEONY FOLDING STOOL,314.34999999999997,131,6,5,4.716666666666666,2.3996183206106867,0.0,0.0,0.0
90000D,COPPER/OLIVE GREEN FLOWER NECKLACE,313.75,51,34,13,6.20764705882353,6.151960784313726,0.0,0.0,0.0
46000U,POLYESTER FILLER PAD 30CMX30CM,313.75,271,52,39,1.2259615384615385,1.1577490774907748,0.0,0.0,0.0
35638B,PINK/BLUE STRING CURTAIN,313.28999999999996,118,11,7,6.6036363636363635,2.655,0.0,0.0,0.0
37343,POLKADOT MUG PINK,313.26,193,30,18,2.0513333333333335,1.6231088082901555,0.0,0.0,0.0
23695,DOILY THANK YOU CARD,313.24,741,57,41,0.5042105263157894,0.42272604588394064,0.0,0.0,0.0
23130,MISELTOE HEART WREATH,312.8,80,5,5,4.07,3.91,0.0,0.0,0.0
84802A,WHITE ANEMONE ARTIFICIAL FLOWER,312.65000000000003,185,24,21,1.6900000000000002,1.6900000000000002,0.0,0.0,0.0
84838,ANT WHITE HIGH RISE BIRD BOX,312.5,50,4,3,7.875,6.25,0.0,0.0,0.0
90016B,GOLD/M.O.P PENDANT ORBIT NECKLACE,312.14,37,30,14,8.433333333333334,8.436216216216216,0.0,0.0,0.0
84522,PINK PARTY SUNGLASSES,311.86,186,26,19,1.8596153846153847,1.6766666666666667,0.0,0.0,0.0
84984C,ORIENTAL BLUE CUSHION COVER,311.57,219,8,6,4.2775,1.4226940639269405,0.0,0.0,0.0
35979,SIX STRING SCANDINAVIAN HEART DECS,311.03000000000003,94,27,19,3.823571428571429,3.308829787234043,12.0,35.400000000000006,12.76595744680851
62095B,TURQOISE ICE CREAM SUNHAT,310.83,292,21,18,1.558095238095238,1.0644863013698629,0.0,0.0,0.0
84623,PINK GINGHAM ROSE FLOOR CUSHION,310.44,56,14,8,8.072142857142858,5.543571428571428,0.0,0.0,0.0
84933B,LARGE PINK PEONY FOLDING STOOL,309.15,136,6,5,3.408333333333333,2.273161764705882,0.0,0.0,0.0
84661A,WHITE SQUARE TABLE CLOCK,308.99,222,43,22,2.9223255813953486,1.3918468468468468,0.0,0.0,0.0
20795,LARGE BLUE PROVENCAL CERAMIC BALL,308.7,135,29,15,2.956896551724138,2.2866666666666666,7.0,14.7,5.185185185185185
22844,VINTAGE DOG FOOD CONTAINER,308.64,36,6,6,8.61,8.573333333333332,0.0,0.0,0.0
77081,FLOWER WINDMILL,308.38,242,33,17,1.7766666666666666,1.274297520661157,1.0,1.25,0.4132231404958678
21196,ROUND WHITE CONFETTI IN TUBE,306.89,178,22,16,1.9382608695652173,1.7241011235955055,0.0,0.0,0.0
22453,MEASURING TAPE RUSSIAN DOLL BLUE,306.81000000000006,103,28,22,3.0557142857142856,2.9787378640776705,1.0,2.95,0.9708737864077669
84671B,CROCHET BEAR WITH BLUE STRIPES,306.77,109,32,20,3.185151515151515,2.8144036697247703,0.0,0.0,0.0
23495,SET OF 3 PANTRY WOODEN SPOONS,306.66,225,41,21,1.7221951219512195,1.3629333333333336,0.0,0.0,0.0
90173,PAIR BUTTERFLY HAIR CLIPS,306.64,81,51,7,3.7961538461538464,3.7856790123456787,1.0,3.75,1.2345679012345678
72130,COLUMBIAN CANDLE ROUND,306.35,753,57,39,0.6849152542372882,0.4068393094289509,0.0,0.0,0.0
16254,TRANSPARENT ACRYLIC TAPE DISPENSER,305.66,941,40,17,1.2665853658536586,0.3248246546227418,0.0,0.0,0.0
23131,MISELTOE HEART WREATH WHITE,304.5,78,4,4,4.050000000000001,3.9038461538461537,0.0,0.0,0.0
20800,LARGE GLASS SUNDAE DISH CLEAR,303.96,1005,5,2,3.618,0.30244776119402983,0.0,0.0,0.0
84219,BOX/12 MOTHER & CHICK IN BASKET/BOW,303.86,137,28,24,2.5967857142857143,2.217956204379562,0.0,0.0,0.0
72753D,S/3 FLWR FAIRY SUMMER CANDLES,302.40000000000003,144,9,9,2.1,2.1,16.0,33.6,11.11111111111111
90036D,"FLOWER GLASS GARLAND NECKL.36""BLACK",302.29,38,16,11,7.961875,7.955000000000001,0.0,0.0,0.0
84968e,SET OF 16 VINTAGE BLACK CUTLERY,302.16999999999996,12,9,0,25.195555555555554,25.18083333333333,0.0,0.0,0.0
85147,JARDIN ETCHED GLASS CANDLEHLDR LONG,301.95,61,16,14,4.95,4.95,2.0,9.9,3.278688524590164
23430,BLUE RETRO KITCHEN WALL CLOCK,301.88,36,18,16,8.621111111111112,8.385555555555555,0.0,0.0,0.0
35645,VINTAGE BEAD PINK JEWEL BOX,301.81,61,34,18,5.501764705882353,4.947704918032787,0.0,0.0,0.0
21321,GLASS CHALICE BLUE LARGE,301.8,122,18,10,3.076111111111111,2.4737704918032786,15.0,34.2,12.295081967213115
23522,WALL ART DOG AND BALL,301.56,102,28,17,3.883571428571429,2.956470588235294,0.0,0.0,0.0
90098,NECKLACE+BRACELET PINK BUTTERFLY,301.28,137,55,22,2.3189090909090906,2.199124087591241,6.0,15.3,4.37956204379562
90035C,"PEARL & SHELL 42""NECKL. IVORY",301.0,28,5,5,10.75,10.75,0.0,0.0,0.0
22852,ENAMEL DOG BOWL CREAM,300.48,76,3,3,4.206666666666667,3.953684210526316,0.0,0.0,0.0
84509E,SET OF 4 CAROUSEL PLACEMATS,300.3,157,29,9,4.032068965517242,1.9127388535031848,0.0,0.0,0.0
23440,PAINT YOUR OWN EGGS IN CRATE,299.36,164,5,5,2.022,1.8253658536585367,0.0,0.0,0.0
17001,HEAVENS SCENT FRAGRANCE OILS ASSTD,299.34999999999997,1211,23,20,0.27956521739130435,0.24719240297274978,6.0,1.7399999999999998,0.495458298926507
90124A,PINK MURANO TWIST NECKLACE,299.28,30,20,16,9.989,9.975999999999999,0.0,0.0,0.0
18096C,WHITE ROUND PORCELAIN TLIGHT HOLDER,298.7,117,20,12,3.4455,2.552991452991453,12.0,30.6,10.256410256410255
35981C,WHITE SNOW SCANDINAVIAN STOCKING,297.62,589,67,55,0.6566666666666667,0.5052971137521223,0.0,0.0,0.0
84627,CANDY STRIPE ROSE C/COVER,297.5,50,19,15,5.95,5.95,8.0,47.6,16.0
84247N,PACK/12 BLUE FOLKART CARDS,297.48,113,53,33,2.3926415094339624,2.632566371681416,33.0,97.35000000000001,29.20353982300885
84509C,SET OF 4 DOTTY PLACEMATS,297.48,70,23,11,5.061304347826087,4.249714285714286,0.0,0.0,0.0
22135,MINI LADLE LOVE HEART PINK,297.4,528,166,20,0.6704216867469879,0.5632575757575757,0.0,0.0,0.0
21157,RED RETROSPOT WASHBAG,296.99,103,44,13,3.3674999999999997,2.8833980582524275,0.0,0.0,0.0
17012E,ORIGAMI OPIUM INCENSE/CANDLE SET,296.78999999999996,263,29,12,2.488965517241379,1.1284790874524713,0.0,0.0,0.0
79190D,RETRO PLASTIC DAISY TRAY,296.58,641,112,44,0.5636607142857143,0.4626833073322933,5.0,2.1,0.7800312012480499
35920,FOUR RABBIT EASTER DECORATIONS,296.34,1070,24,18,1.6679166666666667,0.27695327102803735,0.0,0.0,0.0
47471,RAINBOW PEGS PHOTO CLIP STRING,295.72,428,63,35,0.9604761904761905,0.6909345794392524,0.0,0.0,0.0
DCGSSGIRL,GIRLS PARTY BAG,295.63,92,23,0,3.2317391304347827,3.2133695652173913,0.0,0.0,0.0
79051A,SMOKEY GREY COLOUR D.O.F. GLASS,295.58,702,39,30,0.836046511627907,0.42105413105413103,0.0,0.0,0.0
90129A,PINK GLASS TASSLE BAG CHARM,295.38,151,73,14,1.9371621621621622,1.956158940397351,0.0,0.0,0.0
20869,GOLD FABRIC MIRROR,295.12,529,53,30,0.9422222222222223,0.557882797731569,0.0,0.0,0.0
21697,SET 5 MINI DOUGHNUT FRIDGE MAGNET,295.08000000000004,372,7,6,1.4914285714285713,0.793225806451613,0.0,0.0,0.0
23126,DOLLCRAFT GIRL AMELIE KIT,294.7,66,8,8,4.8500000000000005,4.465151515151515,0.0,0.0,0.0
90185D,CRYSTAL DIAMANTE EXPANDABLE RING,293.33,69,35,14,4.252571428571429,4.251159420289855,3.0,12.75,4.3478260869565215
84926A,WAKE UP COCKEREL TILE COASTER,293.08,664,51,29,0.9750980392156862,0.44138554216867465,0.0,0.0,0.0
84482,BUTTONS DESIGN JEWELLERY BOX,293.02,75,32,22,4.106666666666667,3.906933333333333,10.0,37.5,13.333333333333334
72801F,S/4 FESTIVE RED DINNER CANDLES,292.5,234,25,20,1.25,1.25,0.0,0.0,0.0
90030B,RED KUKUI COCONUT SEED NECKLACE,292.08000000000004,139,36,17,4.014722222222222,2.1012949640287775,0.0,0.0,0.0
37422,WHITE WITH BLACK CATS BOWL,292.08,434,73,14,1.3546575342465754,0.6729953917050691,0.0,0.0,0.0
84800S,SMALL WHITE/PINK ROSE ART FLOWER,292.03999999999996,388,19,19,1.0989473684210527,0.7526804123711339,2.0,2.5,0.5154639175257731
22952,SET 72 CAKE CASES VINTAGE CHRISTMAS,291.6,672,4,4,0.5175000000000001,0.43392857142857144,0.0,0.0,0.0
23567,EGG CUP HENRIETTA HEN PINK,291.58,211,37,15,1.823157894736842,1.3818957345971563,1.0,1.25,0.47393364928909953
21030,SPACE CADET RED,290.9,239,51,37,1.2030769230769232,1.2171548117154811,0.0,0.0,0.0
84529A,PINK KNITTED KIDS RUCKSACK,290.78,50,19,9,6.563684210526316,5.8156,0.0,0.0,0.0
20826,SILVER APERITIF GLASS,290.72,355,14,11,1.3478571428571429,0.8189295774647888,0.0,0.0,0.0
16202A,PASTEL PINK PHOTO ALBUM,290.45,662,21,16,4.4852380952380955,0.4387462235649547,324.0,97.80000000000001,48.94259818731118
21388,IVORY HANGING DECORATION CHICKEN,290.16999999999996,311,29,27,0.9158620689655173,0.9330225080385851,0.0,0.0,0.0
23410,CURIO CABINET LINEN AND LACE,290.1,36,18,16,8.027777777777779,8.058333333333334,1.0,8.15,2.7777777777777777
84882,GREEN WIRE STANDING CANDLE HOLDER,289.43,66,36,22,4.704166666666667,4.385303030303031,0.0,0.0,0.0
85014a,BLACK/BLUE POLKADOT UMBRELLA,288.92,23,19,0,12.569473684210527,12.561739130434784,0.0,0.0,0.0
23015,CORDIAL GLASS JUG,288.88,34,16,13,8.742941176470588,8.496470588235294,7.0,57.75,20.588235294117645
20987,GEISHA GIRL CHOPSTICKS SET/5,288.35,131,22,11,3.0181818181818185,2.201145038167939,0.0,0.0,0.0
23047,PAPER LANTERN 5 POINT SEQUIN STAR,287.5,50,21,21,5.75,5.75,0.0,0.0,0.0
21144,PINK POODLE HANGING DECORATION,287.47,543,60,40,1.03672131147541,0.5294106813996318,12.0,4.5600000000000005,2.209944751381215
84997a,GREEN 3 PIECE POLKADOT CUTLERY SET,287.08000000000004,34,10,0,8.379999999999999,8.443529411764708,0.0,0.0,0.0
16212,FUNKY GIRLZ ASST MAGNETIC MEMO PAD,287.01,438,38,29,1.637857142857143,0.6552739726027397,0.0,0.0,0.0
20821,GOLDIE LOOKING MIRROR,286.42,42,25,10,7.882000000000001,6.81952380952381,14.0,69.30000000000001,33.33333333333333
37413,ICON MUG REVOLUTIONARY,284.49,703,81,52,0.4107228915662651,0.40467994310099575,0.0,0.0,0.0
90185B,AMETHYST DIAMANTE EXPANDABLE RING,284.43,67,34,12,4.2385294117647065,4.245223880597015,19.0,80.75,28.35820895522388
84247E,PACK OF 12 CHRISTMAS FUN CARDS,283.79,106,37,13,2.632162162162162,2.6772641509433965,23.0,67.85000000000001,21.69811320754717
82093,HEART SHAPE BUTTON FRAME,283.49,139,28,7,3.1478571428571427,2.039496402877698,0.0,0.0,0.0
20980,36 PENCILS TUBE POSY,282.31,233,58,35,1.4045762711864407,1.2116309012875537,9.0,11.25,3.862660944206009
22546,MINI JIGSAW FIDO,282.24,672,10,10,0.42000000000000004,0.42000000000000004,0.0,0.0,0.0
85049g,CHOCOLATE BOX RIBBONS,281.44,115,52,0,2.43,2.447304347826087,0.0,0.0,0.0
84977,WIRE FLOWER T-LIGHT HOLDER,281.33,223,44,34,1.3086363636363636,1.2615695067264574,0.0,0.0,0.0
16052,TEATIME PUSH DOWN RUBBER,281.32,848,35,18,0.5685714285714285,0.3317452830188679,24.0,10.08,2.8301886792452833
23481,PEARLISED IVORY HEART SMALL,281.17,228,29,23,1.28125,1.233201754385965,0.0,0.0,0.0
90163A,PINK ROSEBUD & PEARL NECKLACE,280.71,37,24,5,7.605416666666667,7.586756756756756,0.0,0.0,0.0
47578A,ENGLISH ROSE SMALL SCENTED FLOWER,279.88,307,69,42,1.0512162162162162,0.9116612377850163,0.0,0.0,0.0
84508C,BLUE CIRCLES DESIGN TEDDY,279.82,103,43,22,2.949302325581395,2.7166990291262136,1.0,2.55,0.9708737864077669
72739C,DARK CHOCOLATE SCENTCANDLE,279.08,326,23,10,1.6782608695652175,0.8560736196319018,25.0,31.25,7.668711656441718
84625B,BLCK NEW BAROQUE CANDLESTICK CANDLE,279.0,180,17,15,2.3323529411764707,1.55,12.0,10.2,6.666666666666667
21412,VINTAGE GOLD TINSEL REEL,279.0,275,67,33,1.7285135135135135,1.0145454545454546,9.0,3.7800000000000002,3.272727272727273
90115,SUMMER BUTTERFLIES BAG CHARM,278.96,108,60,11,2.632166666666666,2.582962962962963,0.0,0.0,0.0
22954,HEN PARTY CORDON BARRIER TAPE,278.89,226,49,27,1.3906122448979592,1.2340265486725663,1.0,1.25,0.4424778761061947
84457,SET/3 RABBITS FLOWER SKIPPPING ROPE,278.72999999999996,291,64,37,1.1467692307692305,0.9578350515463916,0.0,0.0,0.0
21367,MIRRORED WALL ART GENTS,278.47999999999996,211,60,37,2.5669999999999997,1.3198104265402841,0.0,0.0,0.0
84926F,PSYCHEDELIC TILE COASTER,277.9,484,42,24,1.4188095238095237,0.5741735537190082,24.0,6.959999999999999,4.958677685950414
23413,DECORATIVE VINTAGE COFFEE BOX,277.0,52,22,13,6.240909090909091,5.326923076923077,0.0,0.0,0.0
44235,ASS COL CIRCLE MOBILE,276.96,752,15,12,0.4125,0.3682978723404255,0.0,0.0,0.0
90146,FINE SILVER NECKLACE W PASTEL FLOWE,276.49,41,19,12,7.4495000000000005,6.743658536585366,2.0,15.0,4.878048780487805
22889,NUMBER TILE VINTAGE FONT NO,276.42,173,36,7,3.6169444444444445,1.5978034682080926,0.0,0.0,0.0
84966C,GREEN KASHMIRI BOXED MIRROR,276.0,23,2,1,12.0,12.0,0.0,0.0,0.0
DCGS0076,SUNJAR LED NIGHT NIGHT LIGHT,275.96,17,14,0,16.255,16.232941176470586,0.0,0.0,0.0
23137,ZINC WIRE SWEETHEART LETTER TRAY,275.62,83,23,18,3.9765217391304346,3.320722891566265,0.0,0.0,0.0
90085,CRYSTAL STILETTO PHONE CHARM,275.53,311,29,14,1.1817241379310344,0.8859485530546622,90.0,76.5,28.938906752411576
21095,SET/6 POSIES PAPER PLATES,274.57,295,40,24,1.0065853658536585,0.9307457627118644,0.0,0.0,0.0
84924F,PSYCHEDELIC METAL SIGN CALENDAR,274.55,975,10,8,2.952,0.2815897435897436,480.0,120.0,49.23076923076923
21193,WHITE HONEYCOMB PAPER FAN,274.37,111,22,14,2.8434782608695657,2.471801801801802,0.0,0.0,0.0
75178,ASSTD COL BUTTERFLY/CRYSTAL W/CHIME,273.93,497,25,11,1.4991999999999999,0.5511670020120725,0.0,0.0,0.0
90122A,PINK CRYSTAL+GLASS BRACELET,273.89,55,31,14,5.000967741935484,4.979818181818182,0.0,0.0,0.0
84927F,PSYCHEDELIC TILE HOOK,273.32,335,62,44,1.60390625,0.8158805970149253,6.0,4.05,1.791044776119403
23141,TRIPLE WIRE HOOK PINK HEART,272.91,79,25,18,4.2404,3.454556962025317,0.0,0.0,0.0
84924D,LA PALMIERA METAL SIGN CALENDAR,272.61,764,15,11,3.7993333333333337,0.3568193717277487,0.0,0.0,0.0
23203,JUMBO BAG VINTAGE DOILEY,272.57,144,7,6,2.3314285714285714,1.8928472222222221,0.0,0.0,0.0
79303D,LILAC FLOWER BLOCK TABLE LAMP,272.45,78,19,5,4.860526315789474,3.492948717948718,2.0,5.9,2.564102564102564
35096A,BLUE VICTORIAN FABRIC HEART BOX,272.45,765,50,18,0.6742,0.3561437908496732,0.0,0.0,0.0
84499,BLACK FLOWER CANDLE PLATE,272.16999999999996,326,41,16,1.238780487804878,0.8348773006134969,0.0,0.0,0.0
90185C,BLACK DIAMANTE EXPANDABLE RING,271.96,64,32,17,4.24875,4.249375,29.0,123.25,45.3125
90032,IVORY SHELL HEART NECKLACE,271.88,48,24,12,6.118333333333333,5.664166666666667,0.0,0.0,0.0
90014C,SILVER/BLACK ORBIT NECKLACE,271.33,27,18,12,10.098888888888887,10.049259259259259,0.0,0.0,0.0
84192,ASSORTED COLOUR METAL CAT,271.1,226,38,29,1.2402564102564102,1.1995575221238939,0.0,0.0,0.0
23474,WOODLAND SMALL BLUE FELT HEART,270.96000000000004,312,37,26,1.0405263157894737,0.8684615384615386,0.0,0.0,0.0
21629,SQUARE FLOOR CUSHION VINTAGE PINK,270.47,19,14,3,14.652142857142858,14.235263157894739,0.0,0.0,0.0
47586A,PINK FAIRY CAKE CUSHION COVER,270.43,200,29,23,2.32,1.35215,0.0,0.0,0.0
47351B,BLUE VOILE LAMPSHADE,269.90000000000003,98,14,11,2.9214285714285717,2.7540816326530617,48.0,122.4,48.97959183673469
85195,HANGING HEART BASKET,269.44000000000005,146,17,14,2.205294117647059,1.8454794520547948,1.0,2.1,0.684931506849315
90122C,TURQUOISE CRYSTAL+GLASS BRACELET,269.1,54,30,12,5.009,4.983333333333333,0.0,0.0,0.0
72793,BLACK BOX MIRROR LANTERN,268.75,55,10,5,5.5600000000000005,4.886363636363637,1.0,5.95,1.8181818181818181
20818,GOLD TEDDY BEAR,268.5,87,30,20,4.491666666666666,3.086206896551724,0.0,0.0,0.0
21372,MIRRORED WALL ART TABLE LAMP,267.01,156,50,28,2.5941176470588236,1.711602564102564,0.0,0.0,0.0
79030D,TUMBLER BAROQUE,266.19,525,40,22,0.9255000000000001,0.5070285714285714,1.0,0.39,0.19047619047619047
23489,"GARLAND, VINTAGE BELLS",265.88,92,10,10,2.89,2.89,0.0,0.0,0.0
47481,50CM METAL STRING WITH 7 CLIPS,265.4,326,44,31,1.1075,0.8141104294478527,0.0,0.0,0.0
23476,WOODLAND LARGE RED FELT HEART,264.72,205,22,18,1.4700000000000002,1.2913170731707317,0.0,0.0,0.0
21950,SET OF 6 DOTS CHOPSTICKS,263.63,211,18,2,2.3994444444444443,1.249431279620853,181.0,192.05,85.78199052132702
90157,RIVIERA NECKLACE,263.28000000000003,53,24,14,4.982916666666667,4.967547169811321,0.0,0.0,0.0
90129E,PURPLE GLASS TASSLE BAG CHARM,263.14,129,59,10,1.9168333333333334,2.03984496124031,0.0,0.0,0.0
84906,PINK B'FLY C/COVER W BOBBLES,262.62,43,16,11,6.373125,6.107441860465117,0.0,0.0,0.0
84806A,PINK CANDYSTUFT ARTIFICIAL FLOWER,261.90999999999997,319,20,19,1.135,0.8210344827586206,0.0,0.0,0.0
23194,GYMKHANNA TREASURE BOOK BOX,261.84000000000003,120,14,14,2.189285714285714,2.1820000000000004,0.0,0.0,0.0
21268,VINTAGE BLUE TINSEL REEL,261.66,397,49,31,1.2884615384615385,0.6590931989924433,0.0,0.0,0.0
79328,BLUE FLOCK GLASS CANDLEHOLDER,260.76,594,17,6,1.4888235294117647,0.438989898989899,4.0,1.52,0.6734006734006733
72799D,BLUE PILLAR CANDLE SILVER FLOCK,260.67,78,18,12,3.742105263157895,3.341923076923077,0.0,0.0,0.0
44234,ASSORTED CIRCULAR MOBILE,260.39,1213,56,28,0.3788524590163934,0.21466611706512778,2.0,0.42,0.16488046166529266
84597B,RETRO BROWN BALL ASHTRAY,259.37,205,27,11,1.612962962962963,1.265219512195122,3.0,3.75,1.4634146341463417
85095,THREE CANVAS LUGGAGE TAGS,259.09,174,49,9,1.7959183673469388,1.4890229885057469,0.0,0.0,0.0
23032,DOORKNOB CRACKED GLAZE IVORY,258.3,174,5,5,1.6099999999999999,1.4844827586206897,0.0,0.0,0.0
84613C,BLUE NEW BAROQUE FLOCK CANDLESTICK,258.06,62,12,11,4.580000000000001,4.162258064516129,0.0,0.0,0.0
72801D,4 SKY BLUE DINNER CANDLES,257.93,381,29,19,1.446551724137931,0.676981627296588,0.0,0.0,0.0
90035A,"PEARL & SHELL 42""NECKL. GREEN",257.55,24,16,7,10.721874999999999,10.731250000000001,0.0,0.0,0.0
84520b,PACK 20 ENGLISH ROSE PAPER NAPKINS,257.4,110,10,0,2.085,2.34,0.0,0.0,0.0
85179C,PINK BITTY LIGHT CHAIN,257.15,116,40,10,3.185,2.216810344827586,0.0,0.0,0.0
84371,BIG PINK POODLE,257.1,30,6,4,17.375,8.57,0.0,0.0,0.0
90040B,MURANO STYLE GLASS BRACELET BLACK,255.97,71,36,17,3.6669444444444443,3.605211267605634,0.0,0.0,0.0
22870,NUMBER TILE COTTAGE GARDEN 2,254.56,98,43,15,3.2436363636363637,2.5975510204081633,0.0,0.0,0.0
17038,PORCELAIN BUDAH INCENSE HOLDER,254.51000000000002,2559,55,21,0.4290909090909091,0.0994568190699492,0.0,0.0,0.0
10123C,HEARTS WRAPPING TAPE,254.41000000000003,650,63,39,0.7906349206349207,0.3914,150.0,12.540000000000001,23.076923076923077
22869,NUMBER TILE COTTAGE GARDEN 1,253.94,100,46,19,3.1365217391304347,2.5394,1.0,1.95,1.0
84461,12 PINK HEN+CHICKS IN BASKET,253.79,99,40,33,2.60775,2.5635353535353533,11.0,28.05,11.11111111111111
gift_0001_50,DOTCOMGIFTSHOP GIFT VOUCHER £50.00,253.59,6,6,0,42.265,42.265,0.0,0.0,0.0
21493,VINTAGE DESIGN GIFT TAGS,252.45,272,29,22,1.0483333333333333,0.928125,0.0,0.0,0.0
79338,DARK PINK FLOCK GLASS CANDLEHOLDER,252.29,553,13,8,1.4692307692307693,0.45622061482820975,0.0,0.0,0.0
21032,SPACE CADET WHITE,252.16,203,50,28,1.4007999999999998,1.242167487684729,3.0,3.75,1.477832512315271
21370,MIRRORED WALL ART FOXY,251.97,54,22,15,7.356363636363636,4.666111111111111,0.0,0.0,0.0
90208,PAIR OF ENAMEL FLOWER CLUSTER SLIDE,251.59,105,30,5,2.5366666666666666,2.396095238095238,0.0,0.0,0.0
23149,ANTIQUE IVORY WIRE BOWL SMALL,251.45,99,21,17,2.7252380952380952,2.53989898989899,11.0,27.39,11.11111111111111
DCGSSBOY,BOYS PARTY BAG,251.35,77,21,0,3.2261904761904763,3.2642857142857142,0.0,0.0,0.0
90081C,LILY BROOCH OLIVE COLOUR,250.47,50,36,13,5.032500000000001,5.0094,0.0,0.0,0.0
90073,VINTAGE ENAMEL & CRYSTAL EARRINGS,250.34,50,34,7,5.029411764705882,5.0068,0.0,0.0,0.0
20836,FRENCH PAISLEY CUSHION COVER,250.00000000000003,224,22,18,1.1209090909090909,1.1160714285714286,24.0,45.36000000000001,10.714285714285714
21460,GREEN EASTER EGG HUNT START POST,249.64999999999998,113,27,20,2.3655555555555554,2.2092920353982297,8.0,15.6,7.079646017699115
90170,DAISY HAIR BAND,249.57999999999998,150,73,10,1.6715068493150684,1.6638666666666666,12.0,19.799999999999997,8.0
90087,CRYSTAL SEA HORSE PHONE CHARM,249.55999999999997,311,53,13,1.381320754716981,0.8024437299035369,50.0,42.5,16.077170418006432
22984,"CARD, GINGHAM ROSE",249.44,596,47,38,0.46446808510638293,0.4185234899328859,0.0,0.0,0.0
22812,PACK 3 BOXES CHRISTMAS PANETTONE,248.48,76,24,9,3.3125,3.269473684210526,6.0,11.7,7.894736842105263
84030c,KNITTED RAINBOW HOT WATER BOTTLE,248.0,32,13,0,7.718461538461539,7.75,0.0,0.0,0.0
22328,"ROUND SNACK BOXES ,SET 4, FRUITS",247.8,84,5,5,2.95,2.95,0.0,0.0,0.0
23168,CLASSIC SUGAR DISPENSER,247.32,216,12,12,1.1975,1.145,0.0,0.0,0.0
84621,BLUE GINGHAM ROSE FLOOR CUSHION,247.26,29,15,9,9.064,8.526206896551724,0.0,0.0,0.0
90036C,"FLOWER GLASS GARLAND NECKL.36""BLUE",246.83,31,15,7,7.975333333333334,7.96225806451613,0.0,0.0,0.0
82011A,"BATHROOM SCALES, TROPICAL BEACH",246.58,59,34,19,4.359705882352941,4.1793220338983055,1.0,3.75,1.694915254237288
47503H,ASS FLORAL PRINT SPIRIT LEVEL,246.12,160,60,45,1.9179365079365078,1.5382500000000001,1.0,1.95,0.625
46307,ROSES BLUE BASE CUSHION COVER,246.03,51,33,4,5.2645454545454555,4.824117647058824,0.0,0.0,0.0
22175,PINK OWL DECORATION,244.8,96,1,1,2.55,2.5500000000000003,0.0,0.0,0.0
22176,BLUE OWL DECORATION,244.8,96,1,1,2.55,2.5500000000000003,0.0,0.0,0.0
90028,NEW BAROQUE LARGE NECKLACE BLK/WHIT,244.79,29,24,5,8.43625,8.44103448275862,0.0,0.0,0.0
84993B,75 BLACK PETIT FOUR CASES,243.66,551,86,57,0.4597674418604651,0.4422141560798548,0.0,0.0,0.0
90096,NECKLACE+BRACELET SET BLUE BLOSSOM,243.60999999999999,104,49,10,2.4723529411764704,2.342403846153846,0.0,0.0,0.0
90129C,GREEN GLASS TASSLE BAG CHARM,243.38,107,51,16,2.1127450980392157,2.2745794392523364,0.0,0.0,0.0
90119,METALIC LEAVES BAG CHARMS,243.07,97,42,6,2.5385714285714283,2.5058762886597936,0.0,0.0,0.0
90081A,LILY BROOCH AMETHYST COLOUR,242.8,49,24,15,4.960416666666667,4.955102040816326,0.0,0.0,0.0
90196A,PURPLE GEMSTONE NECKLACE 45CM,242.25,19,11,9,12.75,12.75,1.0,12.75,5.263157894736842
23475,WOODLAND SMALL PINK FELT HEART,242.18,286,31,25,0.959032258064516,0.8467832167832168,0.0,0.0,0.0
35818P,"ACRYLIC JEWEL ICICLE, PINK",242.15,559,25,18,0.9732,0.4331842576028623,0.0,0.0,0.0
90196B,BLACK GEMSTONE NECKLACE 45CM,241.98,19,14,9,12.730714285714285,12.73578947368421,0.0,0.0,0.0
16156L,"WRAP, CAROUSEL",241.5,575,22,20,0.42,0.42,0.0,0.0,0.0
23143,ZINC WIRE KITCHEN ORGANISER,239.97,30,16,12,9.929375,7.999,0.0,0.0,0.0
84984D,ORIENTAL RED CUSHION COVER,239.8,132,10,9,3.97,1.8166666666666667,0.0,0.0,0.0
23324,RUSTIC STRAWBERRY JAMPOT LARGE,238.56,120,6,6,2.0416666666666665,1.988,0.0,0.0,0.0
23028,DOORKNOB CRACKED GLAZE BLUE,238.5,162,3,3,1.5833333333333333,1.4722222222222223,0.0,0.0,0.0
22447,PIN CUSHION RUSSIAN DOLL BLUE,238.06,68,23,18,3.7960869565217394,3.5008823529411766,0.0,0.0,0.0
84629,WHITE 3 FRAME BIRDS AND TREE,237.8,24,13,12,12.796153846153846,9.908333333333333,1.0,4.95,4.166666666666666
82553,POP'S GREASY SPOON METAL SIGN,237.73,114,42,14,2.5773809523809526,2.0853508771929823,0.0,0.0,0.0
22882,NUMBER TILE VINTAGE FONT 3,237.72,118,49,18,2.966326530612245,2.014576271186441,1.0,1.95,0.847457627118644
84510C,SET OF 4 POLKADOT COASTERS,237.59,152,61,30,1.7508196721311475,1.563092105263158,0.0,0.0,0.0
90133,TEAL/FUSCHIA COL BEAD NECKLACE,236.46,47,36,7,5.055833333333333,5.031063829787234,0.0,0.0,0.0
44217M,MULTICOLOUR FEATHERS CURTAIN,236.40000000000003,72,3,1,3.616666666666667,3.2833333333333337,72.0,236.40000000000003,100.0
20891,LARGE GLASS ROSE SCENTED CANDLE,236.33,684,3,1,8.126666666666667,0.34551169590643277,0.0,0.0,0.0
82585,SWEET VALENCIA CANDLE+CUP,235.9,164,47,18,1.8791836734693876,1.4384146341463415,12.0,15.0,7.317073170731707
90210D,PURPLE ACRYLIC FACETED BANGLE,235.73000000000002,142,23,10,2.4991304347826087,1.6600704225352114,0.0,0.0,0.0
23580,SNACK TRAY HAPPY FOREST,234.92,116,25,20,2.2116,2.0251724137931033,0.0,0.0,0.0
20855,PINK PATCH PURSE BLUE HEART,234.29999999999998,142,47,41,1.65,1.65,1.0,1.65,0.7042253521126761
84796a,PINK HAWAIIAN PICNIC HAMPER FOR 2,234.28,28,20,0,8.370999999999999,8.367142857142857,0.0,0.0,0.0
84660c,PINK STITCHED WALL CLOCK,233.98,31,28,0,7.551428571428572,7.547741935483871,0.0,0.0,0.0
20736,PINK MINI TAPE MEASURE,233.5,290,19,18,0.8431578947368421,0.8051724137931034,0.0,0.0,0.0
84247K,"FOLK ART GREETING CARD,PACK/12",233.48000000000002,75,28,20,3.2764285714285717,3.113066666666667,11.0,32.45,14.666666666666666
90185A,AMBER DIAMANTE EXPANDABLE RING,233.29,55,26,8,4.233076923076923,4.241636363636363,13.0,55.25,23.636363636363637
37483,ENGLISH ROSE MUG IN GIFT BOX,232.89,143,10,10,2.46,1.6286013986013985,1.0,2.55,0.6993006993006993
84797b,BLUE SAVANNAH PICNIC HAMPER FOR 4,232.62,21,19,0,11.083157894736841,11.077142857142857,0.0,0.0,0.0
23036,T-LIGHT HOLDER SILVER PETIT FOUR,232.42000000000002,184,16,14,1.325625,1.2631521739130436,0.0,0.0,0.0
16256B,FLOWER PENCIL/RUBBER+5 MINI PENCILS,232.35,524,35,17,0.5841666666666667,0.44341603053435114,0.0,0.0,0.0
35991,SET/6 BLACK SNOWFLAKE T-LIGHTS,232.08,402,54,43,0.8748214285714286,0.5773134328358209,0.0,0.0,0.0
90210B,CLEAR ACRYLIC FACETED BANGLE,232.04000000000002,102,24,15,2.705833333333333,2.2749019607843137,0.0,0.0,0.0
23447,PINK BUNNY EASTER EGG BASKET,231.9,158,4,4,1.5999999999999999,1.4677215189873418,0.0,0.0,0.0
22878,NUMBER TILE COTTAGE GARDEN NO,231.54,83,40,12,3.4802500000000003,2.7896385542168676,1.0,2.1,1.2048192771084338
90181B,AMETHYST GLASS/SHELL/PEARL NECKLACE,231.27,25,24,0,9.255,9.2508,0.0,0.0,0.0
16202C,BEIGE PHOTO ALBUM,230.59,97,12,10,3.9766666666666666,2.377216494845361,0.0,0.0,0.0
22842,"BISCUIT TIN, RED,IVORY, VINTAGE",230.55,37,7,7,6.521428571428571,6.231081081081081,0.0,0.0,0.0
21226,POCKET MIRROR WOODLAND,230.55,213,37,17,1.073157894736842,1.082394366197183,0.0,0.0,0.0
90164A,PINK ROSEBUD PEARL BRACELET,230.39,40,25,7,6.93,5.7597499999999995,0.0,0.0,0.0
23446,BLUE BUNNY EASTER EGG BASKET,230.25,157,3,3,1.5833333333333333,1.46656050955414,0.0,0.0,0.0
37508,NEW ENGLAND CERAMIC CAKE SERVER,229.57,89,46,35,2.60695652173913,2.579438202247191,0.0,0.0,0.0
72781,BLACK SILOUETTE CANDLE PLATE,229.5,121,15,11,2.0453333333333332,1.896694214876033,6.0,12.6,4.958677685950414
90122B,JADE CRYSTAL+GLASS BRACELET,228.99,46,26,14,4.999615384615385,4.97804347826087,0.0,0.0,0.0
21639,ASSORTED TUTTI FRUTTI KEYRING,228.64999999999998,259,15,12,0.9633333333333333,0.8828185328185327,8.0,6.8,3.088803088803089
90199B,5 STRAND GLASS NECKLACE AMETHYST,228.60999999999999,36,31,12,6.350322580645161,6.3502777777777775,0.0,0.0,0.0
90090,PINK CRYSTAL HEART PHONE CHARM,227.72,263,22,12,1.0168,0.8658555133079848,37.0,31.45,14.068441064638785
35809B,ENAMEL BLUE RIM TEA CONTAINER,227.54,104,33,21,2.5727272727272728,2.187884615384615,0.0,0.0,0.0
71028B,SILVER BLUE EGG T-LIGHT HOLDER,227.48,494,13,7,1.8407692307692307,0.46048582995951415,0.0,0.0,0.0
21395,BLUE SPOTTY BEAKER,227.44,112,23,18,2.2447826086956524,2.0307142857142857,10.0,19.5,8.928571428571429
84705C,PINK FLOCK PHOTO FRAME,227.33,162,8,5,3.92875,1.4032716049382716,0.0,0.0,0.0
22899,CHILDRENS APRON DOLLY GIRL,226.81,107,17,15,2.2241176470588235,2.1197196261682243,0.0,0.0,0.0
72750D,F.FAIRY S/3 CANDLE/GLASS,226.5,110,11,11,2.6772727272727272,2.059090909090909,0.0,0.0,0.0
23003,TRAVEL CARD WALLET VINTAGE ROSE,226.2,542,53,38,0.41888888888888887,0.41734317343173427,0.0,0.0,0.0
90003D,CRYSTAL PAIR HEART HAIR SLIDES,226.17,60,32,15,3.7734375,3.7695,7.0,26.25,11.666666666666666
90155,RESIN NECKLACE W PASTEL BEADS,226.16,30,21,12,7.555238095238095,7.538666666666667,0.0,0.0,0.0
84966A,PINK KASHMIRI BOXED MIRROR,225.95,13,4,3,25.4875,17.38076923076923,0.0,0.0,0.0
90116,FRUIT SALAD BAG CHARM,225.51999999999998,106,63,11,2.3252380952380953,2.1275471698113204,0.0,0.0,0.0
21369,MIRRORED WALL ART SPLODGES,225.36,133,22,15,2.914090909090909,1.694436090225564,0.0,0.0,0.0
TEST001,THIS IS A TEST PRODUCT.,225.0,60,11,4,3.6818181818181817,3.75,5.0,22.5,8.333333333333332
84927E,FLOWERS TILE HOOK,224.31,494,29,22,2.0863333333333336,0.4540688259109312,194.0,19.56,39.27125506072874
35597B,BLACKCHRISTMAS TREE 30CM,224.1,78,7,6,1.5514285714285714,2.873076923076923,0.0,0.0,0.0
90125D,PURPLE BERTIE GLASS BEAD BAG CHARM,223.74,136,36,9,2.7491666666666665,1.6451470588235295,0.0,0.0,0.0
72812,LARGE ZINC GLASS CANDLEHOLDER,223.23,78,22,9,3.4099999999999997,2.861923076923077,0.0,0.0,0.0
17084P,DRAGONS BLOOD INCENSE,222.75,990,70,23,0.34428571428571425,0.225,0.0,0.0,0.0
47591A,CAROUSEL DES CHILD'S APRON,221.57,134,58,30,1.654310344827586,1.6535074626865671,7.0,11.55,5.223880597014925
17011C,ORIGAMI LAVENDER INCENSE+FLOWER,221.4,335,2,1,2.475,0.6608955223880597,0.0,0.0,0.0
21102,"CANDLE IN JAR COLLAGE , VANILLA",221.08,82,20,10,3.0614999999999997,2.69609756097561,31.0,79.05,37.80487804878049
16258B,DAISY ERASERS IN BAG,221.06,1016,15,13,0.36,0.21757874015748033,0.0,0.0,0.0
17013B,ORIGAMI JASMINE INCENSE IN TUBE,221.03,256,3,2,1.7066666666666668,0.8633984375,0.0,0.0,0.0
72807b,SET/3 OCEAN SCENT CANDLE JEWEL BOX,220.94000000000003,26,19,0,8.488947368421051,8.497692307692308,0.0,0.0,0.0
35833G,4 GOLD FLOCK CHRISTMAS BALLS,220.66,134,34,23,1.657058823529412,1.6467164179104476,0.0,0.0,0.0
62086A,PINK RETRO BIG FLOWER BAG,220.35,113,24,20,1.95,1.95,0.0,0.0,0.0
90124C,GREEN MURANO TWIST NECKLACE,220.20999999999998,22,16,7,10.031875,10.009545454545453,0.0,0.0,0.0
72225D,VANILLA SCENT CAKE CANDLE,219.45999999999998,962,11,9,0.26818181818181813,0.2281288981288981,0.0,0.0,0.0
85168A,WHITE BAROQUE CARRIAGE CLOCK,218.89999999999998,22,15,12,9.95,9.95,0.0,0.0,0.0
90058A,CRYSTAL STUD EARRINGS CLEAR DISPLAY,218.88,576,13,12,0.38,0.38,36.0,13.68,6.25
48173c,DOOR MAT BLACK FLOCK,218.58,16,12,0,13.666666666666666,13.66125,0.0,0.0,0.0
84509C,DOTTY PLACEMATS,218.29000000000002,58,13,9,4.6061538461538465,3.763620689655173,0.0,0.0,0.0
22845,VINTAGE CAT FOOD CONTAINER,218.14,34,5,5,6.462000000000001,6.415882352941176,0.0,0.0,0.0
72801d,4 SKY BLUE DINNER CANDLES,217.32999999999998,88,51,0,2.4698039215686274,2.4696590909090905,0.0,0.0,0.0
22588,CARDHOLDER GINGHAM HEART,216.9,102,2,2,2.325,2.126470588235294,0.0,0.0,0.0
90005A,JADE GREEN ENAMEL HAIR COMB,216.87,106,57,5,2.0808771929824563,2.045943396226415,0.0,0.0,0.0
84725,FREESTYLE CANVAS ART PICTURE,216.49999999999997,134,29,24,2.1155172413793104,1.6156716417910446,0.0,0.0,0.0
35793,S/3 PUPPIES CHRISTMAS DECORATIONS,216.33,108,15,7,3.776875,2.0030555555555556,0.0,0.0,0.0
23360,SET 8 CANDLES VINTAGE DOILEY,216.29999999999998,122,7,7,1.907142857142857,1.772950819672131,0.0,0.0,0.0
37492A,YELLOW RED FLOWER PIGGY BANK,216.07,108,11,7,4.274545454545454,2.000648148148148,1.0,4.65,0.9259259259259258
84807,RED POPPY ARTIFICIAL FLOWER,215.93,233,7,7,1.5414285714285714,0.9267381974248927,0.0,0.0,0.0
90036A,FLOWER GARLAND NECKLACE RED,215.76000000000002,27,20,10,8.005500000000001,7.9911111111111115,0.0,0.0,0.0
21543,BUTTERFLY WATER TRANSFER TATTOOS,215.0,284,24,13,1.1958333333333333,0.7570422535211268,0.0,0.0,0.0
22834,MINI HAND WARMER BABUSHKA DESIGN,214.8,108,5,5,2.05,1.988888888888889,0.0,0.0,0.0
84690,S/2 BEACH HUT STOOLS,214.65,27,14,12,7.95,7.95,2.0,15.9,7.4074074074074066
48179,DOOR MAT SWEET HOME,214.47,34,11,6,9.736363636363636,6.307941176470588,0.0,0.0,0.0
90123A,PINK HEART OF GLASS BRACELET,214.07,36,19,14,5.943157894736842,5.9463888888888885,0.0,0.0,0.0
51012C,"FEATHER DUSTER, COAL BLACK",213.75,171,27,22,1.25,1.25,3.0,3.75,1.7543859649122806
90214A,"LETTER ""A"" BLING KEY RING",213.65,213,104,27,1.054423076923077,1.0030516431924883,6.0,7.5,2.8169014084507045
90019C,SILVER BLACK ORBIT BRACELET,213.38,40,34,7,5.3561764705882355,5.3345,0.0,0.0,0.0
16201A,PASTEL PINK PHOTO ALBUM,213.37,101,9,7,3.7744444444444443,2.1125742574257425,2.0,3.9,1.9801980198019802
21400,RED PUDDING SPOON,213.07,1078,91,54,0.3,0.19765306122448978,12.0,5.04,1.1131725417439702
22880,NUMBER TILE VINTAGE FONT 1,212.91,103,36,10,3.212222222222222,2.067087378640777,0.0,0.0,0.0
84805A,CREAM CLIMBING HYDRANGA ART FLOWER,212.85,147,8,7,2.7625,1.4479591836734693,0.0,0.0,0.0
85039a,SET/4 RED MINI ROSE CANDLE IN BOWL,212.45,64,44,0,3.318636363636364,3.31953125,0.0,0.0,0.0
84313A,PINK TV TRAY TABLE,212.42,38,19,10,6.26,5.59,0.0,0.0,0.0
84247C,PACK/12 BLUE REINDEER CARD,212.40000000000003,72,22,22,2.95,2.9500000000000006,0.0,0.0,0.0
90024B,NEW BAROQUE B'FLY NECKLACE RED,212.24,25,22,6,8.488181818181818,8.489600000000001,2.0,17.0,8.0
35817P,"ACRYLIC JEWEL SNOWFLAKE,PINK",212.14,408,10,8,1.7159999999999997,0.5199509803921568,0.0,0.0,0.0
47593B,SCOTTIES DESIGN BABY BIB,212.06,194,52,15,1.0496226415094339,1.0930927835051547,0.0,0.0,0.0
21368,MIRRORED WALL ART LADIES,212.04,201,47,32,1.8668085106382977,1.0549253731343282,0.0,0.0,0.0
84927D,LA PALMIERA TILE HOOK,211.29,953,28,22,1.762857142857143,0.22171038824763903,435.0,40.86000000000001,45.64533053515215
20827,GOLD APERITIF GLASS,209.36,173,8,5,1.63375,1.2101734104046245,0.0,0.0,0.0
20814,SILVER FINCH DECORATION,208.89000000000001,189,13,7,1.2061538461538461,1.1052380952380954,13.0,16.25,6.878306878306878
84706F,RED PEONY TABLE CLOCK,208.3,34,17,15,5.616666666666666,6.126470588235295,1.0,8.95,2.941176470588235
47574B,ENGLISH ROSE SCENTED HANGING HEART,208.25,49,27,25,4.25,4.25,0.0,0.0,0.0
90211B,JET BLACK LAS VEGAS NECKLACE 45CM,208.21,35,26,8,5.948846153846154,5.948857142857143,2.0,11.9,5.714285714285714
90056,CHUNKY CRACKED GLAZE NECKLACE IVORY,207.94,19,14,1,11.013571428571428,10.94421052631579,0.0,0.0,0.0
90016A,SILVER/M.O.P PENDANT ORBIT NECKLACE,207.86,29,16,8,8.21,7.167586206896552,0.0,0.0,0.0
37485,ENGLISH ROSE TEA SET IN GIFT BOX,207.69,49,15,10,4.5975,4.238571428571428,0.0,0.0,0.0
90210A,GREY ACRYLIC FACETED BANGLE,207.34,88,21,12,2.6804761904761905,2.3561363636363635,0.0,0.0,0.0
90040A,MURANO STYLE GLASS BRACELET RED,207.05,53,34,10,4.013823529411765,3.906603773584906,3.0,10.5,5.660377358490567
47343A,FUSCHIA FLOWER PURSE WITH BEADS,206.26,200,23,21,1.1875,1.0312999999999999,0.0,0.0,0.0
17014D,ORIGAMI ROSE INCENSE CONES,204.36,479,8,5,1.7966666666666664,0.4266388308977036,0.0,0.0,0.0
90186A,AMETHYST HOOP EARRING FLORAL LEAF,203.73000000000002,69,33,14,2.952058823529412,2.952608695652174,0.0,0.0,0.0
35962,SET/12 ZINC CHRISTMAS DECORATIONS,203.73000000000002,94,16,15,2.2241176470588235,2.1673404255319153,0.0,0.0,0.0
35824B,"HANGING FLOWERS+MIRROR,BLUE",203.24,528,6,4,0.8133333333333334,0.38492424242424245,0.0,0.0,0.0
20890,SMALL GLASS ROSE SCENTED CANDLE,202.62,605,4,1,2.9925,0.33490909090909093,0.0,0.0,0.0
22872,NUMBER TILE COTTAGE GARDEN 4,202.1,80,37,16,3.195945945945946,2.52625,0.0,0.0,0.0
22881,NUMBER TILE VINTAGE FONT 2,201.45999999999998,104,35,9,3.179142857142857,1.9371153846153844,0.0,0.0,0.0
84723,CHERRY BLOSSOM CANVAS ART PICTURE,201.3,54,12,11,5.95,3.727777777777778,6.0,47.7,11.11111111111111
72754A,FLOWER FAIRY POTPOURRI CUSHION LILY,201.24,292,5,4,1.066,0.6891780821917809,0.0,0.0,0.0
20672,PINK TEATIME PRINT BOWL,201.0,138,36,21,1.75,1.4565217391304348,0.0,0.0,0.0
22884,NUMBER TILE VINTAGE FONT 5,199.9,102,38,14,3.026842105263158,1.9598039215686276,0.0,0.0,0.0
90144,SILVER DROP EARRINGS WITH FLOWER,199.45,53,33,11,3.7712121212121215,3.763207547169811,0.0,0.0,0.0
79403,FROSTED WHITE BASE,199.01999999999998,216,36,19,1.1430555555555555,0.9213888888888888,14.0,11.9,6.481481481481481
90000A,RASPBERRY ANT COPPER FLOWER NECKLAC,198.98000000000002,33,21,14,6.049047619047619,6.02969696969697,0.0,0.0,0.0
84797a,PINK HAWAIIAN PICNIC HAMPER FOR 4,198.84,18,17,0,11.048235294117646,11.046666666666667,0.0,0.0,0.0
22330,72 ROUND PINK DOILIES,197.89999999999998,128,22,15,1.87,1.5460937499999998,12.0,17.4,9.375
84855,BLOKEY SILVER TOOL SET,196.70000000000002,36,15,10,5.875,5.4638888888888895,0.0,0.0,0.0
47504F,ENGLISH ROSE TORCH,196.45999999999998,527,14,12,1.6721428571428572,0.3727893738140417,0.0,0.0,0.0
22849,"BREAD BIN, DINER STYLE, MINT",196.35,13,4,4,15.45,15.103846153846153,0.0,0.0,0.0
22883,NUMBER TILE VINTAGE FONT 4,195.69,101,33,9,3.322121212121212,1.9375247524752475,1.0,1.95,0.9900990099009901
90029,NEW BAROQUE SMALL NECKLACE BLACK,195.14,23,12,10,8.47,8.484347826086957,1.0,8.5,4.3478260869565215
84985B,SET OF 72 BLACK PAPER DOILIES,194.95999999999998,128,24,12,1.77625,1.5231249999999998,0.0,0.0,0.0
22326,"ROUND SNACK BOXES ,SET4, WOODLAND",194.70000000000002,66,3,3,2.9500000000000006,2.95,0.0,0.0,0.0
23697,A PRETTY THANK YOU CARD,194.58,456,35,26,0.5208333333333334,0.4267105263157895,0.0,0.0,0.0
22289,HANGING METAL CHICKEN DECORATION,193.52,148,34,19,1.4934285714285713,1.3075675675675675,0.0,0.0,0.0
21582,KINGS CHOICE SMALL TUBE MATCHES,193.04999999999998,117,16,15,1.65,1.65,0.0,0.0,0.0
22885,NUMBER TILE VINTAGE FONT 6,192.89999999999998,104,34,13,3.027647058823529,1.8548076923076922,1.0,1.95,0.9615384615384616
35819B,"ACRYLIC HANGING JEWEL,BLUE",192.3,385,32,26,0.712,0.4994805194805195,0.0,0.0,0.0
90036F,"FLOWER GLASS GARLD NECKL36""TURQUOIS",192.17000000000002,24,15,4,8.041333333333334,8.007083333333334,0.0,0.0,0.0
84899F,YELLOW PURPLE DAISY FELT PURSE KIT,192.17,121,53,20,1.899811320754717,1.5881818181818181,0.0,0.0,0.0
90003C,MIDNIGHT BLUE PAIR HEART HAIR SLIDE,191.54,51,35,10,3.758857142857143,3.7556862745098036,7.0,26.25,13.725490196078432
90178B,PURPLE CHUNKY GLASS+BEAD NECKLACE,191.40999999999997,16,11,9,11.969090909090909,11.963124999999998,0.0,0.0,0.0
72051S,BAG OF SILVER STONES,190.89,300,54,18,0.6721818181818182,0.6363,0.0,0.0,0.0
22841,"CAKE TIN, ROUND, VINTAGE MINT,IVORY",190.65,27,4,4,7.45,7.061111111111111,0.0,0.0,0.0
37506,NEW ENGLAND MILK JUG W GIFT BOX,190.4,32,26,21,5.950000000000001,5.95,0.0,0.0,0.0
84255B,ORANGE COCKTAIL GLASS LAMP,190.16,65,18,11,4.4911111111111115,2.9255384615384616,0.0,0.0,0.0
84926C,FAIRY CAKES TILE COASTER,189.6,138,31,17,1.7590322580645161,1.373913043478261,6.0,7.5,4.3478260869565215
23229,DONKEY TAIL GAME,189.54000000000002,54,4,4,3.66,3.5100000000000002,0.0,0.0,0.0
84803A,PINK ALLIUM ARTIFICIAL FLOWER,189.28,112,17,16,1.69,1.69,3.0,5.07,2.6785714285714284
85128,PLANTPOT SINGLE HOOK PISTACHIO,188.95000000000002,167,4,2,2.4125,1.1314371257485032,0.0,0.0,0.0
84744,S/6 SEW ON CROCHET FLOWERS,188.77,149,31,26,1.3263636363636362,1.2669127516778524,0.0,0.0,0.0
84706B,FAIRY CAKES TABLE CLOCK,188.73,20,9,8,10.03111111111111,9.436499999999999,2.0,17.9,10.0
90159,COTE D'AZURE NECKLACE,188.58,38,20,13,4.974,4.962631578947369,0.0,0.0,0.0
72801D,S/4 SKY BLUE DINNER CANDLES,188.24,172,32,19,1.454375,1.0944186046511628,0.0,0.0,0.0
22510,DOORSTOP RUSSIAN DOLL GINGHAM,188.22,44,28,20,4.579285714285715,4.277727272727272,0.0,0.0,0.0
90130B,TURQ STONE/CRYSTAL EARRINGS,188.09,64,49,4,2.9373469387755105,2.93890625,0.0,0.0,0.0
20837,FRENCH FLORAL CUSHION COVER,188.07000000000002,165,18,17,1.1844444444444444,1.1398181818181818,0.0,0.0,0.0
90094,NECKLACE+BRACELET SET FRUIT SALAD,187.62,74,38,20,2.5356410256410253,2.5354054054054056,0.0,0.0,0.0
85114b,IVORY ENCHANTED FOREST PLACEMAT,186.76,56,19,0,3.3194736842105264,3.335,0.0,0.0,0.0
90210C,RED ACRYLIC FACETED BANGLE,186.56,118,14,9,2.4185714285714286,1.5810169491525423,0.0,0.0,0.0
84893,ANT WHITE IRON BASKET,186.35000000000002,33,15,12,5.883333333333334,5.646969696969697,0.0,0.0,0.0
84452,METAL RABBIT LADDER EASTER,186.16,198,44,23,1.1748888888888889,0.9402020202020202,16.0,13.6,8.080808080808081
16053,POPART COL BALLPOINT PEN ASST,185.73,4313,10,8,0.174,0.04306283329469047,2000.0,60.0,46.37143519591931
84510a,SET OF 4 ENGLISH ROSE COASTERS,185.7,75,58,0,2.477241379310345,2.476,0.0,0.0,0.0
84877A,PINK ROUND COMPACT MIRROR,185.66,74,17,14,3.401764705882353,2.5089189189189187,0.0,0.0,0.0
85114a,BLACK ENCHANTED FOREST PLACEMAT,185.64,56,17,0,3.3105882352941176,3.315,0.0,0.0,0.0
20968,GREEN FLORAL FELTCRAFT SHOULDER BAG,185.11,43,19,14,4.749499999999999,4.304883720930233,0.0,0.0,0.0
23436,GIFT BAG LARGE VINTAGE CHRISTMAS,185.0,148,9,9,1.25,1.25,0.0,0.0,0.0
35911B,PINK/FLOWER RABBIT EGG WARMER,184.76,159,24,12,1.50125,1.1620125786163522,0.0,0.0,0.0
23416,CHAMBRE HOOK,184.67999999999998,132,25,18,1.7564,1.399090909090909,0.0,0.0,0.0
20957,PORCELAIN HANGING BELL SMALL,184.61,126,15,12,1.5773333333333333,1.4651587301587303,1.0,1.45,0.7936507936507936
35838A,S/6 MULTICOLOUR ORNAMENETAL CANDLE,184.4,180,20,18,1.175,1.0244444444444445,0.0,0.0,0.0
84029D,LEOPARD PRINT HOT WATER BOTTLE,183.98000000000002,51,15,12,4.223333333333334,3.6074509803921573,0.0,0.0,0.0
90125A,PINK BERTIE GLASS BEAD BAG CHARM,183.97,149,18,9,2.0233333333333334,1.2346979865771812,12.0,25.200000000000003,8.053691275167784
90129F,RED GLASS TASSLE BAG CHARM,183.26000000000002,81,41,14,2.1609756097560973,2.2624691358024696,0.0,0.0,0.0
21530,DAIRY MAID CERAMIC TOASTRACK,183.06000000000003,59,19,13,3.4005,3.10271186440678,1.0,2.95,1.694915254237288
90086,CRYSTAL FROG PHONE CHARM,182.79,216,46,12,1.4219565217391303,0.84625,0.0,0.0,0.0
21018,BIRD BOX CHRISTMAS TREE DECORATION,182.71,213,42,30,0.8877272727272728,0.857793427230047,0.0,0.0,0.0
17090A,LAVENDER INCENSE 40 CONES IN TIN,182.65,173,26,24,1.2038461538461538,1.0557803468208093,0.0,0.0,0.0
20796,SMALL BLUE PROVENCAL CERAMIC BALL,182.15999999999997,99,22,11,2.3495454545454546,1.8399999999999996,0.0,0.0,0.0
22344,PARTY PIZZA DISH PINK RETROSPOT,181.54999999999998,185,24,18,1.01875,0.9813513513513512,0.0,0.0,0.0
37379B,BLUE CHERRY BLOSSOM CUP & SAUCER,181.5,1122,3,3,0.8833333333333333,0.16176470588235295,0.0,0.0,0.0
22545,MINI JIGSAW BUNNIES AT HOME,181.44,432,9,9,0.42,0.42,0.0,0.0,0.0
90214S,"LETTER ""S"" BLING KEY RING",181.34,184,86,26,1.036279069767442,0.9855434782608696,6.0,7.5,3.260869565217391
79144B,PAINTED LIGHTBULB STAR+ MOON,181.03,350,91,36,0.6481521739130435,0.5172285714285715,0.0,0.0,0.0
90065A,WHITE VINTAGE CRYSTAL BRACELET,180.46,26,16,7,7.0600000000000005,6.940769230769231,1.0,7.22,3.8461538461538463
16043,POP ART PUSH DOWN RUBBER,180.29999999999998,2145,13,11,0.31846153846153846,0.08405594405594405,984.0,67.67999999999999,45.87412587412587
22871,NUMBER TILE COTTAGE GARDEN 3,180.19,71,28,10,3.36,2.537887323943662,0.0,0.0,0.0
79144C,PAINTED LIGHTBULB RAINBOW DESIGN,180.14,306,97,19,0.7314432989690722,0.5886928104575163,0.0,0.0,0.0
35818B,"ACRYLIC JEWEL ICICLE, BLUE",180.04999999999998,408,11,8,1.1527272727272726,0.44129901960784307,0.0,0.0,0.0
22384,LUNCHBAG PINK RETROSPOT,179.91,108,14,13,1.772142857142857,1.6658333333333333,0.0,0.0,0.0
90180B,PURPLE AMETHYST NECKLACE W TASSEL,179.88,18,14,10,10.005714285714285,9.993333333333332,0.0,0.0,0.0
47347B,BLUE FLOWER T-LIGHT HOLDER,179.88,240,11,6,1.64,0.7494999999999999,0.0,0.0,0.0
84962,SET/3 COLOUR PAINTED KASHMIRI STOOL,179.85000000000002,3,2,2,59.95,59.95000000000001,0.0,0.0,0.0
84661C,PINK SQUARE TABLE CLOCK,179.75,150,25,12,2.8407999999999998,1.1983333333333333,0.0,0.0,0.0
21310,CAPIZ CHANDELIER,179.7,6,4,3,29.95,29.95,1.0,29.95,16.666666666666664
17011A,ORIGAMI VANILLA INCENSE+FLOWER,179.56,261,12,6,2.7708333333333335,0.6879693486590038,0.0,0.0,0.0
84464,S/60 PINK FLUFFY CHICKS IN BOX,179.1,82,11,10,2.4954545454545456,2.1841463414634146,0.0,0.0,0.0
85123A,CREAM HANGING HEART T-LIGHT HOLDER,178.51000000000002,61,9,7,3.536666666666667,2.926393442622951,0.0,0.0,0.0
90063A,WHITE VINT ART DECO CRYSTAL NECKLAC,178.48,21,13,10,8.49846153846154,8.49904761904762,0.0,0.0,0.0
22345,PARTY PIZZA DISH BLUE RETROSPOT,178.34,206,28,23,0.9657142857142856,0.8657281553398058,0.0,0.0,0.0
23126,DOLLCRAFT GIRL AMELIE,178.2,36,8,8,4.95,4.949999999999999,0.0,0.0,0.0
90013D,PURPLE VINTAGE EARRINGS,178.11,46,17,7,3.998823529411765,3.8719565217391305,0.0,0.0,0.0
90000B,MIDNIGHT BLUE COPPER FLOWER NECKLAC,177.29000000000002,29,21,9,6.135714285714285,6.11344827586207,1.0,5.95,3.4482758620689653
72801C,S/4 ROSE PINK DINNER CANDLES,176.91,171,28,21,1.3485714285714285,1.034561403508772,12.0,15.0,7.017543859649122
22839,"CAKE TIN, 3 TIER MINT/IVORY",176.75,13,4,4,14.399999999999999,13.596153846153847,0.0,0.0,0.0
21031,SPACE CADET BLACK,176.7,144,39,23,1.294102564102564,1.2270833333333333,1.0,1.25,0.6944444444444444
90072,RUBY DROP CHANDELIER EARRINGS,176.31,44,30,4,4.110666666666667,4.007045454545454,0.0,0.0,0.0
82607C,GLASS BONBON JAR. SUPERFINES,175.60999999999999,115,43,16,1.901627906976744,1.5270434782608695,0.0,0.0,0.0
84564,6 SEGMENT COLOURED SNACK BOWL,175.48000000000002,21,11,9,8.725454545454546,8.356190476190477,0.0,0.0,0.0
84967A,PINK KASHMIRI OCCASIONAL TABLE,174.9,3,3,2,58.300000000000004,58.300000000000004,1.0,79.95,33.33333333333333
75011,BLUE DAISY MOBILE,172.51,181,15,11,1.3900000000000001,0.9530939226519336,0.0,0.0,0.0
90123D,WHITE HEART OF GLASS BRACELET,172.39,29,14,7,5.938571428571429,5.944482758620689,0.0,0.0,0.0
84951B,S/4 BLACK LOVEBIRD COASTERS,171.60999999999999,88,28,3,2.1678571428571427,1.9501136363636362,0.0,0.0,0.0
85185C,COW SOCK PUPPET,171.10000000000002,58,27,24,2.95,2.95,0.0,0.0,0.0
21461,BLUE EASTER EGG HUNT START POST,171.04,82,23,17,2.336086956521739,2.0858536585365854,5.0,9.75,6.097560975609756
84706C,PINK FLOCK TABLE CLOCK,170.8,84,4,4,3.6999999999999997,2.0333333333333337,0.0,0.0,0.0
90063B,BLACK VINT ART DEC CRYSTAL NECKLACE,170.17000000000002,20,14,8,8.512142857142857,8.508500000000002,0.0,0.0,0.0
17014A,ORIGAMI VANILLA INCENSE CONES,170.13,276,16,9,1.66,0.6164130434782609,0.0,0.0,0.0
85040a,S/4 PINK FLOWER CANDLES IN BOWL,169.75,51,34,0,3.3249999999999997,3.3284313725490198,0.0,0.0,0.0
47593A,CAROUSEL DESIGN BABY BIB,169.4,164,53,13,0.9556603773584905,1.0329268292682927,0.0,0.0,0.0
47570b,TEA TIME TABLE CLOTH,169.4,8,8,0,21.175,21.175,0.0,0.0,0.0
84531A,PINK KNITTED EGG COSY,169.35999999999999,191,45,35,1.294468085106383,0.8867015706806282,0.0,0.0,0.0
90166,PINK & WHITE ROSEBUD RING,168.94,40,31,7,4.216451612903226,4.2235,1.0,4.25,2.5
90019B,GOLD M.O.P ORBIT BRACELET,168.62,32,28,6,5.3149999999999995,5.269375,0.0,0.0,0.0
90204,PAIR OF ENAMEL BUTTERFLY HAIRCLIP,168.46,50,37,9,3.373513513513514,3.3692,4.0,13.4,8.0
85205A,IVORY FELT EASTER RABBIT GARLAND,168.3,66,21,21,2.55,2.5500000000000003,0.0,0.0,0.0
90186B,CRYSTAL HOOP EARRING FLORAL LEAF,168.26000000000002,57,31,13,2.95,2.951929824561404,0.0,0.0,0.0
21087,SET/6 POSIES PAPER CUPS,168.08,260,32,19,0.7493939393939394,0.6464615384615385,0.0,0.0,0.0
35916C,PINK FELT HANGING HEART W FLOWER,167.54999999999998,157,42,9,1.220952380952381,1.0671974522292993,0.0,0.0,0.0
37491C,GREEN/BLUE CERAMIC CANDLE HOLDER,167.52,58,10,7,2.163,2.8882758620689657,0.0,0.0,0.0
82587,TEXRIO TOMATOES CANDLE+CUP,166.78,128,40,26,1.4558536585365853,1.30296875,12.0,15.0,9.375
90211A,DIAMOND LAS VEGAS NECKLACE 45CM,166.57000000000002,28,21,5,5.955714285714286,5.9489285714285725,0.0,0.0,0.0
84231,EASTER BUNNY WITH BASKET ON BACK,166.21,230,50,28,0.8629411764705882,0.7226521739130435,0.0,0.0,0.0
90060F,FIRE POLISHED GLASS NECKL GREEN,166.14000000000001,28,18,7,5.924444444444444,5.933571428571429,0.0,0.0,0.0
84951A,S/4 PISTACHIO LOVEBIRD COASTERS,166.1,106,24,5,1.9474999999999998,1.5669811320754716,0.0,0.0,0.0
gift_0001_40,DOTCOMGIFTSHOP GIFT VOUCHER £40.00,166.09,5,5,0,33.218,33.218,0.0,0.0,0.0
90214L,"LETTER ""L"" BLING KEY RING",166.06,176,68,20,1.0161764705882352,0.9435227272727272,8.0,10.0,4.545454545454546
90003B,ROSE COLOUR PAIR HEART HAIR SLIDES,165.81,44,25,9,3.7780769230769233,3.768409090909091,7.0,26.25,15.909090909090908
21394,RED SPOTTY BEAKER,165.75,85,16,14,1.95,1.95,0.0,0.0,0.0
10123G,ARMY CAMO WRAPPING TAPE,165.55999999999997,2251,16,12,0.8205882352941177,0.0735495335406486,1104.0,66.24,49.04486894713461
90093,CLEAR CRYSTAL STAR PHONE CHARM,165.34,209,25,15,1.0844,0.7911004784688995,27.0,22.95,12.918660287081341
84984D,ORIENTAL RED C/COVER,165.11,27,11,5,7.966363636363636,6.115185185185186,0.0,0.0,0.0
23694,PAISLEY PARK CARD,165.08,376,41,23,0.5885365853658536,0.4390425531914894,0.0,0.0,0.0
90018B,GOLD M.O.P ORBIT DROP EARRINGS,164.62,39,31,10,4.22,4.2210256410256415,0.0,0.0,0.0
84531B,BLUE KNITTED EGG COSY,164.01,194,42,35,1.1726190476190477,0.8454123711340206,0.0,0.0,0.0
84510C,SET OF 4 POLKADOTS COASTERS,164.0,122,40,22,1.56325,1.3442622950819672,0.0,0.0,0.0
85024C,PINK SMALL JEWELLED PHOTOFRAME,163.35,99,42,33,1.65,1.65,1.0,1.65,1.0101010101010102
85232b,SET/3 RUSSIAN DOLL STACKING TINS,162.94,16,14,0,10.185714285714285,10.18375,0.0,0.0,0.0
22874,NUMBER TILE COTTAGE GARDEN 6,162.82,70,26,14,2.844074074074074,2.326,0.0,0.0,0.0
16202E,BLACK PHOTO ALBUM,162.73,82,14,12,3.395,1.984512195121951,1.0,5.55,1.2195121951219512
90039D,FIRE POLISHED GLASS BRACELET GREEN,162.66,43,24,4,3.79625,3.7827906976744186,0.0,0.0,0.0
90214C,"LETTER ""C"" BLING KEY RING",162.53,165,69,21,1.0227536231884058,0.985030303030303,6.0,7.5,3.6363636363636362
90162B,ANT SILVER LIME GREEN BOUDICCA RING,162.25000000000003,55,20,14,2.95,2.9500000000000006,1.0,2.95,1.8181818181818181
20693,FLORAL DINOSAUR GREEN,161.89000000000001,33,18,10,5.207777777777778,4.905757575757576,1.0,4.25,3.0303030303030303
90190C,SILVER/AMETHYST DROP EARRINGS LEAF,161.82,55,36,10,2.9380555555555556,2.942181818181818,0.0,0.0,0.0
90129D,AMBER GLASS TASSLE BAG CHARM,161.57000000000002,67,34,12,2.151764705882353,2.4114925373134333,0.0,0.0,0.0
90214J,"LETTER ""J"" BLING KEY RING",161.47,157,88,19,1.054318181818182,1.0284713375796177,6.0,7.5,3.821656050955414
90042A,FRESHWATER PEARL BRACELET GOLD,160.79,63,33,6,2.554242424242424,2.552222222222222,0.0,0.0,0.0
90123C,GREEN HEART OF GLASS BRACELET,160.75,27,12,7,5.958333333333333,5.953703703703703,0.0,0.0,0.0
21353,SILVER SLEIGHBELL WREATH,160.45,19,9,8,8.994444444444445,8.444736842105263,0.0,0.0,0.0
84599,CANDY STRIPE ROSE FLOOR CUSHION,160.15,15,6,2,12.04,10.676666666666668,0.0,0.0,0.0
37479P,CUBIC MUG FLOCK PINK ON BROWN,160.08,170,34,17,2.251714285714286,0.9416470588235295,0.0,0.0,0.0
23305,SET 4 PICNIC CUTLERY BLUEBERRY,159.9,82,9,9,1.9500000000000002,1.9500000000000002,0.0,0.0,0.0
23545,WRAP RED DOILEY,159.6,380,16,15,0.42,0.42,0.0,0.0,0.0
22645,CERAMIC HEART CAKE MONEY BANK,159.6,120,5,5,1.41,1.3299999999999998,0.0,0.0,0.0
37379A,PINK CHERRY BLOSSOM CUP & SAUCER,159.2,41,16,5,7.996874999999999,3.8829268292682926,1.0,1.25,2.4390243902439024
16054,POPART RECT PENCIL SHARPENER ASST,159.0,1210,39,32,0.17384615384615382,0.13140495867768595,108.0,12.96,8.925619834710744
85166A,WHITE METAL BAROQUE PHOTO FRAME,158.9,77,12,8,4.676666666666667,2.0636363636363635,1.0,3.75,1.2987012987012987
90048,GREEN WITH METAL BAG CHARM,158.89000000000001,31,8,4,5.63,5.125483870967742,10.0,49.5,32.25806451612903
22864,MUG AND COASTER SET RED CIRCLES,158.76,378,2,1,0.42,0.42,0.0,0.0,0.0
90214K,"LETTER ""K"" BLING KEY RING",158.4,154,83,23,1.1232530120481927,1.0285714285714287,1.0,1.25,0.6493506493506493
16012,FOOD/DRINK SPUNGE STICKERS,158.19,759,20,18,0.20749999999999996,0.2084189723320158,0.0,0.0,0.0
48175,DOOR MAT CAMOUFLAGE,158.04,39,2,1,5.02,4.052307692307692,0.0,0.0,0.0
22853,ENAMEL CAT BOWL CREAM,157.8,52,3,3,3.15,3.034615384615385,0.0,0.0,0.0
84927A,WAKE UP COCKEREL TILE HOOK,157.61,226,33,22,2.222727272727273,0.6973893805309735,75.0,10.35,33.1858407079646
21489,BLUE WHITE SCARF HOT WATER BOTTLE,157.60000000000002,28,14,6,5.964285714285714,5.628571428571429,0.0,0.0,0.0
16156L,WRAP CAROUSEL,157.5,375,14,13,0.42,0.42,0.0,0.0,0.0
23417,BATHROOM HOOK,157.5,146,27,21,1.5964285714285713,1.0787671232876712,0.0,0.0,0.0
90059A,DIAMANTE HAIR GRIP PACK/2 CRYSTAL,156.98,94,48,3,1.6727083333333332,1.67,6.0,9.9,6.382978723404255
22868,NUMBER TILE COTTAGE GARDEN 0,156.97,67,24,12,3.046666666666667,2.3428358208955222,0.0,0.0,0.0
22886,NUMBER TILE VINTAGE FONT 7,156.8,90,28,8,2.9442857142857144,1.7422222222222223,0.0,0.0,0.0
23468,TUSCAN VILLA BIRD TABLE,156.75,19,11,11,8.25,8.25,0.0,0.0,0.0
72140E,BEST DAD CANDLE LETTERS,156.72,218,29,26,0.8927586206896552,0.7188990825688073,1.0,0.85,0.45871559633027525
17178,FLAT PALM T-LIGHT HOLDER,156.65,133,24,20,1.234,1.1778195488721805,0.0,0.0,0.0
46138B,BLUE CHENILLE SHAGGY CUSHION COVER,156.29,71,25,12,2.678,2.2012676056338027,13.0,11.05,18.30985915492958
84914A,PINK ROSE PICNIC RUG,155.7,6,5,2,25.95,25.95,0.0,0.0,0.0
90183A,AMBER DROP EARRINGS W LONG BEADS,155.65,53,31,6,2.9306451612903226,2.936792452830189,6.0,17.700000000000003,11.320754716981133
20664,TROPICAL HOLIDAY PURSE,155.41,57,31,11,2.712903225806452,2.7264912280701754,0.0,0.0,0.0
22875,NUMBER TILE COTTAGE GARDEN 7,154.94,66,27,16,2.8411111111111107,2.3475757575757576,0.0,0.0,0.0
72351a,SET/6 TURQUOISE BUTTERFLY T-LIGHTS,154.89,37,28,0,4.184285714285714,4.1862162162162155,0.0,0.0,0.0
90065B,BLACK VINT ART DEC CRYSTAL BRACELET,154.87,22,16,4,7.0025,7.039545454545455,0.0,0.0,0.0
90123B,TURQUOISE HEART OF GLASS BRACELET,154.69,26,13,8,5.94923076923077,5.9496153846153845,0.0,0.0,0.0
22587,"FELTCRAFT HAIRBAND, S/2, RED/BLUE",154.68,204,6,6,0.8283333333333333,0.7582352941176471,0.0,0.0,0.0
23496,PANTRY KITCHEN THERMOMETER,154.52,112,31,21,1.562258064516129,1.3796428571428572,0.0,0.0,0.0
22877,NUMBER TILE COTTAGE GARDEN 9,154.32999999999998,69,23,15,2.61695652173913,2.2366666666666664,1.0,1.95,1.4492753623188406
23196,RETRO LEAVES MAGNETIC NOTEPAD,154.08999999999997,105,19,17,1.5376190476190477,1.4675238095238092,0.0,0.0,0.0
37342,SPOTTY COFFEE CUP & SAUCER,153.78,40,14,6,4.660000000000001,3.8445,0.0,0.0,0.0
47369B,BLUE GREEN EMBROIDERY COSMETIC BAG,153.18,54,29,10,3.187241379310345,2.836666666666667,0.0,0.0,0.0
47518F,ICON PLACEMAT POP ART ELVIS,153.14,903,34,22,0.4135294117647059,0.16959025470653377,0.0,0.0,0.0
79192A,RETRO PLASTIC 70'S TRAY,152.64,114,35,26,1.4317142857142857,1.3389473684210524,8.0,10.0,7.017543859649122
84622,PINK GINGHAM ROSE CUSHION COVER,152.6,23,9,7,7.699999999999999,6.634782608695652,1.0,5.95,4.3478260869565215
23484,HEART TRELLISTRIPLE T-LIGHT HOLDER,152.24,56,5,5,2.81,2.718571428571429,0.0,0.0,0.0
22873,NUMBER TILE COTTAGE GARDEN 5,151.35,63,28,14,2.9678571428571425,2.4023809523809523,0.0,0.0,0.0
90030C,BROWN KUKUI COCONUT SEED NECKLACE,151.3,87,16,10,3.4718750000000003,1.739080459770115,0.0,0.0,0.0
22536,MAGIC DRAWING SLATE FIDO,151.2,360,8,8,0.42,0.42,0.0,0.0,0.0
20952,PORCELAIN CHERUB BELL SMALL,150.72,329,24,19,0.6812499999999999,0.45811550151975683,260.0,119.16,79.0273556231003
84989a,75 GREEN FAIRY CAKE CASES,150.57,74,41,0,2.020243902439024,2.0347297297297295,0.0,0.0,0.0
79161A,ST GEORGE SET OF 10 PARTY LIGHTS,150.45000000000002,51,16,16,2.95,2.95,0.0,0.0,0.0
17107D,FLOWER FAIRY 5 DRAWER LINERS,150.45,59,20,18,2.55,2.55,0.0,0.0,0.0
90042C,FRESHWATER PEARL BRACELET IVORY,150.21,59,26,8,2.5430769230769235,2.545932203389831,0.0,0.0,0.0
84228,HEN HOUSE W CHICK STANDING,150.19,340,43,16,0.6430232558139535,0.44173529411764706,1.0,0.42,0.29411764705882354
23254,KIDS CUTLERY DOLLY GIRL,149.4,36,8,8,4.15,4.15,0.0,0.0,0.0
23256,KIDS CUTLERY SPACEBOY,149.4,36,8,8,4.15,4.15,0.0,0.0,0.0
17108D,FLOWER FAIRY SUMMER BOUQUET SACHET,149.1,355,23,17,0.42,0.42,0.0,0.0,0.0
90040D,MURANO STYLE GLASS BRACELET PINK,148.87,41,25,9,3.7148000000000003,3.6309756097560975,0.0,0.0,0.0
23465,TUSCAN VILLA BIRD FEEDER,148.63,17,9,8,9.181111111111111,8.742941176470588,0.0,0.0,0.0
71496A,A4 WALL TIDY BLUE OFFICE,148.01000000000002,244,17,8,1.0505882352941176,0.6065983606557378,0.0,0.0,0.0
35980C,REDWHITE STRIPE SCANDINAVIAN HEART,147.64,377,29,28,0.4555172413793103,0.3916180371352785,44.0,16.72,11.671087533156498
84720,DOT MATRIX CANVAS ART PICTURE,147.05,35,3,3,6.883333333333333,4.201428571428572,0.0,0.0,0.0
90040C,MURANO STYLE GLASS BRACELET GOLD,146.75,41,21,10,3.643809523809524,3.5792682926829267,3.0,10.5,7.317073170731707
84527,FLAMES SUNGLASSES PINK LENSES,146.10999999999999,77,22,19,2.1160869565217393,1.8975324675324674,0.0,0.0,0.0
23292,SPACE BOY CHILDRENS CUP,145.76,131,6,5,1.4183333333333332,1.1126717557251908,0.0,0.0,0.0
90016C,SILVER/BLACK PENDANT ORBIT NECKLACE,144.07,17,14,4,8.47,8.474705882352941,0.0,0.0,0.0
35610B,BLACK CHRISTMAS FLOCK DROPLET,144.07,179,13,13,1.1314285714285715,0.8048603351955307,0.0,0.0,0.0
79191D,RETRO PLASTIC DAISY TRAY,143.87,138,56,28,1.2092857142857143,1.042536231884058,13.0,11.86,9.420289855072465
90036B,"FLOWER GLASS GARLAND NECKL.36""GREEN",143.1,18,10,8,7.95,7.949999999999999,0.0,0.0,0.0
22876,NUMBER TILE COTTAGE GARDEN 8,143.02,62,21,11,3.0033333333333334,2.3067741935483874,0.0,0.0,0.0
22887,NUMBER TILE VINTAGE FONT 8,143.0,84,27,10,2.9840740740740737,1.7023809523809523,0.0,0.0,0.0
10120,DOGGY RUBBER,142.74,664,73,52,0.24013698630136987,0.2149698795180723,30.0,6.3,4.518072289156627
84874B,BLUE TRAVEL FIRST AID KIT,141.76,86,36,26,1.6462162162162162,1.6483720930232557,0.0,0.0,0.0
90202D,PINK ENAMEL FLOWER HAIR TIE,141.49,48,24,5,2.94375,2.9477083333333334,6.0,17.700000000000003,12.5
72740A,LARGE STRAWBERRY CHOCOLATE CANDLE,141.23,65,12,5,3.8616666666666664,2.1727692307692306,0.0,0.0,0.0
47590b,PINK HAPPY BIRTHDAY BUNTING,140.5,13,10,0,10.812999999999999,10.807692307692308,0.0,0.0,0.0
47369A,PINK GREEN EMBROIDERY COSMETIC BAG,140.4,48,25,10,3.0524,2.9250000000000003,0.0,0.0,0.0
84617,NEW BAROQUE BLACK BOXES,140.25,11,7,7,12.75,12.75,0.0,0.0,0.0
84765,SILVER ROCOCO CANDELABRA,140.23,9,6,4,16.996666666666666,15.58111111111111,2.0,25.5,22.22222222222222
90212B,JET BLACK LAS VEGAS BRACELET ROUND,140.07,37,28,7,3.7971428571428567,3.7856756756756753,0.0,0.0,0.0
78026,SEAGRASS S/3 SQU LAUNDRY BOX,139.95,12,2,1,19.975,11.6625,0.0,0.0,0.0
90214M,"LETTER ""M"" BLING KEY RING",139.82,138,64,19,1.09015625,1.0131884057971015,0.0,0.0,0.0
23306,SET OF 36 PANTRY PAPER DOILIES,139.78,67,33,14,2.3147058823529414,2.086268656716418,0.0,0.0,0.0
22869,"NUMBER TILE COTTAGE GARDEN, 1",139.69,67,11,7,2.7718181818181815,2.0849253731343285,0.0,0.0,0.0
23091,METAL HERB GERDEN CONTAINER,139.68,24,5,5,6.078,5.82,0.0,0.0,0.0
90022,EDWARDIAN DROP EARRINGS JET BLACK,139.67,37,32,4,3.77875,3.7748648648648646,5.0,18.75,13.513513513513514
47592A,CAROUSEL CHILDRENS OVERALL,139.56,74,27,4,1.7251851851851852,1.885945945945946,0.0,0.0,0.0
90199A,5 STRAND GLASS NECKLACE BLACK,139.5,22,16,9,6.3374999999999995,6.340909090909091,1.0,6.35,4.545454545454546
23463,VINTAGE ZINC WATERING CAN,139.39999999999998,13,8,7,11.206249999999999,10.72307692307692,0.0,0.0,0.0
90214E,"LETTER ""E"" BLING KEY RING",139.28,142,67,25,1.0738805970149254,0.9808450704225352,6.0,7.5,4.225352112676056
90199D,5 STRAND GLASS NECKLACE AMBER,139.28,22,16,9,6.3237499999999995,6.330909090909091,0.0,0.0,0.0
22195,HEART MEASURING SPOONS LARGE,138.59999999999997,84,5,4,1.65,1.6499999999999997,0.0,0.0,0.0
23304,SET 4 PICNIC CUTLERY CHERRY,138.45,71,9,9,1.9500000000000002,1.9499999999999997,0.0,0.0,0.0
72754B,F FAIRY POTPOURRI CUSHIONS LAVENDER,137.54,170,8,8,1.17,0.8090588235294117,0.0,0.0,0.0
35816P,"ACRYLIC JEWEL ANGEL,PINK",137.43,297,9,7,1.1433333333333333,0.46272727272727276,0.0,0.0,0.0
90156,RESIN BRACELET W PASTEL BEADS,137.37,25,14,7,5.922857142857143,5.494800000000001,0.0,0.0,0.0
47593A,CAROUSEL PONIES BABY BIB,137.27,139,44,24,0.9230434782608696,0.9875539568345324,0.0,0.0,0.0
84549,CROCHET WHITE RABBIT KEYRING,137.26999999999998,75,16,9,2.368125,1.8302666666666665,0.0,0.0,0.0
S,SAMPLES,136.85,3,3,0,45.61666666666667,45.61666666666667,98.0,6127.96,3266.6666666666665
84709A,SILVER OVAL JEWELLED MIRROR,136.85,23,13,11,5.95,5.95,0.0,0.0,0.0
37330,BIG POLKADOT MUG,136.76,80,7,5,2.3299999999999996,1.7094999999999998,0.0,0.0,0.0
35824P,"HANGING FLOWERS+MIRROR,PINK",136.44,324,3,2,0.75,0.4211111111111111,0.0,0.0,0.0
90151,SILVER/NATURAL SHELL NECKLACE,136.17000000000002,16,9,5,8.518888888888888,8.510625000000001,0.0,0.0,0.0
90024E,NEW BAROQUE B'FLY NECKLACE MONTANA,135.98,16,11,7,8.498181818181818,8.49875,0.0,0.0,0.0
21004,ROSE DU SUD CHILDRENS APRON,135.93,31,18,14,4.482222222222223,4.384838709677419,0.0,0.0,0.0
90194,SILVER LARIAT BLACK STONE EARRINGS,135.84,32,21,14,4.242380952380953,4.245,0.0,0.0,0.0
90038A,GLASS AND PAINTED BEADS BRACELET TO,135.8,36,22,4,3.786363636363636,3.7722222222222226,0.0,0.0,0.0
90177D,DROP DIAMANTE EARRINGS PURPLE,135.76000000000002,46,25,9,2.9524,2.9513043478260874,6.0,17.700000000000003,13.043478260869565
17011D,ORIGAMI ROSE INCENSE+FLOWER,135.7,209,4,2,1.8375,0.6492822966507177,0.0,0.0,0.0
77079,DOLPHIN WINDMILL,135.68,64,12,10,2.12,2.12,0.0,0.0,0.0
90208,PAIR OF PINK FLOWER CLUSTER SLIDE,135.24,54,38,4,2.498684210526316,2.5044444444444447,6.0,15.3,11.11111111111111
85132a,CHARLIE + LOLA BISCUITS TINS,135.13,10,10,0,13.513,13.513,0.0,0.0,0.0
90002A,FLOWER BURST SILVER RING OPAL,135.0,36,14,14,3.75,3.75,0.0,0.0,0.0
72134,COLUMBIAN CUBE CANDLE,134.85,339,29,15,0.8983333333333333,0.397787610619469,0.0,0.0,0.0
16020C,CLEAR STATIONERY BOX SET,134.5,160,39,22,0.843,0.840625,0.0,0.0,0.0
35015,JACOBS LADDER SMALL,134.08,2072,39,35,0.09128205128205129,0.06471042471042472,0.0,0.0,0.0
22241,"GARLAND , WOODEN "" HAPPY EASTER""",133.89,105,11,9,1.49,1.275142857142857,0.0,0.0,0.0
84555A,YELLOW VW BEETLE CERAMIC MONEY BOX,133.85000000000002,47,16,13,2.926470588235294,2.8478723404255324,0.0,0.0,0.0
35609A,PINK FEATHER CHRISTMAS DECORATION,133.23,447,24,17,0.8216666666666667,0.2980536912751678,0.0,0.0,0.0
46137D,GREEN CHENILLE SHAGGY RUG,132.75,45,4,2,2.95,2.95,0.0,0.0,0.0
90190B,GOLD/AMBER DROP EARRINGS W LEAF,132.58,45,15,6,2.938,2.9462222222222225,0.0,0.0,0.0
90137,PINK COMBO MINI CRYSTALS NECKLACE,132.52,26,15,8,5.204666666666667,5.096923076923077,0.0,0.0,0.0
23066,SMALL JEWELLERY STAND,132.0,16,6,6,8.25,8.25,0.0,0.0,0.0
23081,GREEN METAL BOX TOP SECRET,132.0,16,4,4,8.25,8.25,0.0,0.0,0.0
45013,FOLDING SHOE TIDY,132.0,48,8,8,2.9000000000000004,2.75,0.0,0.0,0.0
90023,FILIGREE DIAMANTE EARRINGS,131.74,31,21,7,4.24952380952381,4.249677419354839,0.0,0.0,0.0
90165B,WHITE ROSEBUD PEARL EARRINGS,131.65,52,35,5,2.5237142857142856,2.5317307692307693,0.0,0.0,0.0
35933,PINK STOCKING CHRISTMAS DECORATION,131.38,319,28,20,0.6982142857142858,0.41184952978056427,0.0,0.0,0.0
90101,WHITE FRANGIPANI NECKLACE,131.16,52,29,4,2.5248275862068965,2.522307692307692,6.0,15.3,11.538461538461538
84656,WHITE ROSE C/COVER,130.9,22,13,12,5.950000000000001,5.95,0.0,0.0,0.0
22888,NUMBER TILE VINTAGE FONT 9,130.82999999999998,79,23,9,3.058695652173913,1.6560759493670885,0.0,0.0,0.0
16119,FUNKY GIRL ADDRESS BOOK,130.71,273,8,7,1.0325,0.47879120879120884,0.0,0.0,0.0
84925E,FLOWERS WALL THERMOMETER,130.05,75,3,3,2.2666666666666666,1.7340000000000002,0.0,0.0,0.0
20899,VINTAGE NOTEBOOK RED ROSE,129.8,44,12,12,2.95,2.95,0.0,0.0,0.0
90099,NECKLACE+BRACELET SET BLUE HIBISCUS,129.69,42,25,16,3.2527999999999997,3.0878571428571426,0.0,0.0,0.0
90190A,SILVER/CRYSTAL DROP EARRINGS W LEAF,129.59,44,31,8,2.944516129032258,2.945227272727273,0.0,0.0,0.0
10080,GROOVY CACTUS INFLATABLE,129.29,315,27,23,0.505,0.41044444444444445,0.0,0.0,0.0
85160a,WHITE BIRD GARDEN DESIGN MUG,129.04,8,3,0,16.13,16.13,0.0,0.0,0.0
84858A,NATURAL RIVIERA HANDBAG,128.83,53,8,7,6.135,2.430754716981132,0.0,0.0,0.0
90181A,AMBER GLASS/SHELL/PEARL NECKLACE,128.64,14,14,2,9.188571428571427,9.188571428571427,0.0,0.0,0.0
22848,"BREAD BIN, DINER STYLE, PINK",127.6,8,3,3,16.28333333333333,15.95,0.0,0.0,0.0
84251G,"GREETING CARD, OVERCROWDED POOL.",127.55999999999999,472,91,32,0.45175824175824175,0.2702542372881356,0.0,0.0,0.0
90024D,NEW BAROQUE B'FLY NECKLACE PINK,127.5,15,13,11,8.5,8.5,0.0,0.0,0.0
84782B,BLACK 3 TIER GLASS PLATE STAND,127.5,10,6,6,12.75,12.75,0.0,0.0,0.0
85014a,BLACK/BLUE DOTS RUFFLED UMBRELLA,127.2,10,9,0,12.72,12.72,0.0,0.0,0.0
85018C,S/6 PAPER BOXES CURIOUS IMAGES,127.2,36,4,4,4.035,3.533333333333333,0.0,0.0,0.0
16168S,FUNKY MONKEY GIFT BAG SMALL,126.82999999999998,1283,11,4,0.31363636363636366,0.09885424785658611,0.0,0.0,0.0
23303,SET 4 PICNIC CUTLERY FONDANT,126.75,65,6,6,1.95,1.95,0.0,0.0,0.0
84559D,3D SHEET OF SEA WORLD STICKERS,126.71,147,31,23,0.9067741935483871,0.8619727891156462,0.0,0.0,0.0
84367,LA STREGA CANVAS PICTURE,126.29999999999998,74,8,6,2.175,1.7067567567567565,0.0,0.0,0.0
82607E,GLASS BONBON JAR. D'AMANDES,126.25,101,25,18,1.25,1.25,1.0,1.25,0.9900990099009901
gift_0001_10,DOTCOMGIFTSHOP GIFT VOUCHER £10.00,126.21,15,14,0,8.42,8.414,0.0,0.0,0.0
90174,BUTTERFLY HAIR BAND,126.12,50,32,4,2.5178125,2.5224,12.0,30.6,24.0
90108,BLUE BLOSSOM HAIR CLIP,125.83,109,21,12,1.591904761904762,1.1544036697247706,10.0,10.5,9.174311926605505
23578,SNACK TRAY RED GINGHAM,125.72,60,14,11,2.417142857142857,2.0953333333333335,0.0,0.0,0.0
90138,WHITE/PINK MINI CRYSTALS NECKLACE,125.64,24,17,5,5.319411764705883,5.235,0.0,0.0,0.0
47592B,SCOTTIES DESIGN CHILD'S OVERALL,125.6,64,28,14,1.9271428571428573,1.9625,0.0,0.0,0.0
84968a,SET OF 16 VINTAGE ROSE CUTLERY,125.32999999999998,5,3,0,25.136666666666667,25.065999999999995,0.0,0.0,0.0
84558a,3D DOG PICTURE PLAYING CARDS,125.17,21,19,0,5.952105263157895,5.96047619047619,0.0,0.0,0.0
23065,LARGE JEWELLERY STAND,125.0,10,4,4,12.5,12.5,0.0,0.0,0.0
84614A,PINK BAROQUE FLOCK CANDLE HOLDER,124.83,17,10,7,7.726000000000001,7.342941176470588,2.0,11.9,11.76470588235294
90002C,FLOWER BURST SILVER RING MIDN'T BLU,124.38,33,19,8,3.783157894736842,3.769090909090909,2.0,7.5,6.0606060606060606
90162C,ANT SILVER FUSCHIA BOUDICCA RING,123.90000000000002,42,16,10,2.95,2.9500000000000006,0.0,0.0,0.0
22359,"GLASS JAR, KINGS CHOICE SOAP",123.9,42,8,8,2.95,2.95,0.0,0.0,0.0
85185B,PINK HORSE SOCK PUPPET KIT,123.9,42,14,13,2.95,2.95,1.0,2.95,2.380952380952381
90168,2 DAISIES HAIR COMB,123.76,42,24,3,2.9425000000000003,2.9466666666666668,6.0,17.700000000000003,14.285714285714285
17191A,ROSE FLOWER CANDLE+INCENSE 16X16CM,123.75,33,12,9,3.75,3.75,0.0,0.0,0.0
22850,BREAD BIN DINER STYLE BLACK,123.6,8,1,1,15.95,15.45,8.0,123.6,100.0
20816,GOLD FLOWER CUSHION COVER,123.6,24,7,5,5.378571428571428,5.1499999999999995,5.0,33.75,20.833333333333336
23477,WOODLAND LARGE BLUE FELT HEART,123.47,92,13,8,1.7153846153846155,1.3420652173913044,0.0,0.0,0.0
23454,SET OF 3 MINI HANGING PORTRAITS,123.2,32,2,2,3.95,3.85,0.0,0.0,0.0
23457,LARGE PARLOUR FRAME,122.85,27,2,2,4.725,4.55,0.0,0.0,0.0
72133,COLUMBIAN CANDLE RECTANGLE,122.63,109,31,24,1.3336363636363635,1.125045871559633,0.0,0.0,0.0
22832,SWEETHEART WIRE WALL TIDY,122.6,12,3,3,10.483333333333333,10.216666666666667,0.0,0.0,0.0
21228,"POCKET MIRROR ""GLAMOROUS""",122.57,97,31,25,1.29125,1.2636082474226804,0.0,0.0,0.0
85190,PINK FLOWER HANGING HEART,122.46,138,17,14,1.153529411764706,0.8873913043478261,6.0,5.1,4.3478260869565215
79308B,MOSAIC CANDLE DISH BLUE PURPLE,122.4,144,2,1,0.85,0.8500000000000001,0.0,0.0,0.0
90205C,LARGE CRYSTAL DIAMANTE HAIRSLIDE,122.31,78,24,5,1.6591666666666667,1.5680769230769231,0.0,0.0,0.0
44242B,PINK FEATHERS CURTAIN,121.53,109,9,8,1.1477777777777778,1.114954128440367,0.0,0.0,0.0
79532,MOSAIC GLASS BALL CANDLEHOLDER,121.25,97,18,15,1.25,1.25,1.0,1.25,1.0309278350515463
84199,GLOW IN DARK DOLPHINS,121.08,554,69,58,0.22138888888888889,0.21855595667870037,12.0,2.52,2.166064981949458
22536,MAGIC SLATE FIDO,120.96000000000001,288,6,6,0.42,0.42000000000000004,0.0,0.0,0.0
22535,MAGIC SLATE BUNNIES AT HOME,120.96000000000001,288,6,6,0.42,0.42000000000000004,0.0,0.0,0.0
22534,MAGIC SLATE SPACEBOY,120.96000000000001,288,6,6,0.42,0.42000000000000004,0.0,0.0,0.0
90003E,GREEN PAIR HEART HAIR SLIDES,120.31,32,22,3,3.766818181818182,3.7596875,4.0,15.0,12.5
23467,VINTAGE ZINC PLANTER,120.08,32,11,5,4.366363636363636,3.7525,0.0,0.0,0.0
84509F,NEW ENGLAND PLACEMATS,120.0,32,10,6,3.75,3.75,0.0,0.0,0.0
23438,GIFT BAG LARGE SPOT,120.0,96,6,6,1.25,1.25,0.0,0.0,0.0
23209,LUNCH BAG VINTAGE DOILEY,119.63,71,5,4,2.146,1.6849295774647888,0.0,0.0,0.0
84886,BLUE METAL WALL SHELF,119.39999999999999,12,9,8,9.95,9.95,0.0,0.0,0.0
84288B,SET/2 BLUE NOODLE BASKETS,118.95,61,24,19,1.95,1.95,2.0,3.9,3.278688524590164
23359,SET OF 12 T-LIGHTS VINTAGE DOILEY,118.94999999999999,61,6,6,1.95,1.9499999999999997,0.0,0.0,0.0
23280,FOLDING MIRROR HOT PINK,118.92000000000002,156,5,5,0.808,0.7623076923076925,0.0,0.0,0.0
22972,CHILDRENS SPACEBOY MUG,118.79999999999998,72,5,5,1.65,1.6499999999999997,0.0,0.0,0.0
90018C,SILVER BLACK ORBIT DROP EARRINGS,118.51,28,20,7,4.226000000000001,4.2325,1.0,4.25,3.571428571428571
35607A,PINK FLUFFY CHRISTMAS DECORATION,118.43,554,31,27,0.33129032258064517,0.21377256317689533,0.0,0.0,0.0
20887,BOX OF 6 PEBBLE CANDLES,118.39,18,8,4,5.615,6.577222222222222,0.0,0.0,0.0
90139,FLOWER BROOCH 4 ASSORTED COLOURS,118.24000000000001,23,18,3,5.152222222222223,5.1408695652173915,0.0,0.0,0.0
84510E,SET OF 4 GREEN CAROUSEL COASTERS,117.77,148,28,12,1.8128571428571427,0.7957432432432432,0.0,0.0,0.0
22877,"NUMBER TILE COTTAGE GARDEN, 9",117.30999999999999,59,5,4,2.402,1.9883050847457626,1.0,1.95,1.694915254237288
35824C,"HANGING FLOWERS+MIRROR,CLEAR",117.05,235,8,8,0.935,0.4980851063829787,0.0,0.0,0.0
22879,NUMBER TILE VINTAGE FONT 0,117.04,74,20,7,3.023,1.5816216216216217,0.0,0.0,0.0
23244,STORAGE TIN VINTAGE LEAF,117.0,60,7,7,1.95,1.95,0.0,0.0,0.0
72038P,PRICE'S CANDLE PEACH,116.5,1050,9,9,0.15222222222222223,0.11095238095238096,50.0,10.5,4.761904761904762
16206B,RED PURSE WITH PINK HEART,116.4,96,16,14,1.23125,1.2125000000000001,0.0,0.0,0.0
84751B,BLACK MEDIUM GLASS CAKE STAND,115.86,38,19,18,3.0100000000000002,3.0489473684210524,3.0,8.29,7.894736842105263
20848,ZINC HEART LATTICE CHARGER SMALL,115.05000000000001,39,12,10,2.9500000000000006,2.95,0.0,0.0,0.0
20896,VINTAGE NOTEBOOK PINK FLOWER,115.05000000000001,39,14,13,2.95,2.95,0.0,0.0,0.0
84462,3 PINK HEN+CHICKS IN BASKET,114.86,100,14,13,1.3264285714285715,1.1486,0.0,0.0,0.0
23185,FRENCH STYLE STORAGE JAR JAM,114.85,317,30,27,0.3516129032258064,0.36230283911671923,1.0,0.29,0.31545741324921134
20698,LITTLE PINK MONSTER SOFT TOY,114.44999999999999,47,21,17,2.509090909090909,2.435106382978723,0.0,0.0,0.0
23151,ZINC SWEETHEART SOAP DISH,114.33000000000001,61,21,18,2.2395238095238095,1.8742622950819674,0.0,0.0,0.0
84509c,SET OF 4 DOTTY PLACEMATS,114.3,15,11,0,7.620000000000001,7.62,0.0,0.0,0.0
90049,IVORY GOLD METAL BAG CHARM,114.24,20,6,3,7.489999999999999,5.712,7.0,34.65,35.0
23535,WALL ART BICYCLE SAFTEY,114.15,21,3,3,5.75,5.435714285714286,0.0,0.0,0.0
90030A,SPOTTED WHITE NATURAL SEED NECKLACE,113.76,79,10,8,2.496,1.4400000000000002,0.0,0.0,0.0
84510c,SET OF 4 POLKADOT COASTERS,113.75999999999999,46,26,0,2.4734615384615384,2.4730434782608692,0.0,0.0,0.0
22875,"NUMBER TILE COTTAGE GARDEN, 7",113.41,57,3,2,2.703333333333333,1.9896491228070174,0.0,0.0,0.0
22870,"NUMBER TILE COTTAGE GARDEN, 2",113.40999999999998,57,3,2,2.703333333333333,1.9896491228070172,0.0,0.0,0.0
22868,"NUMBER TILE COTTAGE GARDEN, 0",113.40999999999998,57,3,2,2.703333333333333,1.9896491228070172,0.0,0.0,0.0
84705B,FAIRY CAKES PHOTO FRAME,113.27,84,3,2,4.006666666666667,1.348452380952381,0.0,0.0,0.0
84249A,"GREETING CARD,SQUARE, DOUGHNUTS",113.22,252,34,18,0.6129411764705882,0.4492857142857143,0.0,0.0,0.0
90179C,BLACK FINE BEAD NECKLACE W TASSEL,112.78,19,16,7,5.933125,5.935789473684211,1.0,5.95,5.263157894736842
21089,SET/6 GREEN SPRING PAPER CUPS,112.54,323,40,32,0.49725,0.34842105263157896,0.0,0.0,0.0
44236,PINK/PURPLE CIRCLE CURTAIN,112.32000000000001,64,12,9,2.868461538461539,1.7550000000000001,0.0,0.0,0.0
71510,SQUARE METAL CANDLEHOLDER BASE,112.05,177,17,11,0.7935294117647059,0.6330508474576271,0.0,0.0,0.0
35916A,YELLOW FELT HANGING HEART W FLOWER,112.03999999999999,129,44,7,1.0156818181818181,0.8685271317829457,0.0,0.0,0.0
71495B,CD WALL TIDY RED FLOWERS,111.57000000000001,294,18,8,0.5449999999999999,0.37948979591836735,0.0,0.0,0.0
35966,FOLKART CHRISTMAS TREE T-LIGHT HOLD,111.34,255,26,20,0.6815384615384615,0.4366274509803922,0.0,0.0,0.0
10138,ASSORTED COLOUR JUMBO PEN,111.22,261,21,14,0.4776190476190476,0.4261302681992337,194.0,81.9,74.32950191570882
22873,"NUMBER TILE COTTAGE GARDEN, 5",111.14999999999999,57,3,3,1.95,1.95,0.0,0.0,0.0
84493,BLUE/PINK NEST STRIPE BOX,111.12,1142,5,5,1.5619999999999998,0.09730297723292469,567.0,45.36,49.64973730297723
90103,PURPLE FRANGIPANI NECKLACE,110.85,44,30,5,2.521333333333333,2.5193181818181816,0.0,0.0,0.0
82069,BEECH WOOD P/FRAME,109.85,17,11,2,6.275454545454545,6.461764705882352,0.0,0.0,0.0
22872,"NUMBER TILE COTTAGE GARDEN, 4",109.19999999999999,56,2,2,1.95,1.9499999999999997,0.0,0.0,0.0
22874,"NUMBER TILE COTTAGE GARDEN, 6",109.19999999999999,56,2,2,1.95,1.9499999999999997,0.0,0.0,0.0
22876,"NUMBER TILE COTTAGE GARDEN, 8",109.19999999999999,56,2,2,1.95,1.9499999999999997,0.0,0.0,0.0
22871,"NUMBER TILE COTTAGE GARDEN, 3",109.19999999999999,56,2,2,1.95,1.9499999999999997,0.0,0.0,0.0
85185F,LION SOCK PUPPET,109.15,37,19,16,2.95,2.95,0.0,0.0,0.0
84247H,PACK/12 DECOUPAGE CARD,109.13000000000001,42,20,12,2.317,2.5983333333333336,11.0,32.45,26.190476190476193
90177C,DROP DIAMANTE EARRINGS CRYSTAL,109.03,37,24,6,2.9458333333333333,2.946756756756757,6.0,17.700000000000003,16.216216216216218
90071,RUBY GLASS CLUSTER EARRINGS,108.99,87,73,2,1.253013698630137,1.252758620689655,0.0,0.0,0.0
20667,CHERRY BLOSSOM PURSE,108.69,40,24,6,2.6437500000000003,2.71725,0.0,0.0,0.0
90104,PURPLE FRANGIPANI HAIRCLIP,108.11,129,49,11,0.8342,0.8380620155038759,0.0,0.0,0.0
23041,PAPER LANTERN 6 POINT SNOW STAR,107.9,26,6,6,4.15,4.15,0.0,0.0,0.0
72753C,S/3 FLWR FAIRY ROSE CANDLES,107.68,43,6,5,4.021666666666667,2.504186046511628,0.0,0.0,0.0
90118,PINK DAISY BAG CHARM,107.39,42,29,3,2.576206896551724,2.556904761904762,6.0,15.3,14.285714285714285
35840,FLAT GLASS BAUBLE WHITE FLOCK,107.13,45,11,5,3.7590909090909093,2.3806666666666665,1.0,0.85,2.2222222222222223
23626,SET 10 CARDS DINKY TREE 17076,107.07000000000001,43,16,0,2.49,2.49,0.0,0.0,0.0
23455,SMALL PARLOUR FRAME,106.98000000000002,42,2,2,2.6900000000000004,2.5471428571428576,0.0,0.0,0.0
90059D,DIAMANTE HAIR GRIP PACK/2 PERIDOT,106.74,64,40,5,1.67575,1.6678125,6.0,9.9,9.375
84562B,BLUE/WHITE RIBBED MELAMINE JUG,106.59,10,7,5,10.530000000000001,10.659,0.0,0.0,0.0
48103,DOORMAT KISS MY.......,106.58,22,2,2,6.035,4.844545454545455,0.0,0.0,0.0
35096B,RED VICTORIAN FABRIC HEART BOX,106.49000000000001,293,25,20,0.46759999999999996,0.3634470989761093,0.0,0.0,0.0
90165A,PINK ROSEBUD PEARL EARRINGS,106.49,42,27,2,2.524074074074074,2.5354761904761904,0.0,0.0,0.0
22445,PENCIL CASE GINGHAM FOREST,106.20000000000002,36,4,4,2.95,2.9500000000000006,0.0,0.0,0.0
84867A,PINK BABY GIRLS PHOTO ALBUM,105.82000000000001,16,4,3,8.355,6.6137500000000005,0.0,0.0,0.0
90051,CRACKED GLAZE NECKLACE RED,105.72,15,11,4,7.0590909090909095,7.048,0.0,0.0,0.0
35610A,PINK CHRISTMAS FLOCK DROPLET,105.43,143,12,8,1.5366666666666664,0.7372727272727273,0.0,0.0,0.0
84458,S/3 RABBIT FLOWER/EGG/CARROT ROPE,105.39999999999999,124,20,17,0.85,0.85,0.0,0.0,0.0
22433,WATERING CAN PINK BUNNY,105.3,54,5,5,1.95,1.95,0.0,0.0,0.0
17090D,VANILLA INCENSE 40 CONES IN TIN,105.2,88,28,21,1.2366666666666668,1.1954545454545455,0.0,0.0,0.0
23574,PACKING CHARGE,105.0,14,14,9,7.5,7.5,2.0,15.0,14.285714285714285
16169D,WRAP WINTER FOREST,105.0,250,9,9,0.42,0.42,0.0,0.0,0.0
90141A,GREEN PENDANT TRIPLE SHELL NECKLACE,104.95,20,17,4,5.300000000000001,5.2475000000000005,0.0,0.0,0.0
90079,VINTAGE ENAMEL & CRYSTAL NECKLACE,104.77,21,13,5,5.006153846153846,4.989047619047619,0.0,0.0,0.0
21118,SHOPPING BAG DOORSTOP,104.25,69,7,7,2.5357142857142856,1.5108695652173914,0.0,0.0,0.0
21337,SILVER WASHBAG,103.53000000000002,33,12,7,3.465,3.1372727272727277,0.0,0.0,0.0
72801c,4 ROSE PINK DINNER CANDLES,103.47,42,26,0,2.4619230769230773,2.4635714285714285,0.0,0.0,0.0
35910A,MULTICOLOUR EASTER RABBIT,103.35,53,13,12,1.9499999999999997,1.95,0.0,0.0,0.0
84679,CLASSICAL ROSE TABLE LAMP,103.3,14,4,4,8.95,7.378571428571428,1.0,5.95,7.142857142857142
35594,WOODEN CHRISTMAS TREE 3 HANGING,103.06,165,39,18,0.9984615384615384,0.6246060606060606,24.0,10.08,14.545454545454545
84613A,PINK NEW BAROQUE FLOCK CANDLESTICK,102.3,22,10,9,4.65,4.6499999999999995,1.0,4.65,4.545454545454546
84968e,S/16 VINTAGE BLACK CUTLERY,101.96,4,4,0,25.49,25.49,0.0,0.0,0.0
90125C,TURQUOISE BERTIE GLASS BEAD CHARM,101.35,92,10,5,1.6649999999999998,1.1016304347826087,0.0,0.0,0.0
72369A,PINK CLEAR GLASS CANDLE PLATE,101.28999999999999,67,14,8,1.7473333333333334,1.5117910447761194,0.0,0.0,0.0
16248B,BLUE HOLE PUNCH,101.25,81,12,12,1.25,1.25,0.0,0.0,0.0
84921,CREAM AND PINK FLOWERS PONY,101.25,27,14,13,3.75,3.75,0.0,0.0,0.0
85050,FRENCH ENAMEL SOAP DISH WITH LID,100.8,48,1,1,2.1,2.1,0.0,0.0,0.0
72821,CUPID SCENTED CANDLE IN GLASS,100.64999999999999,61,14,13,1.65,1.65,3.0,4.949999999999999,4.918032786885246
75172,PAINTED SEA SHELL METAL WINDCHIME,100.31,97,11,11,2.1354545454545457,1.0341237113402062,0.0,0.0,0.0
78027,SEAGRASS S/2 CORNER LAUNDRY,100.15,6,5,3,18.03,16.691666666666666,0.0,0.0,0.0
23611,SET 10 CARDS RED RIDING HOOD 17214,99.60000000000001,40,16,0,2.49,2.49,0.0,0.0,0.0
23464,VINTAGE ZINC WATERING CAN SMALL,99.2,18,8,6,6.2125,5.511111111111111,0.0,0.0,0.0
37471,MULTICOLOUR DOTS PLATE,99.02,692,6,2,4.694999999999999,0.14309248554913295,0.0,0.0,0.0
23466,TUSCAN VILLA DOVECOTE,99.0,12,4,4,8.25,8.25,0.0,0.0,0.0
22736,"RIBBON REEL, MAKING SNOWMEN",99.0,60,5,5,1.65,1.65,0.0,0.0,0.0
23465,TUSCAN VILLA FEEDING STATION,99.0,12,7,7,8.25,8.25,0.0,0.0,0.0
23191,BUNDLE OF 3 RETRO EXERCISE BOOKS,98.99999999999999,60,5,5,1.65,1.6499999999999997,0.0,0.0,0.0
21266,VINTAGE SILVER TINSEL REEL,98.9,23,9,0,4.3,4.3,0.0,0.0,0.0
90169,DAISY HAIR COMB,98.87,39,23,3,2.527391304347826,2.5351282051282054,6.0,15.3,15.384615384615385
37471,MULTICOLOUR POLKADOT PLATE,98.83,713,4,2,2.1075,0.13861150070126227,684.0,68.4,95.93267882187938
84575A,PINK DOG CANNISTER,98.8,24,13,13,5.334615384615385,4.116666666666666,1.0,5.95,4.166666666666666
22878,"NUMBER TILE COTTAGE GARDEN, NO",98.72,45,5,3,2.944,2.1937777777777776,0.0,0.0,0.0
90163B,WHITE ROSEBUD & PEARL NECKLACE,98.45,13,9,2,7.5744444444444445,7.573076923076924,0.0,0.0,0.0
84705D,CHERRY BLOSSOM PHOTO FRAME,97.9,22,14,3,4.386,4.45,0.0,0.0,0.0
90150,BLUE SHELL+SILVER NECKLACE,97.5,13,8,7,7.5,7.5,0.0,0.0,0.0
16161G,WRAP BAD HAIR DAY,97.5,975,33,31,0.1,0.1,0.0,0.0,0.0
90067A,PINK VINTAGE VICTORIAN EARRINGS,97.24000000000001,33,16,8,2.943125,2.9466666666666668,0.0,0.0,0.0
20861,GOLD COSMETIC BAG PINK STAR,96.60000000000001,46,16,15,2.1,2.1,0.0,0.0,0.0
20697,LITTLE GREEN MONSTER SOFT TOY,96.6,40,21,17,2.507142857142857,2.415,0.0,0.0,0.0
84465,15 PINK FLUFFY CHICKS IN BOX,96.51,32,23,18,3.041739130434783,3.0159375,0.0,0.0,0.0
85132b,CHARLIE AND LOLA TABLE TINS,95.83999999999999,10,10,0,9.584,9.584,0.0,0.0,0.0
17084J,LOVE POTION MASALA INCENSE,95.76,456,20,17,0.21000000000000002,0.21000000000000002,0.0,0.0,0.0
84559a,3D SHEET OF DOG STICKERS,95.69999999999999,57,40,0,1.6787499999999997,1.6789473684210525,0.0,0.0,0.0
48103,DOOR MAT KISS MY.......,95.15,13,8,8,7.305,7.31923076923077,0.0,0.0,0.0
72606A,BROWN ANTIQUE CUBE CANDLE,94.92,226,18,18,0.42,0.42,0.0,0.0,0.0
21241,GREEN POLKADOT CUP,94.35,111,10,9,0.85,0.85,0.0,0.0,0.0
20622,VIP PASSPORT COVER,94.04,43,17,8,2.375294117647059,2.1869767441860466,0.0,0.0,0.0
23402,HOME SWEEET HOME 3 PEG HANGER,93.75,25,4,4,3.75,3.75,0.0,0.0,0.0
90214R,"LETTER ""R"" BLING KEY RING",93.72999999999999,91,50,15,1.0916,1.0299999999999998,0.0,0.0,0.0
22432,WATERING CAN GREEN DINOSAUR,93.6,48,6,6,1.95,1.95,0.0,0.0,0.0
90024C,NEW BAROQUE B'FLY NECKLACE GREEN,93.48,11,10,5,8.498000000000001,8.498181818181818,0.0,0.0,0.0
90026A,GLASS BEAD HOOP NECKLACE BLACK,93.47,11,9,6,8.496666666666666,8.497272727272728,0.0,0.0,0.0
90214G,"LETTER ""G"" BLING KEY RING",93.17999999999999,100,48,13,1.0266666666666666,0.9318,7.0,8.75,7.000000000000001
81950B,FLOWER BLUE CLOCK W/SUCKER,93.1,100,26,14,1.1615384615384614,0.9309999999999999,1.0,0.85,1.0
17084A,TRANQUILITY MASALA INCENSE,92.82,442,18,14,0.21,0.21,0.0,0.0,0.0
35913B,WHITE/PINK CHICK EASTER DECORATION,92.39,100,21,17,1.065217391304348,0.9239,0.0,0.0,0.0
90075,MONTANA DIAMOND CLUSTER NECKLACE,92.17999999999999,10,8,3,9.2075,9.218,0.0,0.0,0.0
84753A,PINK EAU DE COLOGNE BOTTLE,92.16999999999999,97,24,14,1.1537499999999998,0.9502061855670102,0.0,0.0,0.0
21343,GOLD JEWELERY BOX,92.0,20,3,3,8.283333333333333,4.6,2.0,33.9,10.0
90089,PINK CRYSTAL SKULL PHONE CHARM,91.89999999999999,104,26,11,1.2326923076923075,0.8836538461538461,0.0,0.0,0.0
85232b,SET OF 3 BABUSHKA STACKING TINS,91.53,9,8,0,10.17,10.17,0.0,0.0,0.0
90202C,GREEN ENAMEL FLOWER HAIR TIE,91.46000000000001,31,25,4,2.9524,2.9503225806451616,6.0,17.700000000000003,19.35483870967742
90177B,DROP DIAMANTE EARRINGS BLACK DIAMON,91.38000000000001,31,19,5,2.951578947368421,2.9477419354838714,0.0,0.0,0.0
23075,DOUBLE CERAMIC PARLOUR HOOK,91.30000000000001,22,5,5,4.15,4.15,0.0,0.0,0.0
90112,PINK DOLLY HAIR CLIPS,91.25,84,20,13,1.108095238095238,1.0863095238095237,0.0,0.0,0.0
84437A,S/6 PINK EASTER DECS IN BOX,90.94999999999999,106,18,17,0.8924999999999998,0.8580188679245282,0.0,0.0,0.0
90202A,PURPLE ENAMEL FLOWER HAIR TIE,90.9,31,23,3,2.93,2.9322580645161294,6.0,17.700000000000003,19.35483870967742
90214D,"LETTER ""D"" BLING KEY RING",90.82,100,50,11,1.0224,0.9081999999999999,0.0,0.0,0.0
84539,KNITTED RABBIT DOLL,90.75,55,11,9,1.6499999999999997,1.65,0.0,0.0,0.0
81952V,ROUND PURPLE CLOCK W/SUCKER,90.52,99,22,6,1.2840909090909092,0.9143434343434343,0.0,0.0,0.0
72783,BLACK SIL'T SQU CANDLE PLATE,90.30000000000001,43,9,7,2.1,2.1,0.0,0.0,0.0
71406C,BLACK ORANGE SQUEEZER,89.92,210,35,21,0.4691428571428571,0.4281904761904762,0.0,0.0,0.0
84984C,ORIENTAL BLUE C/COVER,89.59,13,8,5,7.390000000000001,6.891538461538461,0.0,0.0,0.0
17013C,ORIGAMI LAVENDER INCENSE IN TUBE,89.46000000000001,213,2,2,0.42,0.42000000000000004,96.0,40.32,45.07042253521127
79026B,"S/4 ICON COASTER,ELVIS LIVES",89.25,69,37,17,1.595945945945946,1.2934782608695652,0.0,0.0,0.0
47598,NEW ENGLAND EGG WARMER,89.12,138,32,17,0.7571875,0.6457971014492754,0.0,0.0,0.0
84388,WISE MAN STAR SHAPE EGG PAN,89.03999999999999,70,22,21,1.4856521739130435,1.2719999999999998,2.0,3.3,2.857142857142857
20660,VIP LUGGAGE TAG,88.75,71,26,22,1.25,1.25,0.0,0.0,0.0
90162A,ANT SILVER TURQUOISE BOUDICCA RING,88.5,30,11,8,2.95,2.95,0.0,0.0,0.0
90059E,DIAMANTE HAIR GRIP PACK/2 RUBY,88.31,53,33,5,1.6712121212121211,1.6662264150943398,6.0,9.9,11.320754716981133
35638A,PINK AND BLACK STRING CURTAIN,88.04999999999998,39,6,6,3.9499999999999997,2.257692307692307,0.0,0.0,0.0
71495A,CD WALL TIDY BLUE OFFICE,87.96000000000001,225,20,5,0.6395,0.39093333333333335,1.0,0.42,0.4444444444444444
84721,MANHATTAN CANVAS ART PICTURE,87.8,20,2,2,8.35,4.39,0.0,0.0,0.0
90092,BLUE CRYSTAL BOOT PHONE CHARM,87.50999999999999,102,10,6,0.9175,0.8579411764705881,27.0,22.95,26.47058823529412
84891B,GREEN WIRE GOBLET CANDLEHOLDER,87.45,11,6,5,7.95,7.95,0.0,0.0,0.0
37462B,"PET MUG, BUDGIE",87.28,170,32,4,0.754375,0.5134117647058823,1.0,0.42,0.5882352941176471
35822B,"ACRYLIC BEAD CHAIN, BLUE",87.02,229,1,1,0.38,0.38,0.0,0.0,0.0
20835,FRENCH LATTICE CUSHION COVER,87.02,80,10,8,2.87,1.08775,0.0,0.0,0.0
90088,CRYSTAL KEY+LOCK PHONE CHARM,86.69999999999999,101,14,8,0.9107142857142857,0.8584158415841583,25.0,21.25,24.752475247524753
90039C,FIRE POLISHED GLASS BRACELET BLACK,86.65,23,12,3,3.783333333333333,3.7673913043478264,0.0,0.0,0.0
23614,SET 10 CARDS 12 DAYS WRAP 17058,86.58,26,11,0,3.33,3.33,0.0,0.0,0.0
84424A,FOUR PICTURE WHITE GLASS FRAME,86.25,23,10,10,3.75,3.75,0.0,0.0,0.0
35271S,GOLD PRINT PAPER BAG,85.97,420,20,17,0.23399999999999999,0.2046904761904762,0.0,0.0,0.0
90012B,BLACK DROP CRYSTAL NECKLACE,85.9,17,6,3,7.699999999999999,5.052941176470589,0.0,0.0,0.0
90162D,ANT SILVER PURPLE BOUDICCA RING,85.55000000000001,29,14,7,2.95,2.95,0.0,0.0,0.0
84454,WOBBLING METAL CHICKEN EASTER,85.53,93,18,11,1.075,0.9196774193548387,0.0,0.0,0.0
85099c,JUMBO BAG BAROQUE BLACK WHITE,85.17,17,10,0,4.975,5.01,0.0,0.0,0.0
22844,"DOG FOOD CONTAINER , VINTAGE",85.0,10,3,3,8.5,8.5,0.0,0.0,0.0
35838B,S/6 SILVER ORNAMENETAL CANDLE,85.0,100,23,21,0.85,0.85,0.0,0.0,0.0
90026D,GLASS BEAD HOOP NECKLACE AMETHYST,85.0,10,8,6,8.5,8.5,0.0,0.0,0.0
90001D,ANTIQUE OLIVE GREEN FLOWER EARRINGS,84.96000000000001,20,11,7,4.246363636363636,4.248,0.0,0.0,0.0
17027A,INCENSE BAZAAR CANNABIS,84.84,228,2,1,0.355,0.3721052631578948,0.0,0.0,0.0
84251B,"GREETING CARD, STICKY GORDON",84.83999999999999,319,61,19,0.3998360655737705,0.2659561128526645,12.0,2.28,3.761755485893417
79051A,SMOKEY GREY COLOUR GLASS,84.75999999999999,236,15,10,0.426,0.3591525423728813,0.0,0.0,0.0
46775B,BERRIES CHUNKY KNITTED THROW,84.75,5,4,3,16.95,16.95,0.0,0.0,0.0
16051,TEATIME PENCIL W STAMP ASST,84.69,941,4,3,0.4325,0.09,0.0,0.0,0.0
23456,MEDIUM PARLOUR FRAME,84.1,22,2,2,3.95,3.8227272727272723,0.0,0.0,0.0
84251F,"GREETING CARD, RITA",83.97,341,50,26,0.4414,0.24624633431085044,0.0,0.0,0.0
90141C,TURQ PENDANT TRIPLE SHELL NECKLACE,83.69,16,13,4,5.295384615384616,5.230625,0.0,0.0,0.0
22016,DOTCOMGIFTSHOP GIFT VOUCHER £100.00,83.33,1,1,0,83.33,83.33,0.0,0.0,0.0
23442,12 HANGING EGGS HAND PAINTED,83.2,40,7,7,2.08,2.08,0.0,0.0,0.0
82605,OLD DOC.RUSSEL METAL SIGN,82.94,41,24,4,2.185,2.0229268292682927,0.0,0.0,0.0
90176D,DIAMANTE NECKLACE PURPLE,82.81,11,7,6,7.5442857142857145,7.528181818181818,1.0,7.5,9.090909090909092
84030C,KNITTED RAINBOW HOT WATER BOTTLE,82.78,21,6,4,4.421666666666667,3.941904761904762,8.0,30.0,38.095238095238095
90002B,FLOWER BURST SILVER RING ROSE,82.74,22,11,7,3.771818181818182,3.7609090909090908,0.0,0.0,0.0
90177E,DROP DIAMANTE EARRINGS GREEN,82.71000000000001,28,22,3,2.9545454545454546,2.953928571428572,6.0,17.700000000000003,21.428571428571427
90189A,SILVER 2 STRAND NECKLACE-LEAF CHARM,82.64,11,8,5,7.5175,7.512727272727273,0.0,0.0,0.0
90130A,WHITE STONE/CRYSTAL EARRINGS,82.51,28,16,6,2.944375,2.9467857142857143,0.0,0.0,0.0
90069,RUBY GLASS CLUSTER NECKLACE,82.5,11,5,5,7.5,7.5,0.0,0.0,0.0
21699,SET 5 MINI CHOCOLATE FRIDGE MAGNETS,82.44,108,3,2,1.2266666666666666,0.7633333333333333,0.0,0.0,0.0
84907,PINK/YELLOW PATCH CUSHION COVER,82.34,8,5,3,11.878,10.2925,2.0,15.3,25.0
90183B,AMETHYST DROP EARRINGS W LONG BEADS,81.92999999999999,28,24,0,2.9304166666666664,2.9260714285714284,0.0,0.0,0.0
22579,WOODEN TREE CHRISTMAS SCANDISPOT,81.6,96,3,3,0.85,0.85,0.0,0.0,0.0
22566,"FELTCRAFT HAIRBAND S/2, PINK/PURPLE",81.6,96,8,8,0.85,0.85,0.0,0.0,0.0
35610C,WHITE CHRISTMAS FLOCK DROPLET,81.56,94,8,6,1.46875,0.8676595744680852,0.0,0.0,0.0
72779,SET/6 BLACK ROSE T-LIGHT CANDLES,81.12,48,15,14,1.69,1.6900000000000002,0.0,0.0,0.0
16201B,PASTEL BLUE PHOTO ALBUM,81.1,34,5,2,2.838,2.385294117647059,0.0,0.0,0.0
90121B,VINTAGE ROSE BEAD BRACELET BLUE,80.75,19,9,8,4.25,4.25,3.0,12.75,15.789473684210526
22530,MAGIC SLATE DOLLY GIRL,80.64,192,4,4,0.42,0.42,0.0,0.0,0.0
22531,MAGIC SLATE CIRCUS PARADE,80.64,192,4,4,0.42,0.42,0.0,0.0,0.0
84596I,WRAP SWEETS LIGHT PINK SMALL BOWL,80.62,72,10,9,1.3472727272727274,1.1197222222222223,0.0,0.0,0.0
17011E,ORIGAMI OPIUM SCENT INCENSE+FLOWER,80.60000000000001,124,1,1,0.65,0.65,0.0,0.0,0.0
22346,PARTY PIZZA DISH GREEN RETROSPOT,80.50999999999999,89,19,12,1.063157894736842,0.9046067415730336,0.0,0.0,0.0
DCGS0069,OOH LA LA DOGS COLLAR,80.31,5,5,0,16.062,16.062,0.0,0.0,0.0
84415B,BLUE FLOCK CUSHION COVER,80.0,24,7,3,3.392857142857143,3.3333333333333335,0.0,0.0,0.0
35265,COLOURFUL FLOWER FRUIT BOWL,80.0,21,16,14,3.453125,3.8095238095238093,0.0,0.0,0.0
23370,SET 36 COLOUR PENCILS DOILEY,80.0,64,3,3,1.25,1.25,0.0,0.0,0.0
90059F,DIAMANTE HAIR GRIP PACK/2 LT ROSE,79.87,48,27,5,1.6688888888888886,1.6639583333333334,6.0,9.9,12.5
90206A,GOLD DIAMANTE STAR BROOCH,79.6,16,12,5,4.983333333333333,4.975,0.0,0.0,0.0
90125B,AQUA BERTIE GLASS BEAD BAG CHARM,79.57,44,17,6,2.2058823529411766,1.8084090909090909,0.0,0.0,0.0
84795E,RIO PINK STRIPE HAMMOCK,79.5,10,5,3,7.95,7.95,0.0,0.0,0.0
22649,STRAWBERRY CAKE TEAPOT,79.2,16,4,4,4.95,4.95,0.0,0.0,0.0
84548,CROCHET BEAR RED/BLUE KEYRING,79.19999999999999,48,13,11,1.65,1.6499999999999997,0.0,0.0,0.0
90038B,GLASS AND PAINTED BEADS BRACELET OL,79.19,21,13,2,3.7838461538461536,3.770952380952381,0.0,0.0,0.0
90064A,WHITE VINTAGE CRYSTAL EARRINGS,79.14,20,12,4,4.054166666666667,3.957,0.0,0.0,0.0
90039B,FIRE POLISHED GLASS BRACELET MONTAN,78.99,21,11,3,3.771818181818182,3.761428571428571,0.0,0.0,0.0
90064B,BLACK VINTAGE CRYSTAL EARRINGS,78.75,21,12,8,3.75,3.75,1.0,3.75,4.761904761904762
22344,PARTY PIZZA DISH PINK WHITE SPOT,78.72999999999999,75,19,10,1.1973684210526316,1.0497333333333332,0.0,0.0,0.0
35931,PINK STAR CHRISTMAS DECORATION,78.11999999999999,156,15,14,0.48466666666666663,0.5007692307692307,0.0,0.0,0.0
84455,SET OF 3 RABBIT CARROTS EASTER,77.96,85,20,15,1.014,0.9171764705882353,0.0,0.0,0.0
90214H,"LETTER ""H"" BLING KEY RING",77.71,83,53,14,0.9809433962264151,0.9362650602409638,0.0,0.0,0.0
23497,CLASSIC CROME BICYCLE BELL,77.4,60,2,2,1.35,1.29,0.0,0.0,0.0
21450,DISTRESSED CANDLE STICK WHITE,77.35,13,3,3,5.95,5.949999999999999,10.0,59.5,76.92307692307693
90176C,DIAMANTE NECKLACE,77.0,10,6,4,7.833333333333333,7.7,2.0,15.0,20.0
21595,DAD'S CAB ELECTRONIC METER,76.95,9,9,0,8.55,8.55,0.0,0.0,0.0
84251C,"GREETING CARD, TWO SISTERS.",76.67999999999999,247,53,13,0.43830188679245285,0.3104453441295546,0.0,0.0,0.0
85014b,RED/WHITE DOTS RUFFLED UMBRELLA,76.60000000000001,6,5,0,12.776,12.766666666666667,0.0,0.0,0.0
84425A,WHITE GLASS TV TRIPLE FRAME,76.6,18,9,8,4.2555555555555555,4.2555555555555555,0.0,0.0,0.0
90100,NECKLACE+BRACELET SET PINK DAISY,76.5,30,12,7,2.55,2.55,0.0,0.0,0.0
90214N,"LETTER ""N"" BLING KEY RING",76.39999999999999,78,43,11,1.048181818181818,0.9794871794871793,0.0,0.0,0.0
90020,FILIGREE DIAMANTE CHAIN,76.23,6,4,2,12.682500000000001,12.705,0.0,0.0,0.0
90176A,CLASSIC DIAMANTE NECKLACE JET,75.88,10,7,3,7.581428571428572,7.587999999999999,1.0,7.5,10.0
35815P,"ACRYLIC JEWEL SNOWFLAKE, PINK",75.88,168,7,7,1.1171428571428572,0.45166666666666666,0.0,0.0,0.0
22416,SET OF 36 SPACEBOY PAPER DOILIES,75.42,51,8,7,1.63375,1.4788235294117646,6.0,8.7,11.76470588235294
62043B,BLUE CHECK BAG W HANDLE 34X20CM,75.16,54,10,8,1.2399999999999998,1.391851851851852,1.0,0.83,1.8518518518518516
16161E,WRAP BOUDOIR,75.0,750,9,8,0.1,0.1,0.0,0.0,0.0
23061,VINTAGE ENGRAVED HEART,75.0,60,4,4,1.25,1.25,0.0,0.0,0.0
37399,"ASS RETROSPOOF MUGS,SPORTS",75.0,143,6,6,0.9733333333333333,0.5244755244755245,0.0,0.0,0.0
72802a,ROSE SCENT CANDLE IN JEWELLED BOX,74.97,9,4,0,8.379999999999999,8.33,0.0,0.0,0.0
84968d,SET OF 16 VINTAGE RED CUTLERY,74.88,3,3,0,24.959999999999997,24.959999999999997,0.0,0.0,0.0
72807a,SET/3 ROSE CANDLE IN JEWELLED BOX,74.78999999999999,9,6,0,8.319999999999999,8.309999999999999,0.0,0.0,0.0
84757,ENCHANTED GARDEN WROUGHT IRON TABLE,74.75,5,4,4,14.95,14.95,0.0,0.0,0.0
23044,PAPER LANTERN 9 POINT HOLLY STAR 23,74.7,18,5,5,4.15,4.15,0.0,0.0,0.0
23068,ALUMINIUM HEART,74.7,30,6,6,2.49,2.49,0.0,0.0,0.0
21267,VINTAGE PINK TINSEL REEL,74.6,24,10,3,3.4200000000000004,3.108333333333333,0.0,0.0,0.0
90012A,MIDNIGHT BLUE DROP CRYSTAL NECKLACE,74.38,13,7,2,8.097142857142858,5.7215384615384615,0.0,0.0,0.0
84919,L BLUE C/COVER W PINK/YELLOW FLOWER,74.31,8,4,2,11.6275,9.28875,0.0,0.0,0.0
84593,CROCHET ROSE DES CLOTHES HANGER,73.75,25,7,7,2.95,2.95,0.0,0.0,0.0
15030,FAN BLACK FRAME,73.66,254,26,23,0.29,0.29,0.0,0.0,0.0
90130C,GREEN STONE/CRYSTAL EARRINGS,73.62,25,24,2,2.9441666666666664,2.9448000000000003,0.0,0.0,0.0
79331,PINK FLOCK GLASS CANDLEHOLDER,73.6,60,9,8,1.3677777777777775,1.2266666666666666,0.0,0.0,0.0
84447,6 RABBIT CHAIN EASTER,72.42,69,19,7,1.361578947368421,1.0495652173913044,0.0,0.0,0.0
90214B,"LETTER ""B"" BLING KEY RING",72.33,75,40,13,1.0195,0.9643999999999999,0.0,0.0,0.0
84427B,BLACK GLASS TV DOUBLE P/FRAME 15X10,72.25,17,5,5,4.25,4.25,0.0,0.0,0.0
90027D,GLASS BEAD HOOP EARRINGS AMETHYST,72.18,23,16,6,3.18875,3.138260869565218,0.0,0.0,0.0
84746,PINK EASTER HENS+FLOWER,72.06,23,16,6,3.105,3.13304347826087,0.0,0.0,0.0
90031,BILI NUT AND WOOD NECKLACE,71.9,52,9,5,3.2111111111111112,1.3826923076923079,0.0,0.0,0.0
90038C,GLASS AND BEADS BRACELET IVORY,71.46000000000001,19,9,3,3.7733333333333334,3.7610526315789476,0.0,0.0,0.0
35937,CERISE+GOLD CHRISTMAS STOCKING DEC,71.44,188,17,16,0.38,0.38,0.0,0.0,0.0
90060D,FIRE POLISHED GLASS NECKL BRONZE,71.4,12,8,6,5.95,5.95,0.0,0.0,0.0
17007B,S/3 POT POURI CUSHIONS BLUE COLOURS,71.4,34,6,6,2.1,2.1,0.0,0.0,0.0
84925C,FAIRY CAKES WALL THERMOMETER,71.39999999999999,28,10,10,2.55,2.55,0.0,0.0,0.0
37509,NEW ENGLAND MUG W GIFT BOX,71.39999999999999,28,14,14,2.55,2.55,1.0,2.55,3.571428571428571
22950,SET OF 36 VINTAGE CHRISTMAS DOILIES,71.27,38,8,6,1.8175,1.8755263157894735,1.0,1.45,2.631578947368421
84415A,PINK FLOCK SUEDE CUSHION COVER,71.25,27,6,3,2.9166666666666665,2.638888888888889,0.0,0.0,0.0
90037B,TINY CRYSTAL BRACELET GREEN,71.17,28,10,5,2.527,2.5417857142857145,0.0,0.0,0.0
23413,DECROTIVEVINTAGE COFFEE GRINDER BOX,71.08,12,6,4,6.896666666666666,5.923333333333333,0.0,0.0,0.0
90179A,AMBER FINE BEAD NECKLACE W TASSEL,71.0,12,9,5,5.905555555555556,5.916666666666667,0.0,0.0,0.0
84803B,WHITE ALLIUM ARTIFICIAL FLOWER,70.98,42,11,10,1.69,1.6900000000000002,9.0,15.21,21.428571428571427
16256C,HEARTS PENCIL/RUBBER+5 MINI PENCILS,70.98,169,10,8,0.42000000000000004,0.42000000000000004,14.0,5.88,8.284023668639055
84905,PINK BUTTERFLY C/COVER,70.82,10,6,3,7.596666666666667,7.081999999999999,0.0,0.0,0.0
84086B,YELLOW/BLUE RETRO RADIO,70.80000000000001,24,12,7,2.95,2.9500000000000006,1.0,2.95,4.166666666666666
90187B,GREEN DROP EARRINGS W BEAD CLUSTER,70.6,21,15,2,3.366,3.3619047619047615,0.0,0.0,0.0
20958,PORCELAIN HANGING BELL LARGE,70.5,38,10,9,1.92,1.855263157894737,0.0,0.0,0.0
90202B,WHITE ENAMEL FLOWER HAIR TIE,70.49,24,16,3,2.936875,2.9370833333333333,6.0,17.700000000000003,25.0
90050,CRACKED GLAZE NECKLACE IVORY,70.16,10,6,2,7.06,7.016,2.0,13.9,20.0
22949,SET OF 36 DOLLY GIRL PAPER DOILIES,69.66,45,15,12,1.744,1.5479999999999998,2.0,2.9,4.444444444444445
90131,PINK/AMETHYST/GOLD NECKLACE,69.62,10,5,4,6.974000000000001,6.962000000000001,0.0,0.0,0.0
gift_0001_80,DOTCOMGIFTSHOP GIFT VOUCHER £80.00,69.56,1,1,0,69.56,69.56,1.0,69.56,100.0
84918,CREAM C/COVER W YELLOW/GREEN FLOWER,69.5,10,3,3,6.95,6.95,0.0,0.0,0.0
81952V,ROUND PURPLE CLOCK WITH SUCKER,69.35,365,24,22,0.19,0.18999999999999997,0.0,0.0,0.0
72140F,HAPPY ANNIVERSARY CANDLE LETTERS,69.18,175,14,14,0.41600000000000004,0.39531428571428573,0.0,0.0,0.0
35916B,BLUE FELT HANGING HEART W FLOWER,69.1,57,16,4,1.458125,1.212280701754386,0.0,0.0,0.0
90059C,DIAMANTE HAIR GRIP PACK/2 MONTANA,68.17999999999999,41,23,6,1.671304347826087,1.6629268292682926,6.0,9.9,14.634146341463413
71215,METAL BASE FOR CANDLES,68.1,177,12,10,0.4091666666666667,0.3847457627118644,0.0,0.0,0.0
47420,ASSORTED COLOUR SUCTION CUP HOOK,68.02,358,31,23,0.19,0.19,0.0,0.0,0.0
84857A,SILVER MONTE CARLO HANDBAG,68.0,8,3,2,8.5,8.5,0.0,0.0,0.0
DCGS0004,HAYNES CAMPER SHOULDER BAG,67.94,4,4,0,16.985,16.985,0.0,0.0,0.0
90140,PINK SWEETIE NECKLACE,67.9,9,7,2,7.557142857142857,7.544444444444445,0.0,0.0,0.0
90026B,GLASS BEAD HOOP NECKLACE MONTANA,67.82,8,7,4,8.474285714285715,8.4775,0.0,0.0,0.0
90026C,GLASS BEAD HOOP NECKLACE GREEN,67.82,8,6,5,8.47,8.4775,0.0,0.0,0.0
20879,TREE OF NOAH FESTIVE SCENTED CANDLE,67.8,57,11,8,1.8027272727272725,1.1894736842105262,96.0,201.6,168.42105263157893
84596e,SMALL LICORICE DES PINK BOWL,67.77,27,17,0,2.51,2.51,0.0,0.0,0.0
90002E,FLOWER BURST SILVER RING GREEN,67.77,18,11,7,3.774545454545455,3.7649999999999997,3.0,11.25,16.666666666666664
84864A,PINK PAISLEY PHOTO ALBUM,67.71000000000001,7,4,3,8.455,9.672857142857143,0.0,0.0,0.0
90078,PINK/WHITE GLASS DEMI CHOKER,67.64,9,5,4,7.5280000000000005,7.515555555555555,0.0,0.0,0.0
90024F,NEW BAROQUE B'FLY NECKLACE CRYSTAL,67.61,8,6,2,8.436666666666667,8.45125,0.0,0.0,0.0
84926B,SCOTTS ROSES TILE COASTER,67.5,54,10,8,1.25,1.25,0.0,0.0,0.0
47341B,BLUE TABLE RUN FLOWER,67.5,48,14,13,1.7857142857142858,1.40625,0.0,0.0,0.0
47504J,ENGLISH ROSE SET/3 GARDEN TOOLS,67.25,5,4,2,14.825,13.45,4.0,31.8,80.0
90214P,"LETTER ""P"" BLING KEY RING",66.59,77,33,13,1.0396969696969698,0.8648051948051948,6.0,7.5,7.792207792207792
35819P,"ACRYLIC HANGING JEWEL,PINK",66.55,95,7,7,0.5042857142857143,0.7005263157894737,0.0,0.0,0.0
90037A,TINY CRYSTAL BRACELET RED,66.31,26,12,4,2.5508333333333333,2.5503846153846155,0.0,0.0,0.0
40002,WHITE BAMBOO RIBS LAMPSHADE,66.3,78,1,1,0.85,0.85,6.0,5.1,7.6923076923076925
90037C,TINY CRYSTAL BRACELET BLUE,66.08,26,13,4,2.5330769230769232,2.5415384615384613,0.0,0.0,0.0
85072,OCCASIONS GIFT CARD ASSORTMENT,66.0,120,1,1,0.55,0.55,0.0,0.0,0.0
79329,PINK FLOCK GLASS CANDLEHOLDER,65.94,100,7,7,1.2871428571428571,0.6594,0.0,0.0,0.0
84340,LARGE FIBRE OPTIC CHRISTMAS TREE,65.76,21,11,5,4.346363636363637,3.1314285714285717,0.0,0.0,0.0
79406,FROSTED WHITE BASE,65.62,259,21,14,0.3961904761904762,0.2533590733590734,0.0,0.0,0.0
90179B,PURPLE FINE BEAD NECKLACE W TASSEL,65.31,11,9,5,5.934444444444445,5.9372727272727275,0.0,0.0,0.0
72812,LARGE ZINC/GLASS CANDLEHOLDER,65.23,27,9,5,2.8133333333333335,2.4159259259259263,0.0,0.0,0.0
47016,LIGHT DECORATION BATTERY OPERATED,65.10000000000001,31,5,4,2.1,2.1,0.0,0.0,0.0
84705A,ENGLISH ROSE PHOTO FRAME,65.10000000000001,14,7,5,4.65,4.65,0.0,0.0,0.0
90141B,IVORY PENDANT TRIPLE SHELL NECKLACE,64.94,13,9,2,5.015555555555555,4.995384615384615,0.0,0.0,0.0
23235,BISCUIT TIN VINTAGE LEAF,64.56,24,3,3,2.7566666666666664,2.69,0.0,0.0,0.0
90046,WHITE WITH METAL BAG CHARM,64.35,13,7,6,4.95,4.949999999999999,2.0,9.9,15.384615384615385
84551,CROCHET DOG KEYRING,64.35,39,8,6,1.65,1.65,0.0,0.0,0.0
90074,BLACK DIAMOND CLUSTER NECKLACE,64.09,7,6,4,9.19,9.155714285714286,0.0,0.0,0.0
79534,MULTICOLOUR GLASS PLATE,63.800000000000004,116,16,14,0.55,0.55,0.0,0.0,0.0
23253,16 PC CUTLERY SET PANTRY DESIGN,63.8,4,1,1,15.95,15.95,0.0,0.0,0.0
84968B,SET OF 16 VINTAGE IVORY CUTLERY,63.75,5,5,4,12.75,12.75,0.0,0.0,0.0
85018A,S/6 PAPER BOXES ROMANTIC IMAGES,63.75,15,10,10,4.25,4.25,0.0,0.0,0.0
85018B,S/6 PAPER BOXES BLOSSOM IMAGES,63.75,15,10,10,4.25,4.25,0.0,0.0,0.0
20791,BLUE TILED SET OF 3 DRAWERS,63.75,5,1,1,12.75,12.75,5.0,63.75,100.0
20905,VINTAGE KEEPSAKE BOX BEAUTY GIRL,63.5,10,4,3,6.35,6.35,0.0,0.0,0.0
22845,"CAT FOOD CONTAINER , VINTAGE",63.49999999999999,10,3,3,6.349999999999999,6.35,0.0,0.0,0.0
90205A,LARGE MINT DIAMANTE HAIRSLIDE,63.46,38,22,6,1.674090909090909,1.67,0.0,0.0,0.0
37491D,PURPLE/BLUE CERAMIC CANDLE HOLDER,63.28,26,13,5,2.696923076923077,2.433846153846154,0.0,0.0,0.0
22987,"WRAP , SUMMER ROSE DESIGN",63.0,150,6,6,0.42,0.42,0.0,0.0,0.0
72709,IVORY SCULPTED RND CANDLE,62.9,74,13,10,0.8499999999999999,0.85,0.0,0.0,0.0
84529B,BLUE KNITTED KID'S RUCKSACK,62.35,13,5,2,5.226,4.796153846153846,0.0,0.0,0.0
35607B,BLACK FEATHER CHRISTMAS DECORATION,62.3,312,17,15,0.2788235294117647,0.19967948717948716,0.0,0.0,0.0
47348A,FUSCHIA VOILE POINTY SHOE DEC,62.01,103,16,12,0.78,0.6020388349514563,0.0,0.0,0.0
84450B,PINK/YELLOW RABBIT SAT EASTER,61.92,88,29,4,0.7427586206896551,0.7036363636363636,0.0,0.0,0.0
17136A,BLUE STONES ON WIRE FOR CANDLE,61.78,743,34,28,0.10676470588235294,0.08314939434724092,0.0,0.0,0.0
20620,RED SPOTTY PASSPORT COVER,61.76,15,14,1,4.104285714285714,4.117333333333333,0.0,0.0,0.0
35817B,"ACRYLIC JEWEL SNOWFLAKE,BLUE",61.3,143,3,2,2.6999999999999997,0.4286713286713287,0.0,0.0,0.0
16151A,FLOWERS HANDBAG BLUE AND ORANGE,61.25,49,3,3,1.25,1.25,0.0,0.0,0.0
35973,GERANIUM FOLKART HEART DECORATION,61.25,49,13,11,1.25,1.25,0.0,0.0,0.0
22578,WOODEN STAR CHRISTMAS SCANDISPOT,61.2,72,2,2,0.85,0.8500000000000001,0.0,0.0,0.0
23541,"WALL ART ,PUDDINGS",61.2,8,2,2,7.85,7.65,0.0,0.0,0.0
22565,FELTCRAFT HAIRBANDS PINK + WHITE,61.199999999999996,72,6,6,0.85,0.85,0.0,0.0,0.0
35910B,PINK FLOWERS RABBIT EASTER,61.07,29,8,6,2.515,2.1058620689655174,0.0,0.0,0.0
90214I,"LETTER ""I"" BLING KEY RING",61.0,62,27,10,1.0766666666666667,0.9838709677419355,6.0,7.5,9.67741935483871
22537,MAGIC SLATE DINOSAUR,60.480000000000004,144,3,3,0.42,0.42000000000000004,0.0,0.0,0.0
84984B,RED PEONY DES C/COVER,60.45,13,6,6,4.65,4.65,2.0,9.3,15.384615384615385
22953,BIRTHDAY BANNER TAPE,60.0,48,3,3,1.25,1.25,0.0,0.0,0.0
22409,TIN CAN BISCUITS DESIGN,60.0,48,4,4,1.25,1.25,0.0,0.0,0.0
84875A,PINK SQUARE COMPACT MIRROR,60.0,16,12,10,3.75,3.75,0.0,0.0,0.0
23629,SET 10 CARDS DRESSING UP 17077,59.760000000000005,24,10,0,2.49,2.49,0.0,0.0,0.0
90021,LASER CUT MULTI STRAND NECKLACE,59.75,5,4,4,11.95,11.95,0.0,0.0,0.0
90171,DAISY RING,59.65,47,27,2,1.2725925925925925,1.2691489361702126,0.0,0.0,0.0
gift_0001_70,DOTCOMGIFTSHOP GIFT VOUCHER £70.00,59.57,1,1,0,59.57,59.57,0.0,0.0,0.0
84582,PINK CROCHET CAT WITH SCARF,59.5,14,11,9,4.25,4.25,0.0,0.0,0.0
44241C,BLUE BUTTERFLY ON SPRING,59.5,70,8,7,0.85,0.85,0.0,0.0,0.0
35654,VINTAGE BEAD FILLED PINK CUSHION,59.400000000000006,12,5,4,4.95,4.95,0.0,0.0,0.0
23537,I LOVE LONDON WALL ART,59.400000000000006,12,2,2,4.95,4.95,0.0,0.0,0.0
23325,RUSTIC STRAWBERRY JAMPOT SMALL,59.39999999999999,36,3,3,1.6499999999999997,1.6499999999999997,0.0,0.0,0.0
22329,ROUND FOOD CONTAINER S/5 RETROSPOT,59.39999999999999,36,3,3,1.6499999999999997,1.6499999999999997,0.0,0.0,0.0
22973,CHILDRENS CIRCUS PARADE MUG,59.39999999999999,36,3,3,1.6499999999999997,1.6499999999999997,0.0,0.0,0.0
35001B,HAND OPEN SHAPE BLACK,59.330000000000005,17,6,5,3.49,3.49,2.0,5.9,11.76470588235294
90011B,BLACK CRYSTAL DROP EARRINGS,59.06,20,15,4,2.954,2.9530000000000003,0.0,0.0,0.0
35909A,RABBIT EASTER DECORATION,59.00000000000001,20,5,5,2.95,2.95,0.0,0.0,0.0
22903,CALENDAR FAMILY FAVORITES,59.0,20,4,4,2.95,2.95,0.0,0.0,0.0
85023C,PINK LARGE JEWELED PHOTOFRAME,58.65,23,11,10,2.55,2.55,1.0,2.55,4.3478260869565215
81985A,"ICON ALARM CLOCK,FUSCHIA PIN UP",58.65,23,7,7,2.55,2.55,0.0,0.0,0.0
90188,DROP EARRINGS W FLOWER & LEAF,58.5,23,20,3,2.5475,2.5434782608695654,0.0,0.0,0.0
84984A,GREEN PEONY DES C/COVER,58.370000000000005,11,5,4,6.093999999999999,5.306363636363637,2.0,9.3,18.181818181818183
84226,HEN HOUSE W FAMILY IN BARN & NEST,58.31,77,18,17,0.8383333333333334,0.7572727272727273,0.0,0.0,0.0
35816B,"ACRYLIC JEWEL ANGEL,BLUE",58.07,139,3,2,1.4000000000000001,0.41776978417266186,0.0,0.0,0.0
18094C,WHITE/BLUE RECT CERAMIC OIL BURNER,58.05,33,13,3,2.15,1.759090909090909,0.0,0.0,0.0
17129C,SKY BLUE COLOUR GLASS GEMS IN BAG,57.98,86,11,7,0.8309090909090909,0.6741860465116278,0.0,0.0,0.0
35821B,"JEWELLED DECORATION,BLUE",57.0,150,3,3,0.38000000000000006,0.38,0.0,0.0,0.0
72771B,BURG FLOCK GOLD CUP/CANDLE,56.9,117,8,6,1.2822222222222222,0.4863247863247863,0.0,0.0,0.0
90212C,PURPLE LAS VEGAS BRACELET ROUND,56.25,15,7,5,3.75,3.75,0.0,0.0,0.0
47344B,BLUE FLOWER DES PURSE,56.16,54,10,10,1.082,1.04,0.0,0.0,0.0
85023A,CRYSTAL LARGE JEWELLED PHOTO FRAME,56.1,22,10,9,2.55,2.5500000000000003,1.0,2.55,4.545454545454546
90033,IVORY SHELL HEART EARRINGS,55.88,22,18,2,2.535555555555556,2.54,0.0,0.0,0.0
85080,PADDED RED HEART DECORATION,55.76,113,22,19,0.5331818181818182,0.4934513274336283,0.0,0.0,0.0
90182C,BLACK 3 BEAD DROP EARRINGS,55.74,19,13,2,2.926153846153846,2.933684210526316,6.0,17.700000000000003,31.57894736842105
90177A,CLASSIC DIAMANTE EARRINGS JET,55.690000000000005,19,14,2,2.924285714285714,2.9310526315789476,6.0,17.700000000000003,31.57894736842105
90214T,"LETTER ""T"" BLING KEY RING",55.57,57,24,9,1.0716666666666665,0.9749122807017544,0.0,0.0,0.0
90001B,ANTIQUE MID BLUE FLOWER EARRINGS,55.120000000000005,13,10,4,4.237,4.24,1.0,4.25,7.6923076923076925
85151,WELCOME METAL SIGN,55.0,44,8,8,1.25,1.25,0.0,0.0,0.0
90014A,SILVER M.O.P. ORBIT NECKLACE,54.800000000000004,11,6,3,6.675,4.981818181818182,0.0,0.0,0.0
90135A,ORANGE/FUSCHIA STONES NECKLACE,54.620000000000005,11,4,2,4.9925,4.965454545454546,0.0,0.0,0.0
90142D,MOP PENDANT SHELL NECKLACE,54.59,11,5,4,4.978,4.962727272727273,0.0,0.0,0.0
90043,COPPER AND BRASS BAG CHARM,54.510000000000005,10,6,5,5.785,5.4510000000000005,0.0,0.0,0.0
20820,SILVER LOOKING MIRROR,54.45,11,8,6,4.95,4.95,0.0,0.0,0.0
20953,PORCELAIN CHERUB BELL LARGE,54.449999999999996,33,9,7,1.65,1.65,0.0,0.0,0.0
90084,PINK CRYSTAL GUITAR PHONE CHARM,54.4,64,9,8,0.85,0.85,12.0,10.2,18.75
46115B,GREEN POP ART MAO CUSHION COVER,54.34,286,22,19,0.18999999999999997,0.19,0.0,0.0,0.0
22345,PARTY PIZZA DISH BLUE WHITE SPOT,54.28,53,17,8,1.2429411764705882,1.0241509433962264,0.0,0.0,0.0
23389,SPACEBOY MINI RUCKSACK,53.95,13,4,4,4.15,4.15,0.0,0.0,0.0
22252,BIRDCAGE DECORATION MAGIC GARDEN,53.55,21,3,3,2.55,2.55,0.0,0.0,0.0
84559b,3D SHEET OF CAT STICKERS,53.54,32,25,0,1.6707999999999998,1.673125,0.0,0.0,0.0
84660b,BLACK STITCHED WALL CLOCK,53.18,7,6,0,7.593333333333334,7.597142857142857,0.0,0.0,0.0
72798C,SET/4 GARDEN ROSE DINNER CANDLE,53.11,28,15,10,2.1106666666666665,1.8967857142857143,0.0,0.0,0.0
84660a,WHITE STITCHED WALL CLOCK,52.699999999999996,7,5,0,7.556,7.528571428571428,0.0,0.0,0.0
84899E,YELLOW + BROWN BEAR FELT PURSE KIT,52.65,39,15,9,1.51,1.3499999999999999,0.0,0.0,0.0
84845C,CARNATION SQUARE HANDY TIN,52.5,42,14,14,1.25,1.25,3.0,3.75,7.142857142857142
20870,OPULENT VELVET CANDLE IN BOX,52.2,29,7,4,2.9214285714285713,1.8,1.0,2.1,3.4482758620689653
23035,DOORKNOB CERAMIC IVORY,52.2,36,1,1,1.45,1.4500000000000002,0.0,0.0,0.0
23196,RETO LEAVES MAGNETIC SHOPPING LIST,52.199999999999996,36,3,3,1.45,1.45,0.0,0.0,0.0
84292B,BLUE COL METAL FOLDING CHAIR,51.8,8,5,4,7.359999999999999,6.475,0.0,0.0,0.0
84845D,GERANIUM SQUARE HANDY TIN,51.25,41,11,11,1.25,1.25,0.0,0.0,0.0
84402B,PURPLE DRESS JEWELLERY STAND,51.14,62,4,4,1.33,0.8248387096774193,0.0,0.0,0.0
35071,ASSORTED SANTA CHRISTMAS DECORATION,51.13999999999999,50,7,5,2.084285714285714,1.0228,0.0,0.0,0.0
84612B,SET/4 BLACK BAROQUE FLOCK COASTER,51.0,20,4,4,2.55,2.55,0.0,0.0,0.0
20964,POLYESTER FILLER PAD 60X40CM,51.0,20,6,6,2.55,2.55,0.0,0.0,0.0
84968f,SET OF 16 VINTAGE SKY BLUE CUTLERY,50.98,2,2,0,25.49,25.49,0.0,0.0,0.0
85069,CREAM SWEETHEART DOUBLE SHELF,50.849999999999994,3,1,1,16.95,16.95,6.0,101.69999999999999,200.0
22846,"BREAD BIN, DINER STYLE, RED",50.849999999999994,3,2,2,16.95,16.95,0.0,0.0,0.0
85035b,CHOCOLATE 3 WICK MORRIS BOX CANDLE,50.82000000000001,6,6,0,8.47,8.47,0.0,0.0,0.0
22889,"NUMBER TILE VINTAGE FONT, NO",50.7,23,3,2,2.175,2.2043478260869565,13.0,27.3,56.52173913043478
85124a,PINK JUICY FRUIT PHOTO FRAME,50.599999999999994,10,9,0,5.06,5.06,0.0,0.0,0.0
35916B,BLUE FELT HANGING HEART WITH FLOWER,50.57,75,30,1,0.7040000000000001,0.6742666666666667,0.0,0.0,0.0
90034,WHITE SILVER NECKLACE SHELL GLASS,50.48,5,5,2,10.096,10.096,0.0,0.0,0.0
72083A,STRAWBERY SWIRL FLARE CANDLE,50.400000000000006,24,7,7,2.1,2.1,0.0,0.0,0.0
72801c,S/4 ROSE PINK DINNER CANDLES,50.199999999999996,20,10,0,2.51,2.51,0.0,0.0,0.0
22657,HEN & 2 CHICKS IN BASKET,50.15,59,7,7,0.85,0.85,0.0,0.0,0.0
90141E,ORANGE PENDANT TRIPLE SHELL NECKLAC,50.06,10,5,3,5.062,5.006,0.0,0.0,0.0
72817,SET/2 CHRISTMAS DECOUPAGE CANDLES,50.0,40,6,6,1.25,1.25,0.0,0.0,0.0
23603,SET 10 CARD KRAFT REINDEER 17084,49.800000000000004,20,14,0,2.4899999999999998,2.49,0.0,0.0,0.0
23197,VEGETABLE MAGNETIC SHOPPING LIST,49.8,36,3,3,1.3833333333333335,1.3833333333333333,0.0,0.0,0.0
90052,CRACKED GLAZE NECKLACE BROWN,49.58,7,5,1,7.136,7.082857142857143,0.0,0.0,0.0
23015,CORDIAL JUG,49.5,6,2,2,8.25,8.25,0.0,0.0,0.0
84537B,FAIRY CAKES GIFT BAG,49.14,117,11,10,0.42,0.42,0.0,0.0,0.0
72129,COLUMBIAN CANDLE ROUND,49.11,74,18,16,0.7061111111111111,0.6636486486486486,0.0,0.0,0.0
35603C,SET/16 WHITE SHINY & MATT BAUBLES,48.3,83,24,19,0.6888,0.5819277108433735,0.0,0.0,0.0
37491A,YELLOW/PINK CERAMIC CANDLE HOLDER,48.3,18,13,5,2.6915384615384617,2.683333333333333,0.0,0.0,0.0
90083,CRYSTAL CZECH CROSS PHONE CHARM,48.08,52,15,6,1.3326666666666667,0.9246153846153846,0.0,0.0,0.0
47591A,CAROUSEL CHILDRENS APRON,47.97,29,12,3,1.6566666666666665,1.6541379310344828,0.0,0.0,0.0
84608,ORNATE EDWARDIAN CANDLE HOLDER,47.7,6,4,4,7.95,7.95,2.0,15.9,33.33333333333333
21347,GOTHIC CARRIAGE LANTERN,47.6,8,4,4,5.95,5.95,0.0,0.0,0.0
23539,"WALL ART , LOVES' SECRET",47.6,8,2,2,5.95,5.95,0.0,0.0,0.0
20895,VINTAGE NOTEBOOK FRENCH LETTER,47.20000000000001,16,4,3,2.95,2.9500000000000006,0.0,0.0,0.0
35909B,PINK FLOWERS RABBIT EASTER,47.2,16,6,6,2.95,2.95,0.0,0.0,0.0
90067B,BROWN VINTAGE VICTORIAN EARRINGS,47.120000000000005,16,6,2,2.936666666666667,2.9450000000000003,0.0,0.0,0.0
37462E,"PET MUG, GOLDFISH",47.12,107,28,9,0.6485714285714286,0.4403738317757009,6.0,2.52,5.607476635514018
84227,HEN HOUSE W CHICK IN NEST,47.04,112,13,13,0.42,0.42,0.0,0.0,0.0
90181C,BLACK GLASS/SHELL/PEARL NECKLACE,46.93,5,5,0,9.386,9.386,0.0,0.0,0.0
84596f,SMALL MARSHMALLOWS PINK BOWL,46.89,19,14,0,2.467142857142857,2.4678947368421054,0.0,0.0,0.0
20988,TRELLIS FLOWER CHOPSTICKS SET/5,46.8,24,9,8,1.9500000000000002,1.95,0.0,0.0,0.0
84857B,BLUE MONTE CARLO HANDBAG,46.8,24,1,1,1.95,1.95,2.0,3.9,8.333333333333332
90001C,ANTIQUE OPAL WHITE FLOWER EARRINGS,46.7,11,10,5,4.245,4.245454545454546,0.0,0.0,0.0
90001A,ANTIQUE RASPBERRY FLOWER EARRINGS,46.6,11,10,3,4.235,4.236363636363636,0.0,0.0,0.0
81952B,ROUND BLUE CLOCK W/SUCKER,46.56,54,11,6,1.1254545454545453,0.8622222222222222,0.0,0.0,0.0
37489A,YELLOW/PINK FLOWER DESIGN BIG MUG,46.56,46,23,21,1.2283333333333333,1.0121739130434784,0.0,0.0,0.0
16050,TEATIME PENCIL WITH RUBBER,46.45,151,8,4,0.4,0.3076158940397351,0.0,0.0,0.0
47341A,FUSCHIA TABLE RUN FLOWER,46.25,29,7,7,2.3214285714285716,1.5948275862068966,0.0,0.0,0.0
23107,WHITE WIRE PLANT POT HOLDER,46.24,16,2,2,2.89,2.89,0.0,0.0,0.0
90128A,PINK LEAVES AND BEADS PHONE CHARM,46.21,31,10,5,1.7489999999999999,1.4906451612903227,0.0,0.0,0.0
72024U,LILAC VOTIVE CANDLE,46.2,220,11,10,0.21,0.21000000000000002,0.0,0.0,0.0
84951b,S/4 BLACK LOVEBIRD COASTERS,46.2,9,4,0,5.115,5.133333333333334,0.0,0.0,0.0
85081,PADDED HOLLY CHRISTMAS DECORATION,46.17,104,21,20,0.45772727272727276,0.4439423076923077,0.0,0.0,0.0
85132c,CHARLIE AND LOLA FIGURES TINS,46.099999999999994,4,4,0,11.524999999999999,11.524999999999999,0.0,0.0,0.0
23047,PAPER LANTERN 5 POINT STUDDED STAR,46.0,8,4,4,5.75,5.75,0.0,0.0,0.0
84626,CANDY STRIPE ROSE QUILT,45.95,1,1,1,45.95,45.95,0.0,0.0,0.0
22604,SET OF 4 NAPKIN CHARM CUTLERY,45.900000000000006,18,3,3,2.55,2.5500000000000003,0.0,0.0,0.0
35611B,BLACK ASSORTED DROPLET DECORATION,45.76,62,3,2,2.23,0.7380645161290322,0.0,0.0,0.0
22406,TIN CAN KINGS CHOICE DESIGN,45.0,36,3,3,1.25,1.25,0.0,0.0,0.0
16161C,WRAP SPEED DEMONS,45.0,450,2,2,0.1,0.1,0.0,0.0,0.0
22347,PIZZA DISH SLICE,45.0,36,2,2,1.25,1.25,0.0,0.0,0.0
72724,SET/6 CHRISTMAS ICICLE T-LIGHTS,45.0,36,10,9,1.25,1.25,0.0,0.0,0.0
23625,SET 6 CARDS SPARKLY REINDEER 17262,44.910000000000004,9,4,0,4.99,4.99,0.0,0.0,0.0
90059B,DIAMANTE HAIR GRIP PACK/2 BLACK DIA,44.87,27,16,4,1.67,1.6618518518518517,6.0,9.9,22.22222222222222
21685,MEDINA STAMPED METAL TRAY,44.849999999999994,3,2,2,14.95,14.949999999999998,1.0,14.95,33.33333333333333
84906,PINK BUTTERFLY CUSHION COVER,44.849999999999994,23,5,3,1.95,1.9499999999999997,1.0,1.95,4.3478260869565215
90135,ORANGE/WHT/FUSCHIA STONES NECKLACE,44.75,9,3,1,5.006666666666667,4.972222222222222,0.0,0.0,0.0
90197D,AMBER GLASS BRACELET HEART CHARMS,44.550000000000004,9,4,4,4.95,4.95,0.0,0.0,0.0
72796B,S/3 FRENCH VANILLA SQU CANDLE,44.55,27,12,11,1.65,1.65,0.0,0.0,0.0
90011A,MIDNIGHT BLUE CRYSTAL DROP EARRINGS,44.28,15,15,2,2.952,2.952,0.0,0.0,0.0
84586L,"PINK ROSES/GINGHAM PATCH RABBIT 8""",44.25000000000001,15,9,9,2.95,2.9500000000000006,0.0,0.0,0.0
35085E,IVORY ROSE LAMPSHADE,44.25,39,9,7,1.1666666666666667,1.1346153846153846,0.0,0.0,0.0
90125E,AMBER BERTIE GLASS BEAD BAG CHARM,44.19,18,17,2,2.5035294117647062,2.455,0.0,0.0,0.0
35815B,"ACRYLIC JEWEL SNOWFLAKE,BLUE",43.94,95,3,2,1.6866666666666665,0.4625263157894737,0.0,0.0,0.0
17014C,ORIGAMI LAVENDER INCENSE CONES,43.75,97,2,1,1.925,0.45103092783505155,0.0,0.0,0.0
79063C,"RETRO PILL BOX KEY CHAIN,THE KING",43.65,235,14,13,0.18928571428571428,0.18574468085106383,0.0,0.0,0.0
18097A,PINK TALL PORCELAIN T-LIGHT HOLDER,43.349999999999994,17,12,10,2.55,2.55,0.0,0.0,0.0
90042B,FRESHWATER PEARL BRACELET PINK,43.349999999999994,17,6,4,2.55,2.55,0.0,0.0,0.0
35822P,"ACRYLIC BEAD CHAIN, PINK",43.32,114,1,1,0.38,0.38,0.0,0.0,0.0
90054,CRACKED GLAZE EARRINGS RED,43.019999999999996,17,17,2,2.5305882352941174,2.5305882352941174,0.0,0.0,0.0
23038,T-LIGHT HOLDER SILVER SAUCER,42.92,44,8,4,1.3299999999999998,0.9754545454545455,0.0,0.0,0.0
22987,WRAP SUMMER ROSE DESIGN,42.84,102,5,4,0.42000000000000004,0.42000000000000004,0.0,0.0,0.0
79066k,RETRO MOD TRAY,42.71,26,16,0,1.645,1.6426923076923077,0.0,0.0,0.0
84993a,75 GREEN PETIT FOUR CASES,42.71,51,30,0,0.8373333333333333,0.8374509803921569,0.0,0.0,0.0
21596,HYPOCHONDRIAC PILL STRESS BALL,42.64,10,9,0,4.26,4.264,0.0,0.0,0.0
90024A,NEW BAROQUE B'FLY NECKLACE BLACK,42.5,5,4,4,8.5,8.5,0.0,0.0,0.0
22346,PARTY PIZZA DISH GREEN WHITE SPOT,42.3,40,15,7,1.2386666666666666,1.0574999999999999,0.0,0.0,0.0
90126C,AMBER BERTIE MOBILE PHONE CHARM,42.1,21,5,2,2.692,2.0047619047619047,0.0,0.0,0.0
72771C,BLACK FLOCK GOLD CANDLE,42.08,54,6,4,1.7133333333333332,0.7792592592592592,0.0,0.0,0.0
23231,WRAP VINTAGE DOILEY,42.0,100,2,2,0.42,0.42,0.0,0.0,0.0
20860,GOLD COSMETICS BAG WITH BUTTERFLY,42.0,20,11,10,2.1,2.1,0.0,0.0,0.0
15060b,FAIRY CAKE DESIGN UMBRELLA,41.81,5,5,0,8.362,8.362,0.0,0.0,0.0
90152C,BLUE/NAT SHELL NECKLACE W PENDANT,41.650000000000006,7,4,4,5.95,5.950000000000001,0.0,0.0,0.0
84611B,BLACK NEW BAROQUE FLOCK BOX,41.65,7,4,4,5.95,5.95,3.0,17.85,42.857142857142854
90060C,FIRE POLISHED GLASS NECKL SILVER,41.65,7,3,3,5.95,5.95,0.0,0.0,0.0
35809a,ENAMEL PINK TEA CONTAINER,41.54,10,10,0,4.154,4.154,0.0,0.0,0.0
23045,PAPER LANTERN 5 POINT STAR MOON 30,41.5,10,5,5,4.15,4.15,0.0,0.0,0.0
85184B,SET 4 EASTER DECOUPAGE OVAL BOXES,41.300000000000004,14,7,7,2.95,2.95,1.0,2.95,7.142857142857142
37477B,"FLOWER FAIRY MUG+COASTER,LAVENDER",41.25,11,8,6,3.75,3.75,1.0,3.75,9.090909090909092
23448,CREAM BUNNY EASTER EGG BASKET,41.24999999999999,25,3,3,1.6499999999999997,1.6499999999999997,0.0,0.0,0.0
90027C,GLASS BEAD HOOP EARRINGS GREEN,41.17,14,12,2,2.9391666666666665,2.940714285714286,0.0,0.0,0.0
18096c,WHITE ROUND PORCELAIN TLIGHT HOLDER,41.14,8,6,0,5.151666666666666,5.1425,0.0,0.0,0.0
21119,GLOW IN THE DARK SHOT GLASSES,41.01,3,3,0,13.67,13.67,0.0,0.0,0.0
35644,PAIR PINK/BLACK COATHANGERS,40.95,21,7,6,1.95,1.9500000000000002,0.0,0.0,0.0
84798C,WHITE FOXGLOVE ARTIIFCIAL FLOWER,40.8,16,3,3,2.55,2.55,0.0,0.0,0.0
22740,POLKADOT PENS,40.8,48,1,1,0.85,0.85,0.0,0.0,0.0
44228,CANNABIS LEAF BEAD CURTAIN,40.8,48,3,3,0.85,0.85,0.0,0.0,0.0
23148,MINITURE ANTIQUE ROSE HOOK IVORY,40.8,48,4,4,0.85,0.85,0.0,0.0,0.0
47013C,WINE BOTTLE DRESSING DARK BLUE,40.519999999999996,147,27,18,0.35,0.27564625850340135,12.0,1.44,8.16326530612245
90136,PALE PINK/AMETHYST STONE NECKLACE,40.47,4,3,2,10.173333333333332,10.1175,0.0,0.0,0.0
90152A,SILVER/NAT SHELL NECKLACE W PENDANT,40.34,7,7,4,5.762857142857143,5.762857142857143,0.0,0.0,0.0
22532,MAGIC SLATE LEAP FROG,40.32,96,2,2,0.42,0.42,0.0,0.0,0.0
22529,MAGIC SLATE GO TO THE FAIR,40.32,96,2,2,0.42,0.42,0.0,0.0,0.0
20994,JAZZ HEARTS SPIRAL NOTEPAD,39.95,47,12,12,0.85,0.8500000000000001,0.0,0.0,0.0
23462,ROCOCO WALL MIROR,39.9,2,1,1,19.95,19.95,0.0,0.0,0.0
47013A,WINE BOTTLE DRESSING LT.BLUE,39.87,141,25,21,0.2764,0.2827659574468085,0.0,0.0,0.0
37468,HARDMAN MUG 3 ASSORTED,39.81,65,14,11,1.422857142857143,0.6124615384615385,0.0,0.0,0.0
79065A,TEATIME ROUND CAKE TINS,39.8,4,1,1,9.95,9.95,1.0,9.95,25.0
22853,"CAT BOWL, ENAMEL , CREAM COLOUR",39.0,12,2,2,3.25,3.25,0.0,0.0,0.0
82545A,COGNAC AUX OEUFS METAL 1 HOOK,38.75,31,11,11,1.25,1.25,0.0,0.0,0.0
47567b,TEA TIME KITCHEN APRON,38.72,3,3,0,12.906666666666666,12.906666666666666,0.0,0.0,0.0
35963,FOLKART ZINC CLIP ON ANGEL WINGS,38.379999999999995,101,11,10,0.38,0.37999999999999995,0.0,0.0,0.0
90130D,RED STONE/CRYSTAL EARRINGS,38.31,13,8,1,2.945,2.946923076923077,0.0,0.0,0.0
90027B,GLASS BEAD HOOP EARRINGS MONTANA,38.28,13,10,3,2.943,2.9446153846153846,0.0,0.0,0.0
90183C,BLACK DROP EARRINGS W LONG BEADS,38.12,13,13,2,2.9323076923076923,2.9323076923076923,0.0,0.0,0.0
81952B,ROUND BLUE CLOCK WITH SUCKER,38.0,200,9,9,0.19,0.19,0.0,0.0,0.0
47518f,ICON PLACEMAT POP ART ELVIS,37.75,9,9,0,4.194444444444445,4.194444444444445,0.0,0.0,0.0
72801d,S/4 SKY BLUE DINNER CANDLES,37.65,15,10,0,2.51,2.51,0.0,0.0,0.0
90176B,DIAMANTE NECKLACE BLACK,37.620000000000005,5,4,2,7.53,7.524000000000001,0.0,0.0,0.0
85115B,S/4 BLACK DISCO PARTITION PANEL,37.62,6,2,1,6.27,6.27,0.0,0.0,0.0
90039A,FIRE POLISHED GLASS BRACELET RED,37.61,10,5,2,3.772,3.761,0.0,0.0,0.0
37112,YELLOW BIRDS FELT DES FOODCOVER,37.5,10,5,4,3.75,3.75,0.0,0.0,0.0
23043,PAPER LANTERN 9 POINT HOLLY STAR 40,37.5,6,3,3,6.25,6.25,0.0,0.0,0.0
79413,GLASS WINE GLASS DECORATIONS,37.5,30,9,7,1.25,1.25,0.0,0.0,0.0
35233,PASTA ENAMEL/BRASS CONTAINER,37.5,10,8,8,3.75,3.75,0.0,0.0,0.0
84509b,SET OF 4 FAIRY CAKE PLACEMATS,37.3,5,4,0,7.46,7.459999999999999,0.0,0.0,0.0
84705F,RED PEONY PHOTO FRAME,37.2,8,5,4,4.65,4.65,0.0,0.0,0.0
90126A,PINK BERTIE MOBILE PHONE CHARM,37.14,20,5,3,2.2466666666666666,1.857,0.0,0.0,0.0
84251J,"GREETING CARD, THE BLACK CAT",37.04,74,17,4,0.7458823529411764,0.5005405405405405,0.0,0.0,0.0
72715,SPHERICAL IVORY CANDLE,36.96,88,13,8,0.42,0.42,0.0,0.0,0.0
16162M,THE KING GIFT BAG 25X24X12CM,36.96,88,13,10,0.42,0.42,0.0,0.0,0.0
22407,MONEY BOX FIRST AID DESIGN,36.78,44,11,9,1.3136363636363635,0.8359090909090909,0.0,0.0,0.0
17014E,ORIGAMI OPIUM INCENSE CONES,36.599999999999994,95,6,4,1.4249999999999998,0.3852631578947368,0.0,0.0,0.0
90141D,ROSE PENDANT TRIPLE SHELL NECKLACE,36.33,7,5,1,5.286,5.1899999999999995,0.0,0.0,0.0
90214F,"LETTER ""F"" BLING KEY RING",36.28,44,27,11,0.9633333333333333,0.8245454545454546,0.0,0.0,0.0
90037D,TINY CRYSTALS BRACELET BLACK,35.870000000000005,14,8,1,2.56625,2.5621428571428573,0.0,0.0,0.0
90060B,FIRE POLISHED GLASS NECKL GOLD,35.7,6,4,4,5.95,5.95,0.0,0.0,0.0
37348,SET OF 4 PASTEL STACKING MUGS,35.7,14,7,5,2.55,2.5500000000000003,2.0,5.1,14.285714285714285
90132,LIGHT TOPAZ TEAL/AQUA COL NECKLACE,35.63,7,7,0,5.090000000000001,5.090000000000001,0.0,0.0,0.0
90011C,GREEN CRYSTAL DROP EARRINGS,35.33,12,7,1,2.94,2.9441666666666664,0.0,0.0,0.0
90152B,BLUE/GREEN SHELL NECKLACE W PENDANT,35.26,6,5,4,5.862,5.876666666666666,0.0,0.0,0.0
79063D,"RETRO PILL BOX , REVOLUTIONARY",35.14,189,11,9,0.21,0.18592592592592594,0.0,0.0,0.0
84510e,SET OF 4 GREEN CAROUSEL COASTERS,35.089999999999996,14,6,0,2.5016666666666665,2.5064285714285712,0.0,0.0,0.0
82613b,"METAL SIGN,CUPCAKE SINGLE HOOK",35.04,14,11,0,2.5009090909090905,2.5028571428571427,0.0,0.0,0.0
84745B,BLUE HANGING GINGHAM EASTER HEN,34.86,83,17,15,0.42,0.42,0.0,0.0,0.0
DCGS0058,MISO PRETTY GUM,34.82,42,30,0,0.8286666666666667,0.829047619047619,0.0,0.0,0.0
23196,LEAVES MAGNETIC SHOPPING LIST,34.8,24,2,2,1.45,1.45,0.0,0.0,0.0
84868B,BLUE BABY BOY'S MEMORY BOX,34.75,5,4,4,6.95,6.95,2.0,13.9,40.0
37482p,CUBIC MUG PINK POLKA DOT,34.7,2,2,0,17.35,17.35,0.0,0.0,0.0
90081B,LILY BROOCH WHITE/SILVER COLOUR,34.65,7,3,2,4.95,4.95,0.0,0.0,0.0
84546,CROCHET POODLE KEYRING,34.65,21,3,3,1.6499999999999997,1.65,0.0,0.0,0.0
35955,SMALL FOLKART CHRISTMAS TREE DEC,34.62,135,4,4,0.374,0.2564444444444444,0.0,0.0,0.0
22852,"DOG BOWL, ENAMEL , CREAM COLOUR",34.0,8,2,2,4.25,4.25,0.0,0.0,0.0
44265,M/COLOUR POM-POM CURTAIN,34.0,8,4,4,4.25,4.25,0.0,0.0,0.0
22200,FRYING PAN PINK RETROSPOT,33.97,7,3,2,5.656666666666666,4.852857142857142,0.0,0.0,0.0
90066A,PINK VINTAGE VICTORIAN CHOKER,33.75,5,2,2,6.75,6.75,0.0,0.0,0.0
81950B,FLOWER BLUE CLOCK WITH SUCKER,33.64,116,8,8,0.29,0.29,0.0,0.0,0.0
47591b,SCOTTIES CHILDRENS APRON,33.6,8,4,0,4.1899999999999995,4.2,0.0,0.0,0.0
23390,DOLLY GIRL MINI RUCKSACK,33.2,8,2,2,4.15,4.15,0.0,0.0,0.0
84456,SET OF 3 RABBIT EGG EASTER,33.15,37,16,12,0.9562499999999999,0.8959459459459459,12.0,10.2,32.432432432432435
90076,MONTANA DIAMOND CLUSTER EARRINGS,33.0,12,7,1,2.892857142857143,2.75,1.0,2.55,8.333333333333332
DCGS0003,BOXED GLASS ASHTRAY,32.589999999999996,13,13,0,2.506923076923077,2.506923076923077,0.0,0.0,0.0
82613c,"METAL SIGN,CUPCAKE SINGLE HOOK",32.48,13,12,0,2.5016666666666665,2.4984615384615383,0.0,0.0,0.0
85079,EMBROIDERED REINDEER DECORATION,32.25,23,8,6,1.4144444444444444,1.4021739130434783,0.0,0.0,0.0
90214O,"LETTER ""O"" BLING KEY RING",31.419999999999998,36,18,11,1.0822222222222222,0.8727777777777778,0.0,0.0,0.0
85131D,BEADED CRYSTAL HEART PINK\ON STICK,31.299999999999997,20,11,8,1.5936363636363637,1.565,0.0,0.0,0.0
23632,SET 10 CARDS CHEERFUL ROBIN 17065,31.200000000000003,15,10,0,2.08,2.08,0.0,0.0,0.0
23366,SET 12 COLOUR PENCILS DOILEY,31.200000000000003,48,3,3,0.65,0.65,0.0,0.0,0.0
44091C,MULTICOLOUR CRUSOE CHECK LAMPSHADE,30.66,61,17,10,0.5682352941176471,0.5026229508196721,0.0,0.0,0.0
22937,BAKING MOULD CUPCAKE CHOCOLATE,30.6,12,1,1,2.55,2.5500000000000003,0.0,0.0,0.0
22937,BAKING MOULD CHOCOLATE CUP CAKES,30.6,12,2,2,2.55,2.5500000000000003,0.0,0.0,0.0
22641,SET OF 4 NAPKIN CHARMS INSTUMENT,30.6,12,2,2,2.55,2.5500000000000003,0.0,0.0,0.0
22577,WOODEN HEART CHRISTMAS SCANDISPOT,30.6,36,1,1,0.85,0.8500000000000001,0.0,0.0,0.0
21919,ELECTRONIC TALKING BREATH-A-LOSER,30.47,6,5,0,5.081999999999999,5.078333333333333,0.0,0.0,0.0
37489B,BLUE/YELLOW FLOWER DESIGN BIG MUG,30.419999999999998,38,17,17,1.0323529411764707,0.8005263157894736,0.0,0.0,0.0
84745A,PINK HANGING GINGHAM EASTER HEN,30.240000000000002,72,15,13,0.42,0.42000000000000004,0.0,0.0,0.0
90025F,BAROQUE BUTTERFLY EARRINGS CRYSTAL,30.23,8,8,2,3.77875,3.77875,0.0,0.0,0.0
18010,ASSORTED FRAGRANCE BATH CONFETTI,30.16,64,9,6,0.5566666666666666,0.47125,0.0,0.0,0.0
37491B,BLUE/YELLOW CERAMIC CANDLE HOLDER,30.08,14,8,5,2.3,2.1485714285714286,0.0,0.0,0.0
23396,BUTTERFLY CUSHION COVER,30.0,8,2,2,3.75,3.75,0.0,0.0,0.0
22405,TIN CAN POCKET MONEY DESIGN,30.0,24,2,2,1.25,1.25,0.0,0.0,0.0
23437,GIFT BAG LARGE 50'S CHRISTMAS,30.0,24,2,2,1.25,1.25,0.0,0.0,0.0
22772,DRAWER KNOB ACRYLIC EDWARDIAN PINK,30.0,24,1,1,1.25,1.25,0.0,0.0,0.0
22775,DRAWERKNOB ACRYLIC EDWARDIAN PURPLE,30.0,24,1,1,1.25,1.25,0.0,0.0,0.0
23250,ENAMEL BOWL PANTRY,30.0,24,2,2,1.25,1.25,0.0,0.0,0.0
23252,ENAMEL JUG PANTRY,30.0,8,2,2,3.75,3.75,0.0,0.0,0.0
22773,DRAWER KNOB ACRYLIC EDWARDIAN GREEN,30.0,24,1,1,1.25,1.25,0.0,0.0,0.0
22771,DRAWER KNOB ACRYLIC EDWARDIAN CLEAR,30.0,24,1,1,1.25,1.25,0.0,0.0,0.0
22410,TIN CAN HOUSEKEEPING DESIGN,30.0,24,2,2,1.25,1.25,0.0,0.0,0.0
47563B,WAVELINE SURF IRONING BOARD COVER,30.0,8,6,6,3.75,3.75,0.0,0.0,0.0
90176E,DIAMANTE NECKLACE GREEN,29.98,4,3,2,7.493333333333333,7.495,0.0,0.0,0.0
21767,FRENCH STYLE WIRE DOOR CABINET,29.95,1,1,1,29.95,29.95,0.0,0.0,0.0
78056,CAMOUFLAGE BACKPACK ON WHEELS,29.849999999999998,3,2,1,9.95,9.95,2.0,17.0,66.66666666666666
22351,DOTCOMGIFTSHOP TEA TOWEL,29.809999999999995,15,3,1,2.766666666666667,1.987333333333333,0.0,0.0,0.0
84985a,SET OF 72 GREEN PAPER DOILIES,29.8,10,8,0,2.98,2.98,0.0,0.0,0.0
22472,"TRAY FOR TV DINNER , DOLLY GIRL",29.700000000000003,6,1,1,4.95,4.95,0.0,0.0,0.0
23530,"WALL ART,ONLY ONE PERSON",29.700000000000003,6,1,1,4.95,4.95,0.0,0.0,0.0
22474,"TRAY FOR TV DINNER ,SPACEBOY",29.700000000000003,6,1,1,4.95,4.95,0.0,0.0,0.0
35598A,DUSTY PINK CHRISTMAS TREE 60CM,29.500000000000004,10,3,3,2.9500000000000006,2.95,0.0,0.0,0.0
78034B,BLUE NETTING STORAGE HANGER,29.25,15,9,9,1.95,1.95,0.0,0.0,0.0
90214V,"LETTER ""V"" BLING KEY RING",28.98,38,24,7,0.9525,0.7626315789473684,0.0,0.0,0.0
46776f,WOVEN ROSE GARDEN CUSHION COVER,28.91,7,1,0,4.13,4.13,0.0,0.0,0.0
37489D,PINK/GREEN FLOWER DESIGN BIG MUG,28.86,46,20,20,0.7614285714285715,0.6273913043478261,0.0,0.0,0.0
44089C,LILAC GAUZE BUTTERFLY LAMPSHADE,28.56,68,18,14,0.42,0.42,0.0,0.0,0.0
23380,PACK OF 12 DOILEY TISSUES,28.08,72,2,2,0.39,0.38999999999999996,0.0,0.0,0.0
40005B,BLUE ORGANDY ROUND LAMPSHADE W BEA,28.05,33,13,11,0.8499999999999999,0.85,0.0,0.0,0.0
17091F,SANDALWOOD INCENSE IN TIN,27.71,19,8,6,1.58,1.458421052631579,0.0,0.0,0.0
23613,SET 10 XMAS CARDS & BADGES 17070,27.39,11,6,0,2.49,2.49,0.0,0.0,0.0
23637,SET 10 CARDS OUT OF ORDER 17216,27.39,11,9,0,2.49,2.49,0.0,0.0,0.0
21097,SET/6 GREEN SPRING PAPER PLATE,27.2,32,7,5,0.85,0.85,0.0,0.0,0.0
84867b,BLUE BABY BOY'S PHOTO ALBUM,27.14,2,1,0,13.57,13.57,0.0,0.0,0.0
90187A,BLUE DROP EARRINGS W BEAD CLUSTER,27.04,8,7,1,3.3842857142857143,3.38,0.0,0.0,0.0
23702,HIGH RESOLUTION IMAGE,27.0,4,3,3,8.5,6.75,0.0,0.0,0.0
44235,ASSORTED COLOURED CIRCLE MOBILE,26.88,64,7,6,0.42,0.42,0.0,0.0,0.0
17013F,ORIGAMI SANDLEWOOD INCENSE IN TUBE,26.7,62,5,4,1.38,0.43064516129032254,0.0,0.0,0.0
90027A,GLASS BEAD HOOP EARRINGS BLACK,26.52,9,6,3,2.9450000000000003,2.9466666666666668,0.0,0.0,0.0
90025E,BAROQUE BUTTERFLY EARRINGS MONTANA,26.5,7,7,3,3.7857142857142856,3.7857142857142856,0.0,0.0,0.0
22232,3 PIECE JIGSAW TOADSTOOLS,26.4,16,2,2,1.65,1.65,0.0,0.0,0.0
84876C,SILVER HEART COMPACT MIRROR,26.25,7,4,4,3.75,3.75,1.0,3.75,14.285714285714285
23636,SET 10 CARDS WISHING TREE 17116,26.19,9,7,0,2.91,2.91,0.0,0.0,0.0
90182A,AMBER 3 BEAD DROP EARRINGS,26.16,9,9,0,2.9066666666666667,2.9066666666666667,0.0,0.0,0.0
37489C,GREEN/BLUE FLOWER DESIGN BIG MUG,26.06,27,12,10,1.5541666666666665,0.9651851851851851,0.0,0.0,0.0
85164b,BLACK BAROQUE CUCKOO CLOCK,26.04,1,1,0,26.04,26.04,0.0,0.0,0.0
90041,PEARL AND CHERRY QUARTZ BRACLET,25.67,7,6,2,3.6950000000000003,3.6671428571428573,0.0,0.0,0.0
20954,*USB OFFICE MIRROR BALL,25.590000000000003,3,3,0,8.530000000000001,8.530000000000001,0.0,0.0,0.0
22168,"ORGANISER WOOD, ANTIQUE WHITE",25.5,3,2,2,8.5,8.5,0.0,0.0,0.0
84968b,S/16 VINTAGE IVORY CUTLERY,25.49,1,1,0,25.49,25.49,0.0,0.0,0.0
84968b,SET OF 16 VINTAGE IVORY CUTLERY,25.49,1,1,0,25.49,25.49,0.0,0.0,0.0
84968d,S/16 VINTAGE RED CUTLERY,25.49,1,1,0,25.49,25.49,0.0,0.0,0.0
84968a,S/16 VINTAGE ROSE CUTLERY,25.49,1,1,0,25.49,25.49,0.0,0.0,0.0
90142A,GREEN PENDANT SHELL NECKLACE,25.45,5,4,0,5.09,5.09,0.0,0.0,0.0
DCGS0070,CAMOUFLAGE DOG COLLAR,25.44,2,2,0,12.72,12.72,0.0,0.0,0.0
85035a,GARDENIA 3 WICK MORRIS BOXED CANDLE,25.410000000000004,3,3,0,8.47,8.47,0.0,0.0,0.0
84997c,BLUE 3 PIECE MINI DOTS CUTLERY SET,25.410000000000004,3,2,0,8.47,8.47,0.0,0.0,0.0
90214Y,"LETTER ""Y"" BLING KEY RING",25.339999999999996,68,10,4,0.852,0.37264705882352933,0.0,0.0,0.0
35597D,PINK/WHITE CHRISTMAS TREE 30CM,25.28,58,7,7,0.5825,0.43586206896551727,0.0,0.0,0.0
90055,CRACKED GLAZE EARRINGS BROWN,25.28,10,10,1,2.528,2.528,0.0,0.0,0.0
90053,CRACKED GLAZE EARRINGS IVORY,25.23,10,10,0,2.523,2.523,0.0,0.0,0.0
84596b,SMALL DOLLY MIX DESIGN ORANGE BOWL,25.099999999999998,10,8,0,2.51,2.51,0.0,0.0,0.0
84510c,SET OF 4 POLKADOTS COASTERS,25.099999999999998,10,8,0,2.51,2.51,0.0,0.0,0.0
90128C,GREEN LEAVES AND BEADS PHONE CHARM,25.04,17,6,3,1.8816666666666666,1.4729411764705882,0.0,0.0,0.0
22719,"GUMBALL COATHOOK., BLACK & WHITE",25.0,20,4,4,1.25,1.25,0.0,0.0,0.0
23104,IVORY PANTRY HANGING LAMP,25.0,2,1,1,12.5,12.5,0.0,0.0,0.0
23214,BELL HEART ANTIQUE GOLD,24.96,12,1,1,2.08,2.08,0.0,0.0,0.0
23620,SET 10 CARDS PERFECT POST 17090,24.900000000000002,10,7,0,2.4899999999999998,2.49,0.0,0.0,0.0
85034a,3 GARDENIA MORRIS BOXED CANDLES,24.869999999999997,3,3,0,8.29,8.29,0.0,0.0,0.0
84550,CROCHET LILAC/RED BEAR KEYRING,24.75,15,5,4,1.65,1.65,0.0,0.0,0.0
35633B,BLUE TINSEL GARLAND,24.7,130,12,12,0.19000000000000003,0.19,0.0,0.0,0.0
35596,WOOD XMAS TREE 9 FIG SHELVES,24.65,29,4,4,0.85,0.85,0.0,0.0,0.0
10124A,SPOTS ON RED BOOKCOVER TAPE,24.36,58,18,18,0.42,0.42,0.0,0.0,0.0
84450A,PINK RABBIT SITTING EASTER,24.18,52,5,4,0.49799999999999994,0.46499999999999997,4.0,1.68,7.6923076923076925
37494a,FAIRY CAKE CERAMIC BUTTER DISH,24.16,4,3,0,6.04,6.04,0.0,0.0,0.0
72801E,4 FESTIVE GREEN DINNER CANDLES,23.91,51,2,2,0.835,0.4688235294117647,0.0,0.0,0.0
84575B,BROWN DOG CANNISTER W BONE,23.8,4,3,3,5.95,5.95,0.0,0.0,0.0
79302m,"ART LIGHTS,FUNK MONKEY",23.77,4,4,0,5.9425,5.9425,0.0,0.0,0.0
85184c,S/4 VALENTINE DECOUPAGE HEART BOX,23.77,4,4,0,5.9425,5.9425,0.0,0.0,0.0
90128B,BLUE LEAVES AND BEADS PHONE CHARM,23.759999999999998,18,6,5,1.46,1.3199999999999998,0.0,0.0,0.0
17014F,ORIGAMI SANDLEWOOD INCENSE CONES,23.699999999999996,61,4,4,1.3125,0.38852459016393437,0.0,0.0,0.0
47556b,TEA TIME TEA TOWELS,23.64,4,4,0,5.91,5.91,0.0,0.0,0.0
90011E,AMBER CRYSTAL DROP EARRINGS,23.61,8,8,1,2.95125,2.95125,0.0,0.0,0.0
85040b,SET/4 BLUE FLOWER CANDLES IN BOWL,23.519999999999996,7,3,0,3.36,3.3599999999999994,0.0,0.0,0.0
47552A,DOTS IRONING BOARD COVER,23.4,12,11,11,1.95,1.95,2.0,3.3,16.666666666666664
23244,CANNISTER VINTAGE LEAF DESIGN,23.4,12,2,2,1.95,1.95,0.0,0.0,0.0
23623,SET 10 CARD CHRISTMAS WELCOME 17112,23.28,8,6,0,2.91,2.91,0.0,0.0,0.0
23236,STORAGE TIN VINTAGE DOILEY,23.13,7,2,1,4.34,3.3042857142857143,0.0,0.0,0.0
23106,ZINC PLANT POT HOLDER,23.12,8,1,1,2.89,2.89,0.0,0.0,0.0
84509E,CAROUSEL PLACEMATS,23.060000000000002,4,3,2,5.093333333333334,5.765000000000001,0.0,0.0,0.0
90095,NECKLACE+BRACELET SET PINK BLOSSOM,22.91,8,3,2,3.3866666666666667,2.86375,0.0,0.0,0.0
23145,ZINC T-LIGHT HOLDER STARS LARGE,22.8,24,2,2,0.95,0.9500000000000001,0.0,0.0,0.0
84450B,YELLOW RABBIT SAT EASTER,22.63,51,6,3,0.6216666666666667,0.44372549019607843,0.0,0.0,0.0
90025C,BAROQUE BUTTERFLY EARRINGS GREEN,22.56,6,6,2,3.76,3.76,0.0,0.0,0.0
90189B,GOLD 2 STRAND NECKLACE-LEAF CHARMS,22.5,3,2,2,7.5,7.5,0.0,0.0,0.0
85225,BLING KEY RING STAND,22.5,19,11,10,1.2045454545454546,1.1842105263157894,0.0,0.0,0.0
37477C,"FLOWER FAIRY MUG+COASTER,ROSE",22.5,6,1,1,3.75,3.75,0.0,0.0,0.0
23645,SET 10 CHRISTMAS CARDS HOHOHO 16956,22.410000000000004,9,4,0,2.49,2.49,0.0,0.0,0.0
23640,SET 10 CARDS SCOTTIE DOG 17211,22.410000000000004,9,8,0,2.49,2.49,0.0,0.0,0.0
35652,VINTAGE BEAD CHAISE LONG JEWEL BOX,21.5,18,2,2,3.625,1.1944444444444444,0.0,0.0,0.0
90214Z,"LETTER ""Z"" BLING KEY RING",21.49,31,18,5,0.9011111111111111,0.6932258064516128,0.0,0.0,0.0
84387A,BIRD ON BRANCH CANVAS SCREEN,21.45,11,1,1,1.95,1.95,0.0,0.0,0.0
84899E,YELLOW BROWN BEAR FELT PURSE KIT,21.28,14,6,3,1.88,1.52,1.0,1.25,7.142857142857142
21387,IVORY HANGING DECORATION RABBIT,21.25,25,4,4,0.85,0.85,0.0,0.0,0.0
35591T,TURQUOISE CHRISTMAS TREE,21.25,17,9,9,1.25,1.25,0.0,0.0,0.0
90128D,PURPLE LEAVES AND BEADS PHONE CHAR,21.24,13,7,2,1.9628571428571426,1.6338461538461537,0.0,0.0,0.0
22201,FRYING PAN BLUE RETROSPOT,21.22,4,3,2,5.656666666666666,5.305,0.0,0.0,0.0
21594,DR. JAM'S AROUZER STRESS BALL,21.06,5,5,0,4.212,4.212,0.0,0.0,0.0
23691,KEEP CALM BIRTHDAY WRAP,21.0,50,2,2,0.42,0.42,0.0,0.0,0.0
35603B,S/16 BLACK SHINY/MAT BAUBLES,21.0,50,2,1,0.42,0.42,24.0,50.400000000000006,48.0
23692,WRAP A PRETTY THANK YOU,21.0,50,2,2,0.42,0.42,0.0,0.0,0.0
23388,WOODLAND MINI RUCKSACK,20.75,5,2,2,4.15,4.15,0.0,0.0,0.0
DCGS0072,CAT CAMOUFLAGUE COLLAR,20.68,4,3,0,5.17,5.17,0.0,0.0,0.0
46776a,WOVEN BUBBLE GUM CUSHION COVER,20.65,5,1,0,4.13,4.13,0.0,0.0,0.0
10002R,ROBOT PENCIL SHARPNER,20.57,4,3,0,5.133333333333333,5.1425,0.0,0.0,0.0
22418,"PEN, 10 COLOURS - SPACEBOY",20.4,24,1,1,0.85,0.85,0.0,0.0,0.0
79172D,PURPLE TINT ACRYLIC FLOWER VASE,20.4,24,4,4,0.85,0.85,0.0,0.0,0.0
22345,PARTY PIZZA DISH BLUE+WHITE SPOT,20.4,24,2,2,0.85,0.85,0.0,0.0,0.0
22344,PARTY PIZZA DISH PINK+WHITE SPOT,20.4,24,2,2,0.85,0.85,0.0,0.0,0.0
85232a,SET/3 POLKA DOT STACKING TINS,20.34,2,2,0,10.17,10.17,0.0,0.0,0.0
22533,MAGIC SLATE BAKE A CAKE,20.16,48,1,1,0.42,0.42,0.0,0.0,0.0
72801g,4 BURGUNDY WINE DINNER CANDLES,20.08,8,1,0,2.51,2.51,0.0,0.0,0.0
84536a,ENGLISH ROSE NOTEBOOK A7 SIZE,19.970000000000002,25,12,0,0.8033333333333333,0.7988000000000001,0.0,0.0,0.0
90082C,DIAMANTE BOW BROOCH WHITE COLOUR,19.93,3,3,1,6.6433333333333335,6.6433333333333335,0.0,0.0,0.0
23601,SET 10 CARDS SNOWY SNOWDROPS 17100,19.92,8,4,0,2.49,2.49,0.0,0.0,0.0
23616,SET 10 CARDS JINGLE BELLS 17217,19.92,8,7,0,2.4899999999999998,2.49,0.0,0.0,0.0
90127A,PINK BEADS+HAND PHONE CHARM,19.92,14,2,1,1.855,1.422857142857143,0.0,0.0,0.0
23646,SET 10 CARDS JINGLE BELLS 16957,19.92,8,5,0,2.49,2.49,0.0,0.0,0.0
23029,DOORKNOB CRACKED GLAZE GREEN,19.8,12,2,2,1.65,1.6500000000000001,0.0,0.0,0.0
23031,DOORKNOB CRACKED GLAZE PINK,19.8,12,2,2,1.65,1.6500000000000001,0.0,0.0,0.0
84570B,WHITE SATIN DRESS JEWEL STAND,19.8,4,2,2,4.95,4.95,0.0,0.0,0.0
23249,ENAMEL DINNER PLATE PANTRY,19.799999999999997,12,1,1,1.65,1.6499999999999997,0.0,0.0,0.0
37488A,YELLOW PINK FLOWER DESIGN BIG BOWL,19.770000000000003,31,5,4,1.4140000000000001,0.637741935483871,1.0,2.95,3.225806451612903
37487B,YELLOW/ORANGE FLOWER DESIGN PLATE,19.72,68,2,2,0.29,0.29,0.0,0.0,0.0
44092C,PURPLE/COPPER HANGING LAMPSHADE,19.55,23,10,6,0.85,0.85,0.0,0.0,0.0
20680,PINK FLOWERS CHILDS UMBRELLA,19.5,6,4,4,3.25,3.25,0.0,0.0,0.0
79062D,"RETRO TIN ASHTRAY,REVOLUTIONARY",19.4,52,4,4,0.38,0.37307692307692303,0.0,0.0,0.0
22963,JAM JAR WITH BLUE LID,18.98,26,2,2,0.7849999999999999,0.73,0.0,0.0,0.0
23056,CRYSTAL CHANDELIER T-LIGHT HOLDER,18.75,3,1,1,6.25,6.25,0.0,0.0,0.0
84030B,KNITTED POM POM HOT WATER BOTTLE,18.75,5,3,2,3.75,3.75,0.0,0.0,0.0
90025D,BAROQUE BUTTERFLY EARRINGS PINK,18.69,5,5,2,3.7380000000000004,3.7380000000000004,0.0,0.0,0.0
84732B,CUTE BIRD CEATURE SCREEN,18.48,28,6,6,1.23,0.66,0.0,0.0,0.0
72796A,S/3 ENGLISH LAVENDER SQU CANDLE,18.15,11,5,5,1.6499999999999997,1.65,0.0,0.0,0.0
84311,CAMOFLAGE CUSHION COVER,18.15,11,1,1,1.65,1.65,0.0,0.0,0.0
84986b,SET OF 36 SILVER PAPER DOILIES,17.88,6,5,0,2.98,2.98,0.0,0.0,0.0
84614C,BLUE BAROQUE FLOCK CANDLE HOLDER,17.85,3,1,1,5.95,5.95,0.0,0.0,0.0
18097B,BLUE TALL PORCELAIN T-LIGHT HOLDER,17.85,7,3,3,2.55,2.5500000000000003,0.0,0.0,0.0
71050,SMALL SINGLE FLAME CANDLE HOLDER,17.849999999999998,51,8,7,0.35,0.35,0.0,0.0,0.0
21249,WOOD ANIMALS HEIGHT CHART STICKERS,17.700000000000003,6,1,1,2.95,2.9500000000000006,0.0,0.0,0.0
90182B,AMETHYST 3 BEAD DROP EARRINGS,17.53,6,6,0,2.921666666666667,2.921666666666667,0.0,0.0,0.0
23627,SET 10 CARDS XMAS GRAPHIC 17218,17.43,7,2,0,2.49,2.4899999999999998,0.0,0.0,0.0
22887,"NUMBER TILE VINTAGE FONT, 8",17.36,8,1,1,2.17,2.17,0.0,0.0,0.0
22882,"NUMBER TILE VINTAGE FONT, 3",17.36,8,1,1,2.17,2.17,0.0,0.0,0.0
22886,"NUMBER TILE VINTAGE FONT, 7",17.36,8,1,1,2.17,2.17,0.0,0.0,0.0
22885,"NUMBER TILE VINTAGE FONT, 6",17.36,8,1,1,2.17,2.17,0.0,0.0,0.0
22884,"NUMBER TILE VINTAGE FONT, 5",17.36,8,1,1,2.17,2.17,0.0,0.0,0.0
22879,"NUMBER TILE VINTAGE FONT, 0",17.36,8,1,1,2.17,2.17,0.0,0.0,0.0
22880,"NUMBER TILE VINTAGE FONT, 1",17.36,8,1,1,2.17,2.17,0.0,0.0,0.0
22881,"NUMBER TILE VINTAGE FONT, 2",17.36,8,1,1,2.17,2.17,0.0,0.0,0.0
22883,"NUMBER TILE VINTAGE FONT, 4",17.36,8,1,1,2.17,2.17,0.0,0.0,0.0
37482b,CUBIC MUG BLUE POLKA DOT,17.35,1,1,0,17.35,17.35,0.0,0.0,0.0
DCGS0066N,NAVY CUDDLES DOG HOODIE,17.3,2,2,0,8.65,8.65,0.0,0.0,0.0
DCGS0068,DOGS NIGHT COLLAR,17.12,2,2,0,8.56,8.56,0.0,0.0,0.0
84796b,BLUE SAVANNAH PICNIC HAMPER FOR 2,17.12,2,2,0,8.56,8.56,0.0,0.0,0.0
22777,GLASS BELL JAR LARGE,17.0,2,1,1,8.5,8.5,0.0,0.0,0.0
23342,MINT DINER CLOCK,17.0,2,1,1,8.5,8.5,0.0,0.0,0.0
84993b,75 BLACK PETIT FOUR CASES,16.99,20,13,0,0.8492307692307691,0.8494999999999999,0.0,0.0,0.0
21120,*BOOMBOX IPOD CLASSIC,16.98,1,1,0,16.98,16.98,0.0,0.0,0.0
85035c,ROSE 3 WICK MORRIS BOX CANDLE,16.94,2,2,0,8.47,8.47,0.0,0.0,0.0
85036b,CHOCOLATE 1 WICK MORRIS BOX CANDLE,16.94,2,2,0,8.47,8.47,0.0,0.0,0.0
72805,VANILLA CANDLE IN EMBOSSED ZINC POT,16.9,10,3,3,1.6900000000000002,1.69,0.0,0.0,0.0
47591c,BLUE FAIRY CAKE CHILD'S APRON,16.84,4,3,0,4.21,4.21,0.0,0.0,0.0
21511,VINTAGE COLLAGE GREETING CARD,16.8,40,2,1,0.42,0.42000000000000004,0.0,0.0,0.0
44089A,PINK GAUZE BUTTERFLY LAMPSHADE,16.8,40,13,11,0.42,0.42000000000000004,0.0,0.0,0.0
72785A,S/4 CONTEMPORY PINK ROSEBUD CANDLES,16.8,8,4,4,2.1,2.1,0.0,0.0,0.0
23644,SET 10 CARDS CHRISTMAS TREE 16955,16.65,5,5,0,3.3299999999999996,3.3299999999999996,0.0,0.0,0.0
84031b,CHARLIE LOLA BLUE HOT WATER BOTTLE,16.63,1,1,0,16.63,16.63,0.0,0.0,0.0
84031a,CHARLIE+LOLA RED HOT WATER BOTTLE,16.63,1,1,0,16.63,16.63,0.0,0.0,0.0
85036a,GARDENIA 1 WICK MORRIS BOXED CANDLE,16.58,2,1,0,8.29,8.29,0.0,0.0,0.0
22384,LUNCH BAG PINK POLKADOTS,16.5,10,1,1,1.65,1.65,0.0,0.0,0.0
23502,PLAYING CARDS VINTAGE DOILEY,16.25,13,2,2,1.25,1.25,0.0,0.0,0.0
85160b,BLACK BIRD GARDEN DESIGN MUG,16.13,1,1,0,16.13,16.13,0.0,0.0,0.0
90102,WHITE FRANGIPANI HAIR CLIP,16.11,19,4,3,0.845,0.8478947368421053,0.0,0.0,0.0
62074B,ELEPHANT CLIP W SUCTION CUP,15.96,38,12,8,0.42,0.42000000000000004,0.0,0.0,0.0
84630,FLOWERS AND BIRDS WALL PLAQUE,15.9,2,1,1,7.95,7.95,0.0,0.0,0.0
84250M,"GREETING CARD, BLACKPOOL ROCK",15.899999999999999,28,13,1,0.7992307692307693,0.5678571428571428,0.0,0.0,0.0
22778,GLASS BELL JAR SMALL,15.8,4,1,1,3.95,3.95,0.0,0.0,0.0
35932,PINK CHRISTMAS TREE DECORATION,15.629999999999999,37,10,10,0.537,0.4224324324324324,0.0,0.0,0.0
84509a,ENGLISH ROSE PLACEMATS,15.56,2,1,0,7.78,7.78,0.0,0.0,0.0
84912a,PINK ROSE WASHBAG,15.56,2,1,0,7.78,7.78,0.0,0.0,0.0
21560,TOADSTOOL LUNCHBOX WITH CUTLERY,15.44,4,4,0,3.86,3.86,0.0,0.0,0.0
21853,GUMBALL CUSTOM CARS TOP TRUMPS GAME,15.399999999999999,3,3,0,5.133333333333333,5.133333333333333,0.0,0.0,0.0
17107D,FLOWER FAIRY 5 SUMMER DRAW LINERS,15.3,6,1,1,2.55,2.5500000000000003,0.0,0.0,0.0
37481,CUBIC MUG TEATIME CAKES,15.3,12,2,1,1.275,1.2750000000000001,0.0,0.0,0.0
84509e,SET OF 4 CAROUSEL PLACEMATS,15.24,2,1,0,7.62,7.62,0.0,0.0,0.0
85124c,GREEN JUICY FRUIT PHOTO FRAME,15.18,3,2,0,5.06,5.06,0.0,0.0,0.0
17174,ASSTD RASTA KEY-CHAINS,15.120000000000001,36,7,7,0.42,0.42000000000000004,0.0,0.0,0.0
m,MANUAL,15.049999999999999,5,4,0,3.01,3.01,0.0,0.0,0.0
84206A,3 BLACK CATS W HEARTS BLANK CARD,15.01,79,9,9,0.19,0.19,0.0,0.0,0.0
23212,PAINTED HEART WREATH WITH BELL,15.0,12,1,1,1.25,1.25,0.0,0.0,0.0
23449,SET OF 6 EASTER RAINBOW CHICKS,15.0,12,1,1,1.25,1.25,0.0,0.0,0.0
22954,HEN PARTY BANNER TAPE,15.0,12,1,1,1.25,1.25,0.0,0.0,0.0
22408,TIN CAN CONFECTIONERY DESIGN,15.0,12,1,1,1.25,1.25,0.0,0.0,0.0
90068,"RUBY GLASS NECKLACE 42""",15.0,2,2,0,7.5,7.5,0.0,0.0,0.0
23251,ENAMEL MUG PANTRY,15.0,12,1,1,1.25,1.25,0.0,0.0,0.0
21475,SWEETHEART CREAM STEEL FOLDIN CHAIR,14.95,1,1,1,14.95,14.95,1.0,14.95,100.0
23621,SET 10 CARDS DAVID'S MADONNA 17074,14.940000000000001,6,4,0,2.49,2.49,0.0,0.0,0.0
23281,FOLDING MIRROR RED,14.940000000000001,18,2,2,0.83,0.8300000000000001,0.0,0.0,0.0
23282,FOLDING MIRROR IVORY,14.940000000000001,18,2,2,0.83,0.8300000000000001,0.0,0.0,0.0
84509g,SET OF 4 FAIRY CAKE PLACEMATS,14.92,2,2,0,7.46,7.46,0.0,0.0,0.0
35650,VINTAGE BEAD PINK JEWEL STAND,14.850000000000001,3,3,3,4.95,4.95,0.0,0.0,0.0
84567,FROSTED GLASS WITH SILVER SURROUND,14.85,9,1,1,1.65,1.65,0.0,0.0,0.0
22139,11 PC CERAMIC TEA SET POLKADOT,14.85,3,1,1,4.95,4.95,0.0,0.0,0.0
SP1002,KID'S CHALKBOARD/EASEL,14.75,5,2,2,2.95,2.95,0.0,0.0,0.0
90011D,PURPLE CRYSTAL DROP EARRINGS,14.75,5,5,0,2.95,2.95,0.0,0.0,0.0
23634,SET 10 CARDS XMAS CHOIR 17068,14.55,5,5,0,2.91,2.91,0.0,0.0,0.0
81950V,FLOWER PURPLE CLOCK W/SUCKER,14.45,17,7,7,0.85,0.85,0.0,0.0,0.0
48195,DOORMAT GREEN PAISLEY,14.43,1,1,0,14.43,14.43,0.0,0.0,0.0
90077,BLACK DIAMOND CLUSTER EARRINGS,14.399999999999999,5,5,1,2.88,2.88,0.0,0.0,0.0
10124G,ARMY CAMO BOOKCOVER TAPE,14.28,33,10,9,0.462,0.4327272727272727,0.0,0.0,0.0
71143,ANTIQUE SILVER BOOK MARK WITH BEADS,14.11,17,3,0,0.83,0.83,0.0,0.0,0.0
23540,"WALL ART , THE MAGIC FOREST",13.9,2,1,1,6.95,6.95,0.0,0.0,0.0
21852,EMPIRE TEDDY,13.9,2,2,1,6.95,6.95,0.0,0.0,0.0
84868A,PINK BABY GIRL'S MEMORY BOX,13.9,2,2,2,6.95,6.95,0.0,0.0,0.0
84406b,CREAM CUPID HEARTS COAT HANGER,13.82,2,2,0,6.91,6.91,0.0,0.0,0.0
16245A,PINK MINI STATIONERY SET W CASE,13.75,11,7,7,1.25,1.25,0.0,0.0,0.0
35936,CERISE+GOLD CHRISTMAS TREE DEC,13.68,36,9,8,0.38,0.38,0.0,0.0,0.0
84814B,RHOMBUS CRYSTAL PERFUME BOTTLE,13.65,7,3,2,1.95,1.95,0.0,0.0,0.0
35443,RASTA IN BATH W SPLIFF ASHTRAY,13.6,16,10,9,0.85,0.85,0.0,0.0,0.0
84867a,PINK BABY GIRLS PHOTO ALBUM,13.57,1,1,0,13.57,13.57,0.0,0.0,0.0
79342b,BROWN FLOWER LIGHTS,13.57,1,1,0,13.57,13.57,0.0,0.0,0.0
21525,BEWARE OF THE CAT DOORMAT,13.5,2,2,1,6.75,6.75,2.0,13.5,100.0
85039b,S/4 IVORY MINI ROSE CANDLE IN BOWL,13.44,4,1,0,3.36,3.36,0.0,0.0,0.0
62097B,BLUE STRIPES SHOULDER BAG,13.37,11,4,3,1.36,1.2154545454545453,0.0,0.0,0.0
90014C,SILVER AND BLACK ORBIT NECKLACE,13.350000000000001,2,2,1,6.675000000000001,6.675000000000001,0.0,0.0,0.0
23639,SET 10 CARDS MAGICAL TREE 17086,13.32,4,4,0,3.33,3.33,0.0,0.0,0.0
23607,SET 10 CARDS HATS & STOCKINGS 17081,13.28,8,7,0,1.66,1.66,0.0,0.0,0.0
23271,CHRISTMAS TABLE CANDLE SILVER SPIKE,13.28,16,1,1,0.83,0.83,0.0,0.0,0.0
35004s,SET OF 3 SILVER FLYING DUCKS,13.0,1,1,0,13.0,13.0,0.0,0.0,0.0
85159b,"WHITE TEA,COFFEE,SUGAR JARS",13.0,1,1,0,13.0,13.0,0.0,0.0,0.0
16192,PINK BALLET OPENING CUBE BOX,12.9,3,1,0,4.3,4.3,0.0,0.0,0.0
84989b,75 BLACK FAIRY CAKE CASES,12.8,10,6,0,1.28,1.28,0.0,0.0,0.0
84247J,PACK/12 RUSSIAN DOLL CARDS,12.780000000000001,10,9,2,1.3244444444444445,1.278,0.0,0.0,0.0
84648,NEW BAROQUE WALL MIRROR,12.75,1,1,1,12.75,12.75,0.0,0.0,0.0
20812,EMBOSSED FLOWER TRELLIS PHOTO FRAME,12.75,5,3,3,2.55,2.55,0.0,0.0,0.0
72752B,"F.FAIRY,CANDLE IN GLASS,LAVENDER",12.75,3,2,2,4.25,4.25,0.0,0.0,0.0
21772,VINTAGE METAL CAKE STAND CREAM,12.75,1,1,1,12.75,12.75,0.0,0.0,0.0
85083,KISS REINDEER SCANDINAVIAN STOCKING,12.75,5,2,2,2.55,2.55,6.0,15.3,120.0
44092B,BLUE WHITE PLASTIC RINGS LAMPSHADE,12.75,15,6,4,0.85,0.85,0.0,0.0,0.0
DCGS0037,KEY-RING CORKSCREW,12.72,1,1,0,12.72,12.72,0.0,0.0,0.0
85157,SET OF 2 CHESTS CHOCOLAT AU LAIT,12.72,1,1,0,12.72,12.72,0.0,0.0,0.0
35004p,SET OF 3 PINK FLYING DUCKS,12.72,1,1,0,12.72,12.72,0.0,0.0,0.0
DCGS0075,CAMOUFLAGUE DOG LEAD,12.72,1,1,0,12.72,12.72,0.0,0.0,0.0
35751C,PURPLE CURRENT CANDLE RING,12.61,31,2,2,0.47,0.40677419354838706,0.0,0.0,0.0
72801e,S/4 FESTIVE GREEN DINNER CANDLES,12.549999999999999,5,3,0,2.51,2.51,0.0,0.0,0.0
23071,MARIE ANTOIENETT TRINKET BOX GOLD,12.5,1,1,1,12.5,12.5,0.0,0.0,0.0
35597A,DUSTY PINK CHRISTMAS TREE 30CM,12.5,10,4,4,1.25,1.25,0.0,0.0,0.0
51012L,"FEATHER DUSTER, LIGHT PINK",12.5,10,6,5,1.25,1.25,1.0,1.25,10.0
35918B,BLUE FLORIBUNDA EGG WARMER,12.5,10,5,5,1.25,1.25,1.0,1.25,10.0
23635,SET 10 CARDS CHRISTMAS HOLLY 17259,12.48,3,3,0,4.16,4.16,0.0,0.0,0.0
23654,SET 10 CARD SNOWMAN 16965,12.450000000000001,5,4,0,2.49,2.49,0.0,0.0,0.0
84596g,SMALL CHOCOLATES PINK BOWL,12.399999999999999,5,2,0,2.485,2.4799999999999995,0.0,0.0,0.0
90000C,OPAL WHITE/SILVER FLOWER NECKLACE,12.32,2,2,1,6.16,6.16,0.0,0.0,0.0
79149B,SILICON STAR BULB BLUE,12.18,29,12,11,0.42,0.42,0.0,0.0,0.0
44242A,LILAC FEATHERS CURTAIN,11.98,14,2,2,1.02,0.8557142857142858,0.0,0.0,0.0
22206,"MUG , DOTCOMGIFTSHOP.COM",11.82,14,10,0,0.842,0.8442857142857143,0.0,0.0,0.0
85185E,DUCK SOCK PUPPET,11.8,4,2,2,2.95,2.95,2.0,5.1,50.0
85179a,GREEN BITTY LIGHT CHAIN,11.780000000000001,2,2,0,5.890000000000001,5.890000000000001,0.0,0.0,0.0
23608,SET 10 CARDS RUDOLPHS NOSE 17097,11.64,4,3,0,2.91,2.91,0.0,0.0,0.0
23605,SET 10 CARDS 12 DAYS OF XMAS 17059,11.64,4,1,0,2.91,2.91,0.0,0.0,0.0
85184c,SET 4 VALENTINE DECOUPAGE HEART BOX,11.58,2,2,0,5.79,5.79,0.0,0.0,0.0
90025B,BAROQUE BUTTERFLY EARRINGS RED,11.29,3,3,1,3.763333333333333,3.763333333333333,0.0,0.0,0.0
79070b,ENGLISH ROSE SQUARE CAKE TINS,11.26,1,1,0,11.26,11.26,0.0,0.0,0.0
84366,VENDETTA CANVAS PICTURE,11.25,3,3,2,3.75,3.75,0.0,0.0,0.0
23299,"FOOD COVER WITH BEADS , SET 2 SIZES",11.25,3,1,1,3.75,3.75,0.0,0.0,0.0
84743C,ORANGE FELT VASE + FLOWERS,11.25,9,5,5,1.25,1.25,0.0,0.0,0.0
16151A,FLOWER DES BLUE HANDBAG/ORANG HANDL,11.25,3,2,2,3.75,3.75,0.0,0.0,0.0
17011B,ORIGAMI JASMINE INCENSE+FLOWER,11.100000000000001,19,2,2,1.2,0.5842105263157895,0.0,0.0,0.0
47590a,BLUE HAPPY BIRTHDAY BUNTING,11.02,1,1,0,11.02,11.02,0.0,0.0,0.0
72785B,S/4 CONTEMPORY RED ROSEBUD CANDLES,10.9,9,3,3,1.5666666666666667,1.2111111111111112,0.0,0.0,0.0
84732D,CUTE RABBIT CEATURE SCREEN,10.89,15,6,6,1.23,0.7260000000000001,0.0,0.0,0.0
16169G,WRAP ROMANTIC DECOUPAGE,10.5,25,1,1,0.42,0.42,0.0,0.0,0.0
22959,"WRAPPING PAPER, XMAS VILLAGE",10.5,25,1,1,0.42,0.42,0.0,0.0,0.0
17084G,MOON INCENSE,10.5,50,2,2,0.21,0.21,0.0,0.0,0.0
16169A,WRAP CHRISTMAS DECOUPAGE,10.5,25,1,1,0.42,0.42,0.0,0.0,0.0
21496,WOODLAND CREATURES WRAP,10.5,25,1,1,0.42,0.42,25.0,10.5,100.0
85124b,BLUE JUICY FRUIT PHOTO FRAME,10.23,2,2,0,5.115,5.115,0.0,0.0,0.0
21857,STAR WARS TOP TRUMPS GAME,10.23,2,2,0,5.115,5.115,0.0,0.0,0.0
21858,HIGH SCHOOL MUSICAL 3 TOP TRUMPS,10.23,2,2,0,5.115,5.115,0.0,0.0,0.0
22196,HEART MEASURING SPOONS SMALL,10.2,12,1,1,0.85,0.85,0.0,0.0,0.0
20939,ORANGE CANDLE,10.2,12,1,1,0.85,0.85,0.0,0.0,0.0
22343,PARTY PIZZA DISH RED+WHITE SPOT,10.2,12,1,1,0.85,0.85,0.0,0.0,0.0
22346,PARTY PIZZA DISH GREEN+WHITE SPOT,10.2,12,1,1,0.85,0.85,0.0,0.0,0.0
85232d,SET/3 DECOUPAGE STACKING TINS,10.17,1,1,0,10.17,10.17,0.0,0.0,0.0
90214W,"LETTER ""W"" BLING KEY RING",10.17,19,8,3,0.8724999999999999,0.5352631578947369,0.0,0.0,0.0
84661c,PINK SQUARE TABLE CLOCK,10.12,2,2,0,5.06,5.06,0.0,0.0,0.0
84661a,WHITE SQUARE TABLE CLOCK,10.02,2,2,0,5.01,5.01,0.0,0.0,0.0
23615,SET 10 CARDS PRINTED GRAPHIC 17219,9.96,4,4,0,2.49,2.49,0.0,0.0,0.0
23624,SET 10 CARD PERFECT NATIVITY 17089,9.96,4,4,0,2.49,2.49,0.0,0.0,0.0
23650,SET 10 CARDS FILIGREE BAUBLE 16961,9.96,4,4,0,2.49,2.49,0.0,0.0,0.0
23619,SET 10 CARDS POINSETTIA 17093,9.96,4,2,0,2.49,2.49,0.0,0.0,0.0
84971s,SMALL HEART FLOWERS HOOK,9.959999999999999,6,3,0,1.66,1.66,0.0,0.0,0.0
22829,BROCANTE SHELF WITH HOOKS,9.95,1,1,1,9.95,9.95,0.0,0.0,0.0
85049b,LUSH GREENS RIBBONS,9.94,4,3,0,2.4766666666666666,2.485,0.0,0.0,0.0
85231g,ORANGE SCENTED SET/9 T-LIGHTS,9.78,6,6,0,1.63,1.63,0.0,0.0,0.0
81953P,ROUND ARTICULATED PINK CLOCK W/SUCK,9.57,33,6,5,0.52,0.29000000000000004,0.0,0.0,0.0
20822,SILVER WINE GOBLET,9.3,2,1,1,4.65,4.65,2.0,9.3,100.0
72708,SCULPTED ROUND IVORY CANDLE,9.24,44,5,5,0.21000000000000002,0.21,0.0,0.0,0.0
23441,HAND PAINTED HANGING EASTER EGG,9.24,22,3,3,0.42,0.42,0.0,0.0,0.0
90184c,BLACK CHUNKY BEAD BRACELET W STRAP,9.15,1,1,0,9.15,9.15,0.0,0.0,0.0
62097A,PINK STRIPES SHOULDER BAG,8.850000000000001,3,3,1,2.9500000000000006,2.9500000000000006,0.0,0.0,0.0
20882,MODERN CHRISTMAS TREE CANDLE,8.850000000000001,3,2,1,2.95,2.9500000000000006,0.0,0.0,0.0
35598C,WHITE CHRISTMAS TREE 60CM,8.850000000000001,3,3,3,2.9500000000000006,2.9500000000000006,0.0,0.0,0.0
18098B,BLUE PORCELAIN B'FLY OIL BURNER,8.850000000000001,3,3,3,2.9500000000000006,2.9500000000000006,0.0,0.0,0.0
71496B,A4 WALL TIDY RED FLOWERS,8.67,15,6,6,0.59,0.578,0.0,0.0,0.0
20739,*USB OFFICE GLITTER LAMP,8.65,1,1,0,8.65,8.65,0.0,0.0,0.0
21406,SPOTTY CAT DOORSTOP,8.65,1,1,0,8.65,8.65,0.0,0.0,0.0
90013E,AMBER VINTAGE EARRINGS,8.57,2,2,0,4.285,4.285,0.0,0.0,0.0
84572,6 HOOK JEWEL STAND LILAC DRESS,8.49,1,1,1,8.49,8.49,0.0,0.0,0.0
90126B,BLUE BERTIE MOBILE PHONE CHARM,8.48,3,3,0,2.8266666666666667,2.8266666666666667,0.0,0.0,0.0
72803b,OCEAN SCENT CANDLE JEWELLED DRAWER,8.47,1,1,0,8.47,8.47,0.0,0.0,0.0
84030b,KNITTED POM POM HOT WATER BOTTLE,8.46,1,1,0,8.46,8.46,0.0,0.0,0.0
84534b,FAIRY CAKE NOTEBOOK A5 SIZE,8.3,5,4,0,1.66,1.6600000000000001,0.0,0.0,0.0
23612,SET 10 MINICARDS CUTE SNOWMAN 17071,8.299999999999999,5,2,0,1.66,1.6599999999999997,0.0,0.0,0.0
85034b,3 WHITE CHOC MORRIS BOXED CANDLES,8.29,1,1,0,8.29,8.29,0.0,0.0,0.0
72802c,VANILLA SCENT CANDLE JEWELLED BOX,8.29,1,1,0,8.29,8.29,0.0,0.0,0.0
47591C,BLUE FAIRY CAKE CHILDRENS APRON,7.8,4,4,4,1.95,1.95,0.0,0.0,0.0
84029c,BROWN FURRY HOT WATER BOTTLE,7.78,1,1,0,7.78,7.78,0.0,0.0,0.0
84509c,DOTTY PLACEMATS,7.78,1,1,0,7.78,7.78,0.0,0.0,0.0
84997d,PINK 3 PIECE MINI DOTS CUTLERY SET,7.62,1,1,0,7.62,7.62,0.0,0.0,0.0
44091A,BLUE CRUSOE CHECK LAMPSHADE,7.56,18,6,6,0.42,0.42,0.0,0.0,0.0
46037A,PINK CANVAS DES CUSHION COVER,7.5,6,2,2,1.25,1.25,0.0,0.0,0.0
82011E,"BATHROOM SCALES, FAG BREAK",7.5,2,2,2,3.75,3.75,0.0,0.0,0.0
90025A,BAROQUE BUTTERFLY EARRINGS BLACK,7.5,2,2,2,3.75,3.75,0.0,0.0,0.0
20942,SET/6 GINGERBREAD TREE T-LIGHTS,7.5,6,4,4,1.25,1.25,1.0,1.25,16.666666666666664
82613a,"METAL SIGN,CUPCAKE SINGLE HOOK",7.4799999999999995,3,3,0,2.493333333333333,2.493333333333333,0.0,0.0,0.0
23633,SET 10 CARDS WORLD CHILDREN 17067,7.470000000000001,3,3,0,2.49,2.49,0.0,0.0,0.0
84201B,HAPPY BIRTHDAY CARD STRIPEY TEDDY,7.41,39,8,6,0.19,0.19,0.0,0.0,0.0
90111,BLUE HIBISCUS HAIR CLIP,7.35,7,6,6,1.05,1.05,0.0,0.0,0.0
35001P,HAND OPEN SHAPE PINK,6.98,2,2,2,3.49,3.49,1.0,3.49,50.0
85230D,VANILLA SCENTED VOTIVE CANDLE,6.959999999999999,24,1,1,0.29,0.29,0.0,0.0,0.0
85230C,ROSE SCENTED VOTIVE CANDLE,6.959999999999999,24,1,1,0.29,0.29,0.0,0.0,0.0
84705b,FAIRY CAKES PHOTO FRAME,6.86,2,2,0,3.43,3.43,0.0,0.0,0.0
37484,ENGLISH ROSE TEA FOR ONE GIFT BOX,6.75,1,1,1,6.75,6.75,0.0,0.0,0.0
22843,"BISCUIT TIN, MINT,IVORY, VINTAGE",6.75,1,1,1,6.75,6.75,0.0,0.0,0.0
48173A,DOOR MAT BLUE FLOCK,6.75,1,1,1,6.75,6.75,0.0,0.0,0.0
23604,SET 10 MINI SANTA & SNOWMAN 17087,6.64,4,2,0,1.66,1.66,0.0,0.0,0.0
20858,SILVER PURSE GOLD PINK BUTTERFLY,6.6,4,1,1,1.65,1.65,0.0,0.0,0.0
20678,LARGE BLACK DIAMANTE HAIRSLIDE,6.6,4,1,1,1.65,1.65,0.0,0.0,0.0
85231b,CINAMMON SET OF 9 T-LIGHTS,6.58,4,4,0,1.645,1.645,0.0,0.0,0.0
84536b,FAIRY CAKES NOTEBOOK A7 SIZE,6.48,8,4,0,0.81,0.81,0.0,0.0,0.0
47592B,SCOTTIE DOGS CHILDRENS OVERALL,6.300000000000001,3,1,1,2.1,2.1,0.0,0.0,0.0
20884,MODERN CHRISTMAS TREE CANDLE,6.300000000000001,3,3,2,2.1,2.1,0.0,0.0,0.0
79140,ASS WINDPROOF MARIJUANA LIGHTERS,6.3,15,2,2,0.42,0.42,0.0,0.0,0.0
37408,ASSORTED DESIGN GEISHA GIRL MUGS,6.25,5,1,1,1.25,1.25,0.0,0.0,0.0
82072,WHITE WOOD SINGLE P/FRAME,6.25,5,3,3,1.25,1.25,0.0,0.0,0.0
20673,STRAWBERRIES PRINT BOWL,6.25,5,2,2,1.25,1.25,0.0,0.0,0.0
23610,SET 10 CARDS CHRISTMAS ROBIN 17095,6.24,3,3,0,2.08,2.08,0.0,0.0,0.0
85123b,ZINC HANGING HEART T-LITE HLDR,6.04,1,1,0,6.04,6.04,0.0,0.0,0.0
79051a,SMOKEY GREY COLOUR D.O.F. GLASS,6.04,1,1,0,6.04,6.04,0.0,0.0,0.0
72751A,"F.FAIRY S/3 SML CANDLE,LILY/VALLEY",5.95,1,1,1,5.95,5.95,0.0,0.0,0.0
72751B,"F.FAIRY S/3 SML CANDLE, LAVENDER",5.95,1,1,1,5.95,5.95,0.0,0.0,0.0
72751C,"F.FAIRY S/3 SML CANDLE, ROSE",5.95,1,1,1,5.95,5.95,0.0,0.0,0.0
85077,KISSING REINDEER TABLE RUNNER,5.95,1,1,0,5.95,5.95,0.0,0.0,0.0
37409,ASSORTED DESIGN FLOWER MUGS,5.949999999999999,7,3,3,0.85,0.8499999999999999,0.0,0.0,0.0
85184d,S/4 BLUE ROUND DECOUPAGE BOXES,5.91,1,1,0,5.91,5.91,0.0,0.0,0.0
79303A,WHITE ROHMBIC BLOCK TABLE LAMP,5.9,2,1,1,2.95,2.95,0.0,0.0,0.0
22360,"GLASS JAR, ENGLISH CONFECTIONERY",5.9,2,1,1,2.95,2.95,2.0,5.9,100.0
18098A,PINK PORCELAIN B'FLY OIL BURNER,5.9,2,2,2,2.95,2.95,0.0,0.0,0.0
35821P,"JEWELLED DECORATION,PINK",5.9,2,2,2,2.95,2.95,0.0,0.0,0.0
35823P,"ACRYLIC BEAD GARLAND,PINK",5.9,2,2,2,2.95,2.95,0.0,0.0,0.0
90014B,GOLD M.O.P. ORBIT NECKLACE,5.9,2,2,2,2.95,2.95,0.0,0.0,0.0
85186B,BUNNY BUNCH OF FLOWERS,5.88,14,2,2,0.42,0.42,0.0,0.0,0.0
35051B,PINK BEADED CONE CHRISTMAS,5.88,14,2,2,0.42,0.42,0.0,0.0,0.0
84228,HEN HOUSE WITH CHICK STANDING,5.88,14,3,3,0.42,0.42,0.0,0.0,0.0
23638,SET 10 CARDS ROBIN WATERPUMP 17096,5.82,2,2,0,2.91,2.91,0.0,0.0,0.0
23652,SET 10 CARD CHRISTMAS STAMPS 16963,5.82,2,1,0,2.91,2.91,0.0,0.0,0.0
23617,SET 10 CARDS SWIRLY XMAS TREE 17104,5.82,2,1,0,2.91,2.91,0.0,0.0,0.0
23630,SET 10 CARDS HANGING BAUBLES 17080,5.48,2,2,1,2.74,2.74,1.0,2.99,50.0
35537,CANDLE RING W/CLEAR BEADS,5.46,13,3,3,0.42,0.42,0.0,0.0,0.0
21838,DADDY MOUSE RED GINGHAM BOW TIE,5.45,1,1,1,5.45,5.45,0.0,0.0,0.0
35751D,PINK CURRENT CANDLE RING,5.32,28,1,1,0.19,0.19,0.0,0.0,0.0
16215,FUNKY GIRLZ MAGNETIC TO DO LIST,5.2,8,3,3,0.65,0.65,0.0,0.0,0.0
21854,EURO FOOTBALL STARS TOP TRUMPS GAME,5.17,1,1,0,5.17,5.17,0.0,0.0,0.0
21860,DR WHO TOP TRUMPS GAME,5.17,1,1,0,5.17,5.17,0.0,0.0,0.0
71101A,ANGEL ON KNEES METAL POLE 100CM H,5.1,6,1,1,0.85,0.85,0.0,0.0,0.0
71434B,"BLACK RND BULLET""KEEP CLEAN"" BIN",5.1,2,2,1,2.55,2.55,0.0,0.0,0.0
90142C,ROSE PINK PENDANT SHELL NECKLACE,5.09,1,1,0,5.09,5.09,0.0,0.0,0.0
90142B,IVORY PENDANT SHELL NECKLACE,5.09,1,1,0,5.09,5.09,0.0,0.0,0.0
84942,KASHMIR FOLKART HEART DISHES,5.07,3,3,3,1.6900000000000002,1.6900000000000002,0.0,0.0,0.0
DCGS0041,HAYNES MINI-COOPER PLAYING CARDS,5.06,1,1,0,5.06,5.06,0.0,0.0,0.0
72740B,LARGE WHITE CHOCOLATE CANDLE,5.06,1,1,0,5.06,5.06,0.0,0.0,0.0
84951b,SET OF 4 BLACK LOVEBIRD COASTERS,5.06,1,1,0,5.06,5.06,0.0,0.0,0.0
20877,MODERN CHRISTMAS BAUBLE CANDLE,5.04,12,5,3,0.42000000000000004,0.42,0.0,0.0,0.0
72801e,4 FESTIVE GREEN DINNER CANDLES,5.02,2,1,0,2.51,2.51,0.0,0.0,0.0
72801g,S/4 BURGUNDY WINE DINNER CANDLES,5.02,2,2,0,2.51,2.51,0.0,0.0,0.0
84596j,MIXED NUTS LIGHT GREEN BOWL,5.02,2,2,0,2.51,2.51,0.0,0.0,0.0
23649,SET 10 CARDS DECK THE HALLS 16960,4.98,2,2,0,2.49,2.49,0.0,0.0,0.0
47593b,SCOTTIE DOGS BABY BIB,4.9799999999999995,6,1,0,0.83,0.83,0.0,0.0,0.0
84661b,BLACK SQUARE TABLE CLOCK,4.96,1,1,0,4.96,4.96,0.0,0.0,0.0
37451,CERAMIC CAKE TEAPOT WITH CHERRY,4.95,1,1,1,4.95,4.95,2.0,8.5,200.0
85232C,RUSSIAN FOLKART STACKING TINS,4.95,1,1,1,4.95,4.95,0.0,0.0,0.0
85043,RED HEART CANDY POP LIGHTS,4.95,1,1,1,4.95,4.95,3.0,14.850000000000001,300.0
85049d,BRIGHT BLUES RIBBONS,4.92,2,2,0,2.46,2.46,0.0,0.0,0.0
84971l,LARGE HEART FLOWERS HOOK,4.92,2,1,0,2.46,2.46,0.0,0.0,0.0
90214U,"LETTER ""U"" BLING KEY RING",4.7299999999999995,13,2,2,0.77,0.3638461538461538,0.0,0.0,0.0
45014,FOLDING SHIRT TIDY,4.65,1,1,1,4.65,4.65,0.0,0.0,0.0
79151B,"SILICON CUBE 25W, BLUE",4.62,11,2,2,0.42,0.42,0.0,0.0,0.0
37326,FAIRY DESIGN MUGS,4.609999999999999,2,2,1,2.3049999999999997,2.3049999999999997,0.0,0.0,0.0
35817P,PINK ACRYLIC JEWEL SNOWFLAKE,4.5600000000000005,12,1,1,0.38,0.38000000000000006,0.0,0.0,0.0
81950V,FLOWER PURPLE CLOCK WITH SUCKER,4.35,15,3,3,0.29,0.29,0.0,0.0,0.0
72529w,WHITE ADVENT CANDLE,4.3,1,1,0,4.3,4.3,0.0,0.0,0.0
79157B,UBO-LIGHT TRIOBASE BLUE,4.25,5,3,3,0.85,0.85,0.0,0.0,0.0
79157V,UBO-LIGHT TRIOBASE PURPLE,4.25,5,3,3,0.85,0.85,0.0,0.0,0.0
21409,SPOTTY COCKEREL DOORSTOP,4.25,1,1,1,4.25,4.25,0.0,0.0,0.0
72752A,"F.FAIRY,CANDLE IN GLASS,LILY/VALLEY",4.25,1,1,1,4.25,4.25,0.0,0.0,0.0
47594a,CAROUSEL DESIGN WASHBAG,4.21,1,1,0,4.21,4.21,0.0,0.0,0.0
84255A,PINK GLASS COCKTAIL LAMP,4.2,2,2,2,2.1,2.1,0.0,0.0,0.0
23391,I LOVE LONDON MINI RUCKSACK,4.15,1,1,1,4.15,4.15,0.0,0.0,0.0
46776e,WOVEN CANDY CUSHION COVER,4.13,1,1,0,4.13,4.13,0.0,0.0,0.0
46776b,WOVEN BERRIES CUSHION COVER,4.13,1,1,0,4.13,4.13,0.0,0.0,0.0
37432,MUG PINK AND PURPLE ARABIC DESIGN,3.9,6,1,1,0.65,0.65,0.0,0.0,0.0
72084B,CHOCOLATE ICE CREAM CANDLE,3.9,2,1,1,1.95,1.95,0.0,0.0,0.0
16010,FOLDING CAMPING SCISSOR W/KNIF & S,3.84,32,4,4,0.12,0.12,0.0,0.0,0.0
35995,SET/6 BLACK GLITTER REINDEER CANDLE,3.7800000000000002,5,5,4,0.756,0.756,0.0,0.0,0.0
37438,FUNKY FLOWER COFFEE POT,3.75,1,1,1,3.75,3.75,0.0,0.0,0.0
35974,S/6 CHRISTMAS TREE PLACE SETTING,3.75,1,1,1,3.75,3.75,0.0,0.0,0.0
90004A,JADE GREEN PAIR ENAMEL HAIR SLIDES,3.75,1,1,1,3.75,3.75,0.0,0.0,0.0
40046C,PINK BUTTERFLY PAPER LAMPSHADE,3.75,3,3,3,1.25,1.25,0.0,0.0,0.0
84731,3 BIRDS CANVAS SCREEN,3.69,3,3,3,1.23,1.23,0.0,0.0,0.0
35818C,"ACRYLIC JEWEL ICICLE, CLEAR",3.43,1,1,0,3.43,3.43,0.0,0.0,0.0
21081,SET/20 POSIES PAPER NAPKINS,3.4,4,4,4,0.85,0.85,0.0,0.0,0.0
84559d,3D SHEET OF SEA WORLD STICKERS,3.38,2,1,0,1.69,1.69,0.0,0.0,0.0
23643,SET 10 CARDS CHRISTMAS BAUBLE 16954,3.33,1,1,0,3.33,3.33,0.0,0.0,0.0
20683,RAIN GIRL CHILDS UMBRELLA,3.25,1,1,1,3.25,3.25,0.0,0.0,0.0
84985b,SET OF 72 BLACK PAPER DOILIES,2.98,1,1,0,2.98,2.98,0.0,0.0,0.0
79301,FEATHER HEART LIGHTS,2.95,1,1,1,2.95,2.95,9.0,22.95,900.0
20885,BOX OF 3 PEBBLE CANDLES,2.95,1,1,1,2.95,2.95,1.0,2.95,100.0
23628,SET 10 CARDS TRIANGLE ICONS 17220,2.91,1,1,0,2.91,2.91,0.0,0.0,0.0
23609,SET 10 CARDS SNOWY ROBIN 17099,2.91,1,1,0,2.91,2.91,0.0,0.0,0.0
23602,SET 10 CARDS 3 WISE MEN 17107,2.91,1,1,0,2.91,2.91,0.0,0.0,0.0
90183c,BLACK DROP EARRINGS W LONG BEADS,2.9,1,1,0,2.9,2.9,0.0,0.0,0.0
DCGS0044,HANDZ-OFF CAR FRESHENER,2.57,1,1,0,2.57,2.57,0.0,0.0,0.0
90091,CRYSTAL DRAGONFLY PHONE CHARM,2.55,3,2,2,0.85,0.85,0.0,0.0,0.0
85171,S/2 HYACINTH BULB CANDLES,2.55,1,1,1,2.55,2.55,0.0,0.0,0.0
47569,ENGLISH ROSE DESIGN SHOPPING BAG,2.55,1,1,1,2.55,2.55,1.0,2.55,100.0
35999,S/6 SCANDINAVIAN HEART T-LIGHT,2.55,1,1,1,2.55,2.55,0.0,0.0,0.0
81953B,ROUND ARTICULATED BLUE CLOCK W/SUCK,2.55,3,3,3,0.85,0.85,0.0,0.0,0.0
20881,MODERN CHRISTMAS TREE CANDLE,2.55,3,2,1,0.85,0.85,0.0,0.0,0.0
21036,SET/2 TEA TOWELS MODERN VINTAGE,2.55,1,1,1,2.55,2.55,0.0,0.0,0.0
47556,SET/2 SPOTTY + ROSE TEA TOWELS,2.55,1,1,1,2.55,2.55,0.0,0.0,0.0
47554,S/3 COLOURS FLOCK TEA TOWELS,2.55,1,1,1,2.55,2.55,0.0,0.0,0.0
17028J,INCENSE BAZAAR PEACH,2.52,6,1,1,0.42,0.42,0.0,0.0,0.0
DCGS0062,ROAD-RAGE CAR FRESHENER,2.51,1,1,0,2.51,2.51,0.0,0.0,0.0
21008,ETCHED GLASS HEART TREE DECORATION,2.51,1,1,0,2.51,2.51,0.0,0.0,0.0
47593a,CAROUSEL DESIGN BABY BIB,2.51,1,1,0,2.51,2.51,0.0,0.0,0.0
21290,LARGE SPOTTY CHOCOLATE GIFT BAG,2.5,2,1,0,1.25,1.25,0.0,0.0,0.0
21225,POCKET MIRROR BUTTERFLY,2.5,2,2,2,1.25,1.25,0.0,0.0,0.0
90127B,BLUE BEADS+HAND PHONE CHARM,2.5,2,2,2,1.25,1.25,0.0,0.0,0.0
85049c,ROMANTIC PINKS RIBBONS,2.46,1,1,0,2.46,2.46,0.0,0.0,0.0
84596l,BISCUITS SMALL BOWL LIGHT BLUE,2.46,1,1,0,2.46,2.46,0.0,0.0,0.0
84510b,SET OF 4 FAIRY CAKES COASTERS,2.15,1,1,0,2.15,2.15,0.0,0.0,0.0
81953B,ROUND BLUE CLOCK WITH SUCKER,2.09,11,3,2,0.19,0.18999999999999997,0.0,0.0,0.0
17061,ASSORTED SHAPED STENCIL FOR HENNA,2.08,52,1,1,0.04,0.04,0.0,0.0,0.0
85192S,HANGING SPRING FLOWER HEART SMALL,1.9500000000000002,3,2,2,0.65,0.65,0.0,0.0,0.0
22631,CIRCUS PARADE LUNCHBOX,1.95,1,1,1,1.95,1.95,1.0,1.95,100.0
84814A,HEXAGONAL CRYSTAL PERFUME BOTTLE,1.95,1,1,1,1.95,1.95,0.0,0.0,0.0
46138D,GREEN CHENILLE SHAGGY C/COVER,1.95,1,1,1,1.95,1.95,0.0,0.0,0.0
35945,GOLD CHRISTMAS STOCKING DECORATION,1.95,1,1,1,1.95,1.95,0.0,0.0,0.0
22659,LUNCHBOX I LOVE LONDON,1.95,1,1,1,1.95,1.95,1.0,1.95,100.0
84206C,CHAMPAGNE TRAY BLANK CARD,1.9,10,4,4,0.19,0.19,0.0,0.0,0.0
84201C,HAPPY BIRTHDAY CARD TEDDY/CAKE,1.9,10,3,3,0.19000000000000003,0.19,0.0,0.0,0.0
20737,RED MINI TAPE MEASURE,1.7,1,1,0,1.7,1.7,0.0,0.0,0.0
35837,SET OF SIX SILVER+RED FLOCK BAUBLES,1.7,2,1,1,0.85,0.85,0.0,0.0,0.0
30086C,ASSORTED FRUIT STRAWS,1.7,1,1,0,1.7,1.7,0.0,0.0,0.0
72754D,F FAIRY POTPOURRI CUSHIONS SUMMER,1.69,1,1,1,1.69,1.69,0.0,0.0,0.0
10109,BENDY COLOUR PENCILS,1.68,4,1,1,0.42,0.42,0.0,0.0,0.0
85231e,STRAWBERRY SCENTED SET/9 T-LIGHTS,1.66,1,1,0,1.66,1.66,0.0,0.0,0.0
21585,SWALLOW SMALL TUBE MATCHES,1.65,1,1,1,1.65,1.65,0.0,0.0,0.0
23664,FLOWER SHOP DESIGN MUG,1.65,1,1,1,1.65,1.65,0.0,0.0,0.0
85024A,CRYSTAL SMALL JEWELLED PHOTOFRAME,1.65,1,1,1,1.65,1.65,0.0,0.0,0.0
72796C,S/3 ROSE GARDEN SCENT SQU CANDLE,1.65,1,1,1,1.65,1.65,0.0,0.0,0.0
35980B,RED TOP SCANDINAVIAN HEART,1.52,4,2,2,0.38,0.38,0.0,0.0,0.0
35976B,WHITE SCANDINAVIAN HEART CHRISTMAS,1.25,1,1,1,1.25,1.25,12.0,15.0,1200.0
84845A,HOLLYHOCK SQUARE HANDY TIN,1.25,1,1,1,1.25,1.25,0.0,0.0,0.0
35950,FOLKART HEART CHRISTMAS DECORATIONS,1.25,1,1,1,1.25,1.25,0.0,0.0,0.0
23370,SET 36 COLOURING PENCILS DOILEY,1.25,1,1,1,1.25,1.25,0.0,0.0,0.0
TEST002,THIS IS A TEST PRODUCT.,1.0,1,1,1,1.0,1.0,0.0,0.0,0.0
84206B,CAT WITH SUNGLASSES BLANK CARD,0.95,5,1,1,0.19,0.19,0.0,0.0,0.0
20721,OWLS CHARLOTTE BAG,0.85,1,1,1,0.85,0.85,0.0,0.0,0.0
51014c,"FEATHER PEN,COAL BLACK",0.83,1,1,0,0.83,0.83,0.0,0.0,0.0
84206B,CAT W SUNGLASSES BLANK CARD,0.76,4,1,1,0.19,0.19,0.0,0.0,0.0
23366,SET 12 COLOURING PENCILS DOILEY,0.65,1,1,1,0.65,0.65,0.0,0.0,0.0
84205C,HAPPY BIRTHDAY GINGER CAT CARD,0.38,2,1,1,0.19,0.19,0.0,0.0,0.0
35930,PINK HEART CHRISTMAS DECORATION,0.38,1,1,1,0.38,0.38,0.0,0.0,0.0
PADS,PADS TO MATCH ALL CUSHIONS,0.017,18,18,16,0.0009444444444444445,0.0009444444444444445,1.0,36.6,5.555555555555555
21098,HAD BEEN PUT ASIDE,0.0,108,1,0,0.0,0.0,0.0,0.0,0.0
21082,FOUND,0.0,3,1,0,0.0,0.0,0.0,0.0,0.0
84050,CHECK,0.0,14,1,0,0.0,0.0,0.0,0.0,0.0
21051,FOUND,0.0,240,1,0,0.0,0.0,0.0,0.0,0.0
21770,DEBENHAMS,0.0,70,1,0,0.0,0.0,0.0,0.0,0.0
21018,CHECKED,0.0,176,1,0,0.0,0.0,0.0,0.0,0.0
21621,RCVD BE AIR TEMP FIX FOR DOTCOM SIT,0.0,100,1,0,0.0,0.0,0.0,0.0,0.0
20984,FOUND,0.0,120,1,0,0.0,0.0,0.0,0.0,0.0
21133,CHECKED,0.0,26,1,0,0.0,0.0,0.0,0.0,0.0
20967,AMAZON ADJUSTMENT,0.0,1,1,0,0.0,0.0,0.0,0.0,0.0
72802A,HAD BEEN PUT ASIDE.,0.0,54,1,0,0.0,0.0,0.0,0.0,0.0
21736,ADJUSTMENT,0.0,34,1,0,0.0,0.0,0.0,0.0,0.0
21794,ADJUSTMENT,0.0,10,1,0,0.0,0.0,0.0,0.0,0.0
84279P,FOUND,0.0,84,1,0,0.0,0.0,0.0,0.0,0.0
84507C,ADJUSTMENT,0.0,4,1,0,0.0,0.0,0.0,0.0,0.0
21700,CHECK,0.0,26,1,0,0.0,0.0,0.0,0.0,0.0
21174,FOUND,0.0,71,1,0,0.0,0.0,0.0,0.0,0.0
21147,FOUND,0.0,72,1,0,0.0,0.0,0.0,0.0,0.0
82583,AMAZON,0.0,64,2,0,0.0,0.0,0.0,0.0,0.0
21578,FOUND,0.0,16,1,0,0.0,0.0,0.0,0.0,0.0
21539,CHECK,0.0,4,1,0,0.0,0.0,0.0,0.0,0.0
72803A,?,0.0,117,1,0,0.0,0.0,0.0,0.0,0.0
21523,AMENDMENT,0.0,25,1,0,0.0,0.0,0.0,0.0,0.0
72807A,AMAZON,0.0,1,1,0,0.0,0.0,0.0,0.0,0.0
21479,?,0.0,752,1,0,0.0,0.0,0.0,0.0,0.0
72817,DOTCOMSTOCK,0.0,4,1,0,0.0,0.0,0.0,0.0,0.0
21644,CHECK,0.0,27,1,0,0.0,0.0,0.0,0.0,0.0
82583,FBA,0.0,160,1,0,0.0,0.0,0.0,0.0,0.0
21181,ADJUSTMENT,0.0,190,2,0,0.0,0.0,0.0,0.0,0.0
21349,CHECK,0.0,1,1,0,0.0,0.0,0.0,0.0,0.0
21319,ADJUSTMENT,0.0,3,1,0,0.0,0.0,0.0,0.0,0.0
21314,?,0.0,1146,1,0,0.0,0.0,0.0,0.0,0.0
82600,CHECK,0.0,3,1,0,0.0,0.0,0.0,0.0,0.0
82613A,AMAZON,0.0,1,1,0,0.0,0.0,0.0,0.0,0.0
21644,FOUND,0.0,144,1,0,0.0,0.0,0.0,0.0,0.0
21181,ON CARGO ORDER,0.0,192,1,0,0.0,0.0,0.0,0.0,0.0
21181,DOTCOM,0.0,20,1,0,0.0,0.0,0.0,0.0,0.0
21192,WRONGLY MARKED,0.0,48,1,0,0.0,0.0,0.0,0.0,0.0
84875D,FOUND,0.0,5,1,0,0.0,0.0,0.0,0.0,0.0
84531A,RETURNED,0.0,2,1,0,0.0,0.0,0.0,0.0,0.0
85107,CHECK?,0.0,374,1,0,0.0,0.0,0.0,0.0,0.0
17091A,FOUND,0.0,84,1,0,0.0,0.0,0.0,0.0,0.0
85019B,CHECK,0.0,15,1,0,0.0,0.0,0.0,0.0,0.0
85034A,CHECK,0.0,24,1,0,0.0,0.0,0.0,0.0,0.0
17012F,CHECK,0.0,14,1,0,0.0,0.0,0.0,0.0,0.0
85049B,AMAZON,0.0,1,1,0,0.0,0.0,0.0,0.0,0.0
85054,FOUND,0.0,27,1,0,0.0,0.0,0.0,0.0,0.0
DCGSSBOY,UPDATE,0.0,100,1,0,0.0,0.0,0.0,0.0,0.0
85231G,AMAZON,0.0,1,1,0,0.0,0.0,0.0,0.0,0.0
DCGSSGIRL,UPDATE,0.0,100,1,0,0.0,0.0,0.0,0.0,0.0
16207A,CHECK,0.0,2,1,0,0.0,0.0,0.0,0.0,0.0
85123A,?,0.0,4000,1,0,0.0,0.0,0.0,0.0,0.0
17109B,FOUND,0.0,72,1,0,0.0,0.0,0.0,0.0,0.0
85127,FOUND,0.0,6,1,0,0.0,0.0,0.0,0.0,0.0
85135B,CHECK,0.0,3,1,0,0.0,0.0,0.0,0.0,0.0
16168M,FOUND,0.0,44,1,0,0.0,0.0,0.0,0.0,0.0
16162M,ALAN HODGE CANT MAMAGE THIS SECTION,0.0,30,1,0,0.0,0.0,0.0,0.0,0.0
16151A,FOUND,0.0,50,1,0,0.0,0.0,0.0,0.0,0.0
gift_0001_20,TO PUSH ORDER THROUGHA S STOCK WAS,0.0,10,1,0,0.0,0.0,0.0,0.0,0.0
85135B,FOUND,0.0,53,1,0,0.0,0.0,0.0,0.0,0.0
85135C,FOUND,0.0,36,1,0,0.0,0.0,0.0,0.0,0.0
85185B,FOUND IN W/HSE,0.0,50,1,0,0.0,0.0,0.0,0.0,0.0
10080,CHECK,0.0,22,1,0,0.0,0.0,0.0,0.0,0.0
85017C,FOUND,0.0,13,1,0,0.0,0.0,0.0,0.0,0.0
85017C,ADJUSTMENT,0.0,1,1,0,0.0,0.0,0.0,0.0,0.0
84531B,RETURNED,0.0,2,1,0,0.0,0.0,0.0,0.0,0.0
20713,MARKED AS 23343,0.0,400,1,0,0.0,0.0,0.0,0.0,0.0
84659A,CHECK,0.0,19,1,0,0.0,0.0,0.0,0.0,0.0
20832,CHECK,0.0,110,1,0,0.0,0.0,0.0,0.0,0.0
20799,DAMAGED,0.0,1,1,0,0.0,0.0,0.0,0.0,0.0
20754,FOUND,0.0,57,1,0,0.0,0.0,0.0,0.0,0.0
20748,FOUND,0.0,40,1,0,0.0,0.0,0.0,0.0,0.0
21804,DOTCOM,0.0,4,1,0,0.0,0.0,0.0,0.0,0.0
84876B,FOUND,0.0,66,1,0,0.0,0.0,0.0,0.0,0.0
20713,WRONGLY MARKED 23343,0.0,200,1,0,0.0,0.0,0.0,0.0,0.0
84877D,FOUND,0.0,1,1,0,0.0,0.0,0.0,0.0,0.0
20713,WRONGLY CODED 23343,0.0,1000,1,0,0.0,0.0,0.0,0.0,0.0
20713,FOUND,0.0,200,2,0,0.0,0.0,0.0,0.0,0.0
84988,?,0.0,3000,1,0,0.0,0.0,0.0,0.0,0.0
84924D,EUROBARGAIN INVC/CREDIT,0.0,372,1,0,0.0,0.0,0.0,0.0,0.0
84929,FOUND,0.0,600,1,0,0.0,0.0,0.0,0.0,0.0
84944,?SOLD INDIVIDUALLY?,0.0,486,1,0,0.0,0.0,0.0,0.0,0.0
20665,DOTCOM,0.0,21,1,0,0.0,0.0,0.0,0.0,0.0
84944,FOUND,0.0,37,1,0,0.0,0.0,0.0,0.0,0.0
84944,MICHEL OOPS,0.0,22,1,0,0.0,0.0,0.0,0.0,0.0
17136A,CHECK,0.0,3,1,0,0.0,0.0,0.0,0.0,0.0
17129C,WRONG INVC,0.0,70,1,0,0.0,0.0,0.0,0.0,0.0
17109D,ADJUSTMENT,0.0,14,1,0,0.0,0.0,0.0,0.0,0.0
84966C,SOLD AS A/B,0.0,16,1,0,0.0,0.0,0.0,0.0,0.0
21804,CHECK,0.0,80,2,0,0.0,0.0,0.0,0.0,0.0
51020A,ADJUSTMENT,0.0,41,1,0,0.0,0.0,0.0,0.0,0.0
21811,CHECK,0.0,26,1,0,0.0,0.0,240.0,0.0,923.076923076923
23084,AMAZON,0.0,1,1,0,0.0,0.0,0.0,0.0,0.0
23084,ADD STOCK TO ALLOCATE ONLINE ORDERS,0.0,2,1,0,0.0,0.0,0.0,0.0,0.0
35980C,CHECKED,0.0,170,1,0,0.0,0.0,0.0,0.0,0.0
23001,TRAVEL CARD WALLET DOTCOMGIFTSHOP,0.0,200,1,0,0.0,0.0,0.0,0.0,0.0
22963,MAILOUT,0.0,100,1,0,0.0,0.0,0.0,0.0,0.0
22962,MAILOUT,0.0,100,1,0,0.0,0.0,0.0,0.0,0.0
22961,MAILOUT,0.0,100,1,0,0.0,0.0,0.0,0.0,0.0
22960,MAILOUT ADDITION,0.0,100,1,0,0.0,0.0,0.0,0.0,0.0
37327,ADJUSTMENT,0.0,3,1,0,0.0,0.0,0.0,0.0,0.0
37479B,TK MAXX MIX UP WITH PINK,0.0,180,1,0,0.0,0.0,0.0,0.0,0.0
22927,AMAZON,0.0,1,1,0,0.0,0.0,0.0,0.0,0.0
22925,CHECK,0.0,1,1,0,0.0,0.0,0.0,0.0,0.0
22925,AMAZON,0.0,1,1,0,0.0,0.0,0.0,0.0,0.0
22902,DOTCOM EMAIL,0.0,200,1,0,0.0,0.0,0.0,0.0,0.0
22864,FOUND,0.0,384,1,0,0.0,0.0,0.0,0.0,0.0
22848,CHECK,0.0,2,1,0,0.0,0.0,0.0,0.0,0.0
22848,AMAZON,0.0,1,1,0,0.0,0.0,0.0,0.0,0.0
46000U,CHECK,0.0,10,1,0,0.0,0.0,0.0,0.0,0.0
22837,FOUND,0.0,26,1,0,0.0,0.0,0.0,0.0,0.0
22823,TEST,0.0,22,1,0,0.0,0.0,22.0,0.0,100.0
22812,CHECK,0.0,48,1,0,0.0,0.0,0.0,0.0,0.0
22759,FOUND,0.0,96,1,0,0.0,0.0,0.0,0.0,0.0
22759,CHECK,0.0,17,1,0,0.0,0.0,327.0,0.0,1923.5294117647059
22740,ADJUSTMENT,0.0,89,1,0,0.0,0.0,0.0,0.0,0.0
23084,ALLOCATE STOCK FOR DOTCOM ORDERS TA,0.0,4,1,0,0.0,0.0,0.0,0.0,0.0
23084,FOR ONLINE RETAIL ORDERS,0.0,1,1,0,0.0,0.0,0.0,0.0,0.0
21823,AMAZON ADJUST,0.0,10,1,0,0.0,0.0,0.0,0.0,0.0
23084,WEBSITE FIXED,0.0,110,1,0,0.0,0.0,0.0,0.0,0.0
35598C,FOUND,0.0,3,1,0,0.0,0.0,0.0,0.0,0.0
35600A,FOUND BY JACKIE,0.0,1,1,0,0.0,0.0,0.0,0.0,0.0
23595,ADJUSTMENT,0.0,5,1,0,0.0,0.0,0.0,0.0,0.0
23579,SALE ERROR,0.0,4,1,0,0.0,0.0,0.0,0.0,0.0
35819B,CHECK,0.0,18,1,0,0.0,0.0,0.0,0.0,0.0
23404,CHECK,0.0,41,1,0,0.0,0.0,0.0,0.0,0.0
23348,CHECK,0.0,5,1,0,0.0,0.0,0.0,0.0,0.0
23343,WRONGLY CODED 20713,0.0,800,1,0,0.0,0.0,1000.0,0.0,125.0
23343,CAME CODED AS 20713,0.0,3100,1,0,0.0,0.0,0.0,0.0,0.0
35954,CHECK,0.0,24,1,0,0.0,0.0,0.0,0.0,0.0
35965,DOTCOM,0.0,26,1,0,0.0,0.0,0.0,0.0,0.0
35965,FOUND,0.0,6,1,0,0.0,0.0,0.0,0.0,0.0
35968,CHECK,0.0,9,1,0,0.0,0.0,0.0,0.0,0.0
35968,FOUND,0.0,63,1,0,0.0,0.0,0.0,0.0,0.0
23268,LIGHTHOUSE TRADING ZERO INVC INCORR,0.0,192,1,0,0.0,0.0,0.0,0.0,0.0
23209,MAILOUT,0.0,100,1,0,0.0,0.0,0.0,0.0,0.0
23203,MAILOUT,0.0,100,1,0,0.0,0.0,0.0,0.0,0.0
23202,MAILOUT,0.0,100,1,0,0.0,0.0,0.0,0.0,0.0
23200,MAILOUT,0.0,100,1,0,0.0,0.0,0.0,0.0,0.0
23135,?,0.0,101,1,0,0.0,0.0,0.0,0.0,0.0
23131,HAD BEEN PUT ASIDE,0.0,48,1,0,0.0,0.0,0.0,0.0,0.0
23118,DOTCOM ADJUST,0.0,10,1,0,0.0,0.0,0.0,0.0,0.0
23091,CHECK,0.0,2,1,0,0.0,0.0,0.0,0.0,0.0
22734,FOUND,0.0,8,1,0,0.0,0.0,0.0,0.0,0.0
22734,AMENDMENT,0.0,20,1,0,0.0,0.0,0.0,0.0,0.0
22734,AMAZON SALES,0.0,20,1,0,0.0,0.0,0.0,0.0,0.0
22734,AMAZON ADJUSTMENT,0.0,16,1,0,0.0,0.0,0.0,0.0,0.0
22171,?,0.0,142,1,0,0.0,0.0,0.0,0.0,0.0
22149,CHECK,0.0,34,1,0,0.0,0.0,46.0,0.0,135.29411764705884
48173C,DAMAGED,0.0,13,1,0,0.0,0.0,0.0,0.0,0.0
22142,CHECK,0.0,14,1,0,0.0,0.0,70.0,0.0,500.0
22139,AMAZON,0.0,15,1,0,0.0,0.0,0.0,0.0,0.0
48188,?,0.0,106,1,0,0.0,0.0,0.0,0.0,0.0
48189,ADJUSTMENT,0.0,2,1,0,0.0,0.0,0.0,0.0,0.0
22121,HAD BEEN PUT ASIDE,0.0,32,1,0,0.0,0.0,0.0,0.0,0.0
22117,CHECK,0.0,184,1,0,0.0,0.0,0.0,0.0,0.0
22087,AMAZON,0.0,6,1,0,0.0,0.0,0.0,0.0,0.0
22077,FOUND,0.0,24,1,0,0.0,0.0,0.0,0.0,0.0
22037,FOUND AGAIN,0.0,50,1,0,0.0,0.0,0.0,0.0,0.0
22035,TAIG ADJUST,0.0,37,2,0,0.0,0.0,0.0,0.0,0.0
21992,CHECK,0.0,13,1,0,0.0,0.0,0.0,0.0,0.0
21937,FOUND,0.0,50,1,0,0.0,0.0,0.0,0.0,0.0
21915,JOHN LEWIS,0.0,200,1,0,0.0,0.0,0.0,0.0,0.0
21900,?,0.0,1520,1,0,0.0,0.0,0.0,0.0,0.0
21888,AMAZON,0.0,1,1,0,0.0,0.0,0.0,0.0,0.0
21868,AMAZON,0.0,1,1,0,0.0,0.0,0.0,0.0,0.0
49031B,CHROME EURO HOOK 20CM,0.0,400,1,0,0.0,0.0,0.0,0.0,0.0
72127,FOUND BOX,0.0,24,1,0,0.0,0.0,0.0,0.0,0.0
21830,DAMAGED,0.0,192,1,0,0.0,0.0,0.0,0.0,0.0
21829,ADJUSTMENT,0.0,12,1,0,0.0,0.0,0.0,0.0,0.0
22176,AMAZON,0.0,1,1,0,0.0,0.0,0.0,0.0,0.0
47593A,FOUND,0.0,13,1,0,0.0,0.0,0.0,0.0,0.0
47566B,INCORRECTLY CREDITED C550456 SEE 47,0.0,1300,1,0,0.0,0.0,1300.0,0.0,100.0
22501,FOUND,0.0,24,1,0,0.0,0.0,0.0,0.0,0.0
22734,AMAZON,0.0,80,3,0,0.0,0.0,0.0,0.0,0.0
22689,HAD BEEN PUT ASIDE,0.0,40,1,0,0.0,0.0,0.0,0.0,0.0
22687,HAD BEEN PUT ASIDE,0.0,20,1,0,0.0,0.0,0.0,0.0,0.0
22687,AMAZON ADJUSTMENT,0.0,2,1,0,0.0,0.0,0.0,0.0,0.0
22687,ADJUSTMENT,0.0,1,1,0,0.0,0.0,0.0,0.0,0.0
22606,CHECK,0.0,9,2,0,0.0,0.0,0.0,0.0,0.0
22548,ADJUSTMENT,0.0,4,1,0,0.0,0.0,0.0,0.0,0.0
22533,CHECK,0.0,60,1,0,0.0,0.0,0.0,0.0,0.0
22502,MAILOUT,0.0,100,1,0,0.0,0.0,0.0,0.0,0.0
22501,MAILOUT,0.0,100,1,0,0.0,0.0,0.0,0.0,0.0
22467,WRONGLY SOLD (22719) BARCODE,0.0,170,1,0,0.0,0.0,0.0,0.0,0.0
22236,RUST FIXED,0.0,850,1,0,0.0,0.0,0.0,0.0,0.0
22467,22719,0.0,2,1,0,0.0,0.0,0.0,0.0,0.0
47503A,CHECK,0.0,121,2,0,0.0,0.0,0.0,0.0,0.0
22363,TEMP,0.0,100,1,0,0.0,0.0,0.0,0.0,0.0
22361,TEMP,0.0,100,1,0,0.0,0.0,0.0,0.0,0.0
22360,TEMP,0.0,100,1,0,0.0,0.0,0.0,0.0,0.0
47503H,FOUND,0.0,66,1,0,0.0,0.0,0.0,0.0,0.0
22359,TEMP,0.0,100,1,0,0.0,0.0,0.0,0.0,0.0
22355,TEST,0.0,1,1,0,0.0,0.0,0.0,0.0,0.0
47556B,DID A CREDIT AND DID NOT TICK RET,0.0,1300,1,0,0.0,0.0,0.0,0.0,0.0
47566B,CORRECT PREVIOUS ADJUSTMENT,0.0,144,1,0,0.0,0.0,0.0,0.0,0.0
23157,CHECK,0.0,212,1,0,0.0,0.0,0.0,0.0,0.0
